{
	"textures": {
		"12": "minecraft:ajplayerarmor/steve"
	},
	"elements": [
		{
			"from": [
				4.725,
				8.825000000000003,
				4.725
			],
			"to": [
				11.275,
				15.375,
				11.275
			],
			"rotation": {
				"angle": 0,
				"axis": "y",
				"origin": [
					5,
					10.25,
					5
				]
			},
			"faces": {
				"north": {
					"uv": [
						2,
						2,
						4,
						4
					],
					"texture": "#12"
				},
				"east": {
					"uv": [
						0,
						2,
						2,
						4
					],
					"texture": "#12"
				},
				"south": {
					"uv": [
						6,
						2,
						8,
						4
					],
					"texture": "#12"
				},
				"west": {
					"uv": [
						4,
						2,
						6,
						4
					],
					"texture": "#12"
				},
				"up": {
					"uv": [
						2,
						0,
						4,
						2
					],
					"texture": "#12"
				},
				"down": {
					"uv": [
						4,
						0,
						6,
						2
					],
					"texture": "#12"
				}
			}
		}
	],
	"display": {
		"head": {
			"rotation": [
				0,
				180,
				0
			]
		}
	}
}