{
	"textures": {
		"0": "minecraft:ajplayerarmor/defender"
	},
	"elements": [
		{
			"from": [
				5.75,
				-4.25,
				5.75
			],
			"to": [
				10.25,
				8.25,
				10.25
			],
			"faces": {
				"north": {
					"uv": [
						2,
						1,
						1,
						4
					],
					"texture": "#0"
				},
				"east": {
					"uv": [
						3,
						1,
						2,
						4
					],
					"texture": "#0"
				},
				"south": {
					"uv": [
						4,
						1,
						3,
						4
					],
					"texture": "#0"
				},
				"west": {
					"uv": [
						1,
						1,
						0,
						4
					],
					"texture": "#0"
				},
				"up": {
					"uv": [
						1,
						1,
						2,
						0
					],
					"texture": "#0"
				},
				"down": {
					"uv": [
						2,
						0,
						3,
						1
					],
					"texture": "#0"
				}
			}
		},
		{
			"from": [
				6,
				-4,
				6
			],
			"to": [
				10,
				8,
				10
			],
			"faces": {
				"north": {
					"uv": [
						1,
						5,
						2,
						8
					],
					"texture": "#0"
				},
				"east": {
					"uv": [
						0,
						5,
						1,
						8
					],
					"texture": "#0"
				},
				"south": {
					"uv": [
						3,
						5,
						4,
						8
					],
					"texture": "#0"
				},
				"west": {
					"uv": [
						2,
						5,
						3,
						8
					],
					"texture": "#0"
				},
				"up": {
					"uv": [
						2,
						5,
						1,
						4
					],
					"texture": "#0"
				},
				"down": {
					"uv": [
						3,
						4,
						2,
						5
					],
					"texture": "#0"
				}
			}
		}
	],
	"display": {
		"head": {
			"rotation": [
				0,
				180,
				0
			]
		}
	}
}