{
	"textures": {
		"5": "minecraft:ajplayerarmor/mage_head"
	},
	"elements": [
		{
			"from": [
				11.99286,
				8.18902,
				12.16406
			],
			"to": [
				19.99286,
				16.18902,
				20.16406
			],
			"rotation": {
				"angle": 0,
				"axis": "y",
				"origin": [
					15.99286,
					-0.8109800000000007,
					15.16406
				]
			},
			"faces": {
				"north": {
					"uv": [
						2,
						5.25,
						4,
						7.25
					],
					"texture": "#5"
				},
				"east": {
					"uv": [
						0,
						5.25,
						2,
						7.25
					],
					"texture": "#5"
				},
				"south": {
					"uv": [
						6,
						5.25,
						8,
						7.25
					],
					"texture": "#5"
				},
				"west": {
					"uv": [
						4,
						5.25,
						6,
						7.25
					],
					"texture": "#5"
				},
				"up": {
					"uv": [
						4,
						5.25,
						2,
						3.25
					],
					"texture": "#5"
				},
				"down": {
					"uv": [
						6,
						3.25,
						4,
						5.25
					],
					"texture": "#5"
				}
			}
		},
		{
			"from": [
				17.49286,
				13.93902,
				11.66406
			],
			"to": [
				18.49286,
				14.93902,
				12.66406
			],
			"rotation": {
				"angle": 0,
				"axis": "y",
				"origin": [
					15.99286,
					-0.8109800000000007,
					15.16406
				]
			},
			"faces": {
				"north": {
					"uv": [
						0.25,
						0.75,
						0.5,
						1
					],
					"texture": "#5"
				},
				"east": {
					"uv": [
						0,
						0.75,
						0.25,
						1
					],
					"texture": "#5"
				},
				"south": {
					"uv": [
						0.75,
						0.75,
						1,
						1
					],
					"texture": "#5"
				},
				"west": {
					"uv": [
						0.5,
						0.75,
						0.75,
						1
					],
					"texture": "#5"
				},
				"up": {
					"uv": [
						0.5,
						0.75,
						0.25,
						0.5
					],
					"texture": "#5"
				},
				"down": {
					"uv": [
						0.75,
						0.5,
						0.5,
						0.75
					],
					"texture": "#5"
				}
			}
		},
		{
			"from": [
				13.49286,
				13.93902,
				11.66406
			],
			"to": [
				14.49286,
				14.93902,
				12.66406
			],
			"rotation": {
				"angle": 0,
				"axis": "y",
				"origin": [
					15.99286,
					-0.8109800000000007,
					15.16406
				]
			},
			"faces": {
				"north": {
					"uv": [
						0.25,
						0.25,
						0.5,
						0.5
					],
					"texture": "#5"
				},
				"east": {
					"uv": [
						0,
						0.25,
						0.25,
						0.5
					],
					"texture": "#5"
				},
				"south": {
					"uv": [
						0.75,
						0.25,
						1,
						0.5
					],
					"texture": "#5"
				},
				"west": {
					"uv": [
						0.5,
						0.25,
						0.75,
						0.5
					],
					"texture": "#5"
				},
				"up": {
					"uv": [
						0.5,
						0.25,
						0.25,
						0
					],
					"texture": "#5"
				},
				"down": {
					"uv": [
						0.75,
						0,
						0.5,
						0.25
					],
					"texture": "#5"
				}
			}
		},
		{
			"from": [
				11.99286,
				17.18902,
				12.16406
			],
			"to": [
				19.99286,
				19.18902,
				20.16406
			],
			"rotation": {
				"angle": 0,
				"axis": "y",
				"origin": [
					15.99286,
					-0.8109800000000007,
					15.16406
				]
			},
			"faces": {
				"north": {
					"uv": [
						8,
						7.25,
						10,
						7.75
					],
					"texture": "#5"
				},
				"east": {
					"uv": [
						6,
						7.25,
						8,
						7.75
					],
					"texture": "#5"
				},
				"south": {
					"uv": [
						12,
						7.25,
						14,
						7.75
					],
					"texture": "#5"
				},
				"west": {
					"uv": [
						10,
						7.25,
						12,
						7.75
					],
					"texture": "#5"
				},
				"up": {
					"uv": [
						10,
						7.25,
						8,
						5.25
					],
					"texture": "#5"
				},
				"down": {
					"uv": [
						12,
						5.25,
						10,
						7.25
					],
					"texture": "#5"
				}
			}
		},
		{
			"from": [
				9.99286,
				16.18902,
				10.16406
			],
			"to": [
				21.99286,
				17.18902,
				22.16406
			],
			"rotation": {
				"angle": 0,
				"axis": "y",
				"origin": [
					15.99286,
					-0.8109800000000007,
					15.16406
				]
			},
			"faces": {
				"north": {
					"uv": [
						3,
						3,
						6,
						3.25
					],
					"texture": "#5"
				},
				"east": {
					"uv": [
						0,
						3,
						3,
						3.25
					],
					"texture": "#5"
				},
				"south": {
					"uv": [
						9,
						3,
						12,
						3.25
					],
					"texture": "#5"
				},
				"west": {
					"uv": [
						6,
						3,
						9,
						3.25
					],
					"texture": "#5"
				},
				"up": {
					"uv": [
						6,
						3,
						3,
						0
					],
					"texture": "#5"
				},
				"down": {
					"uv": [
						9,
						0,
						6,
						3
					],
					"texture": "#5"
				}
			}
		},
		{
			"from": [
				13.99286,
				9.18902,
				8.16406
			],
			"to": [
				17.99286,
				12.18902,
				15.16406
			],
			"rotation": {
				"angle": 0,
				"axis": "y",
				"origin": [
					15.99286,
					-0.8109800000000007,
					15.16406
				]
			},
			"faces": {
				"north": {
					"uv": [
						1.75,
						9,
						2.75,
						9.75
					],
					"texture": "#5"
				},
				"east": {
					"uv": [
						0,
						9,
						1.75,
						9.75
					],
					"texture": "#5"
				},
				"south": {
					"uv": [
						4.5,
						9,
						5.5,
						9.75
					],
					"texture": "#5"
				},
				"west": {
					"uv": [
						2.75,
						9,
						4.5,
						9.75
					],
					"texture": "#5"
				},
				"up": {
					"uv": [
						2.75,
						9,
						1.75,
						7.25
					],
					"texture": "#5"
				},
				"down": {
					"uv": [
						3.75,
						7.25,
						2.75,
						9
					],
					"texture": "#5"
				}
			}
		},
		{
			"from": [
				14.39286,
				7.98902,
				3.46406
			],
			"to": [
				17.69286,
				9.98902,
				8.46406
			],
			"rotation": {
				"angle": -22.5,
				"axis": "x",
				"origin": [
					15.99286,
					10.68902,
					4.664059999999999
				]
			},
			"faces": {
				"north": {
					"uv": [
						7.25,
						4.5,
						8,
						5
					],
					"texture": "#5"
				},
				"east": {
					"uv": [
						6,
						4.5,
						7.25,
						5
					],
					"texture": "#5"
				},
				"south": {
					"uv": [
						9.25,
						4.5,
						10,
						5
					],
					"texture": "#5"
				},
				"west": {
					"uv": [
						8,
						4.5,
						9.25,
						5
					],
					"texture": "#5"
				},
				"up": {
					"uv": [
						8,
						4.5,
						7.25,
						3.25
					],
					"texture": "#5"
				},
				"down": {
					"uv": [
						8.75,
						3.25,
						8,
						4.5
					],
					"texture": "#5"
				}
			}
		}
	],
	"display": {
		"head": {
			"rotation": [
				0,
				180,
				0
			]
		}
	}
}