{
	"textures": {
		"3": "minecraft:ajplayerarmor/defender_verge_head"
	},
	"elements": [
		{
			"from": [
				-2.5,
				1.5,
				5
			],
			"to": [
				5.5,
				10.500000000000004,
				13
			],
			"rotation": {
				"angle": 0,
				"axis": "y",
				"origin": [
					-9.5,
					4.5,
					-2
				]
			},
			"faces": {
				"north": {
					"uv": [
						3.25,
						0,
						5.25,
						2.25
					],
					"texture": "#3"
				},
				"east": {
					"uv": [
						3.25,
						2.25,
						5.25,
						4.5
					],
					"texture": "#3"
				},
				"south": {
					"uv": [
						0,
						3.5,
						2,
						5.75
					],
					"texture": "#3"
				},
				"west": {
					"uv": [
						2,
						4.5,
						4,
						6.75
					],
					"texture": "#3"
				},
				"up": {
					"uv": [
						6,
						6.5,
						4,
						4.5
					],
					"texture": "#3"
				},
				"down": {
					"uv": [
						7.25,
						0,
						5.25,
						2
					],
					"texture": "#3"
				}
			}
		},
		{
			"from": [
				-5.1,
				10.500000000000004,
				5.6
			],
			"to": [
				7.9,
				11.500000000000004,
				12.3
			],
			"rotation": {
				"angle": 0,
				"axis": "y",
				"origin": [
					-9.5,
					4.5,
					-2
				]
			},
			"faces": {
				"north": {
					"uv": [
						7.25,
						0,
						10.5,
						0.25
					],
					"texture": "#3"
				},
				"east": {
					"uv": [
						7.25,
						1.5,
						9,
						1.75
					],
					"texture": "#3"
				},
				"south": {
					"uv": [
						7.25,
						0.25,
						10.5,
						0.5
					],
					"texture": "#3"
				},
				"west": {
					"uv": [
						7.25,
						1.75,
						9,
						2
					],
					"texture": "#3"
				},
				"up": {
					"uv": [
						3.25,
						1.75,
						0,
						0
					],
					"texture": "#3"
				},
				"down": {
					"uv": [
						3.25,
						1.75,
						0,
						3.5
					],
					"texture": "#3"
				}
			}
		},
		{
			"from": [
				-2.5,
				1.5,
				4.25
			],
			"to": [
				5.5,
				9.500000000000004,
				4.25
			],
			"rotation": {
				"angle": 0,
				"axis": "y",
				"origin": [
					-6.5,
					0.5,
					1
				]
			},
			"faces": {
				"north": {
					"uv": [
						5.25,
						2,
						7.25,
						4
					],
					"texture": "#3"
				},
				"east": {
					"uv": [
						0,
						0,
						0,
						2
					],
					"texture": "#3"
				},
				"south": {
					"uv": [
						0,
						5.75,
						2,
						7.75
					],
					"texture": "#3"
				},
				"west": {
					"uv": [
						0,
						0,
						0,
						2
					],
					"texture": "#3"
				},
				"up": {
					"uv": [
						2,
						0,
						0,
						0
					],
					"texture": "#3"
				},
				"down": {
					"uv": [
						2,
						0,
						0,
						0
					],
					"texture": "#3"
				}
			}
		},
		{
			"from": [
				-7.5,
				9.500000000000004,
				5.5
			],
			"to": [
				-2.5,
				10.500000000000004,
				12.5
			],
			"rotation": {
				"angle": -45,
				"axis": "z",
				"origin": [
					-5,
					8,
					8
				]
			},
			"faces": {
				"north": {
					"uv": [
						2,
						3.5,
						3.25,
						3.75
					],
					"texture": "#3"
				},
				"east": {
					"uv": [
						7.25,
						0.5,
						9,
						0.75
					],
					"texture": "#3"
				},
				"south": {
					"uv": [
						2,
						3.75,
						3.25,
						4
					],
					"texture": "#3"
				},
				"west": {
					"uv": [
						7.25,
						0.75,
						9,
						1
					],
					"texture": "#3"
				},
				"up": {
					"uv": [
						7.25,
						5.75,
						6,
						4
					],
					"texture": "#3"
				},
				"down": {
					"uv": [
						7.25,
						5.75,
						6,
						7.5
					],
					"texture": "#3"
				}
			}
		},
		{
			"from": [
				-5.72132,
				10.949749999999998,
				5.4
			],
			"to": [
				-4.72132,
				11.949749999999998,
				6.2
			],
			"rotation": {
				"angle": -45,
				"axis": "z",
				"origin": [
					-5.22132,
					11.449749999999998,
					8.9
				]
			},
			"faces": {
				"north": {
					"uv": [
						5.25,
						4,
						5.5,
						4.25
					],
					"texture": "#3"
				},
				"east": {
					"uv": [
						5.25,
						4.25,
						5.5,
						4.5
					],
					"texture": "#3"
				},
				"south": {
					"uv": [
						5.5,
						4,
						5.75,
						4.25
					],
					"texture": "#3"
				},
				"west": {
					"uv": [
						5.5,
						4.25,
						5.75,
						4.5
					],
					"texture": "#3"
				},
				"up": {
					"uv": [
						6,
						4.25,
						5.75,
						4
					],
					"texture": "#3"
				},
				"down": {
					"uv": [
						6,
						4.25,
						5.75,
						4.5
					],
					"texture": "#3"
				}
			}
		},
		{
			"from": [
				-5.72132,
				10.949749999999998,
				11.6
			],
			"to": [
				-4.72132,
				11.949749999999998,
				12.4
			],
			"rotation": {
				"angle": -45,
				"axis": "z",
				"origin": [
					-5.22132,
					11.449749999999998,
					8.9
				]
			},
			"faces": {
				"north": {
					"uv": [
						5.25,
						6.5,
						5.5,
						6.75
					],
					"texture": "#3"
				},
				"east": {
					"uv": [
						5.5,
						6.5,
						5.75,
						6.75
					],
					"texture": "#3"
				},
				"south": {
					"uv": [
						5.75,
						6.5,
						6,
						6.75
					],
					"texture": "#3"
				},
				"west": {
					"uv": [
						3.25,
						6.75,
						3.5,
						7
					],
					"texture": "#3"
				},
				"up": {
					"uv": [
						3.75,
						7,
						3.5,
						6.75
					],
					"texture": "#3"
				},
				"down": {
					"uv": [
						4,
						6.75,
						3.75,
						7
					],
					"texture": "#3"
				}
			}
		},
		{
			"from": [
				7.72132,
				10.949749999999998,
				11.6
			],
			"to": [
				8.72132,
				11.949749999999998,
				12.4
			],
			"rotation": {
				"angle": 45,
				"axis": "z",
				"origin": [
					8.22132,
					11.449749999999998,
					8.9
				]
			},
			"faces": {
				"north": {
					"uv": [
						5.25,
						7,
						5.5,
						7.25
					],
					"texture": "#3"
				},
				"east": {
					"uv": [
						5.5,
						7,
						5.75,
						7.25
					],
					"texture": "#3"
				},
				"south": {
					"uv": [
						5.75,
						7,
						6,
						7.25
					],
					"texture": "#3"
				},
				"west": {
					"uv": [
						7.25,
						2,
						7.5,
						2.25
					],
					"texture": "#3"
				},
				"up": {
					"uv": [
						7.5,
						2.5,
						7.25,
						2.25
					],
					"texture": "#3"
				},
				"down": {
					"uv": [
						7.5,
						2.5,
						7.25,
						2.75
					],
					"texture": "#3"
				}
			}
		},
		{
			"from": [
				7.72132,
				10.949749999999998,
				5.4
			],
			"to": [
				8.72132,
				11.949749999999998,
				6.2
			],
			"rotation": {
				"angle": 45,
				"axis": "z",
				"origin": [
					8.22132,
					11.449749999999998,
					8.9
				]
			},
			"faces": {
				"north": {
					"uv": [
						5.25,
						6.75,
						5.5,
						7
					],
					"texture": "#3"
				},
				"east": {
					"uv": [
						5.5,
						6.75,
						5.75,
						7
					],
					"texture": "#3"
				},
				"south": {
					"uv": [
						5.75,
						6.75,
						6,
						7
					],
					"texture": "#3"
				},
				"west": {
					"uv": [
						3.25,
						7,
						3.5,
						7.25
					],
					"texture": "#3"
				},
				"up": {
					"uv": [
						3.75,
						7.25,
						3.5,
						7
					],
					"texture": "#3"
				},
				"down": {
					"uv": [
						4,
						7,
						3.75,
						7.25
					],
					"texture": "#3"
				}
			}
		},
		{
			"from": [
				5.5,
				9.500000000000004,
				5.5
			],
			"to": [
				10.5,
				10.500000000000004,
				12.5
			],
			"rotation": {
				"angle": 45,
				"axis": "z",
				"origin": [
					8,
					8,
					8
				]
			},
			"faces": {
				"north": {
					"uv": [
						2,
						4,
						3.25,
						4.25
					],
					"texture": "#3"
				},
				"east": {
					"uv": [
						7.25,
						1,
						9,
						1.25
					],
					"texture": "#3"
				},
				"south": {
					"uv": [
						2,
						4.25,
						3.25,
						4.5
					],
					"texture": "#3"
				},
				"west": {
					"uv": [
						7.25,
						1.25,
						9,
						1.5
					],
					"texture": "#3"
				},
				"up": {
					"uv": [
						5.25,
						8.25,
						4,
						6.5
					],
					"texture": "#3"
				},
				"down": {
					"uv": [
						3.25,
						6.75,
						2,
						8.5
					],
					"texture": "#3"
				}
			}
		}
	],
	"display": {
		"head": {
			"rotation": [
				0,
				180,
				0
			]
		}
	}
}