{
	"textures": {
		"1": "minecraft:ajplayerarmor/defender_head"
	},
	"elements": [
		{
			"from": [
				4,
				6,
				3
			],
			"to": [
				12,
				14,
				11
			],
			"rotation": {
				"angle": 0,
				"axis": "y",
				"origin": [
					8,
					8,
					8
				]
			},
			"faces": {
				"north": {
					"uv": [
						2,
						2,
						4,
						4
					],
					"texture": "#1"
				},
				"east": {
					"uv": [
						0,
						2,
						2,
						4
					],
					"texture": "#1"
				},
				"south": {
					"uv": [
						6,
						2,
						8,
						4
					],
					"texture": "#1"
				},
				"west": {
					"uv": [
						4,
						2,
						6,
						4
					],
					"texture": "#1"
				},
				"up": {
					"uv": [
						2,
						0,
						4,
						2
					],
					"texture": "#1"
				},
				"down": {
					"uv": [
						4,
						0,
						6,
						2
					],
					"texture": "#1"
				}
			}
		},
		{
			"from": [
				7.5,
				12.25,
				2.5
			],
			"to": [
				8.5,
				15.25,
				3.5
			],
			"rotation": {
				"angle": 0,
				"axis": "y",
				"origin": [
					8,
					8,
					8
				]
			},
			"faces": {
				"north": {
					"uv": [
						1.25,
						0.75,
						1.5,
						1.5
					],
					"texture": "#1"
				},
				"east": {
					"uv": [
						1.25,
						0.75,
						1.5,
						1.5
					],
					"texture": "#1"
				},
				"south": {
					"uv": [
						1.25,
						0.75,
						1.5,
						1.5
					],
					"texture": "#1"
				},
				"west": {
					"uv": [
						1.25,
						0.75,
						1.5,
						1.5
					],
					"texture": "#1"
				},
				"up": {
					"uv": [
						1.25,
						0.75,
						1.5,
						1
					],
					"texture": "#1"
				},
				"down": {
					"uv": [
						1.25,
						1.25,
						1.5,
						1.5
					],
					"texture": "#1"
				}
			}
		},
		{
			"from": [
				10.5,
				12.25,
				2.5
			],
			"to": [
				11.5,
				15.25,
				3.5
			],
			"rotation": {
				"angle": 0,
				"axis": "y",
				"origin": [
					8,
					8,
					8
				]
			},
			"faces": {
				"north": {
					"uv": [
						1.25,
						0.75,
						1.5,
						1.5
					],
					"texture": "#1"
				},
				"east": {
					"uv": [
						1.25,
						0.75,
						1.5,
						1.5
					],
					"texture": "#1"
				},
				"south": {
					"uv": [
						1.25,
						0.75,
						1.5,
						1.5
					],
					"texture": "#1"
				},
				"west": {
					"uv": [
						1.25,
						0.75,
						1.5,
						1.5
					],
					"texture": "#1"
				},
				"up": {
					"uv": [
						1.25,
						0.75,
						1.5,
						1
					],
					"texture": "#1"
				},
				"down": {
					"uv": [
						1.25,
						1.25,
						1.5,
						1.5
					],
					"texture": "#1"
				}
			}
		},
		{
			"from": [
				4.5,
				12.25,
				2.5
			],
			"to": [
				5.5,
				15.25,
				3.5
			],
			"rotation": {
				"angle": 0,
				"axis": "y",
				"origin": [
					8,
					8,
					8
				]
			},
			"faces": {
				"north": {
					"uv": [
						1.25,
						0.75,
						1.5,
						1.5
					],
					"texture": "#1"
				},
				"east": {
					"uv": [
						1.25,
						0.75,
						1.5,
						1.5
					],
					"texture": "#1"
				},
				"south": {
					"uv": [
						1.25,
						0.75,
						1.5,
						1.5
					],
					"texture": "#1"
				},
				"west": {
					"uv": [
						1.25,
						0.75,
						1.5,
						1.5
					],
					"texture": "#1"
				},
				"up": {
					"uv": [
						1.25,
						0.75,
						1.5,
						1
					],
					"texture": "#1"
				},
				"down": {
					"uv": [
						1.25,
						1.25,
						1.5,
						1.5
					],
					"texture": "#1"
				}
			}
		}
	],
	"display": {
		"head": {
			"rotation": [
				0,
				180,
				0
			]
		}
	}
}