{
	"credit": "Made with Blockbench",
	"textures": {
		"0": "custom/melee/voiddagger",
		"particle": "custom/melee/voiddagger"
	},
	"elements": [
		{
			"name": "voiddagger_0",
			"from": [8, 18.3725, 6.38],
			"to": [8, 19.295, 6.6875],
			"rotation": {"angle": 0, "axis": "y", "origin": [8, 13.35176, 15.38]},
			"faces": {
				"north": {"uv": [2.5, 3.75, 2.375, 4.125], "texture": "#0"},
				"east": {"uv": [2.5, 4.125, 2.375, 3.75], "rotation": 180, "texture": "#0"},
				"south": {"uv": [2.5, 3.75, 2.375, 4.125], "texture": "#0"},
				"west": {"uv": [2.5, 3.75, 2.375, 4.125], "texture": "#0"},
				"up": {"uv": [2.375, 3.75, 2.5, 3.875], "rotation": 270, "texture": "#0"},
				"down": {"uv": [2.5, 4, 2.375, 4.125], "rotation": 270, "texture": "#0"}
			}
		},
		{
			"name": "voiddagger_1",
			"from": [8, 18.3725, 6.6875],
			"to": [8, 18.68, 7.3025],
			"rotation": {"angle": 0, "axis": "y", "origin": [8, 13.35176, 15.38]},
			"faces": {
				"north": {"uv": [2.375, 4, 2.25, 4.125], "texture": "#0"},
				"east": {"uv": [2.375, 4.125, 2.125, 4], "rotation": 180, "texture": "#0"},
				"south": {"uv": [2.25, 4, 2.125, 4.125], "texture": "#0"},
				"west": {"uv": [2.375, 4, 2.125, 4.125], "texture": "#0"},
				"up": {"uv": [2.125, 4, 2.375, 4.125], "rotation": 270, "texture": "#0"},
				"down": {"uv": [2.375, 4, 2.125, 4.125], "rotation": 270, "texture": "#0"}
			}
		},
		{
			"name": "voiddagger_2",
			"from": [8, 18.3725, 5.765],
			"to": [8, 18.68, 6.38],
			"rotation": {"angle": 0, "axis": "y", "origin": [8, 13.35176, 15.38]},
			"faces": {
				"north": {"uv": [2.75, 4, 2.625, 4.125], "texture": "#0"},
				"east": {"uv": [2.75, 4.125, 2.5, 4], "rotation": 180, "texture": "#0"},
				"south": {"uv": [2.625, 4, 2.5, 4.125], "texture": "#0"},
				"west": {"uv": [2.75, 4, 2.5, 4.125], "texture": "#0"},
				"up": {"uv": [2.5, 4, 2.75, 4.125], "rotation": 270, "texture": "#0"},
				"down": {"uv": [2.75, 4, 2.5, 4.125], "rotation": 270, "texture": "#0"}
			}
		},
		{
			"name": "voiddagger_3",
			"from": [8, 18.065, 6.995],
			"to": [8, 18.3725, 7.61],
			"rotation": {"angle": 0, "axis": "y", "origin": [8, 13.35176, 15.38]},
			"faces": {
				"north": {"uv": [2.25, 4.125, 2.125, 4.25], "texture": "#0"},
				"east": {"uv": [2.25, 4.25, 2, 4.125], "rotation": 180, "texture": "#0"},
				"south": {"uv": [2.125, 4.125, 2, 4.25], "texture": "#0"},
				"west": {"uv": [2.25, 4.125, 2, 4.25], "texture": "#0"},
				"up": {"uv": [2, 4.125, 2.25, 4.25], "rotation": 270, "texture": "#0"},
				"down": {"uv": [2.25, 4.125, 2, 4.25], "rotation": 270, "texture": "#0"}
			}
		},
		{
			"name": "voiddagger_4",
			"from": [8, 18.065, 5.4575],
			"to": [8, 18.3725, 6.0725],
			"rotation": {"angle": 0, "axis": "y", "origin": [8, 13.35176, 15.38]},
			"faces": {
				"north": {"uv": [2.875, 4.125, 2.75, 4.25], "texture": "#0"},
				"east": {"uv": [2.875, 4.25, 2.625, 4.125], "rotation": 180, "texture": "#0"},
				"south": {"uv": [2.75, 4.125, 2.625, 4.25], "texture": "#0"},
				"west": {"uv": [2.875, 4.125, 2.625, 4.25], "texture": "#0"},
				"up": {"uv": [2.625, 4.125, 2.875, 4.25], "rotation": 270, "texture": "#0"},
				"down": {"uv": [2.875, 4.125, 2.625, 4.25], "rotation": 270, "texture": "#0"}
			}
		},
		{
			"name": "voiddagger_5",
			"from": [8, 15.605, 7.3025],
			"to": [8, 18.065, 7.61],
			"rotation": {"angle": 0, "axis": "y", "origin": [8, 13.35176, 15.38]},
			"faces": {
				"north": {"uv": [2.125, 4.25, 2, 5.25], "texture": "#0"},
				"east": {"uv": [2.125, 5.25, 2, 4.25], "rotation": 180, "texture": "#0"},
				"south": {"uv": [2.125, 4.25, 2, 5.25], "texture": "#0"},
				"west": {"uv": [2.125, 4.25, 2, 5.25], "texture": "#0"},
				"up": {"uv": [2, 4.25, 2.125, 4.375], "rotation": 270, "texture": "#0"},
				"down": {"uv": [2.125, 5.125, 2, 5.25], "rotation": 270, "texture": "#0"}
			}
		},
		{
			"name": "voiddagger_6",
			"from": [8, 15.605, 5.4575],
			"to": [8, 18.065, 5.765],
			"rotation": {"angle": 0, "axis": "y", "origin": [8, 13.35176, 15.38]},
			"faces": {
				"north": {"uv": [2.875, 4.25, 2.75, 5.25], "texture": "#0"},
				"east": {"uv": [2.875, 5.25, 2.75, 4.25], "rotation": 180, "texture": "#0"},
				"south": {"uv": [2.875, 4.25, 2.75, 5.25], "texture": "#0"},
				"west": {"uv": [2.875, 4.25, 2.75, 5.25], "texture": "#0"},
				"up": {"uv": [2.75, 4.25, 2.875, 4.375], "rotation": 270, "texture": "#0"},
				"down": {"uv": [2.875, 5.125, 2.75, 5.25], "rotation": 270, "texture": "#0"}
			}
		},
		{
			"name": "voiddagger_7",
			"from": [7.77125, 8.225, 6.38],
			"to": [8.22875, 18.065, 6.6875],
			"rotation": {"angle": 0, "axis": "y", "origin": [8, 13.35176, 15.38]},
			"faces": {
				"north": {"uv": [5, 4.25, 4.875, 8.25], "texture": "#0"},
				"east": {"uv": [5, 8.25, 4.875, 4.25], "rotation": 180, "texture": "#0"},
				"south": {"uv": [5, 4.25, 4.875, 8.25], "texture": "#0"},
				"west": {"uv": [5, 4.25, 4.875, 8.25], "texture": "#0"},
				"up": {"uv": [4.875, 4.25, 5, 4.375], "rotation": 270, "texture": "#0"},
				"down": {"uv": [5, 8.125, 4.875, 8.25], "rotation": 270, "texture": "#0"}
			}
		},
		{
			"name": "voiddagger_8",
			"from": [7.77125, 8.225, 6.6875],
			"to": [8.22875, 17.7575, 6.995],
			"rotation": {"angle": 0, "axis": "y", "origin": [8, 13.35176, 15.38]},
			"faces": {
				"north": {"uv": [4.875, 4.375, 4.75, 8.25], "texture": "#0"},
				"east": {"uv": [4.875, 8.25, 4.75, 4.375], "rotation": 180, "texture": "#0"},
				"south": {"uv": [4.875, 4.375, 4.75, 8.25], "texture": "#0"},
				"west": {"uv": [4.875, 4.375, 4.75, 8.25], "texture": "#0"},
				"up": {"uv": [4.75, 4.375, 4.875, 4.5], "rotation": 270, "texture": "#0"},
				"down": {"uv": [4.875, 8.125, 4.75, 8.25], "rotation": 270, "texture": "#0"}
			}
		},
		{
			"name": "voiddagger_9",
			"from": [7.77125, 8.225, 6.0725],
			"to": [8.22875, 17.7575, 6.38],
			"rotation": {"angle": 0, "axis": "y", "origin": [8, 13.35176, 15.38]},
			"faces": {
				"north": {"uv": [5.125, 4.375, 5, 8.25], "texture": "#0"},
				"east": {"uv": [5.125, 8.25, 5, 4.375], "rotation": 180, "texture": "#0"},
				"south": {"uv": [5.125, 4.375, 5, 8.25], "texture": "#0"},
				"west": {"uv": [5.125, 4.375, 5, 8.25], "texture": "#0"},
				"up": {"uv": [5, 4.375, 5.125, 4.5], "rotation": 270, "texture": "#0"},
				"down": {"uv": [5.125, 8.125, 5, 8.25], "rotation": 270, "texture": "#0"}
			}
		},
		{
			"name": "voiddagger_10",
			"from": [8, 12.8375, 7.61],
			"to": [8, 17.1425, 7.9175],
			"rotation": {"angle": 0, "axis": "y", "origin": [8, 13.35176, 15.38]},
			"faces": {
				"north": {"uv": [2, 4.625, 1.875, 6.375], "texture": "#0"},
				"east": {"uv": [2, 6.375, 1.875, 4.625], "rotation": 180, "texture": "#0"},
				"south": {"uv": [2, 4.625, 1.875, 6.375], "texture": "#0"},
				"west": {"uv": [2, 4.625, 1.875, 6.375], "texture": "#0"},
				"up": {"uv": [1.875, 4.625, 2, 4.75], "rotation": 270, "texture": "#0"},
				"down": {"uv": [2, 6.25, 1.875, 6.375], "rotation": 270, "texture": "#0"}
			}
		},
		{
			"name": "voiddagger_11",
			"from": [8, 12.8375, 5.15],
			"to": [8, 17.1425, 5.4575],
			"rotation": {"angle": 0, "axis": "y", "origin": [8, 13.35176, 15.38]},
			"faces": {
				"north": {"uv": [3, 4.625, 2.875, 6.375], "texture": "#0"},
				"east": {"uv": [3, 6.375, 2.875, 4.625], "rotation": 180, "texture": "#0"},
				"south": {"uv": [3, 4.625, 2.875, 6.375], "texture": "#0"},
				"west": {"uv": [3, 4.625, 2.875, 6.375], "texture": "#0"},
				"up": {"uv": [2.875, 4.625, 3, 4.75], "rotation": 270, "texture": "#0"},
				"down": {"uv": [3, 6.25, 2.875, 6.375], "rotation": 270, "texture": "#0"}
			}
		},
		{
			"name": "voiddagger_12",
			"from": [8, 10.3775, 7.9175],
			"to": [8, 15.9125, 8.225],
			"rotation": {"angle": 0, "axis": "y", "origin": [8, 13.35176, 15.38]},
			"faces": {
				"north": {"uv": [1.875, 5.125, 1.75, 7.375], "texture": "#0"},
				"east": {"uv": [1.875, 7.375, 1.75, 5.125], "rotation": 180, "texture": "#0"},
				"south": {"uv": [1.875, 5.125, 1.75, 7.375], "texture": "#0"},
				"west": {"uv": [1.875, 5.125, 1.75, 7.375], "texture": "#0"},
				"up": {"uv": [1.75, 5.125, 1.875, 5.25], "rotation": 270, "texture": "#0"},
				"down": {"uv": [1.875, 7.25, 1.75, 7.375], "rotation": 270, "texture": "#0"}
			}
		},
		{
			"name": "voiddagger_13",
			"from": [8, 10.3775, 4.8425],
			"to": [8, 15.9125, 5.15],
			"rotation": {"angle": 0, "axis": "y", "origin": [8, 13.35176, 15.38]},
			"faces": {
				"north": {"uv": [3.125, 5.125, 3, 7.375], "texture": "#0"},
				"east": {"uv": [3.125, 7.375, 3, 5.125], "rotation": 180, "texture": "#0"},
				"south": {"uv": [3.125, 5.125, 3, 7.375], "texture": "#0"},
				"west": {"uv": [3.125, 5.125, 3, 7.375], "texture": "#0"},
				"up": {"uv": [3, 5.125, 3.125, 5.25], "rotation": 270, "texture": "#0"},
				"down": {"uv": [3.125, 7.25, 3, 7.375], "rotation": 270, "texture": "#0"}
			}
		},
		{
			"name": "voiddagger_14",
			"from": [7.77125, 7.9175, 6.995],
			"to": [8.22875, 15.2975, 7.3025],
			"rotation": {"angle": 0, "axis": "y", "origin": [8, 13.35176, 15.38]},
			"faces": {
				"north": {"uv": [4.75, 5.375, 4.625, 8.375], "texture": "#0"},
				"east": {"uv": [4.75, 8.375, 4.625, 5.375], "rotation": 180, "texture": "#0"},
				"south": {"uv": [4.75, 5.375, 4.625, 8.375], "texture": "#0"},
				"west": {"uv": [4.75, 5.375, 4.625, 8.375], "texture": "#0"},
				"up": {"uv": [4.625, 5.375, 4.75, 5.5], "rotation": 270, "texture": "#0"},
				"down": {"uv": [4.75, 8.25, 4.625, 8.375], "rotation": 270, "texture": "#0"}
			}
		},
		{
			"name": "voiddagger_15",
			"from": [7.77125, 7.9175, 5.765],
			"to": [8.22875, 15.2975, 6.0725],
			"rotation": {"angle": 0, "axis": "y", "origin": [8, 13.35176, 15.38]},
			"faces": {
				"north": {"uv": [5.25, 5.375, 5.125, 8.375], "texture": "#0"},
				"east": {"uv": [5.25, 8.375, 5.125, 5.375], "rotation": 180, "texture": "#0"},
				"south": {"uv": [5.25, 5.375, 5.125, 8.375], "texture": "#0"},
				"west": {"uv": [5.25, 5.375, 5.125, 8.375], "texture": "#0"},
				"up": {"uv": [5.125, 5.375, 5.25, 5.5], "rotation": 270, "texture": "#0"},
				"down": {"uv": [5.25, 8.25, 5.125, 8.375], "rotation": 270, "texture": "#0"}
			}
		},
		{
			"name": "voiddagger_16",
			"from": [8, 7.3025, 8.225],
			"to": [8, 13.145, 8.5325],
			"rotation": {"angle": 0, "axis": "y", "origin": [8, 13.35176, 15.38]},
			"faces": {
				"north": {"uv": [1.75, 6.25, 1.625, 8.625], "texture": "#0"},
				"east": {"uv": [1.75, 8.625, 1.625, 6.25], "rotation": 180, "texture": "#0"},
				"south": {"uv": [1.75, 6.25, 1.625, 8.625], "texture": "#0"},
				"west": {"uv": [1.75, 6.25, 1.625, 8.625], "texture": "#0"},
				"up": {"uv": [1.625, 6.25, 1.75, 6.375], "rotation": 270, "texture": "#0"},
				"down": {"uv": [1.75, 8.5, 1.625, 8.625], "rotation": 270, "texture": "#0"}
			}
		},
		{
			"name": "voiddagger_17",
			"from": [8, 7.3025, 4.535],
			"to": [8, 13.145, 4.8425],
			"rotation": {"angle": 0, "axis": "y", "origin": [8, 13.35176, 15.38]},
			"faces": {
				"north": {"uv": [3.25, 6.25, 3.125, 8.625], "texture": "#0"},
				"east": {"uv": [3.25, 8.625, 3.125, 6.25], "rotation": 180, "texture": "#0"},
				"south": {"uv": [3.25, 6.25, 3.125, 8.625], "texture": "#0"},
				"west": {"uv": [3.25, 6.25, 3.125, 8.625], "texture": "#0"},
				"up": {"uv": [3.125, 6.25, 3.25, 6.375], "rotation": 270, "texture": "#0"},
				"down": {"uv": [3.25, 8.5, 3.125, 8.625], "rotation": 270, "texture": "#0"}
			}
		},
		{
			"name": "voiddagger_18",
			"from": [7.77125, 7.61, 7.3025],
			"to": [8.22875, 12.53, 7.61],
			"rotation": {"angle": 0, "axis": "y", "origin": [8, 13.35176, 15.38]},
			"faces": {
				"north": {"uv": [4.625, 6.5, 4.5, 8.5], "texture": "#0"},
				"east": {"uv": [4.625, 8.5, 4.5, 6.5], "rotation": 180, "texture": "#0"},
				"south": {"uv": [4.625, 6.5, 4.5, 8.5], "texture": "#0"},
				"west": {"uv": [4.625, 6.5, 4.5, 8.5], "texture": "#0"},
				"up": {"uv": [4.5, 6.5, 4.625, 6.625], "rotation": 270, "texture": "#0"},
				"down": {"uv": [4.625, 8.375, 4.5, 8.5], "rotation": 270, "texture": "#0"}
			}
		},
		{
			"name": "voiddagger_19",
			"from": [7.77125, 7.61, 5.4575],
			"to": [8.22875, 12.53, 5.765],
			"rotation": {"angle": 0, "axis": "y", "origin": [8, 13.35176, 15.38]},
			"faces": {
				"north": {"uv": [5.375, 6.5, 5.25, 8.5], "texture": "#0"},
				"east": {"uv": [5.375, 8.5, 5.25, 6.5], "rotation": 180, "texture": "#0"},
				"south": {"uv": [5.375, 6.5, 5.25, 8.5], "texture": "#0"},
				"west": {"uv": [5.375, 6.5, 5.25, 8.5], "texture": "#0"},
				"up": {"uv": [5.25, 6.5, 5.375, 6.625], "rotation": 270, "texture": "#0"},
				"down": {"uv": [5.375, 8.375, 5.25, 8.5], "rotation": 270, "texture": "#0"}
			}
		},
		{
			"name": "voiddagger_27",
			"from": [8, 6.995, 8.5325],
			"to": [8, 10.685, 8.84],
			"rotation": {"angle": 0, "axis": "y", "origin": [8, 13.35176, 15.38]},
			"faces": {
				"north": {"uv": [1.625, 7.25, 1.5, 8.75], "texture": "#0"},
				"east": {"uv": [1.625, 8.75, 1.5, 7.25], "rotation": 180, "texture": "#0"},
				"south": {"uv": [1.625, 7.25, 1.5, 8.75], "texture": "#0"},
				"west": {"uv": [1.625, 7.25, 1.5, 8.75], "texture": "#0"},
				"up": {"uv": [1.5, 7.25, 1.625, 7.375], "rotation": 270, "texture": "#0"},
				"down": {"uv": [1.625, 8.625, 1.5, 8.75], "rotation": 270, "texture": "#0"}
			}
		},
		{
			"name": "voiddagger_28",
			"from": [8, 6.995, 4.2275],
			"to": [8, 10.685, 4.535],
			"rotation": {"angle": 0, "axis": "y", "origin": [8, 13.35176, 15.38]},
			"faces": {
				"north": {"uv": [3.375, 7.25, 3.25, 8.75], "texture": "#0"},
				"east": {"uv": [3.375, 8.75, 3.25, 7.25], "rotation": 180, "texture": "#0"},
				"south": {"uv": [3.375, 7.25, 3.25, 8.75], "texture": "#0"},
				"west": {"uv": [3.375, 7.25, 3.25, 8.75], "texture": "#0"},
				"up": {"uv": [3.25, 7.25, 3.375, 7.375], "rotation": 270, "texture": "#0"},
				"down": {"uv": [3.375, 8.625, 3.25, 8.75], "rotation": 270, "texture": "#0"}
			}
		},
		{
			"name": "voiddagger_29",
			"from": [7.77125, 7.3025, 7.61],
			"to": [8.22875, 10.07, 7.9175],
			"rotation": {"angle": 0, "axis": "y", "origin": [8, 13.35176, 15.38]},
			"faces": {
				"north": {"uv": [4.5, 7.5, 4.375, 8.625], "texture": "#0"},
				"east": {"uv": [4.5, 8.625, 4.375, 7.5], "rotation": 180, "texture": "#0"},
				"south": {"uv": [4.5, 7.5, 4.375, 8.625], "texture": "#0"},
				"west": {"uv": [4.5, 7.5, 4.375, 8.625], "texture": "#0"},
				"up": {"uv": [4.375, 7.5, 4.5, 7.625], "rotation": 270, "texture": "#0"},
				"down": {"uv": [4.5, 8.5, 4.375, 8.625], "rotation": 270, "texture": "#0"}
			}
		},
		{
			"name": "voiddagger_30",
			"from": [7.77125, 7.3025, 5.15],
			"to": [8.22875, 10.07, 5.4575],
			"rotation": {"angle": 0, "axis": "y", "origin": [8, 13.35176, 15.38]},
			"faces": {
				"north": {"uv": [5.5, 7.5, 5.375, 8.625], "texture": "#0"},
				"east": {"uv": [5.5, 8.625, 5.375, 7.5], "rotation": 180, "texture": "#0"},
				"south": {"uv": [5.5, 7.5, 5.375, 8.625], "texture": "#0"},
				"west": {"uv": [5.5, 7.5, 5.375, 8.625], "texture": "#0"},
				"up": {"uv": [5.375, 7.5, 5.5, 7.625], "rotation": 270, "texture": "#0"},
				"down": {"uv": [5.5, 8.5, 5.375, 8.625], "rotation": 270, "texture": "#0"}
			}
		},
		{
			"name": "voiddagger_35",
			"from": [7.62125, 4.8425, 6.0725],
			"to": [8.37875, 5.15, 6.995],
			"rotation": {"angle": 0, "axis": "y", "origin": [8, 13.35176, 15.38]},
			"faces": {
				"north": {"uv": [10.375, 8, 10.25, 8.125], "texture": "#0"},
				"east": {"uv": [10.375, 8.125, 10, 8], "rotation": 180, "texture": "#0"},
				"south": {"uv": [10.125, 8, 10, 8.125], "texture": "#0"},
				"west": {"uv": [10.375, 8, 10, 8.125], "texture": "#0"},
				"up": {"uv": [10, 8, 10.375, 8.125], "rotation": 270, "texture": "#0"},
				"down": {"uv": [10.375, 8, 10, 8.125], "rotation": 270, "texture": "#0"}
			}
		},
		{
			"name": "voiddagger_66",
			"from": [7.77125, 5.15, 6.0725],
			"to": [8.22875, 5.4575, 6.995],
			"rotation": {"angle": 0, "axis": "y", "origin": [8, 13.35176, 15.38]},
			"faces": {
				"north": {"uv": [10.375, 9.375, 10.25, 9.5], "texture": "#0"},
				"east": {"uv": [10.375, 9.5, 10, 9.375], "rotation": 180, "texture": "#0"},
				"south": {"uv": [10.125, 9.375, 10, 9.5], "texture": "#0"},
				"west": {"uv": [10.375, 9.375, 10, 9.5], "texture": "#0"},
				"up": {"uv": [10, 9.375, 10.375, 9.5], "rotation": 270, "texture": "#0"},
				"down": {"uv": [10.375, 9.375, 10, 9.5], "rotation": 270, "texture": "#0"}
			}
		},
		{
			"name": "voiddagger_34",
			"from": [7.62125, 5.15, 5.765],
			"to": [8.37875, 5.4575, 6.0725],
			"rotation": {"angle": 0, "axis": "y", "origin": [8, 13.35176, 15.38]},
			"faces": {
				"north": {"uv": [10.5, 7.875, 10.375, 8], "texture": "#0"},
				"east": {"uv": [10.5, 8, 10.375, 7.875], "rotation": 180, "texture": "#0"},
				"south": {"uv": [10.5, 7.875, 10.375, 8], "texture": "#0"},
				"west": {"uv": [10.5, 7.875, 10.375, 8], "texture": "#0"},
				"up": {"uv": [10.375, 7.875, 10.5, 8], "rotation": 270, "texture": "#0"},
				"down": {"uv": [10.5, 7.875, 10.375, 8], "rotation": 270, "texture": "#0"}
			}
		},
		{
			"name": "voiddagger_61",
			"from": [7.77125, 5.4575, 5.765],
			"to": [8.22875, 5.765, 6.0725],
			"rotation": {"angle": 0, "axis": "y", "origin": [8, 13.35176, 15.38]},
			"faces": {
				"north": {"uv": [10.5, 9.25, 10.375, 9.375], "texture": "#0"},
				"east": {"uv": [10.5, 9.375, 10.375, 9.25], "rotation": 180, "texture": "#0"},
				"south": {"uv": [10.5, 9.25, 10.375, 9.375], "texture": "#0"},
				"west": {"uv": [10.5, 9.25, 10.375, 9.375], "texture": "#0"},
				"up": {"uv": [10.375, 9.25, 10.5, 9.375], "rotation": 270, "texture": "#0"},
				"down": {"uv": [10.5, 9.25, 10.375, 9.375], "rotation": 270, "texture": "#0"}
			}
		},
		{
			"name": "voiddagger_32",
			"from": [7.62125, 5.4575, 5.4575],
			"to": [8.37875, 5.765, 5.765],
			"rotation": {"angle": 0, "axis": "y", "origin": [8, 13.35176, 15.38]},
			"faces": {
				"north": {"uv": [10.625, 7.75, 10.5, 7.875], "texture": "#0"},
				"east": {"uv": [10.625, 7.875, 10.5, 7.75], "rotation": 180, "texture": "#0"},
				"south": {"uv": [10.625, 7.75, 10.5, 7.875], "texture": "#0"},
				"west": {"uv": [10.625, 7.75, 10.5, 7.875], "texture": "#0"},
				"up": {"uv": [10.5, 7.75, 10.625, 7.875], "rotation": 270, "texture": "#0"},
				"down": {"uv": [10.625, 7.75, 10.5, 7.875], "rotation": 270, "texture": "#0"}
			}
		},
		{
			"name": "voiddagger_26",
			"from": [7.62125, 5.765, 5.15],
			"to": [8.37875, 7.3025, 5.4575],
			"rotation": {"angle": 0, "axis": "y", "origin": [8, 13.35176, 15.38]},
			"faces": {
				"north": {"uv": [10.75, 7.125, 10.625, 7.75], "texture": "#0"},
				"east": {"uv": [10.75, 7.75, 10.625, 7.125], "rotation": 180, "texture": "#0"},
				"south": {"uv": [10.75, 7.125, 10.625, 7.75], "texture": "#0"},
				"west": {"uv": [10.75, 7.125, 10.625, 7.75], "texture": "#0"},
				"up": {"uv": [10.625, 7.125, 10.75, 7.25], "rotation": 270, "texture": "#0"},
				"down": {"uv": [10.75, 7.625, 10.625, 7.75], "rotation": 270, "texture": "#0"}
			}
		},
		{
			"name": "voiddagger_81",
			"from": [7.72125, 6.995, 5.765],
			"to": [8.27875, 7.3025, 6.38],
			"rotation": {"angle": 0, "axis": "y", "origin": [8, 13.35176, 15.38]},
			"faces": {
				"north": {"uv": [10.5, 9.75, 10.375, 9.875], "texture": "#0"},
				"east": {"uv": [10.5, 9.875, 10.25, 9.75], "rotation": 180, "texture": "#0"},
				"south": {"uv": [10.375, 9.75, 10.25, 9.875], "texture": "#0"},
				"west": {"uv": [10.5, 9.75, 10.25, 9.875], "texture": "#0"},
				"up": {"uv": [10.25, 9.75, 10.5, 9.875], "rotation": 270, "texture": "#0"},
				"down": {"uv": [10.5, 9.75, 10.25, 9.875], "rotation": 270, "texture": "#0"}
			}
		},
		{
			"name": "voiddagger_84",
			"from": [7.72125, 5.765, 5.765],
			"to": [8.27875, 6.995, 6.0725],
			"rotation": {"angle": 0, "axis": "y", "origin": [8, 13.35176, 15.38]},
			"faces": {
				"north": {"uv": [10.5, 9.875, 10.375, 10.375], "texture": "#0"},
				"east": {"uv": [10.5, 10.375, 10.375, 9.875], "rotation": 180, "texture": "#0"},
				"south": {"uv": [10.5, 9.875, 10.375, 10.375], "texture": "#0"},
				"west": {"uv": [10.5, 9.875, 10.375, 10.375], "texture": "#0"},
				"up": {"uv": [10.375, 9.875, 10.5, 10], "rotation": 270, "texture": "#0"},
				"down": {"uv": [10.5, 10.25, 10.375, 10.375], "rotation": 270, "texture": "#0"}
			}
		},
		{
			"name": "voiddagger_50",
			"from": [7.77125, 5.765, 5.4575],
			"to": [8.22875, 7.3025, 5.765],
			"rotation": {"angle": 0, "axis": "y", "origin": [8, 13.35176, 15.38]},
			"faces": {
				"north": {"uv": [10.625, 8.625, 10.5, 9.25], "texture": "#0"},
				"east": {"uv": [10.625, 9.25, 10.5, 8.625], "rotation": 180, "texture": "#0"},
				"south": {"uv": [10.625, 8.625, 10.5, 9.25], "texture": "#0"},
				"west": {"uv": [10.625, 8.625, 10.5, 9.25], "texture": "#0"},
				"up": {"uv": [10.5, 8.625, 10.625, 8.75], "rotation": 270, "texture": "#0"},
				"down": {"uv": [10.625, 9.125, 10.5, 9.25], "rotation": 270, "texture": "#0"}
			}
		},
		{
			"name": "voiddagger_46",
			"from": [7.77125, 7.3025, 5.765],
			"to": [8.22875, 7.61, 6.0725],
			"rotation": {"angle": 0, "axis": "y", "origin": [8, 13.35176, 15.38]},
			"faces": {
				"north": {"uv": [10.5, 8.5, 10.375, 8.625], "texture": "#0"},
				"east": {"uv": [10.5, 8.625, 10.375, 8.5], "rotation": 180, "texture": "#0"},
				"south": {"uv": [10.5, 8.5, 10.375, 8.625], "texture": "#0"},
				"west": {"uv": [10.5, 8.5, 10.375, 8.625], "texture": "#0"},
				"up": {"uv": [10.375, 8.5, 10.5, 8.625], "rotation": 270, "texture": "#0"},
				"down": {"uv": [10.5, 8.5, 10.375, 8.625], "rotation": 270, "texture": "#0"}
			}
		},
		{
			"name": "voiddagger_24",
			"from": [7.62125, 7.3025, 5.4575],
			"to": [8.37875, 7.61, 5.765],
			"rotation": {"angle": 0, "axis": "y", "origin": [8, 13.35176, 15.38]},
			"faces": {
				"north": {"uv": [10.625, 7, 10.5, 7.125], "texture": "#0"},
				"east": {"uv": [10.625, 7.125, 10.5, 7], "rotation": 180, "texture": "#0"},
				"south": {"uv": [10.625, 7, 10.5, 7.125], "texture": "#0"},
				"west": {"uv": [10.625, 7, 10.5, 7.125], "texture": "#0"},
				"up": {"uv": [10.5, 7, 10.625, 7.125], "rotation": 270, "texture": "#0"},
				"down": {"uv": [10.625, 7, 10.5, 7.125], "rotation": 270, "texture": "#0"}
			}
		},
		{
			"name": "voiddagger_22",
			"from": [7.62125, 7.61, 5.765],
			"to": [8.37875, 7.9175, 6.0725],
			"rotation": {"angle": 0, "axis": "y", "origin": [8, 13.35176, 15.38]},
			"faces": {
				"north": {"uv": [10.5, 6.875, 10.375, 7], "texture": "#0"},
				"east": {"uv": [10.5, 7, 10.375, 6.875], "rotation": 180, "texture": "#0"},
				"south": {"uv": [10.5, 6.875, 10.375, 7], "texture": "#0"},
				"west": {"uv": [10.5, 6.875, 10.375, 7], "texture": "#0"},
				"up": {"uv": [10.375, 6.875, 10.5, 7], "rotation": 270, "texture": "#0"},
				"down": {"uv": [10.5, 6.875, 10.375, 7], "rotation": 270, "texture": "#0"}
			}
		},
		{
			"name": "voiddagger_40",
			"from": [7.77125, 7.61, 6.0725],
			"to": [8.22875, 7.9175, 6.995],
			"rotation": {"angle": 0, "axis": "y", "origin": [8, 13.35176, 15.38]},
			"faces": {
				"north": {"uv": [10.375, 8.375, 10.25, 8.5], "texture": "#0"},
				"east": {"uv": [10.375, 8.5, 10, 8.375], "rotation": 180, "texture": "#0"},
				"south": {"uv": [10.125, 8.375, 10, 8.5], "texture": "#0"},
				"west": {"uv": [10.375, 8.375, 10, 8.5], "texture": "#0"},
				"up": {"uv": [10, 8.375, 10.375, 8.5], "rotation": 270, "texture": "#0"},
				"down": {"uv": [10.375, 8.375, 10, 8.5], "rotation": 270, "texture": "#0"}
			}
		},
		{
			"name": "voiddagger_20",
			"from": [7.62125, 7.9175, 6.0725],
			"to": [8.37875, 8.225, 6.995],
			"rotation": {"angle": 0, "axis": "y", "origin": [8, 13.35176, 15.38]},
			"faces": {
				"north": {"uv": [10.375, 6.75, 10.25, 6.875], "texture": "#0"},
				"east": {"uv": [10.375, 6.875, 10, 6.75], "rotation": 180, "texture": "#0"},
				"south": {"uv": [10.125, 6.75, 10, 6.875], "texture": "#0"},
				"west": {"uv": [10.375, 6.75, 10, 6.875], "texture": "#0"},
				"up": {"uv": [10, 6.75, 10.375, 6.875], "rotation": 270, "texture": "#0"},
				"down": {"uv": [10.375, 6.75, 10, 6.875], "rotation": 270, "texture": "#0"}
			}
		},
		{
			"name": "voiddagger_77",
			"from": [7.72125, 7.3025, 6.0725],
			"to": [8.27875, 7.61, 6.995],
			"rotation": {"angle": 0, "axis": "y", "origin": [8, 13.35176, 15.38]},
			"faces": {
				"north": {"uv": [10.375, 9.625, 10.25, 9.75], "texture": "#0"},
				"east": {"uv": [10.375, 9.75, 10, 9.625], "rotation": 180, "texture": "#0"},
				"south": {"uv": [10.125, 9.625, 10, 9.75], "texture": "#0"},
				"west": {"uv": [10.375, 9.625, 10, 9.75], "texture": "#0"},
				"up": {"uv": [10, 9.625, 10.375, 9.75], "rotation": 270, "texture": "#0"},
				"down": {"uv": [10.375, 9.625, 10, 9.75], "rotation": 270, "texture": "#0"}
			}
		},
		{
			"name": "voiddagger_94",
			"from": [7.77125, 6.995, 6.38],
			"to": [8.22875, 7.3025, 6.6875],
			"rotation": {"angle": 0, "axis": "y", "origin": [8, 13.35176, 15.38]},
			"faces": {
				"north": {"uv": [10.25, 10.625, 10.125, 10.75], "texture": "#0"},
				"east": {"uv": [10.25, 10.75, 10.125, 10.625], "rotation": 180, "texture": "#0"},
				"south": {"uv": [10.25, 10.625, 10.125, 10.75], "texture": "#0"},
				"west": {"uv": [10.25, 10.625, 10.125, 10.75], "texture": "#0"},
				"up": {"uv": [10.125, 10.625, 10.25, 10.75], "rotation": 270, "texture": "#0"},
				"down": {"uv": [10.25, 10.625, 10.125, 10.75], "rotation": 270, "texture": "#0"}
			}
		},
		{
			"name": "voiddagger_97",
			"from": [7.77125, 6.0725, 6.0725],
			"to": [8.22875, 6.995, 6.38],
			"rotation": {"angle": 0, "axis": "y", "origin": [8, 13.35176, 15.38]},
			"faces": {
				"north": {"uv": [10.375, 10.75, 10.25, 11.125], "texture": "#0"},
				"east": {"uv": [10.375, 11.125, 10.25, 10.75], "rotation": 180, "texture": "#0"},
				"south": {"uv": [10.375, 10.75, 10.25, 11.125], "texture": "#0"},
				"west": {"uv": [10.375, 10.75, 10.25, 11.125], "texture": "#0"},
				"up": {"uv": [10.25, 10.75, 10.375, 10.875], "rotation": 270, "texture": "#0"},
				"down": {"uv": [10.375, 11, 10.25, 11.125], "rotation": 270, "texture": "#0"}
			}
		},
		{
			"name": "voiddagger_101",
			"from": [7.85875, 6.0725, 6.38],
			"to": [8.14125, 6.995, 6.6875],
			"rotation": {"angle": 0, "axis": "y", "origin": [8, 13.35176, 15.38]},
			"faces": {
				"north": {"uv": [10.25, 11.375, 10.125, 11.75], "texture": "#0"},
				"east": {"uv": [10.25, 11.75, 10.125, 11.375], "rotation": 180, "texture": "#0"},
				"south": {"uv": [10.25, 11.375, 10.125, 11.75], "texture": "#0"},
				"west": {"uv": [10.25, 11.375, 10.125, 11.75], "texture": "#0"},
				"up": {"uv": [10.125, 11.375, 10.25, 11.5], "rotation": 270, "texture": "#0"},
				"down": {"uv": [10.25, 11.625, 10.125, 11.75], "rotation": 270, "texture": "#0"}
			}
		},
		{
			"name": "voiddagger_99",
			"from": [7.77125, 5.765, 6.38],
			"to": [8.22875, 6.0725, 6.6875],
			"rotation": {"angle": 0, "axis": "y", "origin": [8, 13.35176, 15.38]},
			"faces": {
				"north": {"uv": [10.25, 11.125, 10.125, 11.25], "texture": "#0"},
				"east": {"uv": [10.25, 11.25, 10.125, 11.125], "rotation": 180, "texture": "#0"},
				"south": {"uv": [10.25, 11.125, 10.125, 11.25], "texture": "#0"},
				"west": {"uv": [10.25, 11.125, 10.125, 11.25], "texture": "#0"},
				"up": {"uv": [10.125, 11.125, 10.25, 11.25], "rotation": 270, "texture": "#0"},
				"down": {"uv": [10.25, 11.125, 10.125, 11.25], "rotation": 270, "texture": "#0"}
			}
		},
		{
			"name": "voiddagger_92",
			"from": [7.72125, 5.4575, 6.38],
			"to": [8.27875, 5.765, 6.6875],
			"rotation": {"angle": 0, "axis": "y", "origin": [8, 13.35176, 15.38]},
			"faces": {
				"north": {"uv": [10.25, 10.375, 10.125, 10.5], "texture": "#0"},
				"east": {"uv": [10.25, 10.5, 10.125, 10.375], "rotation": 180, "texture": "#0"},
				"south": {"uv": [10.25, 10.375, 10.125, 10.5], "texture": "#0"},
				"west": {"uv": [10.25, 10.375, 10.125, 10.5], "texture": "#0"},
				"up": {"uv": [10.125, 10.375, 10.25, 10.5], "rotation": 270, "texture": "#0"},
				"down": {"uv": [10.25, 10.375, 10.125, 10.5], "rotation": 270, "texture": "#0"}
			}
		},
		{
			"name": "voiddagger_90",
			"from": [7.72125, 5.4575, 6.0725],
			"to": [8.27875, 6.0725, 6.38],
			"rotation": {"angle": 0, "axis": "y", "origin": [8, 13.35176, 15.38]},
			"faces": {
				"north": {"uv": [10.375, 10.25, 10.25, 10.5], "texture": "#0"},
				"east": {"uv": [10.375, 10.5, 10.25, 10.25], "rotation": 180, "texture": "#0"},
				"south": {"uv": [10.375, 10.25, 10.25, 10.5], "texture": "#0"},
				"west": {"uv": [10.375, 10.25, 10.25, 10.5], "texture": "#0"},
				"up": {"uv": [10.25, 10.25, 10.375, 10.375], "rotation": 270, "texture": "#0"},
				"down": {"uv": [10.375, 10.375, 10.25, 10.5], "rotation": 270, "texture": "#0"}
			}
		},
		{
			"name": "voiddagger_89",
			"from": [7.72125, 5.4575, 6.6875],
			"to": [8.27875, 6.0725, 6.995],
			"rotation": {"angle": 0, "axis": "y", "origin": [8, 13.35176, 15.38]},
			"faces": {
				"north": {"uv": [10.125, 10.25, 10, 10.5], "texture": "#0"},
				"east": {"uv": [10.125, 10.5, 10, 10.25], "rotation": 180, "texture": "#0"},
				"south": {"uv": [10.125, 10.25, 10, 10.5], "texture": "#0"},
				"west": {"uv": [10.125, 10.25, 10, 10.5], "texture": "#0"},
				"up": {"uv": [10, 10.25, 10.125, 10.375], "rotation": 270, "texture": "#0"},
				"down": {"uv": [10.125, 10.375, 10, 10.5], "rotation": 270, "texture": "#0"}
			}
		},
		{
			"name": "voiddagger_96",
			"from": [7.77125, 6.0725, 6.6875],
			"to": [8.22875, 6.995, 6.995],
			"rotation": {"angle": 0, "axis": "y", "origin": [8, 13.35176, 15.38]},
			"faces": {
				"north": {"uv": [10.125, 10.75, 10, 11.125], "texture": "#0"},
				"east": {"uv": [10.125, 11.125, 10, 10.75], "rotation": 180, "texture": "#0"},
				"south": {"uv": [10.125, 10.75, 10, 11.125], "texture": "#0"},
				"west": {"uv": [10.125, 10.75, 10, 11.125], "texture": "#0"},
				"up": {"uv": [10, 10.75, 10.125, 10.875], "rotation": 270, "texture": "#0"},
				"down": {"uv": [10.125, 11, 10, 11.125], "rotation": 270, "texture": "#0"}
			}
		},
		{
			"name": "voiddagger_80",
			"from": [7.72125, 6.995, 6.6875],
			"to": [8.27875, 7.3025, 7.3025],
			"rotation": {"angle": 0, "axis": "y", "origin": [8, 13.35176, 15.38]},
			"faces": {
				"north": {"uv": [10.125, 9.75, 10, 9.875], "texture": "#0"},
				"east": {"uv": [10.125, 9.875, 9.875, 9.75], "rotation": 180, "texture": "#0"},
				"south": {"uv": [10, 9.75, 9.875, 9.875], "texture": "#0"},
				"west": {"uv": [10.125, 9.75, 9.875, 9.875], "texture": "#0"},
				"up": {"uv": [9.875, 9.75, 10.125, 9.875], "rotation": 270, "texture": "#0"},
				"down": {"uv": [10.125, 9.75, 9.875, 9.875], "rotation": 270, "texture": "#0"}
			}
		},
		{
			"name": "voiddagger_45",
			"from": [7.77125, 7.3025, 6.995],
			"to": [8.22875, 7.61, 7.3025],
			"rotation": {"angle": 0, "axis": "y", "origin": [8, 13.35176, 15.38]},
			"faces": {
				"north": {"uv": [10, 8.5, 9.875, 8.625], "texture": "#0"},
				"east": {"uv": [10, 8.625, 9.875, 8.5], "rotation": 180, "texture": "#0"},
				"south": {"uv": [10, 8.5, 9.875, 8.625], "texture": "#0"},
				"west": {"uv": [10, 8.5, 9.875, 8.625], "texture": "#0"},
				"up": {"uv": [9.875, 8.5, 10, 8.625], "rotation": 270, "texture": "#0"},
				"down": {"uv": [10, 8.5, 9.875, 8.625], "rotation": 270, "texture": "#0"}
			}
		},
		{
			"name": "voiddagger_21",
			"from": [7.62125, 7.61, 6.995],
			"to": [8.37875, 7.9175, 7.3025],
			"rotation": {"angle": 0, "axis": "y", "origin": [8, 13.35176, 15.38]},
			"faces": {
				"north": {"uv": [10, 6.875, 9.875, 7], "texture": "#0"},
				"east": {"uv": [10, 7, 9.875, 6.875], "rotation": 180, "texture": "#0"},
				"south": {"uv": [10, 6.875, 9.875, 7], "texture": "#0"},
				"west": {"uv": [10, 6.875, 9.875, 7], "texture": "#0"},
				"up": {"uv": [9.875, 6.875, 10, 7], "rotation": 270, "texture": "#0"},
				"down": {"uv": [10, 6.875, 9.875, 7], "rotation": 270, "texture": "#0"}
			}
		},
		{
			"name": "voiddagger_23",
			"from": [7.62125, 7.3025, 7.3025],
			"to": [8.37875, 7.61, 7.61],
			"rotation": {"angle": 0, "axis": "y", "origin": [8, 13.35176, 15.38]},
			"faces": {
				"north": {"uv": [9.875, 7, 9.75, 7.125], "texture": "#0"},
				"east": {"uv": [9.875, 7.125, 9.75, 7], "rotation": 180, "texture": "#0"},
				"south": {"uv": [9.875, 7, 9.75, 7.125], "texture": "#0"},
				"west": {"uv": [9.875, 7, 9.75, 7.125], "texture": "#0"},
				"up": {"uv": [9.75, 7, 9.875, 7.125], "rotation": 270, "texture": "#0"},
				"down": {"uv": [9.875, 7, 9.75, 7.125], "rotation": 270, "texture": "#0"}
			}
		},
		{
			"name": "voiddagger_49",
			"from": [7.77125, 5.765, 7.3025],
			"to": [8.22875, 7.3025, 7.61],
			"rotation": {"angle": 0, "axis": "y", "origin": [8, 13.35176, 15.38]},
			"faces": {
				"north": {"uv": [9.875, 8.625, 9.75, 9.25], "texture": "#0"},
				"east": {"uv": [9.875, 9.25, 9.75, 8.625], "rotation": 180, "texture": "#0"},
				"south": {"uv": [9.875, 8.625, 9.75, 9.25], "texture": "#0"},
				"west": {"uv": [9.875, 8.625, 9.75, 9.25], "texture": "#0"},
				"up": {"uv": [9.75, 8.625, 9.875, 8.75], "rotation": 270, "texture": "#0"},
				"down": {"uv": [9.875, 9.125, 9.75, 9.25], "rotation": 270, "texture": "#0"}
			}
		},
		{
			"name": "voiddagger_25",
			"from": [7.62125, 5.765, 7.61],
			"to": [8.37875, 7.3025, 7.9175],
			"rotation": {"angle": 0, "axis": "y", "origin": [8, 13.35176, 15.38]},
			"faces": {
				"north": {"uv": [9.75, 7.125, 9.625, 7.75], "texture": "#0"},
				"east": {"uv": [9.75, 7.75, 9.625, 7.125], "rotation": 180, "texture": "#0"},
				"south": {"uv": [9.75, 7.125, 9.625, 7.75], "texture": "#0"},
				"west": {"uv": [9.75, 7.125, 9.625, 7.75], "texture": "#0"},
				"up": {"uv": [9.625, 7.125, 9.75, 7.25], "rotation": 270, "texture": "#0"},
				"down": {"uv": [9.75, 7.625, 9.625, 7.75], "rotation": 270, "texture": "#0"}
			}
		},
		{
			"name": "voiddagger_31",
			"from": [7.62125, 5.4575, 7.3025],
			"to": [8.37875, 5.765, 7.61],
			"rotation": {"angle": 0, "axis": "y", "origin": [8, 13.35176, 15.38]},
			"faces": {
				"north": {"uv": [9.875, 7.75, 9.75, 7.875], "texture": "#0"},
				"east": {"uv": [9.875, 7.875, 9.75, 7.75], "rotation": 180, "texture": "#0"},
				"south": {"uv": [9.875, 7.75, 9.75, 7.875], "texture": "#0"},
				"west": {"uv": [9.875, 7.75, 9.75, 7.875], "texture": "#0"},
				"up": {"uv": [9.75, 7.75, 9.875, 7.875], "rotation": 270, "texture": "#0"},
				"down": {"uv": [9.875, 7.75, 9.75, 7.875], "rotation": 270, "texture": "#0"}
			}
		},
		{
			"name": "voiddagger_60",
			"from": [7.77125, 5.4575, 6.995],
			"to": [8.22875, 5.765, 7.3025],
			"rotation": {"angle": 0, "axis": "y", "origin": [8, 13.35176, 15.38]},
			"faces": {
				"north": {"uv": [10, 9.25, 9.875, 9.375], "texture": "#0"},
				"east": {"uv": [10, 9.375, 9.875, 9.25], "rotation": 180, "texture": "#0"},
				"south": {"uv": [10, 9.25, 9.875, 9.375], "texture": "#0"},
				"west": {"uv": [10, 9.25, 9.875, 9.375], "texture": "#0"},
				"up": {"uv": [9.875, 9.25, 10, 9.375], "rotation": 270, "texture": "#0"},
				"down": {"uv": [10, 9.25, 9.875, 9.375], "rotation": 270, "texture": "#0"}
			}
		},
		{
			"name": "voiddagger_83",
			"from": [7.72125, 5.765, 6.995],
			"to": [8.27875, 6.995, 7.3025],
			"rotation": {"angle": 0, "axis": "y", "origin": [8, 13.35176, 15.38]},
			"faces": {
				"north": {"uv": [10, 9.875, 9.875, 10.375], "texture": "#0"},
				"east": {"uv": [10, 10.375, 9.875, 9.875], "rotation": 180, "texture": "#0"},
				"south": {"uv": [10, 9.875, 9.875, 10.375], "texture": "#0"},
				"west": {"uv": [10, 9.875, 9.875, 10.375], "texture": "#0"},
				"up": {"uv": [9.875, 9.875, 10, 10], "rotation": 270, "texture": "#0"},
				"down": {"uv": [10, 10.25, 9.875, 10.375], "rotation": 270, "texture": "#0"}
			}
		},
		{
			"name": "voiddagger_33",
			"from": [7.62125, 5.15, 6.995],
			"to": [8.37875, 5.4575, 7.3025],
			"rotation": {"angle": 0, "axis": "y", "origin": [8, 13.35176, 15.38]},
			"faces": {
				"north": {"uv": [10, 7.875, 9.875, 8], "texture": "#0"},
				"east": {"uv": [10, 8, 9.875, 7.875], "rotation": 180, "texture": "#0"},
				"south": {"uv": [10, 7.875, 9.875, 8], "texture": "#0"},
				"west": {"uv": [10, 7.875, 9.875, 8], "texture": "#0"},
				"up": {"uv": [9.875, 7.875, 10, 8], "rotation": 270, "texture": "#0"},
				"down": {"uv": [10, 7.875, 9.875, 8], "rotation": 270, "texture": "#0"}
			}
		},
		{
			"name": "voiddagger_36",
			"from": [8, 7.61, 9.7625],
			"to": [8, 8.225, 10.3775],
			"rotation": {"angle": 0, "axis": "y", "origin": [8, 13.35176, 15.38]},
			"faces": {
				"north": {"uv": [1.125, 8.25, 1, 8.5], "texture": "#0"},
				"east": {"uv": [1.125, 8.5, 0.875, 8.25], "rotation": 180, "texture": "#0"},
				"south": {"uv": [1, 8.25, 0.875, 8.5], "texture": "#0"},
				"west": {"uv": [1.125, 8.25, 0.875, 8.5], "texture": "#0"},
				"up": {"uv": [0.875, 8.25, 1.125, 8.375], "rotation": 270, "texture": "#0"},
				"down": {"uv": [1.125, 8.375, 0.875, 8.5], "rotation": 270, "texture": "#0"}
			}
		},
		{
			"name": "voiddagger_37",
			"from": [8, 7.61, 2.69],
			"to": [8, 8.225, 3.305],
			"rotation": {"angle": 0, "axis": "y", "origin": [8, 13.35176, 15.38]},
			"faces": {
				"north": {"uv": [4, 8.25, 3.875, 8.5], "texture": "#0"},
				"east": {"uv": [4, 8.5, 3.75, 8.25], "rotation": 180, "texture": "#0"},
				"south": {"uv": [3.875, 8.25, 3.75, 8.5], "texture": "#0"},
				"west": {"uv": [4, 8.25, 3.75, 8.5], "texture": "#0"},
				"up": {"uv": [3.75, 8.25, 4, 8.375], "rotation": 270, "texture": "#0"},
				"down": {"uv": [4, 8.375, 3.75, 8.5], "rotation": 270, "texture": "#0"}
			}
		},
		{
			"name": "voiddagger_38",
			"from": [8, 6.6875, 10.3775],
			"to": [8, 7.9175, 10.685],
			"rotation": {"angle": 0, "axis": "y", "origin": [8, 13.35176, 15.38]},
			"faces": {
				"north": {"uv": [0.875, 8.375, 0.75, 8.875], "texture": "#0"},
				"east": {"uv": [0.875, 8.875, 0.75, 8.375], "rotation": 180, "texture": "#0"},
				"south": {"uv": [0.875, 8.375, 0.75, 8.875], "texture": "#0"},
				"west": {"uv": [0.875, 8.375, 0.75, 8.875], "texture": "#0"},
				"up": {"uv": [0.75, 8.375, 0.875, 8.5], "rotation": 270, "texture": "#0"},
				"down": {"uv": [0.875, 8.75, 0.75, 8.875], "rotation": 270, "texture": "#0"}
			}
		},
		{
			"name": "voiddagger_39",
			"from": [8, 6.6875, 2.3825],
			"to": [8, 7.9175, 2.69],
			"rotation": {"angle": 0, "axis": "y", "origin": [8, 13.35176, 15.38]},
			"faces": {
				"north": {"uv": [4.125, 8.375, 4, 8.875], "texture": "#0"},
				"east": {"uv": [4.125, 8.875, 4, 8.375], "rotation": 180, "texture": "#0"},
				"south": {"uv": [4.125, 8.375, 4, 8.875], "texture": "#0"},
				"west": {"uv": [4.125, 8.375, 4, 8.875], "texture": "#0"},
				"up": {"uv": [4, 8.375, 4.125, 8.5], "rotation": 270, "texture": "#0"},
				"down": {"uv": [4.125, 8.75, 4, 8.875], "rotation": 270, "texture": "#0"}
			}
		},
		{
			"name": "voiddagger_41",
			"from": [8, 6.38, 10.07],
			"to": [8, 7.61, 10.3775],
			"rotation": {"angle": 0, "axis": "y", "origin": [8, 13.35176, 15.38]},
			"faces": {
				"north": {"uv": [1, 8.5, 0.875, 9], "texture": "#0"},
				"east": {"uv": [1, 9, 0.875, 8.5], "rotation": 180, "texture": "#0"},
				"south": {"uv": [1, 8.5, 0.875, 9], "texture": "#0"},
				"west": {"uv": [1, 8.5, 0.875, 9], "texture": "#0"},
				"up": {"uv": [0.875, 8.5, 1, 8.625], "rotation": 270, "texture": "#0"},
				"down": {"uv": [1, 8.875, 0.875, 9], "rotation": 270, "texture": "#0"}
			}
		},
		{
			"name": "voiddagger_42",
			"from": [8, 6.0725, 8.84],
			"to": [8, 7.61, 9.1475],
			"rotation": {"angle": 0, "axis": "y", "origin": [8, 13.35176, 15.38]},
			"faces": {
				"north": {"uv": [1.5, 8.5, 1.375, 9.125], "texture": "#0"},
				"east": {"uv": [1.5, 9.125, 1.375, 8.5], "rotation": 180, "texture": "#0"},
				"south": {"uv": [1.5, 8.5, 1.375, 9.125], "texture": "#0"},
				"west": {"uv": [1.5, 8.5, 1.375, 9.125], "texture": "#0"},
				"up": {"uv": [1.375, 8.5, 1.5, 8.625], "rotation": 270, "texture": "#0"},
				"down": {"uv": [1.5, 9, 1.375, 9.125], "rotation": 270, "texture": "#0"}
			}
		},
		{
			"name": "voiddagger_43",
			"from": [8, 6.0725, 3.92],
			"to": [8, 7.61, 4.2275],
			"rotation": {"angle": 0, "axis": "y", "origin": [8, 13.35176, 15.38]},
			"faces": {
				"north": {"uv": [3.5, 8.5, 3.375, 9.125], "texture": "#0"},
				"east": {"uv": [3.5, 9.125, 3.375, 8.5], "rotation": 180, "texture": "#0"},
				"south": {"uv": [3.5, 8.5, 3.375, 9.125], "texture": "#0"},
				"west": {"uv": [3.5, 8.5, 3.375, 9.125], "texture": "#0"},
				"up": {"uv": [3.375, 8.5, 3.5, 8.625], "rotation": 270, "texture": "#0"},
				"down": {"uv": [3.5, 9, 3.375, 9.125], "rotation": 270, "texture": "#0"}
			}
		},
		{
			"name": "voiddagger_44",
			"from": [8, 6.38, 2.69],
			"to": [8, 7.61, 2.9975],
			"rotation": {"angle": 0, "axis": "y", "origin": [8, 13.35176, 15.38]},
			"faces": {
				"north": {"uv": [4, 8.5, 3.875, 9], "texture": "#0"},
				"east": {"uv": [4, 9, 3.875, 8.5], "rotation": 180, "texture": "#0"},
				"south": {"uv": [4, 8.5, 3.875, 9], "texture": "#0"},
				"west": {"uv": [4, 8.5, 3.875, 9], "texture": "#0"},
				"up": {"uv": [3.875, 8.5, 4, 8.625], "rotation": 270, "texture": "#0"},
				"down": {"uv": [4, 8.875, 3.875, 9], "rotation": 270, "texture": "#0"}
			}
		},
		{
			"name": "voiddagger_47",
			"from": [8, 6.0725, 9.1475],
			"to": [8, 7.3025, 9.455],
			"rotation": {"angle": 0, "axis": "y", "origin": [8, 13.35176, 15.38]},
			"faces": {
				"north": {"uv": [1.375, 8.625, 1.25, 9.125], "texture": "#0"},
				"east": {"uv": [1.375, 9.125, 1.25, 8.625], "rotation": 180, "texture": "#0"},
				"south": {"uv": [1.375, 8.625, 1.25, 9.125], "texture": "#0"},
				"west": {"uv": [1.375, 8.625, 1.25, 9.125], "texture": "#0"},
				"up": {"uv": [1.25, 8.625, 1.375, 8.75], "rotation": 270, "texture": "#0"},
				"down": {"uv": [1.375, 9, 1.25, 9.125], "rotation": 270, "texture": "#0"}
			}
		},
		{
			"name": "voiddagger_48",
			"from": [8, 6.0725, 3.6125],
			"to": [8, 7.3025, 3.92],
			"rotation": {"angle": 0, "axis": "y", "origin": [8, 13.35176, 15.38]},
			"faces": {
				"north": {"uv": [3.625, 8.625, 3.5, 9.125], "texture": "#0"},
				"east": {"uv": [3.625, 9.125, 3.5, 8.625], "rotation": 180, "texture": "#0"},
				"south": {"uv": [3.625, 8.625, 3.5, 9.125], "texture": "#0"},
				"west": {"uv": [3.625, 8.625, 3.5, 9.125], "texture": "#0"},
				"up": {"uv": [3.5, 8.625, 3.625, 8.75], "rotation": 270, "texture": "#0"},
				"down": {"uv": [3.625, 9, 3.5, 9.125], "rotation": 270, "texture": "#0"}
			}
		},
		{
			"name": "voiddagger_51",
			"from": [8, 6.0725, 9.7625],
			"to": [8, 6.995, 10.07],
			"rotation": {"angle": 0, "axis": "y", "origin": [8, 13.35176, 15.38]},
			"faces": {
				"north": {"uv": [1.125, 8.75, 1, 9.125], "texture": "#0"},
				"east": {"uv": [1.125, 9.125, 1, 8.75], "rotation": 180, "texture": "#0"},
				"south": {"uv": [1.125, 8.75, 1, 9.125], "texture": "#0"},
				"west": {"uv": [1.125, 8.75, 1, 9.125], "texture": "#0"},
				"up": {"uv": [1, 8.75, 1.125, 8.875], "rotation": 270, "texture": "#0"},
				"down": {"uv": [1.125, 9, 1, 9.125], "rotation": 270, "texture": "#0"}
			}
		},
		{
			"name": "voiddagger_52",
			"from": [8, 6.0725, 2.9975],
			"to": [8, 6.995, 3.305],
			"rotation": {"angle": 0, "axis": "y", "origin": [8, 13.35176, 15.38]},
			"faces": {
				"north": {"uv": [3.875, 8.75, 3.75, 9.125], "texture": "#0"},
				"east": {"uv": [3.875, 9.125, 3.75, 8.75], "rotation": 180, "texture": "#0"},
				"south": {"uv": [3.875, 8.75, 3.75, 9.125], "texture": "#0"},
				"west": {"uv": [3.875, 8.75, 3.75, 9.125], "texture": "#0"},
				"up": {"uv": [3.75, 8.75, 3.875, 8.875], "rotation": 270, "texture": "#0"},
				"down": {"uv": [3.875, 9, 3.75, 9.125], "rotation": 270, "texture": "#0"}
			}
		},
		{
			"name": "voiddagger_54",
			"from": [8, 6.0725, 9.455],
			"to": [8, 6.6875, 9.7625],
			"rotation": {"angle": 0, "axis": "y", "origin": [8, 13.35176, 15.38]},
			"faces": {
				"north": {"uv": [1.25, 8.875, 1.125, 9.125], "texture": "#0"},
				"east": {"uv": [1.25, 9.125, 1.125, 8.875], "rotation": 180, "texture": "#0"},
				"south": {"uv": [1.25, 8.875, 1.125, 9.125], "texture": "#0"},
				"west": {"uv": [1.25, 8.875, 1.125, 9.125], "texture": "#0"},
				"up": {"uv": [1.125, 8.875, 1.25, 9], "rotation": 270, "texture": "#0"},
				"down": {"uv": [1.25, 9, 1.125, 9.125], "rotation": 270, "texture": "#0"}
			}
		},
		{
			"name": "voiddagger_55",
			"from": [8, 6.0725, 3.305],
			"to": [8, 6.6875, 3.6125],
			"rotation": {"angle": 0, "axis": "y", "origin": [8, 13.35176, 15.38]},
			"faces": {
				"north": {"uv": [3.75, 8.875, 3.625, 9.125], "texture": "#0"},
				"east": {"uv": [3.75, 9.125, 3.625, 8.875], "rotation": 180, "texture": "#0"},
				"south": {"uv": [3.75, 8.875, 3.625, 9.125], "texture": "#0"},
				"west": {"uv": [3.75, 8.875, 3.625, 9.125], "texture": "#0"},
				"up": {"uv": [3.625, 8.875, 3.75, 9], "rotation": 270, "texture": "#0"},
				"down": {"uv": [3.75, 9, 3.625, 9.125], "rotation": 270, "texture": "#0"}
			}
		},
		{
			"name": "voiddagger_53",
			"from": [7.87125, 5.765, 7.9175],
			"to": [8.12875, 6.995, 8.225],
			"rotation": {"angle": 0, "axis": "y", "origin": [8, 13.35176, 15.38]},
			"faces": {
				"north": {"uv": [11.25, 8.75, 11.125, 9.25], "texture": "#0"},
				"east": {"uv": [11.25, 9.25, 11.125, 8.75], "rotation": 180, "texture": "#0"},
				"south": {"uv": [11.25, 8.75, 11.125, 9.25], "texture": "#0"},
				"west": {"uv": [11.25, 8.75, 11.125, 9.25], "texture": "#0"},
				"up": {"uv": [11.125, 8.75, 11.25, 8.875], "rotation": 270, "texture": "#0"},
				"down": {"uv": [11.25, 9.125, 11.125, 9.25], "rotation": 270, "texture": "#0"}
			}
		},
		{
			"name": "voiddagger_62",
			"from": [7.87125, 5.4575, 7.61],
			"to": [8.12875, 5.765, 7.9175],
			"rotation": {"angle": 0, "axis": "y", "origin": [8, 13.35176, 15.38]},
			"faces": {
				"north": {"uv": [11.375, 9.25, 11.25, 9.375], "texture": "#0"},
				"east": {"uv": [11.375, 9.375, 11.25, 9.25], "rotation": 180, "texture": "#0"},
				"south": {"uv": [11.375, 9.25, 11.25, 9.375], "texture": "#0"},
				"west": {"uv": [11.375, 9.25, 11.25, 9.375], "texture": "#0"},
				"up": {"uv": [11.25, 9.25, 11.375, 9.375], "rotation": 270, "texture": "#0"},
				"down": {"uv": [11.375, 9.25, 11.25, 9.375], "rotation": 270, "texture": "#0"}
			}
		},
		{
			"name": "voiddagger_67",
			"from": [7.87125, 5.15, 7.3025],
			"to": [8.12875, 5.4575, 7.61],
			"rotation": {"angle": 0, "axis": "y", "origin": [8, 13.35176, 15.38]},
			"faces": {
				"north": {"uv": [11.5, 9.375, 11.375, 9.5], "texture": "#0"},
				"east": {"uv": [11.5, 9.5, 11.375, 9.375], "rotation": 180, "texture": "#0"},
				"south": {"uv": [11.5, 9.375, 11.375, 9.5], "texture": "#0"},
				"west": {"uv": [11.5, 9.375, 11.375, 9.5], "texture": "#0"},
				"up": {"uv": [11.375, 9.375, 11.5, 9.5], "rotation": 270, "texture": "#0"},
				"down": {"uv": [11.5, 9.375, 11.375, 9.5], "rotation": 270, "texture": "#0"}
			}
		},
		{
			"name": "voiddagger_72",
			"from": [7.87125, 4.8425, 6.995],
			"to": [8.12875, 5.15, 7.3025],
			"rotation": {"angle": 0, "axis": "y", "origin": [8, 13.35176, 15.38]},
			"faces": {
				"north": {"uv": [11.625, 9.5, 11.5, 9.625], "texture": "#0"},
				"east": {"uv": [11.625, 9.625, 11.5, 9.5], "rotation": 180, "texture": "#0"},
				"south": {"uv": [11.625, 9.5, 11.5, 9.625], "texture": "#0"},
				"west": {"uv": [11.625, 9.5, 11.5, 9.625], "texture": "#0"},
				"up": {"uv": [11.5, 9.5, 11.625, 9.625], "rotation": 270, "texture": "#0"},
				"down": {"uv": [11.625, 9.5, 11.5, 9.625], "rotation": 270, "texture": "#0"}
			}
		},
		{
			"name": "voiddagger_78",
			"from": [7.87125, 4.535, 6.0725],
			"to": [8.12875, 4.8425, 6.995],
			"rotation": {"angle": 0, "axis": "y", "origin": [8, 13.35176, 15.38]},
			"faces": {
				"north": {"uv": [12, 9.625, 11.875, 9.75], "texture": "#0"},
				"east": {"uv": [12, 9.75, 11.625, 9.625], "rotation": 180, "texture": "#0"},
				"south": {"uv": [11.75, 9.625, 11.625, 9.75], "texture": "#0"},
				"west": {"uv": [12, 9.625, 11.625, 9.75], "texture": "#0"},
				"up": {"uv": [11.625, 9.625, 12, 9.75], "rotation": 270, "texture": "#0"},
				"down": {"uv": [12, 9.625, 11.625, 9.75], "rotation": 270, "texture": "#0"}
			}
		},
		{
			"name": "voiddagger_73",
			"from": [7.87125, 4.8425, 5.765],
			"to": [8.12875, 5.15, 6.0725],
			"rotation": {"angle": 0, "axis": "y", "origin": [8, 13.35176, 15.38]},
			"faces": {
				"north": {"uv": [12.125, 9.5, 12, 9.625], "texture": "#0"},
				"east": {"uv": [12.125, 9.625, 12, 9.5], "rotation": 180, "texture": "#0"},
				"south": {"uv": [12.125, 9.5, 12, 9.625], "texture": "#0"},
				"west": {"uv": [12.125, 9.5, 12, 9.625], "texture": "#0"},
				"up": {"uv": [12, 9.5, 12.125, 9.625], "rotation": 270, "texture": "#0"},
				"down": {"uv": [12.125, 9.5, 12, 9.625], "rotation": 270, "texture": "#0"}
			}
		},
		{
			"name": "voiddagger_63",
			"from": [7.87125, 5.4575, 5.15],
			"to": [8.12875, 5.765, 5.4575],
			"rotation": {"angle": 0, "axis": "y", "origin": [8, 13.35176, 15.38]},
			"faces": {
				"north": {"uv": [12.375, 9.25, 12.25, 9.375], "texture": "#0"},
				"east": {"uv": [12.375, 9.375, 12.25, 9.25], "rotation": 180, "texture": "#0"},
				"south": {"uv": [12.375, 9.25, 12.25, 9.375], "texture": "#0"},
				"west": {"uv": [12.375, 9.25, 12.25, 9.375], "texture": "#0"},
				"up": {"uv": [12.25, 9.25, 12.375, 9.375], "rotation": 270, "texture": "#0"},
				"down": {"uv": [12.375, 9.25, 12.25, 9.375], "rotation": 270, "texture": "#0"}
			}
		},
		{
			"name": "voiddagger_57",
			"from": [7.87125, 5.765, 4.8425],
			"to": [8.12875, 6.38, 5.15],
			"rotation": {"angle": 0, "axis": "y", "origin": [8, 13.35176, 15.38]},
			"faces": {
				"north": {"uv": [12.5, 9, 12.375, 9.25], "texture": "#0"},
				"east": {"uv": [12.5, 9.25, 12.375, 9], "rotation": 180, "texture": "#0"},
				"south": {"uv": [12.5, 9, 12.375, 9.25], "texture": "#0"},
				"west": {"uv": [12.5, 9, 12.375, 9.25], "texture": "#0"},
				"up": {"uv": [12.375, 9, 12.5, 9.125], "rotation": 270, "texture": "#0"},
				"down": {"uv": [12.5, 9.125, 12.375, 9.25], "rotation": 270, "texture": "#0"}
			}
		},
		{
			"name": "voiddagger_68",
			"from": [7.87125, 5.15, 5.4575],
			"to": [8.12875, 5.4575, 5.765],
			"rotation": {"angle": 0, "axis": "y", "origin": [8, 13.35176, 15.38]},
			"faces": {
				"north": {"uv": [12.25, 9.375, 12.125, 9.5], "texture": "#0"},
				"east": {"uv": [12.25, 9.5, 12.125, 9.375], "rotation": 180, "texture": "#0"},
				"south": {"uv": [12.25, 9.375, 12.125, 9.5], "texture": "#0"},
				"west": {"uv": [12.25, 9.375, 12.125, 9.5], "texture": "#0"},
				"up": {"uv": [12.125, 9.375, 12.25, 9.5], "rotation": 270, "texture": "#0"},
				"down": {"uv": [12.25, 9.375, 12.125, 9.5], "rotation": 270, "texture": "#0"}
			}
		},
		{
			"name": "voiddagger_102",
			"from": [7.70875, -0.0775, 4.8425],
			"to": [8.29125, 0.23, 5.15],
			"rotation": {"angle": 0, "axis": "y", "origin": [8, 13.35176, 15.38]},
			"faces": {
				"north": {"uv": [6.625, 11.5, 6.5, 11.625], "texture": "#0"},
				"east": {"uv": [6.625, 11.625, 6.5, 11.5], "rotation": 180, "texture": "#0"},
				"south": {"uv": [6.625, 11.5, 6.5, 11.625], "texture": "#0"},
				"west": {"uv": [6.625, 11.5, 6.5, 11.625], "texture": "#0"},
				"up": {"uv": [6.5, 11.5, 6.625, 11.625], "rotation": 270, "texture": "#0"},
				"down": {"uv": [6.625, 11.5, 6.5, 11.625], "rotation": 270, "texture": "#0"}
			}
		},
		{
			"name": "voiddagger_95",
			"from": [7.70875, -0.385, 4.535],
			"to": [8.29125, 2.075, 4.8425],
			"rotation": {"angle": 0, "axis": "y", "origin": [8, 13.35176, 15.38]},
			"faces": {
				"north": {"uv": [6.75, 10.75, 6.625, 11.75], "texture": "#0"},
				"east": {"uv": [6.75, 11.75, 6.625, 10.75], "rotation": 180, "texture": "#0"},
				"south": {"uv": [6.75, 10.75, 6.625, 11.75], "texture": "#0"},
				"west": {"uv": [6.75, 10.75, 6.625, 11.75], "texture": "#0"},
				"up": {"uv": [6.625, 10.75, 6.75, 10.875], "rotation": 270, "texture": "#0"},
				"down": {"uv": [6.75, 11.625, 6.625, 11.75], "rotation": 270, "texture": "#0"}
			}
		},
		{
			"name": "voiddagger_91",
			"from": [7.70875, 1.46, 4.2275],
			"to": [8.29125, 2.9975, 4.535],
			"rotation": {"angle": 0, "axis": "y", "origin": [8, 13.35176, 15.38]},
			"faces": {
				"north": {"uv": [6.875, 10.375, 6.75, 11], "texture": "#0"},
				"east": {"uv": [6.875, 11, 6.75, 10.375], "rotation": 180, "texture": "#0"},
				"south": {"uv": [6.875, 10.375, 6.75, 11], "texture": "#0"},
				"west": {"uv": [6.875, 10.375, 6.75, 11], "texture": "#0"},
				"up": {"uv": [6.75, 10.375, 6.875, 10.5], "rotation": 270, "texture": "#0"},
				"down": {"uv": [6.875, 10.875, 6.75, 11], "rotation": 270, "texture": "#0"}
			}
		},
		{
			"name": "voiddagger_86",
			"from": [7.70875, 2.3825, 4.535],
			"to": [8.29125, 3.6125, 4.8425],
			"rotation": {"angle": 0, "axis": "y", "origin": [8, 13.35176, 15.38]},
			"faces": {
				"north": {"uv": [6.75, 10.125, 6.625, 10.625], "texture": "#0"},
				"east": {"uv": [6.75, 10.625, 6.625, 10.125], "rotation": 180, "texture": "#0"},
				"south": {"uv": [6.75, 10.125, 6.625, 10.625], "texture": "#0"},
				"west": {"uv": [6.75, 10.125, 6.625, 10.625], "texture": "#0"},
				"up": {"uv": [6.625, 10.125, 6.75, 10.25], "rotation": 270, "texture": "#0"},
				"down": {"uv": [6.75, 10.5, 6.625, 10.625], "rotation": 270, "texture": "#0"}
			}
		},
		{
			"name": "voiddagger_82",
			"from": [7.70875, 3.305, 4.8425],
			"to": [8.29125, 4.2275, 5.15],
			"rotation": {"angle": 0, "axis": "y", "origin": [8, 13.35176, 15.38]},
			"faces": {
				"north": {"uv": [6.625, 9.875, 6.5, 10.25], "texture": "#0"},
				"east": {"uv": [6.625, 10.25, 6.5, 9.875], "rotation": 180, "texture": "#0"},
				"south": {"uv": [6.625, 9.875, 6.5, 10.25], "texture": "#0"},
				"west": {"uv": [6.625, 9.875, 6.5, 10.25], "texture": "#0"},
				"up": {"uv": [6.5, 9.875, 6.625, 10], "rotation": 270, "texture": "#0"},
				"down": {"uv": [6.625, 10.125, 6.5, 10.25], "rotation": 270, "texture": "#0"}
			}
		},
		{
			"name": "voiddagger_74",
			"from": [7.70875, 3.92, 5.15],
			"to": [8.29125, 4.8425, 5.4575],
			"rotation": {"angle": 0, "axis": "y", "origin": [8, 13.35176, 15.38]},
			"faces": {
				"north": {"uv": [6.5, 9.625, 6.375, 10], "texture": "#0"},
				"east": {"uv": [6.5, 10, 6.375, 9.625], "rotation": 180, "texture": "#0"},
				"south": {"uv": [6.5, 9.625, 6.375, 10], "texture": "#0"},
				"west": {"uv": [6.5, 9.625, 6.375, 10], "texture": "#0"},
				"up": {"uv": [6.375, 9.625, 6.5, 9.75], "rotation": 270, "texture": "#0"},
				"down": {"uv": [6.5, 9.875, 6.375, 10], "rotation": 270, "texture": "#0"}
			}
		},
		{
			"name": "voiddagger_56",
			"from": [7.62125, 5.4575, 8.225],
			"to": [8.37875, 6.6875, 8.5325],
			"rotation": {"angle": 0, "axis": "y", "origin": [8, 13.35176, 15.38]},
			"faces": {
				"north": {"uv": [7.25, 8.875, 7.125, 9.375], "texture": "#0"},
				"east": {"uv": [7.25, 9.375, 7.125, 8.875], "rotation": 180, "texture": "#0"},
				"south": {"uv": [7.25, 8.875, 7.125, 9.375], "texture": "#0"},
				"west": {"uv": [7.25, 8.875, 7.125, 9.375], "texture": "#0"},
				"up": {"uv": [7.125, 8.875, 7.25, 9], "rotation": 270, "texture": "#0"},
				"down": {"uv": [7.25, 9.25, 7.125, 9.375], "rotation": 270, "texture": "#0"}
			}
		},
		{
			"name": "voiddagger_64",
			"from": [7.62125, 4.535, 7.61],
			"to": [8.37875, 5.4575, 7.9175],
			"rotation": {"angle": 0, "axis": "y", "origin": [8, 13.35176, 15.38]},
			"faces": {
				"north": {"uv": [7.5, 9.375, 7.375, 9.75], "texture": "#0"},
				"east": {"uv": [7.5, 9.75, 7.375, 9.375], "rotation": 180, "texture": "#0"},
				"south": {"uv": [7.5, 9.375, 7.375, 9.75], "texture": "#0"},
				"west": {"uv": [7.5, 9.375, 7.375, 9.75], "texture": "#0"},
				"up": {"uv": [7.375, 9.375, 7.5, 9.5], "rotation": 270, "texture": "#0"},
				"down": {"uv": [7.5, 9.625, 7.375, 9.75], "rotation": 270, "texture": "#0"}
			}
		},
		{
			"name": "voiddagger_58",
			"from": [7.62125, 4.8425, 7.9175],
			"to": [8.37875, 5.765, 8.225],
			"rotation": {"angle": 0, "axis": "y", "origin": [8, 13.35176, 15.38]},
			"faces": {
				"north": {"uv": [7.375, 9.25, 7.25, 9.625], "texture": "#0"},
				"east": {"uv": [7.375, 9.625, 7.25, 9.25], "rotation": 180, "texture": "#0"},
				"south": {"uv": [7.375, 9.25, 7.25, 9.625], "texture": "#0"},
				"west": {"uv": [7.375, 9.25, 7.25, 9.625], "texture": "#0"},
				"up": {"uv": [7.25, 9.25, 7.375, 9.375], "rotation": 270, "texture": "#0"},
				"down": {"uv": [7.375, 9.5, 7.25, 9.625], "rotation": 270, "texture": "#0"}
			}
		},
		{
			"name": "voiddagger_69",
			"from": [7.62125, 4.2275, 7.3025],
			"to": [8.37875, 5.15, 7.61],
			"rotation": {"angle": 0, "axis": "y", "origin": [8, 13.35176, 15.38]},
			"faces": {
				"north": {"uv": [7.625, 9.5, 7.5, 9.875], "texture": "#0"},
				"east": {"uv": [7.625, 9.875, 7.5, 9.5], "rotation": 180, "texture": "#0"},
				"south": {"uv": [7.625, 9.5, 7.5, 9.875], "texture": "#0"},
				"west": {"uv": [7.625, 9.5, 7.5, 9.875], "texture": "#0"},
				"up": {"uv": [7.5, 9.5, 7.625, 9.625], "rotation": 270, "texture": "#0"},
				"down": {"uv": [7.625, 9.75, 7.5, 9.875], "rotation": 270, "texture": "#0"}
			}
		},
		{
			"name": "voiddagger_75",
			"from": [7.62125, 3.92, 6.995],
			"to": [8.37875, 4.8425, 7.3025],
			"rotation": {"angle": 0, "axis": "y", "origin": [8, 13.35176, 15.38]},
			"faces": {
				"north": {"uv": [7.75, 9.625, 7.625, 10], "texture": "#0"},
				"east": {"uv": [7.75, 10, 7.625, 9.625], "rotation": 180, "texture": "#0"},
				"south": {"uv": [7.75, 9.625, 7.625, 10], "texture": "#0"},
				"west": {"uv": [7.75, 9.625, 7.625, 10], "texture": "#0"},
				"up": {"uv": [7.625, 9.625, 7.75, 9.75], "rotation": 270, "texture": "#0"},
				"down": {"uv": [7.75, 9.875, 7.625, 10], "rotation": 270, "texture": "#0"}
			}
		},
		{
			"name": "voiddagger_79",
			"from": [7.62125, 3.6125, 6.0725],
			"to": [8.37875, 4.535, 6.995],
			"rotation": {"angle": 0, "axis": "y", "origin": [8, 13.35176, 15.38]},
			"faces": {
				"north": {"uv": [8.125, 9.75, 8, 10.125], "texture": "#0"},
				"east": {"uv": [8.125, 10.125, 7.75, 9.75], "rotation": 180, "texture": "#0"},
				"south": {"uv": [7.875, 9.75, 7.75, 10.125], "texture": "#0"},
				"west": {"uv": [8.125, 9.75, 7.75, 10.125], "texture": "#0"},
				"up": {"uv": [7.75, 9.75, 8.125, 9.875], "rotation": 270, "texture": "#0"},
				"down": {"uv": [8.125, 10, 7.75, 10.125], "rotation": 270, "texture": "#0"}
			}
		},
		{
			"name": "voiddagger_76",
			"from": [7.62125, 2.9975, 5.765],
			"to": [8.37875, 4.8425, 6.0725],
			"rotation": {"angle": 0, "axis": "y", "origin": [8, 13.35176, 15.38]},
			"faces": {
				"north": {"uv": [8.25, 9.625, 8.125, 10.375], "texture": "#0"},
				"east": {"uv": [8.25, 10.375, 8.125, 9.625], "rotation": 180, "texture": "#0"},
				"south": {"uv": [8.25, 9.625, 8.125, 10.375], "texture": "#0"},
				"west": {"uv": [8.25, 9.625, 8.125, 10.375], "texture": "#0"},
				"up": {"uv": [8.125, 9.625, 8.25, 9.75], "rotation": 270, "texture": "#0"},
				"down": {"uv": [8.25, 10.25, 8.125, 10.375], "rotation": 270, "texture": "#0"}
			}
		},
		{
			"name": "voiddagger_70",
			"from": [7.62125, -0.0775, 5.4575],
			"to": [8.37875, 5.15, 5.765],
			"rotation": {"angle": 0, "axis": "y", "origin": [8, 13.35176, 15.38]},
			"faces": {
				"north": {"uv": [8.375, 9.5, 8.25, 11.625], "texture": "#0"},
				"east": {"uv": [8.375, 11.625, 8.25, 9.5], "rotation": 180, "texture": "#0"},
				"south": {"uv": [8.375, 9.5, 8.25, 11.625], "texture": "#0"},
				"west": {"uv": [8.375, 9.5, 8.25, 11.625], "texture": "#0"},
				"up": {"uv": [8.25, 9.5, 8.375, 9.625], "rotation": 270, "texture": "#0"},
				"down": {"uv": [8.375, 11.5, 8.25, 11.625], "rotation": 270, "texture": "#0"}
			}
		},
		{
			"name": "voiddagger_65",
			"from": [7.62125, 4.8425, 5.15],
			"to": [8.37875, 5.4575, 5.4575],
			"rotation": {"angle": 0, "axis": "y", "origin": [8, 13.35176, 15.38]},
			"faces": {
				"north": {"uv": [8.5, 9.375, 8.375, 9.625], "texture": "#0"},
				"east": {"uv": [8.5, 9.625, 8.375, 9.375], "rotation": 180, "texture": "#0"},
				"south": {"uv": [8.5, 9.375, 8.375, 9.625], "texture": "#0"},
				"west": {"uv": [8.5, 9.375, 8.375, 9.625], "texture": "#0"},
				"up": {"uv": [8.375, 9.375, 8.5, 9.5], "rotation": 270, "texture": "#0"},
				"down": {"uv": [8.5, 9.5, 8.375, 9.625], "rotation": 270, "texture": "#0"}
			}
		},
		{
			"name": "voiddagger_71",
			"from": [7.62125, 4.8425, 4.8425],
			"to": [8.37875, 5.15, 5.15],
			"rotation": {"angle": 0, "axis": "y", "origin": [8, 13.35176, 15.38]},
			"faces": {
				"north": {"uv": [8.625, 9.5, 8.5, 9.625], "texture": "#0"},
				"east": {"uv": [8.625, 9.625, 8.5, 9.5], "rotation": 180, "texture": "#0"},
				"south": {"uv": [8.625, 9.5, 8.5, 9.625], "texture": "#0"},
				"west": {"uv": [8.625, 9.5, 8.5, 9.625], "texture": "#0"},
				"up": {"uv": [8.5, 9.5, 8.625, 9.625], "rotation": 270, "texture": "#0"},
				"down": {"uv": [8.625, 9.5, 8.5, 9.625], "rotation": 270, "texture": "#0"}
			}
		},
		{
			"name": "voiddagger_59",
			"from": [7.62125, 5.15, 4.535],
			"to": [8.37875, 5.765, 5.15],
			"rotation": {"angle": 0, "axis": "y", "origin": [8, 13.35176, 15.38]},
			"faces": {
				"north": {"uv": [8.75, 9.25, 8.625, 9.5], "texture": "#0"},
				"east": {"uv": [8.75, 9.5, 8.5, 9.25], "rotation": 180, "texture": "#0"},
				"south": {"uv": [8.625, 9.25, 8.5, 9.5], "texture": "#0"},
				"west": {"uv": [8.75, 9.25, 8.5, 9.5], "texture": "#0"},
				"up": {"uv": [8.5, 9.25, 8.75, 9.375], "rotation": 270, "texture": "#0"},
				"down": {"uv": [8.75, 9.375, 8.5, 9.5], "rotation": 270, "texture": "#0"}
			}
		},
		{
			"name": "voiddagger_87",
			"from": [7.62125, 3.305, 6.0725],
			"to": [8.37875, 3.6125, 6.38],
			"rotation": {"angle": 0, "axis": "y", "origin": [8, 13.35176, 15.38]},
			"faces": {
				"north": {"uv": [8.125, 10.125, 8, 10.25], "texture": "#0"},
				"east": {"uv": [8.125, 10.25, 8, 10.125], "rotation": 180, "texture": "#0"},
				"south": {"uv": [8.125, 10.125, 8, 10.25], "texture": "#0"},
				"west": {"uv": [8.125, 10.125, 8, 10.25], "texture": "#0"},
				"up": {"uv": [8, 10.125, 8.125, 10.25], "rotation": 270, "texture": "#0"},
				"down": {"uv": [8.125, 10.125, 8, 10.25], "rotation": 270, "texture": "#0"}
			}
		},
		{
			"name": "voiddagger_85",
			"from": [7.62125, 0.23, 5.15],
			"to": [8.37875, 3.92, 5.4575],
			"rotation": {"angle": 0, "axis": "y", "origin": [8, 13.35176, 15.38]},
			"faces": {
				"north": {"uv": [8.5, 10, 8.375, 11.5], "texture": "#0"},
				"east": {"uv": [8.5, 11.5, 8.375, 10], "rotation": 180, "texture": "#0"},
				"south": {"uv": [8.5, 10, 8.375, 11.5], "texture": "#0"},
				"west": {"uv": [8.5, 10, 8.375, 11.5], "texture": "#0"},
				"up": {"uv": [8.375, 10, 8.5, 10.125], "rotation": 270, "texture": "#0"},
				"down": {"uv": [8.5, 11.375, 8.375, 11.5], "rotation": 270, "texture": "#0"}
			}
		},
		{
			"name": "voiddagger_88",
			"from": [7.62125, 0.23, 4.8425],
			"to": [8.37875, 3.305, 5.15],
			"rotation": {"angle": 0, "axis": "y", "origin": [8, 13.35176, 15.38]},
			"faces": {
				"north": {"uv": [8.625, 10.25, 8.5, 11.5], "texture": "#0"},
				"east": {"uv": [8.625, 11.5, 8.5, 10.25], "rotation": 180, "texture": "#0"},
				"south": {"uv": [8.625, 10.25, 8.5, 11.5], "texture": "#0"},
				"west": {"uv": [8.625, 10.25, 8.5, 11.5], "texture": "#0"},
				"up": {"uv": [8.5, 10.25, 8.625, 10.375], "rotation": 270, "texture": "#0"},
				"down": {"uv": [8.625, 11.375, 8.5, 11.5], "rotation": 270, "texture": "#0"}
			}
		},
		{
			"name": "voiddagger_98",
			"from": [7.62125, -1, 5.765],
			"to": [8.37875, 1.46, 6.0725],
			"rotation": {"angle": 0, "axis": "y", "origin": [8, 13.35176, 15.38]},
			"faces": {
				"north": {"uv": [8.25, 11, 8.125, 12], "texture": "#0"},
				"east": {"uv": [8.25, 12, 8.125, 11], "rotation": 180, "texture": "#0"},
				"south": {"uv": [8.25, 11, 8.125, 12], "texture": "#0"},
				"west": {"uv": [8.25, 11, 8.125, 12], "texture": "#0"},
				"up": {"uv": [8.125, 11, 8.25, 11.125], "rotation": 270, "texture": "#0"},
				"down": {"uv": [8.25, 11.875, 8.125, 12], "rotation": 270, "texture": "#0"}
			}
		},
		{
			"name": "voiddagger_100",
			"from": [7.62125, -0.6925, 6.0725],
			"to": [8.37875, 0.845, 6.38],
			"rotation": {"angle": 0, "axis": "y", "origin": [8, 13.35176, 15.38]},
			"faces": {
				"north": {"uv": [8.125, 11.25, 8, 11.875], "texture": "#0"},
				"east": {"uv": [8.125, 11.875, 8, 11.25], "rotation": 180, "texture": "#0"},
				"south": {"uv": [8.125, 11.25, 8, 11.875], "texture": "#0"},
				"west": {"uv": [8.125, 11.25, 8, 11.875], "texture": "#0"},
				"up": {"uv": [8, 11.25, 8.125, 11.375], "rotation": 270, "texture": "#0"},
				"down": {"uv": [8.125, 11.75, 8, 11.875], "rotation": 270, "texture": "#0"}
			}
		},
		{
			"name": "voiddagger_93",
			"from": [7.62125, 2.075, 4.535],
			"to": [8.37875, 2.3825, 4.8425],
			"rotation": {"angle": 0, "axis": "y", "origin": [8, 13.35176, 15.38]},
			"faces": {
				"north": {"uv": [8.75, 10.625, 8.625, 10.75], "texture": "#0"},
				"east": {"uv": [8.75, 10.75, 8.625, 10.625], "rotation": 180, "texture": "#0"},
				"south": {"uv": [8.75, 10.625, 8.625, 10.75], "texture": "#0"},
				"west": {"uv": [8.75, 10.625, 8.625, 10.75], "texture": "#0"},
				"up": {"uv": [8.625, 10.625, 8.75, 10.75], "rotation": 270, "texture": "#0"},
				"down": {"uv": [8.75, 10.625, 8.625, 10.75], "rotation": 270, "texture": "#0"}
			}
		}
	],
	"display": {
		"thirdperson_righthand": {
			"scale": [0, 0, 0]
		},
		"thirdperson_lefthand": {
			"translation": [0, 2.5, 3.5],
			"scale": [0.78, 0.78, 0.78]
		},
		"firstperson_righthand": {
			"scale": [0, 0, 0]
		},
		"firstperson_lefthand": {
			"scale": [0, 0, 0]
		},
		"ground": {
			"scale": [0, 0, 0]
		},
		"gui": {
			"scale": [0, 0, 0]
		}
	},
	"groups": [
		{
			"name": "voiddagger",
			"origin": [8, 8, 8],
			"color": 0,
			"nbt": "{}",
			"children": [
				0,
				1,
				2,
				3,
				4,
				5,
				6,
				7,
				8,
				9,
				10,
				11,
				12,
				13,
				14,
				15,
				16,
				17,
				18,
				19,
				20,
				21,
				22,
				23,
				{
					"name": "group",
					"origin": [8.37875, -11.68, -11.68],
					"color": 0,
					"nbt": "{}",
					"children": [24, 25, 26, 27, 28, 29, 30, 31, 32, 33, 34, 35, 36, 37, 38, 39, 40, 41, 42, 43, 44, 45, 46, 47, 48, 49, 50, 51, 52, 53, 54, 55, 56]
				},
				57,
				58,
				59,
				60,
				61,
				62,
				63,
				64,
				65,
				66,
				67,
				68,
				69,
				70,
				{
					"name": "group",
					"origin": [8.22875, -11.68, -11.68],
					"color": 0,
					"nbt": "{}",
					"children": [71, 72, 73, 74, 75, 76, 77, 78, 79]
				},
				{
					"name": "group",
					"origin": [8.22875, -11.68, -11.68],
					"color": 0,
					"nbt": "{}",
					"children": [80, 81, 82, 83, 84, 85, 86, 87, 88, 89, 90, 91, 92, 93, 94, 95, 96, 97, 98, 99, 100, 101, 102]
				}
			]
		}
	]
}