{
	"credit": "Made with Blockbench",
	"texture_size": [64, 64],
	"textures": {
		"5": "custom/ult/guillotine_effect"
	},
	"elements": [
		{
			"from": [1.58116, 4.1, 5.00476],
			"to": [1.58116, 12.1, 20.00476],
			"rotation": {"angle": -22.5, "axis": "y", "origin": [6.75, 8.1, 10.4]},
			"faces": {
				"north": {"uv": [0, 0, 0, 16], "texture": "#missing"},
				"east": {"uv": [0, 0, 16, 8], "texture": "#5"},
				"south": {"uv": [0, 0, 0, 16], "texture": "#missing"},
				"west": {"uv": [16, 0, 0, 8], "texture": "#5"},
				"up": {"uv": [0, 0, 0, 16], "texture": "#missing"},
				"down": {"uv": [0, 0, 0, 16], "texture": "#missing"}
			}
		},
		{
			"from": [4.0375, 4.125, 3.425],
			"to": [11.9625, 12.05, 3.425],
			"rotation": {"angle": 0, "axis": "y", "origin": [11.83134, 8.125, 8.82024]},
			"faces": {
				"north": {"uv": [15.5, 0, 16, 0.5], "texture": "#5"},
				"east": {"uv": [15.5, 0, 16, 0.5], "texture": "#5"},
				"south": {"uv": [15.5, 0, 16, 0.5], "texture": "#5"},
				"west": {"uv": [15.5, 0, 16, 0.5], "texture": "#5"},
				"up": {"uv": [15.5, 0, 16, 0.5], "texture": "#5"},
				"down": {"uv": [15.5, 0, 16, 0.5], "texture": "#5"}
			}
		},
		{
			"from": [14.41884, 4.1, 5.00476],
			"to": [14.41884, 12.1, 20.00476],
			"rotation": {"angle": 22.5, "axis": "y", "origin": [9.25, 8.1, 10.4]},
			"faces": {
				"north": {"uv": [0, 0, 0, 16], "texture": "#missing"},
				"east": {"uv": [0, 0, 16, 8], "texture": "#5"},
				"south": {"uv": [0, 0, 0, 16], "texture": "#missing"},
				"west": {"uv": [16, 0, 0, 8], "texture": "#5"},
				"up": {"uv": [0, 0, 0, 16], "texture": "#missing"},
				"down": {"uv": [0, 0, 0, 16], "texture": "#missing"}
			}
		},
		{
			"from": [4, 14.51884, 5.00476],
			"to": [12, 14.51884, 20.00476],
			"rotation": {"angle": -22.5, "axis": "x", "origin": [8, 9.35, 10.4]},
			"faces": {
				"north": {"uv": [0, 0, 0, 16], "rotation": 90, "texture": "#missing"},
				"east": {"uv": [0, 0, 0, 16], "rotation": 270, "texture": "#missing"},
				"south": {"uv": [0, 0, 0, 16], "rotation": 270, "texture": "#missing"},
				"west": {"uv": [0, 0, 0, 16], "rotation": 270, "texture": "#missing"},
				"up": {"uv": [0, 0, 16, 8], "rotation": 270, "texture": "#5"},
				"down": {"uv": [16, 0, 0, 8], "rotation": 270, "texture": "#5"}
			}
		},
		{
			"from": [4, 1.68116, 5.00476],
			"to": [12, 1.68116, 20.00476],
			"rotation": {"angle": 22.5, "axis": "x", "origin": [8, 6.85, 10.4]},
			"faces": {
				"north": {"uv": [0, 0, 0, 16], "rotation": 90, "texture": "#missing"},
				"east": {"uv": [0, 0, 0, 16], "rotation": 270, "texture": "#missing"},
				"south": {"uv": [0, 0, 0, 16], "rotation": 270, "texture": "#missing"},
				"west": {"uv": [0, 0, 0, 16], "rotation": 270, "texture": "#missing"},
				"up": {"uv": [0, 0, 16, 8], "rotation": 270, "texture": "#5"},
				"down": {"uv": [16, 0, 0, 8], "rotation": 270, "texture": "#5"}
			}
		}
	],
	"display": {
		"thirdperson_righthand": {
			"scale": [0, 0, 0]
		},
		"thirdperson_lefthand": {
			"translation": [0, -2, 2.25],
			"scale": [0.75, 0.75, 0.75]
		},
		"firstperson_righthand": {
			"scale": [0, 0, 0]
		},
		"firstperson_lefthand": {
			"scale": [0, 0, 0]
		},
		"ground": {
			"scale": [0, 0, 0]
		},
		"gui": {
			"scale": [0, 0, 0]
		}
	},
	"groups": [
		{
			"name": "group",
			"origin": [8, 0.85, 10.4],
			"color": 0,
			"children": [0, 1, 2, 3, 4]
		}
	]
}