{
    "providers": [
        {
            "type": "ttf",
            "file": "minecraft:negative_spaces.ttf",
            "shift": [0.0, 0.0],
            "size": 10.0,
            "oversample": 1.0
        },
        {
            "type": "bitmap",
            "file": "minecraft:custom/entity/hud/bar_black.png",
            "ascent": 20,
            "height": 20,
            "chars": [
                "\uE000"
            ]
        },
        {
            "type": "bitmap",
            "file": "minecraft:custom/entity/hud/bar_red.png",
            "ascent": 20,
            "height": 20,
            "chars": [
                "\uE001"
            ]
        },
        {
            "type": "bitmap",
            "file": "minecraft:custom/entity/hud/bar_white.png",
            "ascent": 20,
            "height": 20,
            "chars": [
                "\uE002"
            ]
        },
        {
            "type": "bitmap",
            "file": "minecraft:custom/entity/hud/bar_yellow.png",
            "ascent": 20,
            "height": 20,
            "chars": [
                "\uE003"
            ]
        },
        {
            "type": "bitmap",
            "file": "minecraft:custom/entity/hud/icon_illager.png",
            "ascent": 20,
            "height": 20,
            "chars": [
                "\uE100"
            ]
        },
        {
            "type": "bitmap",
            "file": "minecraft:custom/entity/hud/icon_verge.png",
            "ascent": 20,
            "height": 20,
            "chars": [
                "\uE101"
            ]
        },
        {
            "type": "bitmap",
            "file": "minecraft:custom/entity/hud/icon_illager_elite.png",
            "ascent": 20,
            "height": 20,
            "chars": [
                "\uE102"
            ]
        },
        {
            "type": "bitmap",
            "file": "minecraft:custom/entity/hud/icon_verge_elite.png",
            "ascent": 20,
            "height": 20,
            "chars": [
                "\uE103"
            ]
        },
        {
            "type": "bitmap",
            "file": "minecraft:custom/entity/hud/icon_dummy.png",
            "ascent": 20,
            "height": 20,
            "chars": [
                "\uE104"
            ]
        },
        {
            "type": "bitmap",
            "file": "minecraft:custom/entity/hud/name_vindicator.png",
            "ascent": 20,
            "height": 20,
            "chars": [
                "\uE200"
            ]
        },
        {
            "type": "bitmap",
            "file": "minecraft:custom/entity/hud/name_ravager.png",
            "ascent": 20,
            "height": 20,
            "chars": [
                "\uE201"
            ]
        },
        {
            "type": "bitmap",
            "file": "minecraft:custom/entity/hud/name_evoker.png",
            "ascent": 20,
            "height": 20,
            "chars": [
                "\uE202"
            ]
        },
        {
            "type": "bitmap",
            "file": "minecraft:custom/entity/hud/name_halfling.png",
            "ascent": 20,
            "height": 20,
            "chars": [
                "\uE203"
            ]
        },
        {
            "type": "bitmap",
            "file": "minecraft:custom/entity/hud/name_revenant.png",
            "ascent": 20,
            "height": 20,
            "chars": [
                "\uE204"
            ]
        },
        {
            "type": "bitmap",
            "file": "minecraft:custom/entity/hud/name_hollow.png",
            "ascent": 20,
            "height": 20,
            "chars": [
                "\uE205"
            ]
        },
        {
            "type": "bitmap",
            "file": "minecraft:custom/entity/hud/name_zealot.png",
            "ascent": 20,
            "height": 20,
            "chars": [
                "\uE206"
            ]
        },
        {
            "type": "bitmap",
            "file": "minecraft:custom/entity/hud/name_oracle.png",
            "ascent": 20,
            "height": 20,
            "chars": [
                "\uE207"
            ]
        },
        {
            "type": "bitmap",
            "file": "minecraft:custom/entity/hud/name_votary.png",
            "ascent": 20,
            "height": 20,
            "chars": [
                "\uE208"
            ]
        },
        {
            "type": "bitmap",
            "file": "minecraft:custom/entity/hud/name_dummy.png",
            "ascent": 20,
            "height": 20,
            "chars": [
                "\uE209"
            ]
        },
        {
            "type": "bitmap",
            "file": "minecraft:custom/entity/hud/name_champion.png",
            "ascent": 20,
            "height": 20,
            "chars": [
                "\uE210"
            ]
        }
    ]
}