{
    "providers": [
        {
            "type": "ttf",
            "file": "minecraft:negative_spaces.ttf",
            "shift": [0.0, 0.0],
            "size": 10.0,
            "oversample": 1.0
        },
        {
            "type": "bitmap",
            "file": "minecraft:custom/hud/reservenumbers/blank.png",
            "ascent": -35,
            "height": 2,
            "chars": [
                "\uE001"
            ]
        },
        {
            "type": "bitmap",
            "file": "minecraft:custom/hud/reservenumbers/slash.png",
            "ascent": -35,
            "height": 2,
            "chars": [
                "/"
            ]
        },
        {
            "type": "bitmap",
            "file": "minecraft:custom/hud/reservenumbers/0.png",
            "ascent": -35,
            "height": 2,
            "chars": [
                "0"
            ]
        },
        {
            "type": "bitmap",
            "file": "minecraft:custom/hud/reservenumbers/1.png",
            "ascent": -35,
            "height": 2,
            "chars": [
                "1"
            ]
        },
        {
            "type": "bitmap",
            "file": "minecraft:custom/hud/reservenumbers/2.png",
            "ascent": -35,
            "height": 2,
            "chars": [
                "2"
            ]
        },
        {
            "type": "bitmap",
            "file": "minecraft:custom/hud/reservenumbers/3.png",
            "ascent": -35,
            "height": 2,
            "chars": [
                "3"
            ]
        },
        {
            "type": "bitmap",
            "file": "minecraft:custom/hud/reservenumbers/4.png",
            "ascent": -35,
            "height": 2,
            "chars": [
                "4"
            ]
        },
        {
            "type": "bitmap",
            "file": "minecraft:custom/hud/reservenumbers/5.png",
            "ascent": -35,
            "height": 2,
            "chars": [
                "5"
            ]
        },
        {
            "type": "bitmap",
            "file": "minecraft:custom/hud/reservenumbers/6.png",
            "ascent": -35,
            "height": 2,
            "chars": [
                "6"
            ]
        },
        {
            "type": "bitmap",
            "file": "minecraft:custom/hud/reservenumbers/7.png",
            "ascent": -35,
            "height": 2,
            "chars": [
                "7"
            ]
        },
        {
            "type": "bitmap",
            "file": "minecraft:custom/hud/reservenumbers/8.png",
            "ascent": -35,
            "height": 2,
            "chars": [
                "8"
            ]
        },
        {
            "type": "bitmap",
            "file": "minecraft:custom/hud/reservenumbers/9.png",
            "ascent": -35,
            "height": 2,
            "chars": [
                "9"
            ]
        }
    ]
}