{
    "entity.generic.explode": {
        "replace": true,
        "sounds": [
			"delta:silent"
        ]
    },
    "item.shield.block": {
        "replace": true,
        "sounds": [
			"custom/ability/shieldblock"
        ]
    },
    "entity.player.attack.nodamage": {
        "replace": true,
        "sounds": [
			"delta:silent"
        ]
    },
    "entity.player.attack.weak": {
        "replace": true,
        "sounds": [
			"delta:silent"
        ]
    },
    "delta.entity.generic.explode": {
        "sounds": [
            "random/explode1",
            "random/explode2",
            "random/explode3",
            "random/explode4"
        ],
        "subtitle": "subtitles.entity.generic.explode"
    },


        "custom.melee.sword.swing": {
        "sounds": [
         "custom/melee/swordscytheswing"
        ]
       },
       "custom.melee.hammer.swing": {
        "sounds": [
         "custom/melee/hammerswing"
        ]
       },
       "custom.melee.raidhammer.swing": {
        "sounds": [
         "custom/melee/raidhammerswing"
        ]
       },
       "custom.melee.raidhammer.spin": {
        "sounds": [
         "custom/melee/hammerspinattack"
        ]
       },
       "custom.melee.dagger.swing": {
        "sounds": [
         "custom/melee/daggerswing"
        ]
       },
       "custom.melee.raiddagger.swing": {
        "sounds": [
         "custom/melee/raiddaggerswing"
        ]
       },
       "custom.melee.raiddagger.charge": {
        "sounds": [
         "custom/melee/raiddaggercharge"
        ]
       },
       "custom.melee.chaos.swing": {
        "sounds": [
         "custom/melee/gauntletraidpunch"
        ]
       },
       "custom.melee.catalyst.swing": {
        "sounds": [
         "custom/melee/catalystattack"
        ]
       },
       "custom.melee.scythe.swing": {
        "sounds": [
         "custom/melee/swordscytheswing"
        ]
       },
       "custom.melee.raidscythe.swing": {
        "sounds": [
         "custom/melee/raidscytheswing"
        ]
       },
       "custom.melee.scythe.throw": {
        "sounds": [
         "custom/melee/scythethrow"
        ]
       },
       "custom.melee.staff.swing": {
        "sounds": [
         "custom/melee/staffswing"
        ]
       },
       "custom.melee.raidstaff.swing": {
        "sounds": [
         "custom/melee/raidstaffswing"
        ]
       },
       "custom.melee.raidstaff.heal": {
        "sounds": [
         "custom/melee/healstaff"
        ]
       },
       

       
       "custom.ranged.reload.0": {
        "sounds": [
         "custom/ranged/reloadstock_0"
        ]
       },
       "custom.ranged.reload.1": {
        "sounds": [
         "custom/ranged/reloadstock_1"
        ]
       },
       "custom.ranged.axe.throw": {
        "sounds": [
         "custom/ranged/axe/axethrow"
        ]
       },
       "custom.ranged.raidaxe.throw": {
        "sounds": [
         "custom/ranged/axe/axethrowraid"
        ]
       },
       "custom.ranged.carbine.shoot": {
        "sounds": [
         "custom/ranged/carbine/carbineshoot"
        ]
       },
       "custom.ranged.raidcarbine.shoot": {
        "sounds": [
         "custom/ranged/carbine/healingcarbineshoot"
        ]
       },
       "custom.ranged.raidcarbine.heal": {
        "sounds": [
         "custom/ranged/carbine/carbineheal"
        ]
       },
       "custom.ranged.raidcarbine.reload.1": {
        "sounds": [
         "custom/ranged/carbine/reloadraidhealcarbine_1"
        ]
       },
       "custom.ranged.raidcarbine.reload.2": {
        "sounds": [
         "custom/ranged/carbine/reloadraidhealcarbine_2"
        ]
       },
       "custom.ranged.shotgun.shoot": {
        "sounds": [
         "custom/ranged/shotgun/shotgunshoot"
        ]
       },
       "custom.ranged.raidshotgun.shoot": {
        "sounds": [
         "custom/ranged/shotgun/shotgunraidshoot"
        ]
       },
       "custom.ranged.shotgun.reload": {
        "sounds": [
         "custom/ranged/shotgun/shotgunreload"
        ]
       },
       "custom.ranged.shotgun.reload.start": {
        "sounds": [
         "custom/ranged/shotgun/shotgunreloadstart"
        ]
       },
       "custom.ranged.shotgun.reload.end": {
        "sounds": [
         "custom/ranged/shotgun/shotgunreloadend"
        ]
       },
       "custom.ranged.smg.shoot": {
        "sounds": [
         "custom/ranged/smg/smgshoot"
        ]
       },
       "custom.ranged.raidsmg.shoot": {
        "sounds": [
         "custom/ranged/smg/smgraidshoot"
        ]
       },
       "custom.ranged.raidsmg.altshot": {
        "sounds": [
         "custom/ranged/smg/smgrailgunshot"
        ]
       },
       "custom.ranged.volley.hold": {
        "sounds": [
         "custom/ranged/volley/chargehold"
        ]
       },
       "custom.ranged.volley.charge": {
        "sounds": [
         "custom/ranged/volley/swordvolleycharge"
        ]
       },
       "custom.ranged.volley.shoot": {
        "sounds": [
         "custom/ranged/volley/swordvolleyshoot"
        ]
       },
       "custom.ranged.raidvolley.charge": {
        "sounds": [
         "custom/ranged/volley/volleyraidcharge"
        ]
       },
       "custom.ranged.raidvolley.shoot": {
        "sounds": [
         "custom/ranged/volley/volleyraidshoot"
        ]
       },
       "custom.ranged.handcannon.reload.1": {
        "sounds": [
         "custom/ranged/handcannon/reload_1"
        ]
       },
       "custom.ranged.handcannon.reload.2": {
        "sounds": [
         "custom/ranged/handcannon/reload_2"
        ]
       },
       "custom.ranged.handcannon.reload.3": {
        "sounds": [
         "custom/ranged/handcannon/reload_3"
        ]
       },
       "custom.ranged.handcannon.shoot": {
        "sounds": [
         "custom/ranged/handcannon/handcannonshoot"
        ]
       },
       "custom.ranged.raidhandcannon.shoot": {
        "sounds": [
         "custom/ranged/handcannon/raidcannonshoot"
        ]
       },
       "custom.ranged.raidhandcannon.reload": {
        "sounds": [
         "custom/ranged/handcannon/raidcannonreload"
        ]
       },
       "custom.ranged.raidhandcannon.clear": {
        "sounds": [
         "custom/ranged/handcannon/ruinationseffectgone"
        ]
       },
       "custom.ranged.handcannon.drawice": {
        "sounds": [
         "custom/ranged/handcannon/handcannondrawice"
        ]
       },
       "custom.ranged.handcannon.drawfire": {
        "sounds": [
         "custom/ranged/handcannon/handcannondrawfire"
        ]
       },

       "custom.ability.mage1.healburst": {
        "sounds": [
         "custom/ability/mage1healburst"
        ]
       },
       "custom.ability.mage1.throwheal": {
        "sounds": [
         "custom/ability/mage1throwheal"
        ]
       },
       "custom.ability.mage2.bookopen": {
        "sounds": [
         "custom/ability/mage2bookopen"
        ]
       },
       "custom.ability.mage2.bookclose": {
        "sounds": [
         "custom/ability/mage2bookclose"
        ]
       },
       "custom.ability.melee1.execute": {
        "sounds": [
         "custom/ability/melee1execute"
        ]
       },
       "custom.ability.melee1.execute2": {
        "sounds": [
         "custom/ability/melee1execute2"
        ]
       },
       "custom.ability.melee2.shieldup": {
        "sounds": [
         "custom/ability/melee2shieldup"
        ]
       },
       "custom.ability.melee2.shielddown": {
        "sounds": [
         "custom/ability/melee2shielddown"
        ]
       },
       "custom.ability.melee2.shieldbreak": {
        "sounds": [
         "custom/ability/melee2shieldbroken"
        ]
       },
       "custom.ability.ranged1.draw": {
        "sounds": [
         "custom/ability/ranger1abilitydraw"
        ]
       },
       "custom.ability.ranged1.shoot": {
        "sounds": [
         "custom/ability/ranger1abilityshoot"
        ]
       },
       "custom.ability.ranged1.slap": {
        "sounds": [
         "custom/ability/ranger1abilityslap"
        ]
       },
       "custom.ability.ranged2.markend": {
        "sounds": [
         "custom/ability/ranger2markend"
        ]
       },
       "custom.ability.ranged2.markstart": {
        "sounds": [
         "custom/ability/ranger2markstart"
        ]
       },
       "custom.ability.ranged2.throw": {
        "sounds": [
         "custom/ability/ranger2nadethrow"
        ]
       },
       "custom.ability.ranged2.detonate": {
        "sounds": [
         "custom/ability/ranger2nadedetonate"
        ]
       },

       "custom.ult.ranged1.shoot": {
        "sounds": [
         "custom/ult/duelistultshoot"
        ]
       },
       "custom.ult.ranged1.draw": {
        "sounds": [
         "custom/ult/ranger1ulthandling"
        ]
       },
       "custom.ult.ranged1.end": {
        "sounds": [
         "custom/ult/ranger1ultend"
        ]
       },
       "custom.ult.ranged2.pull": {
        "sounds": [
         "custom/ult/ranger2nihilitypull"
        ]
       },
       "custom.ult.ranged2.throw": {
        "sounds": [
         "custom/ult/ranger2nihilitythrownade"
        ]
       },
       "custom.ult.ranged2.end": {
        "sounds": [
         "custom/ult/ranger2ultend"
        ]
       },
       "custom.ult.mage1.cradlestart": {
        "sounds": [
         "custom/ult/mage1cradlestart"
        ]
       },
       "custom.ult.mage1.cradleend": {
        "sounds": [
         "custom/ult/mage1cradleend"
        ]
       },
       "custom.ult.mage1.tp": {
        "sounds": [
         "custom/ult/mage1teleport"
        ]
       },
       "custom.ult.mage2.ult": {
        "sounds": [
         "custom/ult/mage2spectralgrimoire"
        ]
       },
       "custom.ult.melee2.start": {
        "sounds": [
         "custom/ult/melee2ult"
        ]
       },
       "custom.ult.melee1.drop": {
        "sounds": [
         "custom/ult/melee1ultdrop"
        ]
       },
       "custom.ult.melee1.signal": {
        "sounds": [
         "custom/ult/melee1ultsignal"
        ]
       },

       "custom.mob.halfling.death": {
        "sounds": [
         "custom/mob/halflingdeath"
        ]
       },
       "custom.mob.halfling.hurt": {
        "sounds": [
         "custom/mob/halflinghurt"
        ]
       },
       "custom.mob.halfling.idle": {
        "sounds": [
         "custom/mob/halflingidle"
        ]
       },
       "custom.mob.halfling.stun": {
        "sounds": [
         "custom/mob/halflingstun"
        ]
       },

       "custom.mob.hollow.death": {
        "sounds": [
         "custom/mob/hollowdeath"
        ]
       },
       "custom.mob.hollow.bite": {
        "sounds": [
         "custom/mob/hollowbite"
        ]
       },
       "custom.mob.hollow.hurt": {
        "sounds": [
         "custom/mob/hollowhurt"
        ]
       },
       "custom.mob.hollow.idle": {
        "sounds": [
         "custom/mob/hollowidle"
        ]
       },
       "custom.mob.hollow.phageend": {
        "sounds": [
         "custom/mob/hollowphageend"
        ]
       },
       "custom.mob.hollow.phageshoot": {
        "sounds": [
         "custom/mob/hollowphageshoot"
        ]
       },
       "custom.mob.hollow.slam": {
        "sounds": [
         "custom/mob/hollowslam"
        ]
       },
       "custom.mob.hollow.slamshout": {
        "sounds": [
         "custom/mob/hollowslamshout"
        ]
       },
       "custom.mob.hollow.stun": {
        "sounds": [
         "custom/mob/hollowstun"
        ]
       },

       "custom.mob.oracle.attacksalad": {
        "sounds": [
         "custom/mob/oracleattacksalad"
        ]
       },
       "custom.mob.oracle.death": {
        "sounds": [
         "custom/mob/oracledeath"
        ]
       },
       "custom.mob.oracle.hurt": {
        "sounds": [
         "custom/mob/oraclehurt"
        ]
       },
       "custom.mob.oracle.idle": {
        "sounds": [
         "custom/mob/oracleidle"
        ]
       },
       "custom.mob.oracle.immunity": {
        "sounds": [
         "custom/mob/oracleimmunity"
        ]
       },
       "custom.mob.oracle.spawn": {
        "sounds": [
         "custom/mob/oraclespawn"
        ]
       },
       "custom.mob.oracle.stun": {
        "sounds": [
         "custom/mob/oraclestun"
        ]
       },

       "custom.mob.revenant.death": {
        "sounds": [
         "custom/mob/revenantdeath"
        ]
       },
       "custom.mob.revenant.hurt": {
        "sounds": [
         "custom/mob/revenanthurt"
        ]
       },
       "custom.mob.revenant.stun": {
        "sounds": [
         "custom/mob/revenantstun"
        ]
       },
       "custom.mob.revenant.tpend": {
        "sounds": [
         "custom/mob/revenanttpend"
        ]
       },
       "custom.mob.revenant.tpstart": {
        "sounds": [
         "custom/mob/revenanttpstart"
        ]
       },

       "custom.mob.votary.death": {
        "sounds": [
         "custom/mob/votarydeath"
        ]
       },
        "custom.mob.votary.idle": {
        "sounds": [
         "custom/mob/votaryidle"
        ]
       },
       "custom.mob.votary.healsequence": {
        "sounds": [
         "custom/mob/votaryhealsequence"
        ]
       },
       "custom.mob.votary.hurt": {
        "sounds": [
         "custom/mob/votaryhurt"
        ]
       },
       "custom.mob.votary.shoot": {
        "sounds": [
         "custom/mob/votaryprojectileshoot"
        ]
       },
       "custom.mob.votary.stun": {
        "sounds": [
         "custom/mob/votarystun"
        ]
       },
       "custom.mob.votary.heal": {
        "sounds": [
         "custom/mob/votaryvergeheal"
        ]
       },

       "custom.mob.zealot.shoot": {
        "sounds": [
         "custom/mob/zealotshoot"
        ]
       },
        "custom.mob.zealot.hurt": {
        "sounds": [
         "custom/mob/zealothurt"
        ]
       },
       "custom.mob.zealot.stun": {
        "sounds": [
         "custom/mob/zealotstun"
        ]
       },
       "custom.mob.zealot.tpend": {
        "sounds": [
         "custom/mob/zealotteleportend"
        ]
       },
       "custom.mob.zealot.tpstart": {
        "sounds": [
         "custom/mob/zealotteleportstart"
        ]
       },
       "custom.mob.zealot.throw": {
        "sounds": [
         "custom/mob/zealotthrownade"
        ]
       },

       "custom.misc.ability.restore": {
        "sounds": [
         "custom/misc/abilitycdrestore"
        ]
       },
       "custom.misc.voidball": {
        "sounds": [
         "custom/misc/crystaldeposit"
        ]
       },
       "custom.misc.duality.ballphage": {
        "sounds": [
         "custom/misc/ballphageeffect"
        ]
       },
       "custom.misc.duality.ballloop": {
        "sounds": [
         "custom/misc/dualityballsequence"
        ]
       },
       "custom.misc.ability.shieldblock": {
        "sounds": [
         "custom/ability/shieldblock"
        ]
       },
       "custom.misc.flowergun.blue": {
        "sounds": [
         "custom/misc/blueflowergunshoot"
        ]
       },
       "custom.misc.flowergun.fade": {
        "sounds": [
         "custom/misc/flowergunfadeaway"
        ]
       },
       "custom.misc.greenhouse.stepplate": {
        "sounds": [
         "custom/misc/hollowstandonflowerplate"
        ]
       },
       "custom.misc.spire.on": {
        "sounds": [
         "custom/misc/spireplatestepin"
        ]
       },
       "custom.misc.spire.off": {
        "sounds": [
         "custom/misc/spireplatestepout"
        ]
       },
       "custom.misc.portal.enter": {
        "sounds": [
         "custom/misc/botanyentervergeportal"
        ]
       },
       "custom.misc.portal.tp": {
        "sounds": [
         "custom/misc/botanyvergeportaltp"
        ]
       },
       "custom.misc.wipe": {
        "sounds": [
         "custom/misc/encounterlose"
        ]
       },
       "custom.misc.flowergun.acquire": {
        "sounds": [
         "custom/misc/flowergunacquire"
        ]
       },
       "custom.misc.flowergun.handling": {
        "sounds": [
         "custom/misc/flowergunhandling"
        ]
       },
       "custom.misc.upgrade.ability": {
        "sounds": [
         "custom/misc/gainabilityupgrade"
        ]
       },
       "custom.misc.upgrade.ult": {
        "sounds": [
         "custom/misc/gainultupgrade"
        ]
       },
       "custom.misc.flowershield.break": {
        "sounds": [
         "custom/misc/greenhouseflowershieldbreak"
        ]
       },
       "custom.misc.fountain.ambience": {
        "sounds": [
         "custom/misc/greenhousefountainoflifeambience"
        ]
       },
       "custom.misc.gain.knowledge": {
        "sounds": [
         "custom/misc/knowledgeofthestars"
        ]
       },
       "custom.misc.tether.fail": {
        "sounds": [
         "custom/misc/librarygardenfail"
        ]
       },
       "custom.misc.tether.success": {
        "sounds": [
         "custom/misc/librarygardensuccess"
        ]
       },
       "custom.misc.tether.connect": {
        "sounds": [
         "custom/misc/tetherconnect"
        ]
       },
       "custom.misc.tether.disconnect": {
        "sounds": [
         "custom/misc/tetherdisconnect"
        ]
       },
       "custom.misc.flowergun.red": {
        "sounds": [
         "custom/misc/redflowergunshoot"
        ]
       },
       "custom.misc.plate.wrong": {
        "sounds": [
         "custom/misc/steplibraryplatewrong"
        ]
       },
       "custom.misc.ult.restore": {
        "sounds": [
         "custom/misc/ultimatecharged"
        ]
       },
       "custom.misc.whale.bye": {
        "sounds": [
         "custom/misc/whalebye"
        ]
       },
       "custom.misc.whale.idle": {
        "sounds": [
         "custom/misc/whaleidle"
        ]
       },
       "custom.misc.whale.spawn": {
        "sounds": [
         "custom/misc/whalespawn"
        ]
       },
       "custom.misc.whale.spin": {
        "sounds": [
         "custom/misc/whalespin"
        ]
       },
       "custom.misc.flowergun.yellow": {
        "sounds": [
         "custom/misc/yellowflowergunshoot"
        ]
       },
       "custom.misc.shade.start": {
        "sounds": [
         "custom/misc/shadesunstable"
        ]
       },
       "custom.misc.shade.boom": {
        "sounds": [
         "custom/misc/shadeboom"
        ]
       },

       "custom.boss.anathema.wipe.start": {
        "sounds": [
         "custom/boss/anathema/anathemawipestart"
        ]
       },
       "custom.boss.anathema.wipe.boom": {
        "sounds": [
         "custom/boss/anathema/anathemawipeboom"
        ]
       },
       "custom.boss.anathema.wipe.cancel": {
        "sounds": [
         "custom/boss/anathema/anathemawipeintercept"
        ]
       },
       "custom.boss.anathema.tp": {
        "sounds": [
         "custom/boss/anathema/anathematpsequence"
        ]
       },
       "custom.boss.anathema.death": {
        "sounds": [
         "custom/boss/anathema/anathemadeath"
        ]
       },
       "custom.boss.anathema.hurt": {
        "sounds": [
         "custom/boss/anathema/anathemahurt"
        ]
       },
       "custom.boss.anathema.call.start": {
        "sounds": [
         "custom/boss/anathema/anathemacallstart"
        ]
       },
       "custom.boss.anathema.call.end": {
        "sounds": [
         "custom/boss/anathema/anathemacallend"
        ]
       },
       "custom.boss.anathema.idle": {
        "sounds": [
         "custom/boss/anathema/anathemaidle"
        ]
       },

       "custom.boss.shammas.beam.charge": {
        "sounds": [
         "custom/boss/shammas/shamasbeamcharge"
        ]
       },
       "custom.boss.shammas.beam.shoot": {
        "sounds": [
         "custom/boss/shammas/shamasbeamshoot"
        ]
       },
       "custom.boss.shammas.bomb.shoot": {
        "sounds": [
         "custom/boss/shammas/shamasbombshoot"
        ]
       },
       "custom.boss.shammas.rifle.shoot": {
        "sounds": [
         "custom/boss/shammas/shamasrifleshoot"
        ]
       },
       "custom.boss.shammas.idle": {
        "sounds": [
         "custom/boss/shammas/shamasidle"
        ]
       },
       "custom.boss.shammas.death": {
        "sounds": [
         "custom/boss/shammas/shamasdeath"
        ]
       },
       "custom.boss.shammas.fortify.start": {
        "sounds": [
         "custom/boss/shammas/shamasfortifystart"
        ]
       },
       "custom.boss.shammas.fortify.end": {
        "sounds": [
         "custom/boss/shammas/shamasfortifyend"
        ]
       },
       "custom.boss.shammas.jump": {
        "sounds": [
         "custom/boss/shammas/shamasjump"
        ]
       },
       "custom.boss.shammas.laser.start": {
        "sounds": [
         "custom/boss/shammas/shamaslaserstart"
        ]
       },
       "custom.boss.shammas.laser.loop": {
        "sounds": [
         "custom/boss/shammas/shamaslaserloop"
        ]
       },
       "custom.boss.shammas.laser.end": {
        "sounds": [
         "custom/boss/shammas/shamaslaserend"
        ]
       },
       "custom.boss.shammas.missle.land": {
        "sounds": [
         "custom/boss/shammas/shamasmissileland"
        ]
       },
       "custom.boss.shammas.missle.launch": {
        "sounds": [
         "custom/boss/shammas/shamasmissilelaunch"
        ]
       },
       "custom.boss.shammas.slam": {
        "sounds": [
         "custom/boss/shammas/shamasslam"
        ]
       },
       "custom.boss.shammas.walk": {
        "sounds": [
         "custom/boss/shammas/shamaswalk"
        ]
       },

       "custom.boss.flowerbulb.bellow": {
        "sounds": [
         "custom/boss/flowerbulb/flowerbellow"
        ]
       },
       "custom.boss.flowerbulb.color": {
        "sounds": [
         "custom/boss/flowerbulb/flowerchangecolor"
        ]
       },
       "custom.boss.flowerbulb.nomnom": {
        "sounds": [
         "custom/boss/flowerbulb/flowernomnom"
        ]
       },

       "custom.boss.duality.death": {
        "sounds": [
         "custom/boss/duality/dualitydeath"
        ]
       },
       "custom.boss.duality.wipe": {
        "sounds": [
         "custom/boss/duality/dualitywipe"
        ]
       },
       "custom.boss.duality.hurt": {
        "sounds": [
         "custom/boss/duality/dualityhurt"
        ]
       },
       "custom.boss.duality.idle": {
        "sounds": [
         "custom/boss/duality/dualityidle"
        ]
       },
       "custom.boss.duality.laser.end": {
        "sounds": [
         "custom/boss/duality/dualitylaserend"
        ]
       },
       "custom.boss.duality.laser.loop": {
        "sounds": [
         "custom/boss/duality/dualitylaserloop"
        ]
       },
       "custom.boss.duality.laser.start": {
        "sounds": [
         "custom/boss/duality/dualitylaserstart"
        ]
       },
       "custom.boss.duality.cannon.loop": {
        "sounds": [
         "custom/boss/duality/dualityparticlecannonloop"
        ]
       },
       "custom.boss.duality.cannon.start": {
        "sounds": [
         "custom/boss/duality/dualityparticlecannonstart"
        ]
       },
       "custom.boss.duality.shield.break": {
        "sounds": [
         "custom/boss/duality/dualityshieldsbroken"
        ]
       },
       "custom.boss.duality.shield.up": {
        "sounds": [
         "custom/boss/duality/dualityshieldup"
        ]
       },
       "custom.boss.duality.slam": {
        "sounds": [
         "custom/boss/duality/dualityslam"
        ]
       },
       "custom.boss.duality.sweep": {
        "sounds": [
         "custom/boss/duality/dualitysweep"
        ]
       },
       "custom.boss.duality.vortex": {
        "sounds": [
         "custom/boss/duality/dualityvortexthrow"
        ]
       },

       "custom.music.amr": {
        "sounds": [
         "custom/music/amr"
        ]
       },
       "custom.music.greenhouse.start": {
        "sounds": [
         "custom/music/greenhouse/greenhouse_start"
        ]
       },
       "custom.music.greenhouse.phase1": {
        "sounds": [
         "custom/music/greenhouse/greenhouse_phase1"
        ]
       },
       "custom.music.greenhouse.phase2": {
        "sounds": [
         "custom/music/greenhouse/greenhouse_phase2"
        ]
       },
       "custom.music.greenhouse.complete": {
        "sounds": [
         "custom/music/greenhouse/greenhouse_complete"
        ]
       },
       "custom.music.library.start": {
        "sounds": [
         "custom/music/lib/lib_start"
        ]
       },
       "custom.music.library.phase1": {
        "sounds": [
         "custom/music/lib/lib_phase1"
        ]
       },
       "custom.music.library.phase2": {
        "sounds": [
         "custom/music/lib/lib_phase2"
        ]
       },
       "custom.music.library.phase3": {
        "sounds": [
         "custom/music/lib/lib_phase3"
        ]
       },
       "custom.music.library.phase1.silent": {
        "sounds": [
         "custom/music/lib/lib_phase1_silent"
        ]
       },
       "custom.music.library.phase2.silent": {
        "sounds": [
         "custom/music/lib/lib_phase2_silent"
        ]
       },
       "custom.music.library.phase3.silent": {
        "sounds": [
         "custom/music/lib/lib_phase3_silent"
        ]
       },
       "custom.music.library.complete": {
        "sounds": [
         "custom/music/lib/lib_complete"
        ]
       },
       "custom.music.shammas.phase1": {
        "sounds": [
         "custom/music/shammas/shammas_phase1"
        ]
       },
       "custom.music.shammas.phase2": {
        "sounds": [
         "custom/music/shammas/shammas_phase2"
        ]
       },
       "custom.music.shammas.complete": {
        "sounds": [
         "custom/music/shammas/shammas_complete"
        ]
       },
       "custom.music.anathema.start": {
        "sounds": [
         "custom/music/anathema/anathema_start"
        ]
       },
       "custom.music.anathema.complete": {
        "sounds": [
         "custom/music/anathema/anathema_complete"
        ]
       },
       "custom.music.anathema.phase1": {
        "sounds": [
         "custom/music/anathema/anathema_phase1"
        ]
       },
       "custom.music.anathema.phase2": {
        "sounds": [
         "custom/music/anathema/anathema_phase2"
        ]
       },
       "custom.music.anathema.phase3": {
        "sounds": [
         "custom/music/anathema/anathema_phase3"
        ]
       },
       "custom.music.anathema.wipe1": {
        "sounds": [
         "custom/music/anathema/anathema_wipe1"
        ]
       },
       "custom.music.anathema.wipe2": {
        "sounds": [
         "custom/music/anathema/anathema_wipe2"
        ]
       },
       "custom.music.anathema.wipe3": {
        "sounds": [
         "custom/music/anathema/anathema_wipe3"
        ]
       },
       "custom.music.silent.1": {
        "sounds": [
         "custom/music/silent/silent_1"
        ]
       },
        "custom.music.silent.2": {
        "sounds": [
         "custom/music/silent/silent_2"
        ]
       },
       "custom.music.silent.3": {
        "sounds": [
         "custom/music/silent/silent_3"
        ]
       },
        "custom.music.mountain": {
        "sounds": [
         "custom/music/mountain/mountain"
        ]
       },
       "custom.music.mountain.end": {
        "sounds": [
         "custom/music/mountain/mountain_end"
        ]
       },
       "custom.music.mountain.start": {
        "sounds": [
         "custom/music/mountain/mountain_intro"
        ]
       },
       "custom.music.duality.start": {
        "sounds": [
         "custom/music/duality/duality_start"
        ]
       },
       "custom.music.duality.anticipate": {
        "sounds": [
         "custom/music/duality/duality_anticipation"
        ]
       },
       "custom.music.duality.phase1": {
        "sounds": [
         "custom/music/duality/duality_phase_1"
        ]
       },
       "custom.music.duality.phase2": {
        "sounds": [
         "custom/music/duality/duality_phase_2"
        ]
       },
       "custom.music.duality.dps1": {
        "sounds": [
         "custom/music/duality/duality_dps_1"
        ]
       },
       "custom.music.duality.dps2": {
        "sounds": [
         "custom/music/duality/duality_dps_2"
        ]
       },
       "custom.music.duality.complete": {
        "sounds": [
         "custom/music/duality/duality_complete"
        ]
       },

       "custom.ambience.botany": {
        "sounds": [
         "custom/ambience/botanycreepyambience"
        ]
       },
       "custom.ambience.chains": {
        "sounds": [
         "custom/ambience/chainrattleonstep"
        ]
       },
       "custom.ambience.leaves": {
        "sounds": [
         "custom/ambience/ambientleaves"
        ]
       },
       "custom.ambience.fountain": {
        "sounds": [
         "custom/ambience/greenhouseentrancefountain"
        ]
       },
       "custom.ambience.bird": {
        "sounds": [
         "custom/ambience/greenhousewalkbirds"
        ]
       },
       "custom.ambience.divinity": {
        "sounds": [
         "custom/ambience/heavenbridgewinds"
        ]
       },
       "custom.ambience.lib.lift": {
        "sounds": [
         "custom/ambience/libraryliftsound"
        ]
       },
       "custom.ambience.lib.light": {
        "sounds": [
         "custom/ambience/librarylightson"
        ]
       },
       "custom.ambience.river": {
        "sounds": [
         "custom/ambience/narcriverstream"
        ]
       },
       "custom.ambience.mountain": {
        "sounds": [
         "custom/ambience/snowmountainswind"
        ]
       },
       "custom.ambience.descent": {
        "sounds": [
         "custom/ambience/spiredescentambient"
        ]
       },
       "custom.ambience.terminal": {
        "sounds": [
         "custom/ambience/terminalambient"
        ]
       }
}