{
	"credit": "Made with Blockbench",
	"textures": {
		"0": "custom/melee/geardagger",
		"particle": "custom/melee/geardagger"
	},
	"elements": [
		{
			"name": "geardagger_44",
			"from": [7.76967, 4.83293, 3.98816],
			"to": [8.23033, 5.16758, 4.32282],
			"rotation": {"angle": 0, "axis": "y", "origin": [8.23033, -2.08, -7.05952]},
			"faces": {
				"north": {"uv": [4.5, 9.875, 4.625, 10], "texture": "#0"},
				"east": {"uv": [4.5, 10, 4.625, 9.875], "rotation": 180, "texture": "#0"},
				"south": {"uv": [4.5, 9.875, 4.625, 10], "texture": "#0"},
				"west": {"uv": [4.5, 9.875, 4.625, 10], "texture": "#0"},
				"up": {"uv": [4.625, 9.875, 4.5, 10], "rotation": 270, "texture": "#0"},
				"down": {"uv": [4.5, 9.875, 4.625, 10], "rotation": 270, "texture": "#0"}
			}
		},
		{
			"name": "geardagger_39",
			"from": [7.76967, 5.50224, 4.65747],
			"to": [8.23033, 5.8369, 4.99213],
			"rotation": {"angle": 0, "axis": "y", "origin": [8.23033, -2.08, -7.05952]},
			"faces": {
				"north": {"uv": [4.75, 9.625, 4.875, 9.75], "texture": "#0"},
				"east": {"uv": [4.75, 9.75, 4.875, 9.625], "rotation": 180, "texture": "#0"},
				"south": {"uv": [4.75, 9.625, 4.875, 9.75], "texture": "#0"},
				"west": {"uv": [4.75, 9.625, 4.875, 9.75], "texture": "#0"},
				"up": {"uv": [4.875, 9.625, 4.75, 9.75], "rotation": 270, "texture": "#0"},
				"down": {"uv": [4.75, 9.625, 4.875, 9.75], "rotation": 270, "texture": "#0"}
			}
		},
		{
			"name": "geardagger_42",
			"from": [7.76967, 5.16758, 4.32282],
			"to": [8.23033, 5.50224, 4.65747],
			"rotation": {"angle": 0, "axis": "y", "origin": [8.23033, -2.08, -7.05952]},
			"faces": {
				"north": {"uv": [4.625, 9.75, 4.75, 9.875], "texture": "#0"},
				"east": {"uv": [4.625, 9.875, 4.75, 9.75], "rotation": 180, "texture": "#0"},
				"south": {"uv": [4.625, 9.75, 4.75, 9.875], "texture": "#0"},
				"west": {"uv": [4.625, 9.75, 4.75, 9.875], "texture": "#0"},
				"up": {"uv": [4.75, 9.75, 4.625, 9.875], "rotation": 270, "texture": "#0"},
				"down": {"uv": [4.625, 9.75, 4.75, 9.875], "rotation": 270, "texture": "#0"}
			}
		},
		{
			"name": "geardagger_20",
			"from": [7.76967, 5.8369, 4.99213],
			"to": [8.23033, 7.84483, 5.32678],
			"rotation": {"angle": 0, "axis": "y", "origin": [8.23033, -2.08, -7.05952]},
			"faces": {
				"north": {"uv": [4.875, 8.875, 5, 9.625], "texture": "#0"},
				"east": {"uv": [4.875, 9.625, 5, 8.875], "rotation": 180, "texture": "#0"},
				"south": {"uv": [4.875, 8.875, 5, 9.625], "texture": "#0"},
				"west": {"uv": [4.875, 8.875, 5, 9.625], "texture": "#0"},
				"up": {"uv": [5, 8.875, 4.875, 9], "rotation": 270, "texture": "#0"},
				"down": {"uv": [4.875, 9.5, 5, 9.625], "rotation": 270, "texture": "#0"}
			}
		},
		{
			"name": "geardagger_35",
			"from": [7.76967, 6.17155, 5.32678],
			"to": [8.23033, 6.50621, 5.66144],
			"rotation": {"angle": 0, "axis": "y", "origin": [8.23033, -2.08, -7.05952]},
			"faces": {
				"north": {"uv": [5, 9.375, 5.125, 9.5], "texture": "#0"},
				"east": {"uv": [5, 9.5, 5.125, 9.375], "rotation": 180, "texture": "#0"},
				"south": {"uv": [5, 9.375, 5.125, 9.5], "texture": "#0"},
				"west": {"uv": [5, 9.375, 5.125, 9.5], "texture": "#0"},
				"up": {"uv": [5.125, 9.375, 5, 9.5], "rotation": 270, "texture": "#0"},
				"down": {"uv": [5, 9.375, 5.125, 9.5], "rotation": 270, "texture": "#0"}
			}
		},
		{
			"name": "geardagger_11",
			"from": [7.76967, 7.84483, 5.66144],
			"to": [8.23033, 8.51414, 5.9961],
			"rotation": {"angle": 0, "axis": "y", "origin": [8.23033, -2.08, -7.05952]},
			"faces": {
				"north": {"uv": [5.125, 8.625, 5.25, 8.875], "texture": "#0"},
				"east": {"uv": [5.125, 8.875, 5.25, 8.625], "rotation": 180, "texture": "#0"},
				"south": {"uv": [5.125, 8.625, 5.25, 8.875], "texture": "#0"},
				"west": {"uv": [5.125, 8.625, 5.25, 8.875], "texture": "#0"},
				"up": {"uv": [5.25, 8.625, 5.125, 8.75], "rotation": 270, "texture": "#0"},
				"down": {"uv": [5.125, 8.75, 5.25, 8.875], "rotation": 270, "texture": "#0"}
			}
		},
		{
			"name": "geardagger_15",
			"from": [7.76967, 7.51018, 5.32678],
			"to": [8.23033, 8.17949, 5.66144],
			"rotation": {"angle": 0, "axis": "y", "origin": [8.23033, -2.08, -7.05952]},
			"faces": {
				"north": {"uv": [5, 8.75, 5.125, 9], "texture": "#0"},
				"east": {"uv": [5, 9, 5.125, 8.75], "rotation": 180, "texture": "#0"},
				"south": {"uv": [5, 8.75, 5.125, 9], "texture": "#0"},
				"west": {"uv": [5, 8.75, 5.125, 9], "texture": "#0"},
				"up": {"uv": [5.125, 8.75, 5, 8.875], "rotation": 270, "texture": "#0"},
				"down": {"uv": [5, 8.875, 5.125, 9], "rotation": 270, "texture": "#0"}
			}
		},
		{
			"name": "geardagger_6",
			"from": [7.76967, 8.17949, 5.9961],
			"to": [8.23033, 19.55779, 6.33075],
			"rotation": {"angle": 0, "axis": "y", "origin": [8.23033, -2.08, -7.05952]},
			"faces": {
				"north": {"uv": [5.25, 4.5, 5.375, 8.75], "texture": "#0"},
				"east": {"uv": [5.25, 8.75, 5.375, 4.5], "rotation": 180, "texture": "#0"},
				"south": {"uv": [5.25, 4.5, 5.375, 8.75], "texture": "#0"},
				"west": {"uv": [5.25, 4.5, 5.375, 8.75], "texture": "#0"},
				"up": {"uv": [5.375, 4.5, 5.25, 4.625], "rotation": 270, "texture": "#0"},
				"down": {"uv": [5.25, 8.625, 5.375, 8.75], "rotation": 270, "texture": "#0"}
			}
		},
		{
			"name": "geardagger_7",
			"from": [7.76967, 8.17949, 6.66541],
			"to": [8.23033, 19.55779, 7.00006],
			"rotation": {"angle": 0, "axis": "y", "origin": [8.23033, -2.08, -7.05952]},
			"faces": {
				"north": {"uv": [5.5, 4.5, 5.625, 8.75], "texture": "#0"},
				"east": {"uv": [5.5, 8.75, 5.625, 4.5], "rotation": 180, "texture": "#0"},
				"south": {"uv": [5.5, 4.5, 5.625, 8.75], "texture": "#0"},
				"west": {"uv": [5.5, 4.5, 5.625, 8.75], "texture": "#0"},
				"up": {"uv": [5.625, 4.5, 5.5, 4.625], "rotation": 270, "texture": "#0"},
				"down": {"uv": [5.5, 8.625, 5.625, 8.75], "rotation": 270, "texture": "#0"}
			}
		},
		{
			"name": "geardagger_16",
			"from": [7.76967, 7.51018, 7.33472],
			"to": [8.23033, 8.17949, 7.66938],
			"rotation": {"angle": 0, "axis": "y", "origin": [8.23033, -2.08, -7.05952]},
			"faces": {
				"north": {"uv": [5.75, 8.75, 5.875, 9], "texture": "#0"},
				"east": {"uv": [5.75, 9, 5.875, 8.75], "rotation": 180, "texture": "#0"},
				"south": {"uv": [5.75, 8.75, 5.875, 9], "texture": "#0"},
				"west": {"uv": [5.75, 8.75, 5.875, 9], "texture": "#0"},
				"up": {"uv": [5.875, 8.75, 5.75, 8.875], "rotation": 270, "texture": "#0"},
				"down": {"uv": [5.75, 8.875, 5.875, 9], "rotation": 270, "texture": "#0"}
			}
		},
		{
			"name": "geardagger_12",
			"from": [7.76967, 7.84483, 7.00006],
			"to": [8.23033, 8.51414, 7.33472],
			"rotation": {"angle": 0, "axis": "y", "origin": [8.23033, -2.08, -7.05952]},
			"faces": {
				"north": {"uv": [5.625, 8.625, 5.75, 8.875], "texture": "#0"},
				"east": {"uv": [5.625, 8.875, 5.75, 8.625], "rotation": 180, "texture": "#0"},
				"south": {"uv": [5.625, 8.625, 5.75, 8.875], "texture": "#0"},
				"west": {"uv": [5.625, 8.625, 5.75, 8.875], "texture": "#0"},
				"up": {"uv": [5.75, 8.625, 5.625, 8.75], "rotation": 270, "texture": "#0"},
				"down": {"uv": [5.625, 8.75, 5.75, 8.875], "rotation": 270, "texture": "#0"}
			}
		},
		{
			"name": "geardagger_21",
			"from": [7.76967, 6.17155, 7.66938],
			"to": [8.23033, 7.84483, 8.00403],
			"rotation": {"angle": 0, "axis": "y", "origin": [8.23033, -2.08, -7.05952]},
			"faces": {
				"north": {"uv": [5.875, 8.875, 6, 9.5], "texture": "#0"},
				"east": {"uv": [5.875, 9.5, 6, 8.875], "rotation": 180, "texture": "#0"},
				"south": {"uv": [5.875, 8.875, 6, 9.5], "texture": "#0"},
				"west": {"uv": [5.875, 8.875, 6, 9.5], "texture": "#0"},
				"up": {"uv": [6, 8.875, 5.875, 9], "rotation": 270, "texture": "#0"},
				"down": {"uv": [5.875, 9.375, 6, 9.5], "rotation": 270, "texture": "#0"}
			}
		},
		{
			"name": "geardagger_36",
			"from": [7.76967, 5.8369, 7.33472],
			"to": [8.23033, 6.50621, 7.66938],
			"rotation": {"angle": 0, "axis": "y", "origin": [8.23033, -2.08, -7.05952]},
			"faces": {
				"north": {"uv": [5.75, 9.375, 5.875, 9.625], "texture": "#0"},
				"east": {"uv": [5.75, 9.625, 5.875, 9.375], "rotation": 180, "texture": "#0"},
				"south": {"uv": [5.75, 9.375, 5.875, 9.625], "texture": "#0"},
				"west": {"uv": [5.75, 9.375, 5.875, 9.625], "texture": "#0"},
				"up": {"uv": [5.875, 9.375, 5.75, 9.5], "rotation": 270, "texture": "#0"},
				"down": {"uv": [5.75, 9.5, 5.875, 9.625], "rotation": 270, "texture": "#0"}
			}
		},
		{
			"name": "geardagger_3",
			"from": [7.76967, 19.22314, 6.33075],
			"to": [8.23033, 20.56176, 6.66541],
			"rotation": {"angle": 0, "axis": "y", "origin": [8.23033, -2.08, -7.05952]},
			"faces": {
				"north": {"uv": [5.375, 4.125, 5.5, 4.625], "texture": "#0"},
				"east": {"uv": [5.375, 4.625, 5.5, 4.125], "rotation": 180, "texture": "#0"},
				"south": {"uv": [5.375, 4.125, 5.5, 4.625], "texture": "#0"},
				"west": {"uv": [5.375, 4.125, 5.5, 4.625], "texture": "#0"},
				"up": {"uv": [5.5, 4.125, 5.375, 4.25], "rotation": 270, "texture": "#0"},
				"down": {"uv": [5.375, 4.5, 5.5, 4.625], "rotation": 270, "texture": "#0"}
			}
		},
		{
			"name": "geardagger_8",
			"from": [7.70667, 8.17949, 6.33075],
			"to": [8.29333, 19.22314, 6.66541],
			"rotation": {"angle": 0, "axis": "y", "origin": [8.29333, -2.08, -16.42989]},
			"faces": {
				"north": {"uv": [8.875, 4.625, 9, 8.75], "texture": "#0"},
				"east": {"uv": [8.875, 8.75, 9, 4.625], "rotation": 180, "texture": "#0"},
				"south": {"uv": [8.875, 4.625, 9, 8.75], "texture": "#0"},
				"west": {"uv": [8.875, 4.625, 9, 8.75], "texture": "#0"},
				"up": {"uv": [9, 4.625, 8.875, 4.75], "rotation": 270, "texture": "#0"},
				"down": {"uv": [8.875, 8.625, 9, 8.75], "rotation": 270, "texture": "#0"}
			}
		},
		{
			"name": "geardagger_24",
			"from": [7.73817, 4.16362, 6.33075],
			"to": [8.26183, 7.84483, 6.66541],
			"rotation": {"angle": 0, "axis": "y", "origin": [8.26183, -2.08, -23.12301]},
			"faces": {
				"north": {"uv": [11.375, 8.875, 11.5, 10.25], "texture": "#0"},
				"east": {"uv": [11.375, 10.25, 11.5, 8.875], "rotation": 180, "texture": "#0"},
				"south": {"uv": [11.375, 8.875, 11.5, 10.25], "texture": "#0"},
				"west": {"uv": [11.375, 8.875, 11.5, 10.25], "texture": "#0"},
				"up": {"uv": [11.5, 8.875, 11.375, 9], "rotation": 270, "texture": "#0"},
				"down": {"uv": [11.375, 10.125, 11.5, 10.25], "rotation": 270, "texture": "#0"}
			}
		},
		{
			"name": "geardagger_31",
			"from": [7.73817, 6.84086, 5.66144],
			"to": [8.26183, 7.17552, 5.99609],
			"rotation": {"angle": 0, "axis": "y", "origin": [8.26183, -2.08, -23.12301]},
			"faces": {
				"north": {"uv": [11.125, 9.125, 11.25, 9.25], "texture": "#0"},
				"east": {"uv": [11.125, 9.25, 11.25, 9.125], "rotation": 180, "texture": "#0"},
				"south": {"uv": [11.125, 9.125, 11.25, 9.25], "texture": "#0"},
				"west": {"uv": [11.125, 9.125, 11.25, 9.25], "texture": "#0"},
				"up": {"uv": [11.25, 9.125, 11.125, 9.25], "rotation": 270, "texture": "#0"},
				"down": {"uv": [11.125, 9.125, 11.25, 9.25], "rotation": 270, "texture": "#0"}
			}
		},
		{
			"name": "geardagger_27",
			"from": [7.73817, 4.49827, 5.99609],
			"to": [8.26183, 7.51018, 6.33075],
			"rotation": {"angle": 0, "axis": "y", "origin": [8.26183, -2.08, -23.12301]},
			"faces": {
				"north": {"uv": [11.25, 9, 11.375, 10.125], "texture": "#0"},
				"east": {"uv": [11.25, 10.125, 11.375, 9], "rotation": 180, "texture": "#0"},
				"south": {"uv": [11.25, 9, 11.375, 10.125], "texture": "#0"},
				"west": {"uv": [11.25, 9, 11.375, 10.125], "texture": "#0"},
				"up": {"uv": [11.375, 9, 11.25, 9.125], "rotation": 270, "texture": "#0"},
				"down": {"uv": [11.25, 10, 11.375, 10.125], "rotation": 270, "texture": "#0"}
			}
		},
		{
			"name": "geardagger_28",
			"from": [7.73817, 4.49827, 6.66541],
			"to": [8.26183, 7.51018, 7.00006],
			"rotation": {"angle": 0, "axis": "y", "origin": [8.26183, -2.08, -23.12301]},
			"faces": {
				"north": {"uv": [11.5, 9, 11.625, 10.125], "texture": "#0"},
				"east": {"uv": [11.5, 10.125, 11.625, 9], "rotation": 180, "texture": "#0"},
				"south": {"uv": [11.5, 9, 11.625, 10.125], "texture": "#0"},
				"west": {"uv": [11.5, 9, 11.625, 10.125], "texture": "#0"},
				"up": {"uv": [11.625, 9, 11.5, 9.125], "rotation": 270, "texture": "#0"},
				"down": {"uv": [11.5, 10, 11.625, 10.125], "rotation": 270, "texture": "#0"}
			}
		},
		{
			"name": "geardagger_32",
			"from": [7.73817, 6.84086, 7.00006],
			"to": [8.26183, 7.17552, 7.33472],
			"rotation": {"angle": 0, "axis": "y", "origin": [8.26183, -2.08, -23.12301]},
			"faces": {
				"north": {"uv": [11.625, 9.125, 11.75, 9.25], "texture": "#0"},
				"east": {"uv": [11.625, 9.25, 11.75, 9.125], "rotation": 180, "texture": "#0"},
				"south": {"uv": [11.625, 9.125, 11.75, 9.25], "texture": "#0"},
				"west": {"uv": [11.625, 9.125, 11.75, 9.25], "texture": "#0"},
				"up": {"uv": [11.75, 9.125, 11.625, 9.25], "rotation": 270, "texture": "#0"},
				"down": {"uv": [11.625, 9.125, 11.75, 9.25], "rotation": 270, "texture": "#0"}
			}
		},
		{
			"name": "geardagger_29",
			"from": [7.65942, 6.50621, 5.32678],
			"to": [8.34058, 7.17552, 5.66144],
			"rotation": {"angle": 0, "axis": "y", "origin": [8.34058, -2.08, -19.44179]},
			"faces": {
				"north": {"uv": [9.625, 9.125, 9.75, 9.375], "texture": "#0"},
				"east": {"uv": [9.625, 9.375, 9.75, 9.125], "rotation": 180, "texture": "#0"},
				"south": {"uv": [9.625, 9.125, 9.75, 9.375], "texture": "#0"},
				"west": {"uv": [9.625, 9.125, 9.75, 9.375], "texture": "#0"},
				"up": {"uv": [9.75, 9.125, 9.625, 9.25], "rotation": 270, "texture": "#0"},
				"down": {"uv": [9.625, 9.25, 9.75, 9.375], "rotation": 270, "texture": "#0"}
			}
		},
		{
			"name": "geardagger_25",
			"from": [7.65942, 7.17552, 5.32678],
			"to": [8.34058, 7.51018, 5.99609],
			"rotation": {"angle": 0, "axis": "y", "origin": [8.34058, -2.08, -19.44179]},
			"faces": {
				"north": {"uv": [9.625, 9, 9.75, 9.125], "texture": "#0"},
				"east": {"uv": [9.625, 9.125, 9.875, 9], "rotation": 180, "texture": "#0"},
				"south": {"uv": [9.75, 9, 9.875, 9.125], "texture": "#0"},
				"west": {"uv": [9.625, 9, 9.875, 9.125], "texture": "#0"},
				"up": {"uv": [9.875, 9, 9.625, 9.125], "rotation": 270, "texture": "#0"},
				"down": {"uv": [9.625, 9, 9.875, 9.125], "rotation": 270, "texture": "#0"}
			}
		},
		{
			"name": "geardagger_22",
			"from": [7.65942, 7.51018, 5.66144],
			"to": [8.34058, 7.84483, 6.33075],
			"rotation": {"angle": 0, "axis": "y", "origin": [8.34058, -2.08, -19.44179]},
			"faces": {
				"north": {"uv": [9.75, 8.875, 9.875, 9], "texture": "#0"},
				"east": {"uv": [9.75, 9, 10, 8.875], "rotation": 180, "texture": "#0"},
				"south": {"uv": [9.875, 8.875, 10, 9], "texture": "#0"},
				"west": {"uv": [9.75, 8.875, 10, 9], "texture": "#0"},
				"up": {"uv": [10, 8.875, 9.75, 9], "rotation": 270, "texture": "#0"},
				"down": {"uv": [9.75, 8.875, 10, 9], "rotation": 270, "texture": "#0"}
			}
		},
		{
			"name": "geardagger_19",
			"from": [7.65942, 7.84483, 5.99609],
			"to": [8.34058, 8.17949, 7.00006],
			"rotation": {"angle": 0, "axis": "y", "origin": [8.34058, -2.08, -19.44179]},
			"faces": {
				"north": {"uv": [9.875, 8.75, 10, 8.875], "texture": "#0"},
				"east": {"uv": [9.875, 8.875, 10.25, 8.75], "rotation": 180, "texture": "#0"},
				"south": {"uv": [10.125, 8.75, 10.25, 8.875], "texture": "#0"},
				"west": {"uv": [9.875, 8.75, 10.25, 8.875], "texture": "#0"},
				"up": {"uv": [10.25, 8.75, 9.875, 8.875], "rotation": 270, "texture": "#0"},
				"down": {"uv": [9.875, 8.75, 10.25, 8.875], "rotation": 270, "texture": "#0"}
			}
		},
		{
			"name": "geardagger_23",
			"from": [7.65942, 7.51018, 6.66541],
			"to": [8.34058, 7.84483, 7.33472],
			"rotation": {"angle": 0, "axis": "y", "origin": [8.34058, -2.08, -19.44179]},
			"faces": {
				"north": {"uv": [10.125, 8.875, 10.25, 9], "texture": "#0"},
				"east": {"uv": [10.125, 9, 10.375, 8.875], "rotation": 180, "texture": "#0"},
				"south": {"uv": [10.25, 8.875, 10.375, 9], "texture": "#0"},
				"west": {"uv": [10.125, 8.875, 10.375, 9], "texture": "#0"},
				"up": {"uv": [10.375, 8.875, 10.125, 9], "rotation": 270, "texture": "#0"},
				"down": {"uv": [10.125, 8.875, 10.375, 9], "rotation": 270, "texture": "#0"}
			}
		},
		{
			"name": "geardagger_26",
			"from": [7.65942, 7.17552, 7.00006],
			"to": [8.34058, 7.51018, 7.66937],
			"rotation": {"angle": 0, "axis": "y", "origin": [8.34058, -2.08, -19.44179]},
			"faces": {
				"north": {"uv": [10.25, 9, 10.375, 9.125], "texture": "#0"},
				"east": {"uv": [10.25, 9.125, 10.5, 9], "rotation": 180, "texture": "#0"},
				"south": {"uv": [10.375, 9, 10.5, 9.125], "texture": "#0"},
				"west": {"uv": [10.25, 9, 10.5, 9.125], "texture": "#0"},
				"up": {"uv": [10.5, 9, 10.25, 9.125], "rotation": 270, "texture": "#0"},
				"down": {"uv": [10.25, 9, 10.5, 9.125], "rotation": 270, "texture": "#0"}
			}
		},
		{
			"name": "geardagger_30",
			"from": [7.65942, 6.50621, 7.33472],
			"to": [8.34058, 7.17552, 7.66937],
			"rotation": {"angle": 0, "axis": "y", "origin": [8.34058, -2.08, -19.44179]},
			"faces": {
				"north": {"uv": [10.375, 9.125, 10.5, 9.375], "texture": "#0"},
				"east": {"uv": [10.375, 9.375, 10.5, 9.125], "rotation": 180, "texture": "#0"},
				"south": {"uv": [10.375, 9.125, 10.5, 9.375], "texture": "#0"},
				"west": {"uv": [10.375, 9.125, 10.5, 9.375], "texture": "#0"},
				"up": {"uv": [10.5, 9.125, 10.375, 9.25], "rotation": 270, "texture": "#0"},
				"down": {"uv": [10.375, 9.25, 10.5, 9.375], "rotation": 270, "texture": "#0"}
			}
		},
		{
			"name": "geardagger_34",
			"from": [7.65942, 4.16362, 7.00006],
			"to": [8.34058, 6.84086, 7.33472],
			"rotation": {"angle": 0, "axis": "y", "origin": [8.34058, -2.08, -19.44179]},
			"faces": {
				"north": {"uv": [10.25, 9.25, 10.375, 10.25], "texture": "#0"},
				"east": {"uv": [10.25, 10.25, 10.375, 9.25], "rotation": 180, "texture": "#0"},
				"south": {"uv": [10.25, 9.25, 10.375, 10.25], "texture": "#0"},
				"west": {"uv": [10.25, 9.25, 10.375, 10.25], "texture": "#0"},
				"up": {"uv": [10.375, 9.25, 10.25, 9.375], "rotation": 270, "texture": "#0"},
				"down": {"uv": [10.25, 10.125, 10.375, 10.25], "rotation": 270, "texture": "#0"}
			}
		},
		{
			"name": "geardagger_46",
			"from": [7.65942, 3.4943, 6.66541],
			"to": [8.34058, 4.49827, 7.00006],
			"rotation": {"angle": 0, "axis": "y", "origin": [8.34058, -2.08, -19.44179]},
			"faces": {
				"north": {"uv": [10.125, 10.125, 10.25, 10.5], "texture": "#0"},
				"east": {"uv": [10.125, 10.5, 10.25, 10.125], "rotation": 180, "texture": "#0"},
				"south": {"uv": [10.125, 10.125, 10.25, 10.5], "texture": "#0"},
				"west": {"uv": [10.125, 10.125, 10.25, 10.5], "texture": "#0"},
				"up": {"uv": [10.25, 10.125, 10.125, 10.25], "rotation": 270, "texture": "#0"},
				"down": {"uv": [10.125, 10.375, 10.25, 10.5], "rotation": 270, "texture": "#0"}
			}
		},
		{
			"name": "geardagger_47",
			"from": [7.65942, 3.82896, 6.33075],
			"to": [8.34058, 4.16362, 6.66541],
			"rotation": {"angle": 0, "axis": "y", "origin": [8.34058, -2.08, -19.44179]},
			"faces": {
				"north": {"uv": [10, 10.25, 10.125, 10.375], "texture": "#0"},
				"east": {"uv": [10, 10.375, 10.125, 10.25], "rotation": 180, "texture": "#0"},
				"south": {"uv": [10, 10.25, 10.125, 10.375], "texture": "#0"},
				"west": {"uv": [10, 10.25, 10.125, 10.375], "texture": "#0"},
				"up": {"uv": [10.125, 10.25, 10, 10.375], "rotation": 270, "texture": "#0"},
				"down": {"uv": [10, 10.25, 10.125, 10.375], "rotation": 270, "texture": "#0"}
			}
		},
		{
			"name": "geardagger_45",
			"from": [7.65942, 3.4943, 5.99609],
			"to": [8.34058, 4.49827, 6.33075],
			"rotation": {"angle": 0, "axis": "y", "origin": [8.34058, -2.08, -19.44179]},
			"faces": {
				"north": {"uv": [9.875, 10.125, 10, 10.5], "texture": "#0"},
				"east": {"uv": [9.875, 10.5, 10, 10.125], "rotation": 180, "texture": "#0"},
				"south": {"uv": [9.875, 10.125, 10, 10.5], "texture": "#0"},
				"west": {"uv": [9.875, 10.125, 10, 10.5], "texture": "#0"},
				"up": {"uv": [10, 10.125, 9.875, 10.25], "rotation": 270, "texture": "#0"},
				"down": {"uv": [9.875, 10.375, 10, 10.5], "rotation": 270, "texture": "#0"}
			}
		},
		{
			"name": "geardagger_33",
			"from": [7.65942, 4.16362, 5.66144],
			"to": [8.34058, 6.84086, 5.99609],
			"rotation": {"angle": 0, "axis": "y", "origin": [8.34058, -2.08, -19.44179]},
			"faces": {
				"north": {"uv": [9.75, 9.25, 9.875, 10.25], "texture": "#0"},
				"east": {"uv": [9.75, 10.25, 9.875, 9.25], "rotation": 180, "texture": "#0"},
				"south": {"uv": [9.75, 9.25, 9.875, 10.25], "texture": "#0"},
				"west": {"uv": [9.75, 9.25, 9.875, 10.25], "texture": "#0"},
				"up": {"uv": [9.875, 9.25, 9.75, 9.375], "rotation": 270, "texture": "#0"},
				"down": {"uv": [9.75, 10.125, 9.875, 10.25], "rotation": 270, "texture": "#0"}
			}
		},
		{
			"name": "geardagger_43",
			"from": [7.65942, 4.83293, 3.6535],
			"to": [8.34058, 5.50224, 3.98816],
			"rotation": {"angle": 0, "axis": "y", "origin": [8.34058, -2.08, -13.41798]},
			"faces": {
				"north": {"uv": [6.75, 9.75, 6.875, 10], "texture": "#0"},
				"east": {"uv": [6.75, 10, 6.875, 9.75], "rotation": 180, "texture": "#0"},
				"south": {"uv": [6.75, 9.75, 6.875, 10], "texture": "#0"},
				"west": {"uv": [6.75, 9.75, 6.875, 10], "texture": "#0"},
				"up": {"uv": [6.875, 9.75, 6.75, 9.875], "rotation": 270, "texture": "#0"},
				"down": {"uv": [6.75, 9.875, 6.875, 10], "rotation": 270, "texture": "#0"}
			}
		},
		{
			"name": "geardagger_40",
			"from": [7.65942, 5.16758, 3.98816],
			"to": [8.34058, 5.8369, 4.32282],
			"rotation": {"angle": 0, "axis": "y", "origin": [8.34058, -2.08, -13.41798]},
			"faces": {
				"north": {"uv": [6.875, 9.625, 7, 9.875], "texture": "#0"},
				"east": {"uv": [6.875, 9.875, 7, 9.625], "rotation": 180, "texture": "#0"},
				"south": {"uv": [6.875, 9.625, 7, 9.875], "texture": "#0"},
				"west": {"uv": [6.875, 9.625, 7, 9.875], "texture": "#0"},
				"up": {"uv": [7, 9.625, 6.875, 9.75], "rotation": 270, "texture": "#0"},
				"down": {"uv": [6.875, 9.75, 7, 9.875], "rotation": 270, "texture": "#0"}
			}
		},
		{
			"name": "geardagger_37",
			"from": [7.65942, 5.50224, 4.32282],
			"to": [8.34058, 6.17155, 4.65747],
			"rotation": {"angle": 0, "axis": "y", "origin": [8.34058, -2.08, -13.41798]},
			"faces": {
				"north": {"uv": [7, 9.5, 7.125, 9.75], "texture": "#0"},
				"east": {"uv": [7, 9.75, 7.125, 9.5], "rotation": 180, "texture": "#0"},
				"south": {"uv": [7, 9.5, 7.125, 9.75], "texture": "#0"},
				"west": {"uv": [7, 9.5, 7.125, 9.75], "texture": "#0"},
				"up": {"uv": [7.125, 9.5, 7, 9.625], "rotation": 270, "texture": "#0"},
				"down": {"uv": [7, 9.625, 7.125, 9.75], "rotation": 270, "texture": "#0"}
			}
		},
		{
			"name": "geardagger_17",
			"from": [7.65942, 5.8369, 4.65747],
			"to": [8.34058, 8.17949, 4.99213],
			"rotation": {"angle": 0, "axis": "y", "origin": [8.34058, -2.08, -13.41798]},
			"faces": {
				"north": {"uv": [7.125, 8.75, 7.25, 9.625], "texture": "#0"},
				"east": {"uv": [7.125, 9.625, 7.25, 8.75], "rotation": 180, "texture": "#0"},
				"south": {"uv": [7.125, 8.75, 7.25, 9.625], "texture": "#0"},
				"west": {"uv": [7.125, 8.75, 7.25, 9.625], "texture": "#0"},
				"up": {"uv": [7.25, 8.75, 7.125, 8.875], "rotation": 270, "texture": "#0"},
				"down": {"uv": [7.125, 9.5, 7.25, 9.625], "rotation": 270, "texture": "#0"}
			}
		},
		{
			"name": "geardagger_13",
			"from": [7.65942, 7.84483, 4.99213],
			"to": [8.34058, 8.51414, 5.32678],
			"rotation": {"angle": 0, "axis": "y", "origin": [8.34058, -2.08, -13.41798]},
			"faces": {
				"north": {"uv": [7.25, 8.625, 7.375, 8.875], "texture": "#0"},
				"east": {"uv": [7.25, 8.875, 7.375, 8.625], "rotation": 180, "texture": "#0"},
				"south": {"uv": [7.25, 8.625, 7.375, 8.875], "texture": "#0"},
				"west": {"uv": [7.25, 8.625, 7.375, 8.875], "texture": "#0"},
				"up": {"uv": [7.375, 8.625, 7.25, 8.75], "rotation": 270, "texture": "#0"},
				"down": {"uv": [7.25, 8.75, 7.375, 8.875], "rotation": 270, "texture": "#0"}
			}
		},
		{
			"name": "geardagger_9",
			"from": [7.65942, 8.17949, 5.32678],
			"to": [8.34058, 10.85674, 5.66144],
			"rotation": {"angle": 0, "axis": "y", "origin": [8.34058, -2.08, -13.41798]},
			"faces": {
				"north": {"uv": [7.375, 7.75, 7.5, 8.75], "texture": "#0"},
				"east": {"uv": [7.375, 8.75, 7.5, 7.75], "rotation": 180, "texture": "#0"},
				"south": {"uv": [7.375, 7.75, 7.5, 8.75], "texture": "#0"},
				"west": {"uv": [7.375, 7.75, 7.5, 8.75], "texture": "#0"},
				"up": {"uv": [7.5, 7.75, 7.375, 7.875], "rotation": 270, "texture": "#0"},
				"down": {"uv": [7.375, 8.625, 7.5, 8.75], "rotation": 270, "texture": "#0"}
			}
		},
		{
			"name": "geardagger_4",
			"from": [7.65942, 8.51414, 5.66144],
			"to": [8.34058, 19.89245, 5.9961],
			"rotation": {"angle": 0, "axis": "y", "origin": [8.34058, -2.08, -13.41798]},
			"faces": {
				"north": {"uv": [7.5, 4.375, 7.625, 8.625], "texture": "#0"},
				"east": {"uv": [7.5, 8.625, 7.625, 4.375], "rotation": 180, "texture": "#0"},
				"south": {"uv": [7.5, 4.375, 7.625, 8.625], "texture": "#0"},
				"west": {"uv": [7.5, 4.375, 7.625, 8.625], "texture": "#0"},
				"up": {"uv": [7.625, 4.375, 7.5, 4.5], "rotation": 270, "texture": "#0"},
				"down": {"uv": [7.5, 8.5, 7.625, 8.625], "rotation": 270, "texture": "#0"}
			}
		},
		{
			"name": "geardagger_1",
			"from": [7.65942, 19.55779, 5.9961],
			"to": [8.34058, 20.89642, 6.33075],
			"rotation": {"angle": 0, "axis": "y", "origin": [8.34058, -2.08, -13.41798]},
			"faces": {
				"north": {"uv": [7.625, 4, 7.75, 4.5], "texture": "#0"},
				"east": {"uv": [7.625, 4.5, 7.75, 4], "rotation": 180, "texture": "#0"},
				"south": {"uv": [7.625, 4, 7.75, 4.5], "texture": "#0"},
				"west": {"uv": [7.625, 4, 7.75, 4.5], "texture": "#0"},
				"up": {"uv": [7.75, 4, 7.625, 4.125], "rotation": 270, "texture": "#0"},
				"down": {"uv": [7.625, 4.375, 7.75, 4.5], "rotation": 270, "texture": "#0"}
			}
		},
		{
			"name": "geardagger_0",
			"from": [7.65942, 20.56176, 6.33075],
			"to": [8.34058, 21.56573, 6.66541],
			"rotation": {"angle": 0, "axis": "y", "origin": [8.34058, -2.08, -13.41798]},
			"faces": {
				"north": {"uv": [7.75, 3.75, 7.875, 4.125], "texture": "#0"},
				"east": {"uv": [7.75, 4.125, 7.875, 3.75], "rotation": 180, "texture": "#0"},
				"south": {"uv": [7.75, 3.75, 7.875, 4.125], "texture": "#0"},
				"west": {"uv": [7.75, 3.75, 7.875, 4.125], "texture": "#0"},
				"up": {"uv": [7.875, 3.75, 7.75, 3.875], "rotation": 270, "texture": "#0"},
				"down": {"uv": [7.75, 4, 7.875, 4.125], "rotation": 270, "texture": "#0"}
			}
		},
		{
			"name": "geardagger_2",
			"from": [7.65942, 19.55779, 6.66541],
			"to": [8.34058, 20.89642, 7.00006],
			"rotation": {"angle": 0, "axis": "y", "origin": [8.34058, -2.08, -13.41798]},
			"faces": {
				"north": {"uv": [7.875, 4, 8, 4.5], "texture": "#0"},
				"east": {"uv": [7.875, 4.5, 8, 4], "rotation": 180, "texture": "#0"},
				"south": {"uv": [7.875, 4, 8, 4.5], "texture": "#0"},
				"west": {"uv": [7.875, 4, 8, 4.5], "texture": "#0"},
				"up": {"uv": [8, 4, 7.875, 4.125], "rotation": 270, "texture": "#0"},
				"down": {"uv": [7.875, 4.375, 8, 4.5], "rotation": 270, "texture": "#0"}
			}
		},
		{
			"name": "geardagger_5",
			"from": [7.65942, 8.51414, 7.00006],
			"to": [8.34058, 19.89245, 7.33472],
			"rotation": {"angle": 0, "axis": "y", "origin": [8.34058, -2.08, -13.41798]},
			"faces": {
				"north": {"uv": [8, 4.375, 8.125, 8.625], "texture": "#0"},
				"east": {"uv": [8, 8.625, 8.125, 4.375], "rotation": 180, "texture": "#0"},
				"south": {"uv": [8, 4.375, 8.125, 8.625], "texture": "#0"},
				"west": {"uv": [8, 4.375, 8.125, 8.625], "texture": "#0"},
				"up": {"uv": [8.125, 4.375, 8, 4.5], "rotation": 270, "texture": "#0"},
				"down": {"uv": [8, 8.5, 8.125, 8.625], "rotation": 270, "texture": "#0"}
			}
		},
		{
			"name": "geardagger_10",
			"from": [7.65942, 8.17949, 7.33472],
			"to": [8.34058, 10.85674, 7.66938],
			"rotation": {"angle": 0, "axis": "y", "origin": [8.34058, -2.08, -13.41798]},
			"faces": {
				"north": {"uv": [8.125, 7.75, 8.25, 8.75], "texture": "#0"},
				"east": {"uv": [8.125, 8.75, 8.25, 7.75], "rotation": 180, "texture": "#0"},
				"south": {"uv": [8.125, 7.75, 8.25, 8.75], "texture": "#0"},
				"west": {"uv": [8.125, 7.75, 8.25, 8.75], "texture": "#0"},
				"up": {"uv": [8.25, 7.75, 8.125, 7.875], "rotation": 270, "texture": "#0"},
				"down": {"uv": [8.125, 8.625, 8.25, 8.75], "rotation": 270, "texture": "#0"}
			}
		},
		{
			"name": "geardagger_14",
			"from": [7.65942, 7.84483, 7.66938],
			"to": [8.34058, 8.51414, 8.00403],
			"rotation": {"angle": 0, "axis": "y", "origin": [8.34058, -2.08, -13.41798]},
			"faces": {
				"north": {"uv": [8.25, 8.625, 8.375, 8.875], "texture": "#0"},
				"east": {"uv": [8.25, 8.875, 8.375, 8.625], "rotation": 180, "texture": "#0"},
				"south": {"uv": [8.25, 8.625, 8.375, 8.875], "texture": "#0"},
				"west": {"uv": [8.25, 8.625, 8.375, 8.875], "texture": "#0"},
				"up": {"uv": [8.375, 8.625, 8.25, 8.75], "rotation": 270, "texture": "#0"},
				"down": {"uv": [8.25, 8.75, 8.375, 8.875], "rotation": 270, "texture": "#0"}
			}
		},
		{
			"name": "geardagger_18",
			"from": [7.65942, 6.17155, 8.00403],
			"to": [8.34058, 8.17949, 8.33869],
			"rotation": {"angle": 0, "axis": "y", "origin": [8.34058, -2.08, -13.41798]},
			"faces": {
				"north": {"uv": [8.375, 8.75, 8.5, 9.5], "texture": "#0"},
				"east": {"uv": [8.375, 9.5, 8.5, 8.75], "rotation": 180, "texture": "#0"},
				"south": {"uv": [8.375, 8.75, 8.5, 9.5], "texture": "#0"},
				"west": {"uv": [8.375, 8.75, 8.5, 9.5], "texture": "#0"},
				"up": {"uv": [8.5, 8.75, 8.375, 8.875], "rotation": 270, "texture": "#0"},
				"down": {"uv": [8.375, 9.375, 8.5, 9.5], "rotation": 270, "texture": "#0"}
			}
		},
		{
			"name": "geardagger_38",
			"from": [7.65942, 5.50224, 7.66938],
			"to": [8.34058, 6.17155, 8.00403],
			"rotation": {"angle": 0, "axis": "y", "origin": [8.34058, -2.08, -13.41798]},
			"faces": {
				"north": {"uv": [8.25, 9.5, 8.375, 9.75], "texture": "#0"},
				"east": {"uv": [8.25, 9.75, 8.375, 9.5], "rotation": 180, "texture": "#0"},
				"south": {"uv": [8.25, 9.5, 8.375, 9.75], "texture": "#0"},
				"west": {"uv": [8.25, 9.5, 8.375, 9.75], "texture": "#0"},
				"up": {"uv": [8.375, 9.5, 8.25, 9.625], "rotation": 270, "texture": "#0"},
				"down": {"uv": [8.25, 9.625, 8.375, 9.75], "rotation": 270, "texture": "#0"}
			}
		},
		{
			"name": "geardagger_41",
			"from": [7.65942, 5.16758, 7.33472],
			"to": [8.34058, 5.8369, 7.66938],
			"rotation": {"angle": 0, "axis": "y", "origin": [8.34058, -2.08, -13.41798]},
			"faces": {
				"north": {"uv": [8.125, 9.625, 8.25, 9.875], "texture": "#0"},
				"east": {"uv": [8.125, 9.875, 8.25, 9.625], "rotation": 180, "texture": "#0"},
				"south": {"uv": [8.125, 9.625, 8.25, 9.875], "texture": "#0"},
				"west": {"uv": [8.125, 9.625, 8.25, 9.875], "texture": "#0"},
				"up": {"uv": [8.25, 9.625, 8.125, 9.75], "rotation": 270, "texture": "#0"},
				"down": {"uv": [8.125, 9.75, 8.25, 9.875], "rotation": 270, "texture": "#0"}
			}
		},
		{
			"name": "geardagger_48",
			"from": [7.75392, 2.82499, 6.33075],
			"to": [8.24608, 3.82896, 6.66541],
			"rotation": {"angle": 0, "axis": "y", "origin": [8.24608, -2.08, -13.41798]},
			"faces": {
				"north": {"uv": [7.75, 10.375, 7.875, 10.75], "texture": "#0"},
				"east": {"uv": [7.75, 10.75, 7.875, 10.375], "rotation": 180, "texture": "#0"},
				"south": {"uv": [7.75, 10.375, 7.875, 10.75], "texture": "#0"},
				"west": {"uv": [7.75, 10.375, 7.875, 10.75], "texture": "#0"},
				"up": {"uv": [7.875, 10.375, 7.75, 10.5], "rotation": 270, "texture": "#0"},
				"down": {"uv": [7.75, 10.625, 7.875, 10.75], "rotation": 270, "texture": "#0"}
			}
		},
		{
			"name": "geardagger_49",
			"from": [7.75392, 2.82499, 5.9961],
			"to": [8.24608, 3.4943, 6.33075],
			"rotation": {"angle": 0, "axis": "y", "origin": [8.24608, -2.08, -13.41798]},
			"faces": {
				"north": {"uv": [7.625, 10.5, 7.75, 10.75], "texture": "#0"},
				"east": {"uv": [7.625, 10.75, 7.75, 10.5], "rotation": 180, "texture": "#0"},
				"south": {"uv": [7.625, 10.5, 7.75, 10.75], "texture": "#0"},
				"west": {"uv": [7.625, 10.5, 7.75, 10.75], "texture": "#0"},
				"up": {"uv": [7.75, 10.5, 7.625, 10.625], "rotation": 270, "texture": "#0"},
				"down": {"uv": [7.625, 10.625, 7.75, 10.75], "rotation": 270, "texture": "#0"}
			}
		},
		{
			"name": "geardagger_50",
			"from": [7.75392, 2.82499, 6.66541],
			"to": [8.24608, 3.4943, 7.00006],
			"rotation": {"angle": 0, "axis": "y", "origin": [8.24608, -2.08, -13.41798]},
			"faces": {
				"north": {"uv": [7.875, 10.5, 8, 10.75], "texture": "#0"},
				"east": {"uv": [7.875, 10.75, 8, 10.5], "rotation": 180, "texture": "#0"},
				"south": {"uv": [7.875, 10.5, 8, 10.75], "texture": "#0"},
				"west": {"uv": [7.875, 10.5, 8, 10.75], "texture": "#0"},
				"up": {"uv": [8, 10.5, 7.875, 10.625], "rotation": 270, "texture": "#0"},
				"down": {"uv": [7.875, 10.625, 8, 10.75], "rotation": 270, "texture": "#0"}
			}
		},
		{
			"name": "geardagger_51",
			"from": [7.81692, 0.14774, 5.9961],
			"to": [8.18308, 2.82499, 7.00006],
			"rotation": {"angle": 0, "axis": "y", "origin": [8.18308, -2.08, -15.76058]},
			"faces": {
				"north": {"uv": [8.5, 10.75, 8.625, 11.75], "texture": "#0"},
				"east": {"uv": [8.5, 11.75, 8.875, 10.75], "rotation": 180, "texture": "#0"},
				"south": {"uv": [8.75, 10.75, 8.875, 11.75], "texture": "#0"},
				"west": {"uv": [8.5, 10.75, 8.875, 11.75], "texture": "#0"},
				"up": {"uv": [8.875, 10.75, 8.5, 10.875], "rotation": 270, "texture": "#0"},
				"down": {"uv": [8.5, 11.625, 8.875, 11.75], "rotation": 270, "texture": "#0"}
			}
		},
		{
			"name": "geardagger_52",
			"from": [7.72242, -0.18691, 5.9961],
			"to": [8.27758, 0.14774, 7.00006],
			"rotation": {"angle": 0, "axis": "y", "origin": [8.27758, -2.08, -13.41798]},
			"faces": {
				"north": {"uv": [7.625, 11.75, 7.75, 11.875], "texture": "#0"},
				"east": {"uv": [7.625, 11.875, 8, 11.75], "rotation": 180, "texture": "#0"},
				"south": {"uv": [7.875, 11.75, 8, 11.875], "texture": "#0"},
				"west": {"uv": [7.625, 11.75, 8, 11.875], "texture": "#0"},
				"up": {"uv": [8, 11.75, 7.625, 11.875], "rotation": 270, "texture": "#0"},
				"down": {"uv": [7.625, 11.75, 8, 11.875], "rotation": 270, "texture": "#0"}
			}
		},
		{
			"name": "geardagger_53",
			"from": [7.65942, -1.19088, 5.64128],
			"to": [8.34058, -0.18691, 7.31456],
			"rotation": {"angle": 0, "axis": "y", "origin": [8.34058, -2.08, -13.41798]},
			"faces": {
				"north": {"uv": [9.375, 11.875, 9.5, 12.25], "texture": "#0"},
				"east": {"uv": [9.375, 12.25, 10, 11.875], "rotation": 180, "texture": "#0"},
				"south": {"uv": [9.875, 11.875, 10, 12.25], "texture": "#0"},
				"west": {"uv": [9.375, 11.875, 10, 12.25], "texture": "#0"},
				"up": {"uv": [10, 11.875, 9.375, 12], "rotation": 270, "texture": "#0"},
				"down": {"uv": [9.375, 12.125, 10, 12.25], "rotation": 270, "texture": "#0"}
			}
		},
		{
			"name": "geardagger_54",
			"from": [7.65942, -1.19088, 5.30662],
			"to": [8.34058, -0.52157, 5.64128],
			"rotation": {"angle": 0, "axis": "y", "origin": [8.34058, -2.08, -13.41798]},
			"faces": {
				"north": {"uv": [9.25, 12, 9.375, 12.25], "texture": "#0"},
				"east": {"uv": [9.25, 12.25, 9.375, 12], "rotation": 180, "texture": "#0"},
				"south": {"uv": [9.25, 12, 9.375, 12.25], "texture": "#0"},
				"west": {"uv": [9.25, 12, 9.375, 12.25], "texture": "#0"},
				"up": {"uv": [9.375, 12, 9.25, 12.125], "rotation": 270, "texture": "#0"},
				"down": {"uv": [9.25, 12.125, 9.375, 12.25], "rotation": 270, "texture": "#0"}
			}
		},
		{
			"name": "geardagger_56",
			"from": [7.65942, -1.19088, 4.97197],
			"to": [8.34058, -0.85622, 5.30662],
			"rotation": {"angle": 0, "axis": "y", "origin": [8.34058, -2.08, -13.41798]},
			"faces": {
				"north": {"uv": [9.125, 12.125, 9.25, 12.25], "texture": "#0"},
				"east": {"uv": [9.125, 12.25, 9.25, 12.125], "rotation": 180, "texture": "#0"},
				"south": {"uv": [9.125, 12.125, 9.25, 12.25], "texture": "#0"},
				"west": {"uv": [9.125, 12.125, 9.25, 12.25], "texture": "#0"},
				"up": {"uv": [9.25, 12.125, 9.125, 12.25], "rotation": 270, "texture": "#0"},
				"down": {"uv": [9.125, 12.125, 9.25, 12.25], "rotation": 270, "texture": "#0"}
			}
		},
		{
			"name": "geardagger_55",
			"from": [7.65942, -1.19088, 7.31456],
			"to": [8.34058, -0.52157, 7.64922],
			"rotation": {"angle": 0, "axis": "y", "origin": [8.34058, -2.08, -13.41798]},
			"faces": {
				"north": {"uv": [10, 12, 10.125, 12.25], "texture": "#0"},
				"east": {"uv": [10, 12.25, 10.125, 12], "rotation": 180, "texture": "#0"},
				"south": {"uv": [10, 12, 10.125, 12.25], "texture": "#0"},
				"west": {"uv": [10, 12, 10.125, 12.25], "texture": "#0"},
				"up": {"uv": [10.125, 12, 10, 12.125], "rotation": 270, "texture": "#0"},
				"down": {"uv": [10, 12.125, 10.125, 12.25], "rotation": 270, "texture": "#0"}
			}
		},
		{
			"name": "geardagger_57",
			"from": [7.65942, -1.19088, 7.64922],
			"to": [8.34058, -0.85622, 7.98387],
			"rotation": {"angle": 0, "axis": "y", "origin": [8.34058, -2.08, -13.41798]},
			"faces": {
				"north": {"uv": [10.125, 12.125, 10.25, 12.25], "texture": "#0"},
				"east": {"uv": [10.125, 12.25, 10.25, 12.125], "rotation": 180, "texture": "#0"},
				"south": {"uv": [10.125, 12.125, 10.25, 12.25], "texture": "#0"},
				"west": {"uv": [10.125, 12.125, 10.25, 12.25], "texture": "#0"},
				"up": {"uv": [10.25, 12.125, 10.125, 12.25], "rotation": 270, "texture": "#0"},
				"down": {"uv": [10.125, 12.125, 10.25, 12.25], "rotation": 270, "texture": "#0"}
			}
		}
	],
	"display": {
		"thirdperson_righthand": {
			"scale": [0, 0, 0]
		},
		"thirdperson_lefthand": {
			"translation": [0, 1.75, 3]
		},
		"firstperson_righthand": {
			"scale": [0, 0, 0]
		},
		"firstperson_lefthand": {
			"scale": [0, 0, 0]
		},
		"ground": {
			"scale": [0, 0, 0]
		},
		"gui": {
			"scale": [0, 0, 0]
		}
	},
	"groups": [
		{
			"name": "geardagger",
			"origin": [8, 8, 8],
			"color": 0,
			"nbt": "{}",
			"armAnimationEnabled": false,
			"children": [
				{
					"name": "group",
					"origin": [8.2703, 0, -8.9984],
					"color": 0,
					"nbt": "{}",
					"armAnimationEnabled": false,
					"children": [0, 1, 2, 3, 4, 5, 6, 7, 8, 9, 10, 11, 12, 13]
				},
				14,
				{
					"name": "group",
					"origin": [8.2703, 0, -8.9984],
					"color": 0,
					"nbt": "{}",
					"armAnimationEnabled": false,
					"children": [15, 16, 17, 18, 19]
				},
				{
					"name": "group",
					"origin": [8.2703, 0, -8.9984],
					"color": 0,
					"nbt": "{}",
					"armAnimationEnabled": false,
					"children": [20, 21, 22, 23, 24, 25, 26, 27, 28, 29, 30, 31]
				},
				{
					"name": "group",
					"origin": [8.2703, 0, -8.9984],
					"color": 0,
					"nbt": "{}",
					"armAnimationEnabled": false,
					"children": [32, 33, 34, 35, 36, 37, 38, 39, 40, 41, 42, 43, 44, 45, 46, 47]
				},
				48,
				49,
				50,
				51,
				52,
				{
					"name": "group",
					"origin": [8.2703, 0, -8.9984],
					"color": 0,
					"nbt": "{}",
					"armAnimationEnabled": false,
					"children": [53, 54, 55, 56, 57]
				}
			]
		}
	]
}