{
	"credit": "Made with Blockbench",
	"textures": {
		"3": "custom/decor/book_purple",
		"particle": "custom/decor/book_red"
	},
	"elements": [
		{
			"from": [7.09033, 0, -1.09461],
			"to": [11.09033, 2, 3.90539],
			"rotation": {"angle": -22.5, "axis": "y", "origin": [10.80397, 4, 4.31834]},
			"faces": {
				"north": {"uv": [8, 10, 4, 13], "texture": "#3"},
				"east": {"uv": [9, 5, 12, 0], "rotation": 90, "texture": "#3"},
				"south": {"uv": [4, 6, 8, 9], "texture": "#3"},
				"west": {"uv": [3, 5, 0, 0], "rotation": 90, "texture": "#3"},
				"up": {"uv": [4, 0, 8, 5], "texture": "#3"},
				"down": {"uv": [4, 5, 8, 0], "texture": "#3"}
			}
		},
		{
			"from": [5.65673, 0, 4.9385],
			"to": [9.65673, 2, 9.9385],
			"rotation": {"angle": 0, "axis": "y", "origin": [10.80397, 4, 4.31834]},
			"faces": {
				"north": {"uv": [8, 10, 4, 13], "texture": "#3"},
				"east": {"uv": [9, 5, 12, 0], "rotation": 90, "texture": "#3"},
				"south": {"uv": [4, 6, 8, 9], "texture": "#3"},
				"west": {"uv": [3, 5, 0, 0], "rotation": 90, "texture": "#3"},
				"up": {"uv": [4, 0, 8, 5], "texture": "#3"},
				"down": {"uv": [4, 5, 8, 0], "texture": "#3"}
			}
		},
		{
			"from": [10.8394, 2, -0.8796],
			"to": [14.8394, 4, 4.1204],
			"rotation": {"angle": 45, "axis": "y", "origin": [10.80397, 4, 4.31834]},
			"faces": {
				"north": {"uv": [8, 10, 4, 13], "texture": "#3"},
				"east": {"uv": [9, 5, 12, 0], "rotation": 90, "texture": "#3"},
				"south": {"uv": [4, 6, 8, 9], "texture": "#3"},
				"west": {"uv": [3, 5, 0, 0], "rotation": 90, "texture": "#3"},
				"up": {"uv": [4, 0, 8, 5], "texture": "#3"},
				"down": {"uv": [4, 5, 8, 0], "texture": "#3"}
			}
		},
		{
			"from": [7.09033, 4, -1.09461],
			"to": [11.09033, 6, 3.90539],
			"rotation": {"angle": -22.5, "axis": "y", "origin": [10.80397, 4, 4.31834]},
			"faces": {
				"north": {"uv": [8, 10, 4, 13], "texture": "#3"},
				"east": {"uv": [9, 5, 12, 0], "rotation": 90, "texture": "#3"},
				"south": {"uv": [4, 6, 8, 9], "texture": "#3"},
				"west": {"uv": [3, 5, 0, 0], "rotation": 90, "texture": "#3"},
				"up": {"uv": [4, 0, 8, 5], "texture": "#3"},
				"down": {"uv": [4, 5, 8, 0], "texture": "#3"}
			}
		},
		{
			"from": [9.65201, 6, -1.45316],
			"to": [13.65201, 8, 3.54684],
			"rotation": {"angle": 22.5, "axis": "y", "origin": [10.80397, 4, 4.31834]},
			"faces": {
				"north": {"uv": [8, 10, 4, 13], "texture": "#3"},
				"east": {"uv": [9, 5, 12, 0], "rotation": 90, "texture": "#3"},
				"south": {"uv": [4, 6, 8, 9], "texture": "#3"},
				"west": {"uv": [3, 5, 0, 0], "rotation": 90, "texture": "#3"},
				"up": {"uv": [4, 0, 8, 5], "texture": "#3"},
				"down": {"uv": [4, 5, 8, 0], "texture": "#3"}
			}
		},
		{
			"from": [12.93809, 0, 2.25877],
			"to": [16.93809, 2, 7.25877],
			"rotation": {"angle": -22.5, "axis": "y", "origin": [10.80397, 4, 4.31834]},
			"faces": {
				"north": {"uv": [8, 10, 4, 13], "texture": "#3"},
				"east": {"uv": [9, 5, 12, 0], "rotation": 90, "texture": "#3"},
				"south": {"uv": [4, 6, 8, 9], "texture": "#3"},
				"west": {"uv": [3, 5, 0, 0], "rotation": 90, "texture": "#3"},
				"up": {"uv": [4, 0, 8, 5], "texture": "#3"},
				"down": {"uv": [4, 5, 8, 0], "texture": "#3"}
			}
		},
		{
			"from": [3.85572, 2, 1.60346],
			"to": [7.85572, 4, 6.60346],
			"rotation": {"angle": 45, "axis": "y", "origin": [10.80397, 4, 4.31834]},
			"faces": {
				"north": {"uv": [8, 10, 4, 13], "texture": "#3"},
				"east": {"uv": [9, 5, 12, 0], "rotation": 90, "texture": "#3"},
				"south": {"uv": [4, 6, 8, 9], "texture": "#3"},
				"west": {"uv": [3, 5, 0, 0], "rotation": 90, "texture": "#3"},
				"up": {"uv": [4, 0, 8, 5], "texture": "#3"},
				"down": {"uv": [4, 5, 8, 0], "texture": "#3"}
			}
		},
		{
			"from": [1.39102, 0, 13.03198],
			"to": [6.39102, 2, 17.03198],
			"rotation": {"angle": 0, "axis": "y", "origin": [6.80397, 4, 13.31834]},
			"faces": {
				"north": {"uv": [9, 5, 12, 0], "rotation": 90, "texture": "#3"},
				"east": {"uv": [4, 6, 8, 9], "texture": "#3"},
				"south": {"uv": [3, 5, 0, 0], "rotation": 90, "texture": "#3"},
				"west": {"uv": [8, 10, 4, 13], "texture": "#3"},
				"up": {"uv": [4, 0, 8, 5], "rotation": 270, "texture": "#3"},
				"down": {"uv": [4, 5, 8, 0], "rotation": 90, "texture": "#3"}
			}
		},
		{
			"from": [2.76854, 2, 13.51627],
			"to": [6.76854, 4, 18.51627],
			"rotation": {"angle": -22.5, "axis": "y", "origin": [6.80397, 4, 13.31834]},
			"faces": {
				"north": {"uv": [4, 6, 8, 9], "texture": "#3"},
				"east": {"uv": [3, 5, 0, 0], "rotation": 90, "texture": "#3"},
				"south": {"uv": [8, 10, 4, 13], "texture": "#3"},
				"west": {"uv": [9, 5, 12, 0], "rotation": 90, "texture": "#3"},
				"up": {"uv": [4, 0, 8, 5], "rotation": 180, "texture": "#3"},
				"down": {"uv": [4, 5, 8, 0], "rotation": 180, "texture": "#3"}
			}
		},
		{
			"from": [1.39102, 4, 13.03198],
			"to": [6.39102, 6, 17.03198],
			"rotation": {"angle": 0, "axis": "y", "origin": [6.80397, 4, 13.31834]},
			"faces": {
				"north": {"uv": [9, 5, 12, 0], "rotation": 90, "texture": "#3"},
				"east": {"uv": [4, 6, 8, 9], "texture": "#3"},
				"south": {"uv": [3, 5, 0, 0], "rotation": 90, "texture": "#3"},
				"west": {"uv": [8, 10, 4, 13], "texture": "#3"},
				"up": {"uv": [4, 0, 8, 5], "rotation": 270, "texture": "#3"},
				"down": {"uv": [4, 5, 8, 0], "rotation": 90, "texture": "#3"}
			}
		},
		{
			"from": [1.89102, 8, 12.53198],
			"to": [5.89102, 10, 17.53198],
			"rotation": {"angle": 22.5, "axis": "y", "origin": [3.89102, 9, 15.03198]},
			"faces": {
				"north": {"uv": [4, 6, 8, 9], "texture": "#3"},
				"east": {"uv": [3, 5, 0, 0], "rotation": 90, "texture": "#3"},
				"south": {"uv": [8, 10, 4, 13], "texture": "#3"},
				"west": {"uv": [9, 5, 12, 0], "rotation": 90, "texture": "#3"},
				"up": {"uv": [4, 0, 8, 5], "rotation": 180, "texture": "#3"},
				"down": {"uv": [4, 5, 8, 0], "rotation": 180, "texture": "#3"}
			}
		},
		{
			"from": [1.03248, 6, 10.4703],
			"to": [6.03248, 8, 14.4703],
			"rotation": {"angle": 45, "axis": "y", "origin": [6.80397, 4, 13.31834]},
			"faces": {
				"north": {"uv": [9, 5, 12, 0], "rotation": 90, "texture": "#3"},
				"east": {"uv": [4, 6, 8, 9], "texture": "#3"},
				"south": {"uv": [3, 5, 0, 0], "rotation": 90, "texture": "#3"},
				"west": {"uv": [8, 10, 4, 13], "texture": "#3"},
				"up": {"uv": [4, 0, 8, 5], "rotation": 270, "texture": "#3"},
				"down": {"uv": [4, 5, 8, 0], "rotation": 90, "texture": "#3"}
			}
		},
		{
			"from": [9.75222, 2, 11.03322],
			"to": [13.75222, 4, 16.03322],
			"rotation": {"angle": -22.5, "axis": "y", "origin": [6.80397, 4, 13.31834]},
			"faces": {
				"north": {"uv": [4, 6, 8, 9], "texture": "#3"},
				"east": {"uv": [3, 5, 0, 0], "rotation": 90, "texture": "#3"},
				"south": {"uv": [8, 10, 4, 13], "texture": "#3"},
				"west": {"uv": [9, 5, 12, 0], "rotation": 90, "texture": "#3"},
				"up": {"uv": [4, 0, 8, 5], "rotation": 180, "texture": "#3"},
				"down": {"uv": [4, 5, 8, 0], "rotation": 180, "texture": "#3"}
			}
		},
		{
			"from": [7.42413, 0, 14.46558],
			"to": [12.42413, 2, 18.46558],
			"rotation": {"angle": 22.5, "axis": "y", "origin": [6.80397, 4, 13.31834]},
			"faces": {
				"north": {"uv": [9, 5, 12, 0], "rotation": 90, "texture": "#3"},
				"east": {"uv": [4, 6, 8, 9], "texture": "#3"},
				"south": {"uv": [3, 5, 0, 0], "rotation": 90, "texture": "#3"},
				"west": {"uv": [8, 10, 4, 13], "texture": "#3"},
				"up": {"uv": [4, 0, 8, 5], "rotation": 270, "texture": "#3"},
				"down": {"uv": [4, 5, 8, 0], "rotation": 90, "texture": "#3"}
			}
		}
	]
}