{
	"credit": "Made with Blockbench",
	"texture_size": [128, 128],
	"textures": {
		"0": "custom/decor/garden_bench",
		"particle": "custom/decor/garden_bench"
	},
	"elements": [
		{
			"from": [-14, 8, 0],
			"to": [30, 10, 4],
			"rotation": {"angle": 0, "axis": "y", "origin": [0, 8, 0]},
			"faces": {
				"north": {"uv": [5.5, 4.75, 11, 5], "texture": "#0"},
				"south": {"uv": [5.5, 6.5, 0, 6.25], "texture": "#0"},
				"west": {"uv": [1.5, 7, 2, 7.25], "texture": "#0"},
				"up": {"uv": [5.5, 3.25, 0, 2.75], "texture": "#0"},
				"down": {"uv": [5.5, 3.25, 0, 3.75], "texture": "#0"}
			}
		},
		{
			"from": [-14, 8, 11],
			"to": [30, 10, 15],
			"rotation": {"angle": 0, "axis": "y", "origin": [0, 8, 0]},
			"faces": {
				"north": {"uv": [5.5, 4.75, 11, 5], "texture": "#0"},
				"south": {"uv": [5.5, 6.5, 0, 6.25], "texture": "#0"},
				"west": {"uv": [2.5, 7, 3, 7.25], "texture": "#0"},
				"up": {"uv": [5.5, 4.25, 0, 3.75], "texture": "#0"},
				"down": {"uv": [5.5, 4.25, 0, 4.75], "texture": "#0"}
			}
		},
		{
			"from": [-14, 8, 5],
			"to": [30, 10, 10],
			"rotation": {"angle": 0, "axis": "y", "origin": [0, 8, 0]},
			"faces": {
				"north": {"uv": [5.5, 4.75, 11, 5], "texture": "#0"},
				"south": {"uv": [5.5, 6.5, 0, 6.25], "texture": "#0"},
				"west": {"uv": [6.625, 6.75, 7.25, 7], "texture": "#0"},
				"up": {"uv": [5.5, 2.125, 0, 1.5], "texture": "#0"},
				"down": {"uv": [5.5, 2.125, 0, 2.75], "texture": "#0"}
			}
		},
		{
			"from": [30, 8, 0],
			"to": [31.75, 10, 16],
			"rotation": {"angle": 0, "axis": "y", "origin": [0, 8, 0]},
			"faces": {
				"north": {"uv": [4.5, 7, 4.75, 7.25], "texture": "#0"},
				"east": {"uv": [1, 6.75, 3, 7], "texture": "#0"},
				"west": {"uv": [3, 6.75, 5, 7], "texture": "#0"},
				"up": {"uv": [5.25, 8.75, 5, 6.75], "texture": "#0"},
				"down": {"uv": [5.5, 6.75, 5.25, 8.75], "texture": "#0"}
			}
		},
		{
			"from": [31, 10, 1],
			"to": [31, 17, 18],
			"rotation": {"angle": 0, "axis": "y", "origin": [0, 14, 2]},
			"faces": {
				"east": {"uv": [5.5, 1, 7.625, 1.875], "texture": "#0"},
				"west": {"uv": [7.625, 1, 5.5, 1.875], "texture": "#0"}
			}
		},
		{
			"from": [31, 0, 1],
			"to": [31, 8, 15],
			"rotation": {"angle": 0, "axis": "y", "origin": [0, 5, 2]},
			"faces": {
				"east": {"uv": [5.5, 2.75, 7.25, 3.75], "texture": "#0"},
				"west": {"uv": [7.25, 2.75, 5.5, 3.75], "texture": "#0"}
			}
		},
		{
			"from": [-14, 16.46924, 18.66832],
			"to": [30, 22.46924, 20.66832],
			"rotation": {"angle": 22.5, "axis": "x", "origin": [8, 19.46924, 19.66832]},
			"faces": {
				"north": {"uv": [0, 0, 5.5, 0.75], "texture": "#0"},
				"south": {"uv": [0, 0.75, 5.5, 1.5], "texture": "#0"},
				"west": {"uv": [5.75, 6.75, 6, 7.5], "texture": "#0"},
				"up": {"uv": [5.5, 6.5, 0, 6.25], "texture": "#0"},
				"down": {"uv": [5.5, 4.75, 11, 5], "texture": "#0"}
			}
		},
		{
			"from": [-14, 11.46924, 18.66832],
			"to": [30, 15.46924, 20.66832],
			"rotation": {"angle": 22.5, "axis": "x", "origin": [8, 19.46924, 19.66832]},
			"faces": {
				"north": {"uv": [5.5, 0, 11, 0.5], "texture": "#0"},
				"south": {"uv": [5.5, 0.5, 11, 1], "texture": "#0"},
				"west": {"uv": [3.75, 7, 4, 7.5], "texture": "#0"},
				"up": {"uv": [5.5, 6.5, 0, 6.25], "texture": "#0"},
				"down": {"uv": [5.5, 4.75, 11, 5], "texture": "#0"}
			}
		},
		{
			"from": [-14, 23.46924, 18.66832],
			"to": [30, 27.46924, 20.66832],
			"rotation": {"angle": 22.5, "axis": "x", "origin": [8, 19.46924, 19.66832]},
			"faces": {
				"north": {"uv": [0, 4.75, 5.5, 5.25], "texture": "#0"},
				"south": {"uv": [0, 5.25, 5.5, 5.75], "texture": "#0"},
				"west": {"uv": [3.25, 7, 3.5, 7.5], "texture": "#0"},
				"up": {"uv": [5.5, 6.5, 0, 6.25], "texture": "#0"},
				"down": {"uv": [5.5, 4.75, 11, 5], "texture": "#0"}
			}
		},
		{
			"from": [30, 7.46924, 18.66832],
			"to": [32, 28.46924, 20.66832],
			"rotation": {"angle": 22.5, "axis": "x", "origin": [10, 19.46924, 19.66832]},
			"faces": {
				"north": {"uv": [0, 6.75, 0.25, 9.375], "texture": "#0"},
				"east": {"uv": [0.25, 6.75, 0.5, 9.375], "texture": "#0"},
				"south": {"uv": [0.5, 6.75, 0.75, 9.375], "texture": "#0"},
				"west": {"uv": [0.75, 6.75, 1, 9.375], "texture": "#0"},
				"up": {"uv": [4.25, 7.25, 4, 7], "texture": "#0"}
			}
		},
		{
			"from": [-16, 7.46924, 18.66832],
			"to": [-14, 28.46924, 20.66832],
			"rotation": {"angle": 22.5, "axis": "x", "origin": [6, 19.46924, 19.66832]},
			"faces": {
				"north": {"uv": [0.25, 6.75, 0, 9.375], "texture": "#0"},
				"east": {"uv": [1, 6.75, 0.75, 9.375], "texture": "#0"},
				"south": {"uv": [0.75, 6.75, 0.5, 9.375], "texture": "#0"},
				"west": {"uv": [0.5, 6.75, 0.25, 9.375], "texture": "#0"},
				"up": {"uv": [4, 7.25, 4.25, 7], "texture": "#0"}
			}
		},
		{
			"from": [-15, 10, 1],
			"to": [-15, 17, 18],
			"rotation": {"angle": 0, "axis": "y", "origin": [16, 14, 2]},
			"faces": {
				"east": {"uv": [5.5, 1, 7.625, 1.875], "texture": "#0"},
				"west": {"uv": [7.625, 1, 5.5, 1.875], "texture": "#0"}
			}
		},
		{
			"from": [-15.75, 8, 0],
			"to": [-14, 10, 16],
			"rotation": {"angle": 0, "axis": "y", "origin": [16, 8, 0]},
			"faces": {
				"north": {"uv": [4.75, 7, 4.5, 7.25], "texture": "#0"},
				"east": {"uv": [5, 6.75, 3, 7], "texture": "#0"},
				"west": {"uv": [3, 6.75, 1, 7], "texture": "#0"},
				"up": {"uv": [5, 8.75, 5.25, 6.75], "texture": "#0"},
				"down": {"uv": [5.25, 6.75, 5.5, 8.75], "texture": "#0"}
			}
		},
		{
			"from": [-15, 0, 1],
			"to": [-15, 8, 15],
			"rotation": {"angle": 0, "axis": "y", "origin": [16, 5, 2]},
			"faces": {
				"east": {"uv": [5.5, 2.75, 7.25, 3.75], "texture": "#0"},
				"west": {"uv": [7.25, 2.75, 5.5, 3.75], "texture": "#0"}
			}
		}
	]
}