{
	"credit": "Made with Blockbench",
	"texture_size": [64, 32],
	"textures": {
		"0": "custom/decor/skeleton"
	},
	"elements": [
		{
			"name": "body",
			"from": [4, 0, 0],
			"to": [12, 4, 12],
			"rotation": {"angle": 0, "axis": "x", "origin": [8, 2, 0]},
			"faces": {
				"north": {"uv": [7, 10, 5, 8], "rotation": 180, "texture": "#0"},
				"east": {"uv": [4, 10, 5, 16], "rotation": 90, "texture": "#0"},
				"south": {"uv": [9, 8, 7, 10], "texture": "#0"},
				"west": {"uv": [7, 10, 8, 16], "rotation": 270, "texture": "#0"},
				"up": {"uv": [8, 10, 10, 16], "texture": "#0"},
				"down": {"uv": [5, 10, 7, 16], "rotation": 180, "texture": "#0"}
			}
		},
		{
			"name": "left_arm",
			"from": [2, 0, -1],
			"to": [4, 2, 11],
			"rotation": {"angle": 0, "axis": "x", "origin": [3, 1, 0]},
			"faces": {
				"north": {"uv": [10.5, 9, 11, 8], "rotation": 180, "texture": "#0"},
				"east": {"uv": [11.5, 9, 11, 15], "rotation": 90, "texture": "#0"},
				"south": {"uv": [11, 8, 11.5, 9], "texture": "#0"},
				"west": {"uv": [10.5, 9, 10, 15], "rotation": 270, "texture": "#0"},
				"up": {"uv": [12, 9, 11.5, 15], "texture": "#0"},
				"down": {"uv": [11, 9, 10.5, 15], "rotation": 180, "texture": "#0"}
			}
		},
		{
			"name": "right_arm",
			"from": [12, 0, -1],
			"to": [14, 2, 11],
			"rotation": {"angle": 0, "axis": "x", "origin": [13, 1, 0]},
			"faces": {
				"north": {"uv": [11, 9, 10.5, 8], "rotation": 180, "texture": "#0"},
				"east": {"uv": [10, 9, 10.5, 15], "rotation": 90, "texture": "#0"},
				"south": {"uv": [11.5, 8, 11, 9], "texture": "#0"},
				"west": {"uv": [11, 9, 11.5, 15], "rotation": 270, "texture": "#0"},
				"up": {"uv": [11.5, 9, 12, 15], "texture": "#0"},
				"down": {"uv": [10.5, 9, 11, 15], "rotation": 180, "texture": "#0"}
			}
		},
		{
			"name": "head",
			"from": [4, -2, -8],
			"to": [12, 6, 0],
			"rotation": {"angle": 0, "axis": "x", "origin": [8, 2, 0]},
			"faces": {
				"north": {"uv": [4, 4, 2, 0], "rotation": 180, "texture": "#0"},
				"east": {"uv": [0, 4, 2, 8], "rotation": 90, "texture": "#0"},
				"south": {"uv": [6, 0, 4, 4], "texture": "#0"},
				"west": {"uv": [4, 4, 6, 8], "rotation": 270, "texture": "#0"},
				"up": {"uv": [6, 4, 8, 8], "texture": "#0"},
				"down": {"uv": [2, 4, 4, 8], "rotation": 180, "texture": "#0"}
			}
		},
		{
			"name": "left_leg",
			"from": [5, 0, 11],
			"to": [7, 2, 23],
			"rotation": {"angle": -22.5, "axis": "y", "origin": [6, 1, 11]},
			"faces": {
				"north": {"uv": [0.5, 9, 1, 8], "rotation": 180, "texture": "#0"},
				"east": {"uv": [1.5, 9, 1, 15], "rotation": 90, "texture": "#0"},
				"south": {"uv": [1, 8, 1.5, 9], "texture": "#0"},
				"west": {"uv": [0.5, 9, 0, 15], "rotation": 270, "texture": "#0"},
				"up": {"uv": [2, 9, 1.5, 15], "texture": "#0"},
				"down": {"uv": [1, 9, 0.5, 15], "rotation": 180, "texture": "#0"}
			}
		},
		{
			"name": "right_leg",
			"from": [9, 0, 11],
			"to": [11, 2, 23],
			"rotation": {"angle": 22.5, "axis": "y", "origin": [10, 1, 11]},
			"faces": {
				"north": {"uv": [1, 9, 0.5, 8], "rotation": 180, "texture": "#0"},
				"east": {"uv": [0, 9, 0.5, 15], "rotation": 90, "texture": "#0"},
				"south": {"uv": [1.5, 8, 1, 9], "texture": "#0"},
				"west": {"uv": [1, 9, 1.5, 15], "rotation": 270, "texture": "#0"},
				"up": {"uv": [1.5, 9, 2, 15], "texture": "#0"},
				"down": {"uv": [0.5, 9, 1, 15], "rotation": 180, "texture": "#0"}
			}
		}
	],
	"groups": [
		{
			"name": "body",
			"origin": [0, 24, 0],
			"color": 0,
			"nbt": "{}",
			"children": [
				0,
				{
					"name": "left_arm",
					"origin": [-5, 22, 0],
					"color": 0,
					"nbt": "{}",
					"children": [1]
				},
				{
					"name": "right_arm",
					"origin": [5, 22, 0],
					"color": 0,
					"nbt": "{}",
					"children": [2]
				},
				{
					"name": "head",
					"origin": [0, 24, 0],
					"color": 0,
					"nbt": "{}",
					"children": [3]
				}
			]
		},
		{
			"name": "left_leg",
			"origin": [-2, 12, 0.1],
			"color": 0,
			"nbt": "{}",
			"children": [4]
		},
		{
			"name": "right_leg",
			"origin": [2, 12, 0.1],
			"color": 0,
			"nbt": "{}",
			"children": [5]
		}
	]
}