{
	"credit": "Made with Blockbench",
	"textures": {
		"0": "block/barrel_side",
		"1": "block/cauldron_side",
		"2": "block/stonecutter_bottom",
		"particle": "block/barrel_side"
	},
	"elements": [
		{
			"from": [17, 2, 14],
			"to": [19, 27, 16],
			"rotation": {"angle": 0, "axis": "y", "origin": [17, 0, 14]},
			"faces": {
				"north": {"uv": [0, 0, 2, 16], "texture": "#0"},
				"east": {"uv": [0, 0, 2, 16], "texture": "#0"},
				"south": {"uv": [0, 0, 2, 16], "texture": "#0"},
				"west": {"uv": [0, 0, 2, 16], "texture": "#0"},
				"up": {"uv": [0, 0, 2, 2], "texture": "#0"},
				"down": {"uv": [0, 0, 2, 2], "texture": "#0"}
			}
		},
		{
			"from": [-1, 5, 15],
			"to": [17, 9, 16],
			"rotation": {"angle": 0, "axis": "y", "origin": [17, -6, 14]},
			"faces": {
				"north": {"uv": [0, 0, 16, 4], "texture": "#0"},
				"east": {"uv": [0, 0, 1, 4], "texture": "#0"},
				"south": {"uv": [0, 0, 16, 4], "texture": "#0"},
				"west": {"uv": [0, 0, 1, 4], "texture": "#0"},
				"up": {"uv": [0, 0, 16, 1], "texture": "#0"},
				"down": {"uv": [0, 0, 16, 1], "texture": "#0"}
			}
		},
		{
			"from": [15, 5.53596, 12.30552],
			"to": [17, 6.53596, 15.30552],
			"rotation": {"angle": 22.5, "axis": "x", "origin": [16, 6.03596, 13.80552]},
			"faces": {
				"north": {"uv": [0, 0, 2, 1], "rotation": 180, "texture": "#1"},
				"east": {"uv": [0, 0, 1, 3], "rotation": 90, "texture": "#1"},
				"south": {"uv": [0, 0, 2, 1], "texture": "#1"},
				"west": {"uv": [0, 0, 1, 3], "rotation": 270, "texture": "#1"},
				"up": {"uv": [0, 0, 2, 3], "texture": "#1"},
				"down": {"uv": [0, 0, 2, 3], "rotation": 180, "texture": "#1"}
			}
		},
		{
			"from": [-1, 5.53596, 12.30552],
			"to": [1, 6.53596, 15.30552],
			"rotation": {"angle": 22.5, "axis": "x", "origin": [0, 6.03596, 13.80552]},
			"faces": {
				"north": {"uv": [2, 0, 4, 1], "rotation": 180, "texture": "#1"},
				"east": {"uv": [0, 3, 1, 6], "rotation": 270, "texture": "#1"},
				"south": {"uv": [2, 0, 4, 1], "texture": "#1"},
				"west": {"uv": [0, 3, 1, 6], "rotation": 90, "texture": "#1"},
				"up": {"uv": [2, 0, 4, 3], "texture": "#1"},
				"down": {"uv": [2, 0, 4, 3], "rotation": 180, "texture": "#1"}
			}
		},
		{
			"from": [-1, 13, 15],
			"to": [17, 17, 16],
			"rotation": {"angle": 0, "axis": "y", "origin": [17, 2, 14]},
			"faces": {
				"north": {"uv": [0, 0, 16, 4], "texture": "#0"},
				"east": {"uv": [0, 0, 1, 4], "texture": "#0"},
				"south": {"uv": [0, 0, 16, 4], "texture": "#0"},
				"west": {"uv": [0, 0, 1, 4], "texture": "#0"},
				"up": {"uv": [0, 0, 16, 1], "texture": "#0"},
				"down": {"uv": [0, 0, 16, 1], "texture": "#0"}
			}
		},
		{
			"from": [15, 13.53596, 12.30552],
			"to": [17, 14.53596, 15.30552],
			"rotation": {"angle": 22.5, "axis": "x", "origin": [16, 14.03596, 13.80552]},
			"faces": {
				"north": {"uv": [0, 0, 2, 1], "rotation": 180, "texture": "#1"},
				"east": {"uv": [0, 0, 1, 3], "rotation": 90, "texture": "#1"},
				"south": {"uv": [0, 0, 2, 1], "texture": "#1"},
				"west": {"uv": [0, 0, 1, 3], "rotation": 270, "texture": "#1"},
				"up": {"uv": [0, 0, 2, 3], "texture": "#1"},
				"down": {"uv": [0, 0, 2, 3], "rotation": 180, "texture": "#1"}
			}
		},
		{
			"from": [-1, 13.53596, 12.30552],
			"to": [1, 14.53596, 15.30552],
			"rotation": {"angle": 22.5, "axis": "x", "origin": [0, 14.03596, 13.80552]},
			"faces": {
				"north": {"uv": [2, 0, 4, 1], "rotation": 180, "texture": "#1"},
				"east": {"uv": [0, 3, 1, 6], "rotation": 270, "texture": "#1"},
				"south": {"uv": [2, 0, 4, 1], "texture": "#1"},
				"west": {"uv": [0, 3, 1, 6], "rotation": 90, "texture": "#1"},
				"up": {"uv": [2, 0, 4, 3], "texture": "#1"},
				"down": {"uv": [2, 0, 4, 3], "rotation": 180, "texture": "#1"}
			}
		},
		{
			"from": [-1, 21, 15],
			"to": [17, 25, 16],
			"rotation": {"angle": 0, "axis": "y", "origin": [17, 10, 14]},
			"faces": {
				"north": {"uv": [0, 0, 16, 4], "texture": "#0"},
				"east": {"uv": [0, 0, 1, 4], "texture": "#0"},
				"south": {"uv": [0, 0, 16, 4], "texture": "#0"},
				"west": {"uv": [0, 0, 1, 4], "texture": "#0"},
				"up": {"uv": [0, 0, 16, 1], "texture": "#0"},
				"down": {"uv": [0, 0, 16, 1], "texture": "#0"}
			}
		},
		{
			"from": [15, 21.53596, 12.30552],
			"to": [17, 22.53596, 15.30552],
			"rotation": {"angle": 22.5, "axis": "x", "origin": [16, 22.03596, 13.80552]},
			"faces": {
				"north": {"uv": [0, 0, 2, 1], "rotation": 180, "texture": "#1"},
				"east": {"uv": [0, 0, 1, 3], "rotation": 90, "texture": "#1"},
				"south": {"uv": [0, 0, 2, 1], "texture": "#1"},
				"west": {"uv": [0, 0, 1, 3], "rotation": 270, "texture": "#1"},
				"up": {"uv": [0, 0, 2, 3], "texture": "#1"},
				"down": {"uv": [0, 0, 2, 3], "rotation": 180, "texture": "#1"}
			}
		},
		{
			"from": [-1, 21.53596, 12.30552],
			"to": [1, 22.53596, 15.30552],
			"rotation": {"angle": 22.5, "axis": "x", "origin": [0, 22.03596, 13.80552]},
			"faces": {
				"north": {"uv": [2, 0, 4, 1], "rotation": 180, "texture": "#1"},
				"east": {"uv": [0, 3, 1, 6], "rotation": 270, "texture": "#1"},
				"south": {"uv": [2, 0, 4, 1], "texture": "#1"},
				"west": {"uv": [0, 3, 1, 6], "rotation": 90, "texture": "#1"},
				"up": {"uv": [2, 0, 4, 3], "texture": "#1"},
				"down": {"uv": [2, 0, 4, 3], "rotation": 180, "texture": "#1"}
			}
		},
		{
			"from": [-3, 2, 14],
			"to": [-1, 27, 16],
			"rotation": {"angle": 0, "axis": "y", "origin": [-1, 0, 14]},
			"faces": {
				"north": {"uv": [2, 0, 0, 16], "texture": "#0"},
				"east": {"uv": [2, 0, 0, 16], "texture": "#0"},
				"south": {"uv": [2, 0, 0, 16], "texture": "#0"},
				"west": {"uv": [2, 0, 0, 16], "texture": "#0"},
				"up": {"uv": [2, 0, 0, 2], "texture": "#0"},
				"down": {"uv": [2, 0, 0, 2], "texture": "#0"}
			}
		},
		{
			"from": [-5, 0, 12],
			"to": [21, 2, 18],
			"rotation": {"angle": 0, "axis": "y", "origin": [17, -2, 14]},
			"faces": {
				"north": {"uv": [0, 14, 16, 16], "texture": "#2"},
				"east": {"uv": [5, 15, 11, 16], "texture": "#2"},
				"south": {"uv": [0, 14, 16, 16], "texture": "#2"},
				"west": {"uv": [5, 15, 11, 16], "texture": "#2"},
				"up": {"uv": [0, 6, 16, 12], "texture": "#2"},
				"down": {"uv": [0, 0, 16, 6], "texture": "#2"}
			}
		}
	]
}