{
	"credit": "Made with Blockbench",
	"texture_size": [64, 64],
	"textures": {
		"0": "custom/decor/watering_can",
		"particle": "custom/decor/watering_can"
	},
	"elements": [
		{
			"from": [5.12, 1.52553, 0.88827],
			"to": [10.88, 6.56553, 15.28827],
			"rotation": {"angle": 0, "axis": "y", "origin": [5.12, 1.52553, 0.88827]},
			"faces": {
				"north": {"uv": [0, 7.75, 2, 9.5], "texture": "#0"},
				"east": {"uv": [6, 0, 11, 1.75], "texture": "#0"},
				"south": {"uv": [2, 7.75, 4, 9.5], "texture": "#0"},
				"west": {"uv": [6, 1.75, 11, 3.5], "texture": "#0"},
				"up": {"uv": [2, 5, 0, 0], "texture": "#0"},
				"down": {"uv": [4, 0, 2, 5], "texture": "#0"}
			}
		},
		{
			"from": [4.76, 2.96553, 3.04827],
			"to": [11.24, 3.68553, 3.76827],
			"rotation": {"angle": 0, "axis": "y", "origin": [4.76, 1.52553, 0.88827]},
			"faces": {
				"north": {"uv": [11.75, 6, 14, 6.25], "texture": "#0"},
				"east": {"uv": [3.25, 11, 3.5, 11.25], "texture": "#0"},
				"south": {"uv": [11.75, 6.25, 14, 6.5], "texture": "#0"},
				"west": {"uv": [3.5, 11, 3.75, 11.25], "texture": "#0"},
				"up": {"uv": [14.5, 3.5, 12.25, 3.25], "texture": "#0"},
				"down": {"uv": [14.5, 8.25, 12.25, 8.5], "texture": "#0"}
			}
		},
		{
			"from": [5.12, 6.56553, 2.32827],
			"to": [10.88, 8.00553, 15.28827],
			"rotation": {"angle": 0, "axis": "y", "origin": [5.12, 1.52553, 0.88827]},
			"faces": {
				"north": {"uv": [6, 8.5, 8, 9], "texture": "#0"},
				"east": {"uv": [8, 6.5, 12.5, 7], "texture": "#0"},
				"south": {"uv": [1.25, 11, 3.25, 11.5], "texture": "#0"},
				"west": {"uv": [8, 7, 12.5, 7.5], "texture": "#0"},
				"up": {"uv": [6, 4.5, 4, 0], "texture": "#0"},
				"down": {"uv": [6, 4.5, 4, 9], "texture": "#0"}
			}
		},
		{
			"from": [5.12, -0.63447, 7.36827],
			"to": [10.88, 1.52553, 15.28827],
			"rotation": {"angle": 0, "axis": "y", "origin": [5.12, 1.52553, 0.88827]},
			"faces": {
				"north": {"uv": [9, 9, 11, 9.75], "texture": "#0"},
				"east": {"uv": [8, 7.5, 10.75, 8.25], "texture": "#0"},
				"south": {"uv": [0, 9.5, 2, 10.25], "texture": "#0"},
				"west": {"uv": [8, 8.25, 10.75, 9], "texture": "#0"},
				"up": {"uv": [2, 7.75, 0, 5], "texture": "#0"},
				"down": {"uv": [4, 5, 2, 7.75], "texture": "#0"}
			}
		},
		{
			"from": [5.48, 1.84935, 13.36474],
			"to": [10.52, 4.00935, 17.68474],
			"rotation": {"angle": -45, "axis": "x", "origin": [8.36, 2.92935, 17.32474]},
			"faces": {
				"north": {"uv": [10, 10.5, 11.75, 11.25], "texture": "#0"},
				"east": {"uv": [10.75, 8.25, 12.25, 9], "texture": "#0"},
				"south": {"uv": [10.75, 7.5, 12.5, 8.25], "texture": "#0"},
				"west": {"uv": [11, 1, 12.5, 1.75], "texture": "#0"},
				"up": {"uv": [9.75, 5, 8, 3.5], "texture": "#0"},
				"down": {"uv": [9.75, 5, 8, 6.5], "texture": "#0"}
			}
		},
		{
			"from": [5.165, 4.00935, 15.52474],
			"to": [10.835, 6.16935, 17.68474],
			"rotation": {"angle": -45, "axis": "x", "origin": [8.765, 2.92935, 17.32474]},
			"faces": {
				"north": {"uv": [4, 9.75, 6, 10.5], "texture": "#0"},
				"east": {"uv": [12.25, 8.5, 13, 9.25], "texture": "#0"},
				"south": {"uv": [9.75, 4.25, 11.75, 5], "texture": "#0"},
				"west": {"uv": [9, 12.25, 9.75, 13], "texture": "#0"},
				"up": {"uv": [11.75, 5.75, 9.75, 5], "texture": "#0"},
				"down": {"uv": [11.75, 5.75, 9.75, 6.5], "texture": "#0"}
			}
		},
		{
			"from": [6.2, 2.53209, 17.78061],
			"to": [9.8, 5.41209, 19.94061],
			"rotation": {"angle": 22.5, "axis": "x", "origin": [9.08, 6.49209, 18.86061]},
			"faces": {
				"north": {"uv": [0, 11, 1.25, 12], "texture": "#0"},
				"east": {"uv": [6.75, 11.25, 7.5, 12.25], "texture": "#0"},
				"south": {"uv": [11, 0, 12.25, 1], "texture": "#0"},
				"west": {"uv": [7.5, 11.25, 8.25, 12.25], "texture": "#0"},
				"up": {"uv": [12.25, 3.5, 11, 2.75], "texture": "#0"},
				"down": {"uv": [12.25, 9, 11, 9.75], "texture": "#0"}
			}
		},
		{
			"from": [5.219, 3.25209, 15.62061],
			"to": [10.781, 5.41209, 17.78061],
			"rotation": {"angle": 22.5, "axis": "x", "origin": [10.259, 6.49209, 18.86061]},
			"faces": {
				"north": {"uv": [6, 9.75, 8, 10.5], "texture": "#0"},
				"east": {"uv": [9.75, 12.25, 10.5, 13], "texture": "#0"},
				"south": {"uv": [8, 9.75, 10, 10.5], "texture": "#0"},
				"west": {"uv": [10.5, 12.25, 11.25, 13], "texture": "#0"},
				"up": {"uv": [12, 10.5, 10, 9.75], "texture": "#0"},
				"down": {"uv": [2, 10.25, 0, 11], "texture": "#0"}
			}
		},
		{
			"from": [6.92, 5.08101, 17.2851],
			"to": [9.08, 7.96101, 19.4451],
			"rotation": {"angle": 0, "axis": "x", "origin": [9.8, 9.04101, 18.3651]},
			"faces": {
				"north": {"uv": [8.25, 11.25, 9, 12.25], "texture": "#0"},
				"east": {"uv": [9, 11.25, 9.75, 12.25], "texture": "#0"},
				"south": {"uv": [9.75, 11.25, 10.5, 12.25], "texture": "#0"},
				"west": {"uv": [10.5, 11.25, 11.25, 12.25], "texture": "#0"},
				"up": {"uv": [13, 3.25, 12.25, 2.5], "texture": "#0"},
				"down": {"uv": [7.5, 12.25, 6.75, 13], "texture": "#0"}
			}
		},
		{
			"from": [5.165, 5.80101, 15.1251],
			"to": [10.835, 7.96101, 17.2851],
			"rotation": {"angle": 0, "axis": "x", "origin": [10.925, 9.04101, 18.3651]},
			"faces": {
				"north": {"uv": [2, 10.25, 4, 11], "texture": "#0"},
				"east": {"uv": [11.25, 12.25, 12, 13], "texture": "#0"},
				"south": {"uv": [4, 10.5, 6, 11.25], "texture": "#0"},
				"west": {"uv": [1, 12.5, 1.75, 13.25], "texture": "#0"},
				"up": {"uv": [8, 11.25, 6, 10.5], "texture": "#0"},
				"down": {"uv": [10, 10.5, 8, 11.25], "texture": "#0"}
			}
		},
		{
			"from": [7.28, 7.24627, 15.85189],
			"to": [8.72, 10.12627, 18.01189],
			"rotation": {"angle": -22.5, "axis": "x", "origin": [10.16, 11.20627, 16.93189]},
			"faces": {
				"north": {"uv": [3.75, 12.25, 4.25, 13.25], "texture": "#0"},
				"east": {"uv": [11.25, 11.25, 12, 12.25], "texture": "#0"},
				"south": {"uv": [12.5, 3.5, 13, 4.5], "texture": "#0"},
				"west": {"uv": [1.25, 11.5, 2, 12.5], "texture": "#0"},
				"up": {"uv": [5.25, 13.5, 4.75, 12.75], "texture": "#0"},
				"down": {"uv": [13.25, 12, 12.75, 12.75], "texture": "#0"}
			}
		},
		{
			"from": [6.965, 7.96627, 12.97189],
			"to": [9.035, 10.12627, 15.85189],
			"rotation": {"angle": -45, "axis": "x", "origin": [10.565, 11.20627, 16.93189]},
			"faces": {
				"north": {"uv": [12.5, 1, 13.25, 1.75], "texture": "#0"},
				"east": {"uv": [12, 9.75, 13, 10.5], "texture": "#0"},
				"south": {"uv": [1.75, 12.5, 2.5, 13.25], "texture": "#0"},
				"west": {"uv": [12, 11.25, 13, 12], "texture": "#0"},
				"up": {"uv": [12.75, 13, 12, 12], "texture": "#0"},
				"down": {"uv": [13, 0, 12.25, 1], "texture": "#0"}
			}
		},
		{
			"from": [7.316, 8.69824, 13.69915],
			"to": [8.684, 11.57824, 15.85915],
			"rotation": {"angle": -45, "axis": "x", "origin": [10.124, 12.65824, 14.77915]},
			"faces": {
				"north": {"uv": [12.5, 6.5, 13, 7.5], "texture": "#0"},
				"east": {"uv": [2, 11.5, 2.75, 12.5], "texture": "#0"},
				"south": {"uv": [0, 12.75, 0.5, 13.75], "texture": "#0"},
				"west": {"uv": [11.75, 3.5, 12.5, 4.5], "texture": "#0"},
				"up": {"uv": [13.25, 13.5, 12.75, 12.75], "texture": "#0"},
				"down": {"uv": [13.5, 0, 13, 0.75], "texture": "#0"}
			}
		},
		{
			"from": [7.28, 12.09588, 13.31464],
			"to": [8.72, 14.25588, 16.19464],
			"rotation": {"angle": 22.5, "axis": "x", "origin": [10.16, 13.17588, 12.23464]},
			"faces": {
				"north": {"uv": [13, 1.75, 13.5, 2.5], "texture": "#0"},
				"east": {"uv": [11.75, 4.5, 12.75, 5.25], "texture": "#0"},
				"south": {"uv": [13, 2.5, 13.5, 3.25], "texture": "#0"},
				"west": {"uv": [11.75, 5.25, 12.75, 6], "texture": "#0"},
				"up": {"uv": [1, 13.75, 0.5, 12.75], "texture": "#0"},
				"down": {"uv": [3, 12.75, 2.5, 13.75], "texture": "#0"}
			}
		},
		{
			"from": [7.316, 11.60038, 10.76574],
			"to": [8.684, 13.76038, 13.64574],
			"rotation": {"angle": 0, "axis": "x", "origin": [10.124, 12.68038, 9.68574]},
			"faces": {
				"north": {"uv": [13, 3.5, 13.5, 4.25], "texture": "#0"},
				"east": {"uv": [11.75, 10.5, 12.75, 11.25], "texture": "#0"},
				"south": {"uv": [5.25, 13, 5.75, 13.75], "texture": "#0"},
				"west": {"uv": [0, 12, 1, 12.75], "texture": "#0"},
				"up": {"uv": [4.75, 13.75, 4.25, 12.75], "texture": "#0"},
				"down": {"uv": [13.25, 4.5, 12.75, 5.5], "texture": "#0"}
			}
		},
		{
			"from": [6.92, 10.16716, 8.60047],
			"to": [9.08, 12.32716, 11.48047],
			"rotation": {"angle": -22.5, "axis": "x", "origin": [9.8, 11.24716, 7.52047]},
			"faces": {
				"north": {"uv": [7.5, 12.25, 8.25, 13], "texture": "#0"},
				"east": {"uv": [12, 1.75, 13, 2.5], "texture": "#0"},
				"south": {"uv": [8.25, 12.25, 9, 13], "texture": "#0"},
				"west": {"uv": [4.25, 12, 5.25, 12.75], "texture": "#0"},
				"up": {"uv": [6, 13, 5.25, 12], "texture": "#0"},
				"down": {"uv": [6.75, 12, 6, 13], "texture": "#0"}
			}
		},
		{
			"from": [7.316, 9.54178, 5.79584],
			"to": [8.684, 11.70178, 9.39584],
			"rotation": {"angle": -45, "axis": "x", "origin": [7.964, 10.62178, 7.59584]},
			"faces": {
				"north": {"uv": [5.75, 13, 6.25, 13.75], "texture": "#0"},
				"east": {"uv": [4.25, 11.25, 5.5, 12], "texture": "#0"},
				"south": {"uv": [6.25, 13, 6.75, 13.75], "texture": "#0"},
				"west": {"uv": [5.5, 11.25, 6.75, 12], "texture": "#0"},
				"up": {"uv": [3.25, 12.75, 2.75, 11.5], "texture": "#0"},
				"down": {"uv": [3.75, 12.25, 3.25, 13.5], "texture": "#0"}
			}
		},
		{
			"from": [7.28, 8.39638, 4.78833],
			"to": [8.72, 9.83638, 6.94833],
			"rotation": {"angle": 22.5, "axis": "x", "origin": [8, 8.03638, 5.86833]},
			"faces": {
				"north": {"uv": [13, 7, 13.5, 7.5], "texture": "#0"},
				"east": {"uv": [13, 6.5, 13.75, 7], "texture": "#0"},
				"south": {"uv": [8.5, 13, 9, 13.5], "texture": "#0"},
				"west": {"uv": [6.75, 13, 7.5, 13.5], "texture": "#0"},
				"up": {"uv": [8, 13.75, 7.5, 13], "texture": "#0"},
				"down": {"uv": [8.5, 13, 8, 13.75], "texture": "#0"}
			}
		},
		{
			"from": [6.56, 6.95638, 4.06833],
			"to": [9.44, 8.39638, 6.94833],
			"rotation": {"angle": 22.5, "axis": "x", "origin": [8, 8.03638, 5.86833]},
			"faces": {
				"north": {"uv": [12.25, 9.25, 13.25, 9.75], "texture": "#0"},
				"east": {"uv": [12.5, 7.5, 13.5, 8], "texture": "#0"},
				"south": {"uv": [12.75, 5.5, 13.75, 6], "texture": "#0"},
				"west": {"uv": [12.75, 10.5, 13.75, 11], "texture": "#0"},
				"up": {"uv": [12, 2.75, 11, 1.75], "texture": "#0"},
				"down": {"uv": [4.25, 11.25, 3.25, 12.25], "texture": "#0"}
			}
		},
		{
			"from": [5.075, -0.63447, 0.16827],
			"to": [10.925, 1.52553, 7.36827],
			"rotation": {"angle": -45, "axis": "x", "origin": [5.165, 1.52553, 7.36827]},
			"faces": {
				"north": {"uv": [2, 9.5, 4, 10.25], "texture": "#0"},
				"east": {"uv": [4, 9, 6.5, 9.75], "texture": "#0"},
				"south": {"uv": [9.75, 3.5, 11.75, 4.25], "texture": "#0"},
				"west": {"uv": [6.5, 9, 9, 9.75], "texture": "#0"},
				"up": {"uv": [8, 6, 6, 3.5], "texture": "#0"},
				"down": {"uv": [8, 6, 6, 8.5], "texture": "#0"}
			}
		}
	]
}