{
	"credit": "Made with Blockbench",
	"textures": {
		"0": "custom/melee/slash/slash_long_normal_2"
	},
	"elements": [
		{
			"from": [8, -16, -16],
			"to": [8, 32, 32],
			"rotation": {"angle": 0, "axis": "y", "origin": [8, 8, 8]},
			"faces": {
				"north": {"uv": [0, 0, 0, 16], "texture": "#0"},
				"east": {"uv": [0, 0, 16, 16], "texture": "#0"},
				"south": {"uv": [0, 0, 0, 16], "texture": "#0"},
				"west": {"uv": [16, 0, 0, 16], "texture": "#0"},
				"up": {"uv": [0, 0, 16, 0], "rotation": 270, "texture": "#0"},
				"down": {"uv": [0, 0, 16, 0], "rotation": 90, "texture": "#0"}
			}
		}
	],
	"display": {
		"head": {
			"translation": [0, 46.75, 23.75],
			"scale": [4, 4, 4]
		}
	}
}