{
	"credit": "Made with Blockbench",
	"textures": {
		"0": "custom/melee/slash/slash_normal_scythe_8",
		"particle": "custom/melee/slash/slash_normal_scythe_8"
	},
	"elements": [
		{
			"from": [-6, 8, -6],
			"to": [22, 8, 22],
			"rotation": {"angle": 0, "axis": "y", "origin": [8, 8, 8]},
			"faces": {
				"north": {"uv": [0, 0, 0, 16], "rotation": 90, "texture": "#0"},
				"east": {"uv": [0, 0, 16, 0], "rotation": 180, "texture": "#0"},
				"south": {"uv": [0, 0, 0, 16], "rotation": 270, "texture": "#0"},
				"west": {"uv": [0, 0, 16, 0], "texture": "#0"},
				"up": {"uv": [16, 0, 0, 16], "rotation": 270, "texture": "#0"},
				"down": {"uv": [0, 0, 16, 16], "rotation": 270, "texture": "#0"}
			}
		}
	],
	"display": {
		"head": {
			"scale": [3.5, 3.5, 3.5]
		}
	}
}