{
	"credit": "Made with Blockbench",
	"textures": {
		"0": "custom/other/fog_1",
		"1": "custom/other/fog_1_top",
		"particle": "custom/other/fog_1"
	},
	"elements": [
		{
			"from": [5, 0, -7.08298],
			"to": [11, 16, -7.08298],
			"rotation": {"angle": 0, "axis": "y", "origin": [13, 8, -7.08298]},
			"faces": {
				"north": {"uv": [0, 0, 8, 16], "texture": "#0"},
				"east": {"uv": [0, 0, 0, 16], "texture": "#0"},
				"south": {"uv": [0, 0, 8, 16], "texture": "#0"},
				"west": {"uv": [0, 0, 0, 16], "texture": "#0"},
				"up": {"uv": [0, 0, 8, 0], "texture": "#0"},
				"down": {"uv": [0, 0, 8, 0], "texture": "#0"}
			}
		},
		{
			"from": [10.77202, 0, -5.93485],
			"to": [16.77202, 16, -5.93485],
			"rotation": {"angle": -22.5, "axis": "y", "origin": [13.77202, 8, -5.93485]},
			"faces": {
				"north": {"uv": [16, 0, 8, 16], "texture": "#0"},
				"east": {"uv": [0, 0, 0, 16], "texture": "#0"},
				"south": {"uv": [8, 0, 16, 16], "texture": "#0"},
				"west": {"uv": [0, 0, 0, 16], "texture": "#0"},
				"up": {"uv": [0, 0, 8, 0], "texture": "#0"},
				"down": {"uv": [0, 0, 8, 0], "texture": "#0"}
			}
		},
		{
			"from": [15.6653, 0, -2.66527],
			"to": [21.6653, 16, -2.66527],
			"rotation": {"angle": -45, "axis": "y", "origin": [18.6653, 8, -2.66527]},
			"faces": {
				"north": {"uv": [0, 0, 8, 16], "texture": "#0"},
				"east": {"uv": [0, 0, 0, 16], "texture": "#0"},
				"south": {"uv": [0, 0, 8, 16], "texture": "#0"},
				"west": {"uv": [0, 0, 0, 16], "texture": "#0"},
				"up": {"uv": [0, 0, 8, 0], "texture": "#0"},
				"down": {"uv": [0, 0, 8, 0], "texture": "#0"}
			}
		},
		{
			"from": [21.93397, 0, -0.7716],
			"to": [21.93397, 16, 5.2284],
			"rotation": {"angle": 22.5, "axis": "y", "origin": [21.93397, 8, 2.2284]},
			"faces": {
				"north": {"uv": [0, 0, 0, 16], "texture": "#0"},
				"east": {"uv": [0, 0, 8, 16], "texture": "#0"},
				"south": {"uv": [0, 0, 0, 16], "texture": "#0"},
				"west": {"uv": [8, 0, 16, 16], "texture": "#0"},
				"up": {"uv": [0, 0, 8, 0], "rotation": 90, "texture": "#0"},
				"down": {"uv": [0, 0, 8, 0], "rotation": 270, "texture": "#0"}
			}
		},
		{
			"from": [10.77202, 0, 21.93485],
			"to": [16.77202, 16, 21.93485],
			"rotation": {"angle": 22.5, "axis": "y", "origin": [13.77202, 8, 21.93485]},
			"faces": {
				"north": {"uv": [16, 0, 8, 16], "texture": "#0"},
				"east": {"uv": [0, 0, 0, 16], "texture": "#0"},
				"south": {"uv": [8, 0, 16, 16], "texture": "#0"},
				"west": {"uv": [0, 0, 0, 16], "texture": "#0"},
				"up": {"uv": [0, 0, 8, 0], "texture": "#0"},
				"down": {"uv": [0, 0, 8, 0], "texture": "#0"}
			}
		},
		{
			"from": [15.6653, 0, 18.66527],
			"to": [21.6653, 16, 18.66527],
			"rotation": {"angle": 45, "axis": "y", "origin": [18.6653, 8, 18.66527]},
			"faces": {
				"north": {"uv": [8, 0, 0, 16], "texture": "#0"},
				"east": {"uv": [0, 0, 0, 16], "texture": "#0"},
				"south": {"uv": [8, 0, 0, 16], "texture": "#0"},
				"west": {"uv": [0, 0, 0, 16], "texture": "#0"},
				"up": {"uv": [0, 0, 8, 0], "texture": "#0"},
				"down": {"uv": [0, 0, 8, 0], "texture": "#0"}
			}
		},
		{
			"from": [21.93397, 0, 10.7716],
			"to": [21.93397, 16, 16.7716],
			"rotation": {"angle": -22.5, "axis": "y", "origin": [21.93397, 8, 13.7716]},
			"faces": {
				"north": {"uv": [0, 0, 0, 16], "texture": "#0"},
				"east": {"uv": [8, 0, 0, 16], "texture": "#0"},
				"south": {"uv": [0, 0, 0, 16], "texture": "#0"},
				"west": {"uv": [16, 0, 8, 16], "texture": "#0"},
				"up": {"uv": [8, 0, 0, 0], "rotation": 90, "texture": "#0"},
				"down": {"uv": [8, 0, 0, 0], "rotation": 270, "texture": "#0"}
			}
		},
		{
			"from": [-0.77202, 0, -5.93485],
			"to": [5.22798, 16, -5.93485],
			"rotation": {"angle": 22.5, "axis": "y", "origin": [2.22798, 8, -5.93485]},
			"faces": {
				"north": {"uv": [8, 0, 16, 16], "texture": "#0"},
				"east": {"uv": [0, 0, 0, 16], "texture": "#0"},
				"south": {"uv": [16, 0, 8, 16], "texture": "#0"},
				"west": {"uv": [0, 0, 0, 16], "texture": "#0"},
				"up": {"uv": [8, 0, 0, 0], "texture": "#0"},
				"down": {"uv": [8, 0, 0, 0], "texture": "#0"}
			}
		},
		{
			"from": [-5.6653, 0, -2.66527],
			"to": [0.3347, 16, -2.66527],
			"rotation": {"angle": 45, "axis": "y", "origin": [-2.6653, 8, -2.66527]},
			"faces": {
				"north": {"uv": [8, 0, 0, 16], "texture": "#0"},
				"east": {"uv": [0, 0, 0, 16], "texture": "#0"},
				"south": {"uv": [8, 0, 0, 16], "texture": "#0"},
				"west": {"uv": [0, 0, 0, 16], "texture": "#0"},
				"up": {"uv": [8, 0, 0, 0], "texture": "#0"},
				"down": {"uv": [8, 0, 0, 0], "texture": "#0"}
			}
		},
		{
			"from": [-5.93397, 0, -0.7716],
			"to": [-5.93397, 16, 5.2284],
			"rotation": {"angle": -22.5, "axis": "y", "origin": [-5.93397, 8, 2.2284]},
			"faces": {
				"north": {"uv": [0, 0, 0, 16], "texture": "#0"},
				"east": {"uv": [16, 0, 8, 16], "texture": "#0"},
				"south": {"uv": [0, 0, 0, 16], "texture": "#0"},
				"west": {"uv": [8, 0, 0, 16], "texture": "#0"},
				"up": {"uv": [0, 0, 8, 0], "rotation": 90, "texture": "#0"},
				"down": {"uv": [0, 0, 8, 0], "rotation": 270, "texture": "#0"}
			}
		},
		{
			"from": [-5.93397, 0, 10.7716],
			"to": [-5.93397, 16, 16.7716],
			"rotation": {"angle": 22.5, "axis": "y", "origin": [-5.93397, 8, 13.7716]},
			"faces": {
				"north": {"uv": [0, 0, 0, 16], "texture": "#0"},
				"east": {"uv": [8, 0, 16, 16], "texture": "#0"},
				"south": {"uv": [0, 0, 0, 16], "texture": "#0"},
				"west": {"uv": [0, 0, 8, 16], "texture": "#0"},
				"up": {"uv": [8, 0, 0, 0], "rotation": 90, "texture": "#0"},
				"down": {"uv": [8, 0, 0, 0], "rotation": 270, "texture": "#0"}
			}
		},
		{
			"from": [-5.6653, 0, 18.66527],
			"to": [0.3347, 16, 18.66527],
			"rotation": {"angle": -45, "axis": "y", "origin": [-2.6653, 8, 18.66527]},
			"faces": {
				"north": {"uv": [0, 0, 8, 16], "texture": "#0"},
				"east": {"uv": [0, 0, 0, 16], "texture": "#0"},
				"south": {"uv": [0, 0, 8, 16], "texture": "#0"},
				"west": {"uv": [0, 0, 0, 16], "texture": "#0"},
				"up": {"uv": [8, 0, 0, 0], "texture": "#0"},
				"down": {"uv": [8, 0, 0, 0], "texture": "#0"}
			}
		},
		{
			"from": [-0.77202, 0, 21.93485],
			"to": [5.22798, 16, 21.93485],
			"rotation": {"angle": -22.5, "axis": "y", "origin": [2.22798, 8, 21.93485]},
			"faces": {
				"north": {"uv": [8, 0, 16, 16], "texture": "#0"},
				"east": {"uv": [0, 0, 0, 16], "texture": "#0"},
				"south": {"uv": [16, 0, 8, 16], "texture": "#0"},
				"west": {"uv": [0, 0, 0, 16], "texture": "#0"},
				"up": {"uv": [8, 0, 0, 0], "texture": "#0"},
				"down": {"uv": [8, 0, 0, 0], "texture": "#0"}
			}
		},
		{
			"from": [5, 0, 23.08298],
			"to": [11, 16, 23.08298],
			"rotation": {"angle": 0, "axis": "y", "origin": [13, 8, 23.08298]},
			"faces": {
				"north": {"uv": [8, 0, 0, 16], "texture": "#0"},
				"east": {"uv": [0, 0, 0, 16], "texture": "#0"},
				"south": {"uv": [8, 0, 0, 16], "texture": "#0"},
				"west": {"uv": [0, 0, 0, 16], "texture": "#0"},
				"up": {"uv": [0, 0, 8, 0], "texture": "#0"},
				"down": {"uv": [0, 0, 8, 0], "texture": "#0"}
			}
		},
		{
			"from": [23.08298, 0, 5],
			"to": [23.08298, 16, 11],
			"rotation": {"angle": 0, "axis": "y", "origin": [8, 8, 8]},
			"faces": {
				"north": {"uv": [0, 0, 0, 16], "texture": "#0"},
				"east": {"uv": [0, 0, 8, 16], "texture": "#0"},
				"south": {"uv": [0, 0, 0, 16], "texture": "#0"},
				"west": {"uv": [0, 0, 8, 16], "texture": "#0"},
				"up": {"uv": [0, 0, 8, 0], "rotation": 90, "texture": "#0"},
				"down": {"uv": [0, 0, 8, 0], "rotation": 270, "texture": "#0"}
			}
		},
		{
			"from": [-7.08298, 0, 5],
			"to": [-7.08298, 16, 11],
			"rotation": {"angle": 0, "axis": "y", "origin": [8, 8, 8]},
			"faces": {
				"north": {"uv": [0, 0, 0, 16], "texture": "#0"},
				"east": {"uv": [8, 0, 0, 16], "texture": "#0"},
				"south": {"uv": [0, 0, 0, 16], "texture": "#0"},
				"west": {"uv": [8, 0, 0, 16], "texture": "#0"},
				"up": {"uv": [0, 0, 8, 0], "rotation": 90, "texture": "#0"},
				"down": {"uv": [0, 0, 8, 0], "rotation": 270, "texture": "#0"}
			}
		},
		{
			"from": [-7, 23.21515, 8.46088],
			"to": [8, 23.21515, 16.46088],
			"rotation": {"angle": 22.5, "axis": "x", "origin": [8, 19.00812, 8]},
			"faces": {
				"north": {"uv": [0, 0, 15, 0], "texture": "#1"},
				"east": {"uv": [0, 0, 0, 8], "rotation": 270, "texture": "#1"},
				"south": {"uv": [0, 0, 15, 0], "rotation": 180, "texture": "#1"},
				"west": {"uv": [0, 0, 0, 8], "rotation": 90, "texture": "#1"},
				"up": {"uv": [1, 16, 16, 8], "texture": "#1"},
				"down": {"uv": [1, 16, 16, 8], "rotation": 180, "texture": "#1"}
			}
		},
		{
			"from": [8, 23.21515, 8.46088],
			"to": [23, 23.21515, 16.46088],
			"rotation": {"angle": 22.5, "axis": "x", "origin": [8, 19.00812, 8]},
			"faces": {
				"north": {"uv": [0, 0, 15, 0], "texture": "#1"},
				"east": {"uv": [0, 0, 0, 8], "rotation": 270, "texture": "#1"},
				"south": {"uv": [0, 0, 15, 0], "rotation": 180, "texture": "#1"},
				"west": {"uv": [0, 0, 0, 8], "rotation": 90, "texture": "#1"},
				"up": {"uv": [0, 16, 15, 8], "texture": "#1"},
				"down": {"uv": [0, 16, 15, 8], "rotation": 180, "texture": "#1"}
			}
		},
		{
			"from": [-7, 26.13283, 14.20726],
			"to": [8, 26.13283, 22.20726],
			"rotation": {"angle": 45, "axis": "x", "origin": [8, 19.00812, 8]},
			"faces": {
				"north": {"uv": [0, 0, 15, 0], "texture": "#1"},
				"east": {"uv": [0, 0, 0, 8], "rotation": 270, "texture": "#1"},
				"south": {"uv": [0, 0, 15, 0], "rotation": 180, "texture": "#1"},
				"west": {"uv": [0, 0, 0, 8], "rotation": 90, "texture": "#1"},
				"up": {"uv": [1, 8, 16, 0], "texture": "#1"},
				"down": {"uv": [1, 8, 16, 0], "rotation": 180, "texture": "#1"}
			}
		},
		{
			"from": [8, 26.13283, 14.20726],
			"to": [23, 26.13283, 22.20726],
			"rotation": {"angle": 45, "axis": "x", "origin": [8, 19.00812, 8]},
			"faces": {
				"north": {"uv": [0, 0, 15, 0], "texture": "#1"},
				"east": {"uv": [0, 0, 0, 8], "rotation": 270, "texture": "#1"},
				"south": {"uv": [0, 0, 15, 0], "rotation": 180, "texture": "#1"},
				"west": {"uv": [0, 0, 0, 8], "rotation": 90, "texture": "#1"},
				"up": {"uv": [0, 8, 15, 16], "texture": "#1"},
				"down": {"uv": [0, 8, 15, 16], "rotation": 180, "texture": "#1"}
			}
		},
		{
			"from": [5, 23, 5],
			"to": [11, 23, 11],
			"rotation": {"angle": 0, "axis": "y", "origin": [0, 14, 0]},
			"faces": {
				"north": {"uv": [0, 0.625, 1.75, 0], "texture": "#1"},
				"east": {"uv": [0, 0.625, 1.75, 0], "texture": "#1"},
				"south": {"uv": [0, 0.625, 1.75, 0], "texture": "#1"},
				"west": {"uv": [0, 0.625, 1.75, 0], "texture": "#1"},
				"up": {"uv": [0, 0.625, 1.75, 0], "texture": "#1"},
				"down": {"uv": [0, 0.625, 1.75, 0], "texture": "#1"}
			}
		},
		{
			"from": [8, 26.13283, -6.20726],
			"to": [23, 26.13283, 1.79274],
			"rotation": {"angle": -45, "axis": "x", "origin": [8, 19.00812, 8]},
			"faces": {
				"north": {"uv": [1, 0, 16, 0], "rotation": 180, "texture": "#1"},
				"east": {"uv": [0, 8, 0, 16], "rotation": 270, "texture": "#1"},
				"south": {"uv": [1, 0, 16, 0], "texture": "#1"},
				"west": {"uv": [0, 8, 0, 16], "rotation": 90, "texture": "#1"},
				"up": {"uv": [0, 0, 15, 8], "texture": "#1"},
				"down": {"uv": [0, 0, 15, 8], "rotation": 180, "texture": "#1"}
			}
		},
		{
			"from": [-7, 26.13283, -6.20726],
			"to": [8, 26.13283, 1.79274],
			"rotation": {"angle": -45, "axis": "x", "origin": [8, 19.00812, 8]},
			"faces": {
				"north": {"uv": [15, 0, 0, 0], "rotation": 180, "texture": "#1"},
				"east": {"uv": [0, 8, 0, 0], "rotation": 270, "texture": "#1"},
				"south": {"uv": [15, 0, 0, 0], "texture": "#1"},
				"west": {"uv": [0, 8, 0, 0], "rotation": 90, "texture": "#1"},
				"up": {"uv": [1, 0, 16, 8], "texture": "#1"},
				"down": {"uv": [1, 0, 16, 8], "rotation": 180, "texture": "#1"}
			}
		},
		{
			"from": [-7, 23.21515, -0.46088],
			"to": [8, 23.21515, 7.53912],
			"rotation": {"angle": -22.5, "axis": "x", "origin": [8, 19.00812, 8]},
			"faces": {
				"north": {"uv": [15, 0, 0, 0], "rotation": 180, "texture": "#1"},
				"east": {"uv": [0, 8, 0, 0], "rotation": 270, "texture": "#1"},
				"south": {"uv": [15, 0, 0, 0], "texture": "#1"},
				"west": {"uv": [0, 8, 0, 0], "rotation": 90, "texture": "#1"},
				"up": {"uv": [1, 8, 16, 16], "texture": "#1"},
				"down": {"uv": [1, 8, 16, 16], "rotation": 180, "texture": "#1"}
			}
		},
		{
			"from": [8, 23.21515, -0.46088],
			"to": [23, 23.21515, 7.53912],
			"rotation": {"angle": -22.5, "axis": "x", "origin": [8, 19.00812, 8]},
			"faces": {
				"north": {"uv": [15, 0, 0, 0], "rotation": 180, "texture": "#1"},
				"east": {"uv": [0, 8, 0, 0], "rotation": 270, "texture": "#1"},
				"south": {"uv": [15, 0, 0, 0], "texture": "#1"},
				"west": {"uv": [0, 8, 0, 0], "rotation": 90, "texture": "#1"},
				"up": {"uv": [0, 8, 15, 16], "texture": "#1"},
				"down": {"uv": [0, 8, 15, 16], "rotation": 180, "texture": "#1"}
			}
		},
		{
			"from": [-6.20726, 26.13283, -7],
			"to": [1.79274, 26.13283, 8],
			"rotation": {"angle": 45, "axis": "z", "origin": [8, 19.00812, 8]},
			"faces": {
				"north": {"uv": [0, 0, 0, 8], "rotation": 90, "texture": "#1"},
				"east": {"uv": [0, 0, 15, 0], "texture": "#1"},
				"south": {"uv": [0, 0, 0, 8], "rotation": 270, "texture": "#1"},
				"west": {"uv": [0, 0, 15, 0], "rotation": 180, "texture": "#1"},
				"up": {"uv": [16, 0, 1, 8], "rotation": 270, "texture": "#1"},
				"down": {"uv": [16, 0, 1, 8], "rotation": 270, "texture": "#1"}
			}
		},
		{
			"from": [-6.20726, 26.13283, 8],
			"to": [1.79274, 26.13283, 23],
			"rotation": {"angle": 45, "axis": "z", "origin": [8, 19.00812, 8]},
			"faces": {
				"north": {"uv": [0, 0, 0, 8], "rotation": 90, "texture": "#1"},
				"east": {"uv": [0, 0, 15, 0], "texture": "#1"},
				"south": {"uv": [0, 0, 0, 8], "rotation": 270, "texture": "#1"},
				"west": {"uv": [0, 0, 15, 0], "rotation": 180, "texture": "#1"},
				"up": {"uv": [1, 0, 16, 8], "rotation": 270, "texture": "#1"},
				"down": {"uv": [1, 0, 16, 8], "rotation": 270, "texture": "#1"}
			}
		},
		{
			"from": [-0.46088, 23.21515, 8],
			"to": [7.53912, 23.21515, 23],
			"rotation": {"angle": 22.5, "axis": "z", "origin": [8, 19.00812, 8]},
			"faces": {
				"north": {"uv": [0, 0, 0, 8], "rotation": 90, "texture": "#1"},
				"east": {"uv": [0, 0, 15, 0], "texture": "#1"},
				"south": {"uv": [0, 0, 0, 8], "rotation": 270, "texture": "#1"},
				"west": {"uv": [0, 0, 15, 0], "rotation": 180, "texture": "#1"},
				"up": {"uv": [15, 8, 0, 16], "rotation": 270, "texture": "#1"},
				"down": {"uv": [15, 8, 0, 16], "rotation": 270, "texture": "#1"}
			}
		},
		{
			"from": [-0.46088, 23.21515, -7],
			"to": [7.53912, 23.21515, 8],
			"rotation": {"angle": 22.5, "axis": "z", "origin": [8, 19.00812, 8]},
			"faces": {
				"north": {"uv": [0, 0, 0, 8], "rotation": 90, "texture": "#1"},
				"east": {"uv": [0, 0, 15, 0], "texture": "#1"},
				"south": {"uv": [0, 0, 0, 8], "rotation": 270, "texture": "#1"},
				"west": {"uv": [0, 0, 15, 0], "rotation": 180, "texture": "#1"},
				"up": {"uv": [16, 8, 1, 16], "rotation": 270, "texture": "#1"},
				"down": {"uv": [16, 8, 1, 16], "rotation": 270, "texture": "#1"}
			}
		},
		{
			"from": [14.20726, 26.13283, 8],
			"to": [22.20726, 26.13283, 23],
			"rotation": {"angle": -45, "axis": "z", "origin": [8, 19.00812, 8]},
			"faces": {
				"north": {"uv": [0, 8, 0, 16], "rotation": 90, "texture": "#1"},
				"east": {"uv": [1, 0, 16, 0], "rotation": 180, "texture": "#1"},
				"south": {"uv": [0, 8, 0, 16], "rotation": 270, "texture": "#1"},
				"west": {"uv": [1, 0, 16, 0], "texture": "#1"},
				"up": {"uv": [1, 8, 16, 16], "rotation": 270, "texture": "#1"},
				"down": {"uv": [1, 8, 16, 16], "rotation": 270, "texture": "#1"}
			}
		},
		{
			"from": [14.20726, 26.13283, -7],
			"to": [22.20726, 26.13283, 8],
			"rotation": {"angle": -45, "axis": "z", "origin": [8, 19.00812, 8]},
			"faces": {
				"north": {"uv": [0, 8, 0, 0], "rotation": 90, "texture": "#1"},
				"east": {"uv": [15, 0, 0, 0], "rotation": 180, "texture": "#1"},
				"south": {"uv": [0, 8, 0, 0], "rotation": 270, "texture": "#1"},
				"west": {"uv": [15, 0, 0, 0], "texture": "#1"},
				"up": {"uv": [16, 8, 1, 0], "rotation": 270, "texture": "#1"},
				"down": {"uv": [16, 8, 1, 0], "rotation": 270, "texture": "#1"}
			}
		},
		{
			"from": [8.46088, 23.21515, -7],
			"to": [16.46088, 23.21515, 8],
			"rotation": {"angle": -22.5, "axis": "z", "origin": [8, 19.00812, 8]},
			"faces": {
				"north": {"uv": [0, 8, 0, 0], "rotation": 90, "texture": "#1"},
				"east": {"uv": [15, 0, 0, 0], "rotation": 180, "texture": "#1"},
				"south": {"uv": [0, 8, 0, 0], "rotation": 270, "texture": "#1"},
				"west": {"uv": [15, 0, 0, 0], "texture": "#1"},
				"up": {"uv": [16, 16, 1, 8], "rotation": 270, "texture": "#1"},
				"down": {"uv": [16, 16, 1, 8], "rotation": 270, "texture": "#1"}
			}
		},
		{
			"from": [8.46088, 23.21515, 8],
			"to": [16.46088, 23.21515, 23],
			"rotation": {"angle": -22.5, "axis": "z", "origin": [8, 19.00812, 8]},
			"faces": {
				"north": {"uv": [0, 8, 0, 0], "rotation": 90, "texture": "#1"},
				"east": {"uv": [15, 0, 0, 0], "rotation": 180, "texture": "#1"},
				"south": {"uv": [0, 8, 0, 0], "rotation": 270, "texture": "#1"},
				"west": {"uv": [15, 0, 0, 0], "texture": "#1"},
				"up": {"uv": [15, 16, 0, 8], "rotation": 270, "texture": "#1"},
				"down": {"uv": [15, 16, 0, 8], "rotation": 270, "texture": "#1"}
			}
		}
	],
	"display": {
		"head": {
			"translation": [0, -3, -6.75],
			"scale": [3.26, 3.26, 3.26]
		}
	},
	"groups": [
		{
			"name": "group",
			"origin": [13.00038, 8, 23.08298],
			"color": 0,
			"children": [0, 1, 2, 3, 4, 5, 6, 7, 8, 9, 10, 11, 12, 13, 14, 15]
		},
		{
			"name": "group",
			"origin": [8, -5.00812, 8],
			"color": 0,
			"children": [
				{
					"name": "group",
					"origin": [8, -5.00812, 8],
					"color": 0,
					"children": [16, 17, 18, 19, 20, 21, 22, 23, 24, 25, 26, 27, 28, 29, 30, 31, 32]
				}
			]
		}
	]
}