{
	"credit": "Made with Blockbench",
	"texture_size": [128, 128],
	"textures": {
		"0": "chests/lootchest",
		"particle": "chests/lootchest"
	},
	"elements": [
		{
			"from": [6.5, 10, -1],
			"to": [9.5, 15, 0],
			"rotation": {"angle": 0, "axis": "y", "origin": [8, 13.25, 3.75]},
			"faces": {
				"north": {"uv": [3.625, 4.25, 4, 4.875], "texture": "#0"},
				"east": {"uv": [10.25, 7.75, 10.375, 8.375], "texture": "#0"},
				"south": {"uv": [3.625, 4.875, 4, 5.5], "texture": "#0"},
				"west": {"uv": [10.25, 9.625, 10.375, 10.25], "texture": "#0"},
				"up": {"uv": [4, 5.875, 3.625, 5.75], "texture": "#0"},
				"down": {"uv": [8.125, 3.25, 7.75, 3.375], "texture": "#0"}
			}
		},
		{
			"from": [-8.25, 12, -0.25],
			"to": [24.25, 16.25, 16.25],
			"rotation": {"angle": 0, "axis": "y", "origin": [8, 13.25, 3.75]},
			"faces": {
				"north": {"uv": [4.125, 3.375, 8.25, 3.875], "texture": "#0"},
				"east": {"uv": [7.875, 4.375, 10, 4.875], "texture": "#0"},
				"south": {"uv": [7.875, 3.875, 12, 4.375], "texture": "#0"},
				"west": {"uv": [7.875, 4.875, 10, 5.375], "texture": "#0"},
				"up": {"uv": [4.125, 2.125, 0, 0], "texture": "#0"},
				"down": {"uv": [4.125, 2.125, 0, 4.25], "texture": "#0"}
			}
		},
		{
			"from": [-6.25, 14.75, 1.75],
			"to": [22.25, 17, 14.25],
			"rotation": {"angle": 0, "axis": "y", "origin": [8, 13.25, 3.75]},
			"faces": {
				"north": {"uv": [4.125, 3.875, 7.75, 4.125], "texture": "#0"},
				"east": {"uv": [9.5, 2.75, 11.125, 3], "texture": "#0"},
				"south": {"uv": [7.875, 1.5, 11.5, 1.75], "texture": "#0"},
				"west": {"uv": [9.5, 3, 11.125, 3.25], "texture": "#0"},
				"up": {"uv": [7.75, 3.375, 4.125, 1.75], "texture": "#0"},
				"down": {"uv": [3.625, 4.25, 0, 5.875], "texture": "#0"}
			}
		}
	],
	"display": {
		"head": {
			"translation": [0, -10.25, -8.75],
			"scale": [1.37, 1.37, 1.37]
		}
	},
	"groups": [
		{
			"name": "group",
			"origin": [16, 8, 8],
			"children": [0, 1, 2]
		}
	]
}