{
	"credit": "Made with Blockbench",
	"texture_size": [128, 128],
	"textures": {
		"0": "chests/lootchest",
		"particle": "chests/lootchest"
	},
	"elements": [
		{
			"from": [23, 0, 1],
			"to": [28, 4, 15],
			"rotation": {"angle": 0, "axis": "y", "origin": [0, 8, 8]},
			"faces": {
				"north": {"uv": [9.5, 5.875, 10.125, 6.375], "texture": "#0"},
				"east": {"uv": [2.5, 8.875, 4.25, 9.375], "texture": "#0"},
				"south": {"uv": [10.125, 5.875, 9.5, 6.375], "texture": "#0"},
				"west": {"uv": [4.25, 8.875, 6, 9.375], "texture": "#0"},
				"up": {"uv": [1.875, 10.625, 1.25, 8.875], "texture": "#0"},
				"down": {"uv": [2.5, 8.875, 1.875, 10.625], "texture": "#0"}
			}
		},
		{
			"from": [23, 12, 1],
			"to": [28, 16, 15],
			"rotation": {"angle": 0, "axis": "x", "origin": [25.5, 14, 8]},
			"faces": {
				"north": {"uv": [10.125, 5.875, 9.5, 6.375], "rotation": 180, "texture": "#0"},
				"east": {"uv": [2.5, 8.875, 4.25, 9.375], "rotation": 180, "texture": "#0"},
				"south": {"uv": [9.5, 5.875, 10.125, 6.375], "rotation": 180, "texture": "#0"},
				"west": {"uv": [4.25, 8.875, 6, 9.375], "rotation": 180, "texture": "#0"},
				"up": {"uv": [2.5, 8.875, 1.875, 10.625], "texture": "#0"},
				"down": {"uv": [1.875, 10.625, 1.25, 8.875], "texture": "#0"}
			}
		},
		{
			"from": [24.25, 1, 2],
			"to": [26.25, 19, 4],
			"rotation": {"angle": 0, "axis": "y", "origin": [1.25, 8, 10]},
			"faces": {
				"north": {"uv": [2.75, 9.375, 3, 11.625], "texture": "#0"},
				"east": {"uv": [3, 9.375, 3.25, 11.625], "texture": "#0"},
				"south": {"uv": [3.25, 9.375, 3.5, 11.625], "texture": "#0"},
				"west": {"uv": [3.5, 9.375, 3.75, 11.625], "texture": "#0"},
				"up": {"uv": [10.25, 3.5, 10, 3.25], "texture": "#0"},
				"down": {"uv": [10.25, 3.5, 10, 3.75], "texture": "#0"}
			}
		},
		{
			"from": [24.25, 1, 4],
			"to": [26.25, 22, 6],
			"rotation": {"angle": 0, "axis": "y", "origin": [1.25, 8, 12]},
			"faces": {
				"north": {"uv": [8, 9, 8.25, 11.625], "texture": "#0"},
				"east": {"uv": [8.25, 9, 8.5, 11.625], "texture": "#0"},
				"south": {"uv": [8.5, 9, 8.75, 11.625], "texture": "#0"},
				"west": {"uv": [8.75, 9, 9, 11.625], "texture": "#0"},
				"up": {"uv": [10.5, 1.5, 10.25, 1.25], "texture": "#0"},
				"down": {"uv": [10.5, 3.25, 10.25, 3.5], "texture": "#0"}
			}
		},
		{
			"from": [24.25, 1, 6],
			"to": [26.25, 24, 8],
			"rotation": {"angle": 0, "axis": "y", "origin": [1.25, 8, 14]},
			"faces": {
				"north": {"uv": [7, 8.875, 7.25, 11.75], "texture": "#0"},
				"east": {"uv": [7.25, 8.875, 7.5, 11.75], "texture": "#0"},
				"south": {"uv": [7.5, 9, 7.75, 11.875], "texture": "#0"},
				"west": {"uv": [7.75, 9, 8, 11.875], "texture": "#0"},
				"up": {"uv": [10.125, 9.875, 9.875, 9.625], "texture": "#0"},
				"down": {"uv": [10.25, 1.25, 10, 1.5], "texture": "#0"}
			}
		},
		{
			"from": [24.25, 1, 8],
			"to": [26.25, 28, 10],
			"rotation": {"angle": 0, "axis": "y", "origin": [1.25, 8, 16]},
			"faces": {
				"north": {"uv": [6, 8.875, 6.25, 12.25], "texture": "#0"},
				"east": {"uv": [6.25, 8.875, 6.5, 12.25], "texture": "#0"},
				"south": {"uv": [6.5, 8.875, 6.75, 12.25], "texture": "#0"},
				"west": {"uv": [6.75, 8.875, 7, 12.25], "texture": "#0"},
				"up": {"uv": [10.5, 3.75, 10.25, 3.5], "texture": "#0"},
				"down": {"uv": [10.5, 9.25, 10.25, 9.5], "texture": "#0"}
			}
		},
		{
			"from": [24.25, 1, 10],
			"to": [26.25, 22, 12],
			"rotation": {"angle": 0, "axis": "y", "origin": [1.25, 8, 18]},
			"faces": {
				"north": {"uv": [9, 9, 9.25, 11.625], "texture": "#0"},
				"east": {"uv": [9.25, 9.25, 9.5, 11.875], "texture": "#0"},
				"south": {"uv": [9.25, 5.875, 9.5, 8.5], "texture": "#0"},
				"west": {"uv": [2.5, 9.375, 2.75, 12], "texture": "#0"},
				"up": {"uv": [10.625, 5.875, 10.375, 5.625], "texture": "#0"},
				"down": {"uv": [10.625, 5.875, 10.375, 6.125], "texture": "#0"}
			}
		},
		{
			"from": [24.25, 1, 12],
			"to": [26.25, 19, 14],
			"rotation": {"angle": 0, "axis": "y", "origin": [1.25, 8, 20]},
			"faces": {
				"north": {"uv": [3.75, 9.375, 4, 11.625], "texture": "#0"},
				"east": {"uv": [4, 9.375, 4.25, 11.625], "texture": "#0"},
				"south": {"uv": [4.25, 9.375, 4.5, 11.625], "texture": "#0"},
				"west": {"uv": [4.5, 9.375, 4.75, 11.625], "texture": "#0"},
				"up": {"uv": [10.625, 6.375, 10.375, 6.125], "texture": "#0"},
				"down": {"uv": [10.625, 6.375, 10.375, 6.625], "texture": "#0"}
			}
		},
		{
			"from": [-12, 0, 1],
			"to": [-7, 4, 15],
			"rotation": {"angle": 0, "axis": "y", "origin": [16, 8, 8]},
			"faces": {
				"north": {"uv": [10.125, 5.875, 9.5, 6.375], "texture": "#0"},
				"east": {"uv": [6, 8.875, 4.25, 9.375], "texture": "#0"},
				"south": {"uv": [9.5, 5.875, 10.125, 6.375], "texture": "#0"},
				"west": {"uv": [4.25, 8.875, 2.5, 9.375], "texture": "#0"},
				"up": {"uv": [1.25, 10.625, 1.875, 8.875], "texture": "#0"},
				"down": {"uv": [1.875, 8.875, 2.5, 10.625], "texture": "#0"}
			}
		},
		{
			"from": [-12, 12, 1],
			"to": [-7, 16, 15],
			"rotation": {"angle": 0, "axis": "x", "origin": [-9.5, 14, 8]},
			"faces": {
				"north": {"uv": [9.5, 5.875, 10.125, 6.375], "rotation": 180, "texture": "#0"},
				"east": {"uv": [6, 8.875, 4.25, 9.375], "rotation": 180, "texture": "#0"},
				"south": {"uv": [10.125, 5.875, 9.5, 6.375], "rotation": 180, "texture": "#0"},
				"west": {"uv": [4.25, 8.875, 2.5, 9.375], "rotation": 180, "texture": "#0"},
				"up": {"uv": [1.875, 8.875, 2.5, 10.625], "texture": "#0"},
				"down": {"uv": [1.25, 10.625, 1.875, 8.875], "texture": "#0"}
			}
		},
		{
			"from": [-10.25, 1, 2],
			"to": [-8.25, 19, 4],
			"rotation": {"angle": 0, "axis": "y", "origin": [14.75, 8, 10]},
			"faces": {
				"north": {"uv": [3, 9.375, 2.75, 11.625], "texture": "#0"},
				"east": {"uv": [3.75, 9.375, 3.5, 11.625], "texture": "#0"},
				"south": {"uv": [3.5, 9.375, 3.25, 11.625], "texture": "#0"},
				"west": {"uv": [3.25, 9.375, 3, 11.625], "texture": "#0"},
				"up": {"uv": [10, 3.5, 10.25, 3.25], "texture": "#0"},
				"down": {"uv": [10, 3.5, 10.25, 3.75], "texture": "#0"}
			}
		},
		{
			"from": [-10.25, 1, 4],
			"to": [-8.25, 22, 6],
			"rotation": {"angle": 0, "axis": "y", "origin": [14.75, 8, 12]},
			"faces": {
				"north": {"uv": [8.25, 9, 8, 11.625], "texture": "#0"},
				"east": {"uv": [9, 9, 8.75, 11.625], "texture": "#0"},
				"south": {"uv": [8.75, 9, 8.5, 11.625], "texture": "#0"},
				"west": {"uv": [8.5, 9, 8.25, 11.625], "texture": "#0"},
				"up": {"uv": [10.25, 1.5, 10.5, 1.25], "texture": "#0"},
				"down": {"uv": [10.25, 3.25, 10.5, 3.5], "texture": "#0"}
			}
		},
		{
			"from": [-10.25, 1, 6],
			"to": [-8.25, 24, 8],
			"rotation": {"angle": 0, "axis": "y", "origin": [14.75, 8, 14]},
			"faces": {
				"north": {"uv": [7.25, 8.875, 7, 11.75], "texture": "#0"},
				"east": {"uv": [8, 9, 7.75, 11.875], "texture": "#0"},
				"south": {"uv": [7.75, 9, 7.5, 11.875], "texture": "#0"},
				"west": {"uv": [7.5, 8.875, 7.25, 11.75], "texture": "#0"},
				"up": {"uv": [9.875, 9.875, 10.125, 9.625], "texture": "#0"},
				"down": {"uv": [10, 1.25, 10.25, 1.5], "texture": "#0"}
			}
		},
		{
			"from": [-10.25, 1, 8],
			"to": [-8.25, 28, 10],
			"rotation": {"angle": 0, "axis": "y", "origin": [14.75, 8, 16]},
			"faces": {
				"north": {"uv": [6.25, 8.875, 6, 12.25], "texture": "#0"},
				"east": {"uv": [7, 8.875, 6.75, 12.25], "texture": "#0"},
				"south": {"uv": [6.75, 8.875, 6.5, 12.25], "texture": "#0"},
				"west": {"uv": [6.5, 8.875, 6.25, 12.25], "texture": "#0"},
				"up": {"uv": [10.25, 3.75, 10.5, 3.5], "texture": "#0"},
				"down": {"uv": [10.25, 9.25, 10.5, 9.5], "texture": "#0"}
			}
		},
		{
			"from": [-10.25, 1, 10],
			"to": [-8.25, 22, 12],
			"rotation": {"angle": 0, "axis": "y", "origin": [14.75, 8, 18]},
			"faces": {
				"north": {"uv": [9.25, 9, 9, 11.625], "texture": "#0"},
				"east": {"uv": [2.75, 9.375, 2.5, 12], "texture": "#0"},
				"south": {"uv": [9.5, 5.875, 9.25, 8.5], "texture": "#0"},
				"west": {"uv": [9.5, 9.25, 9.25, 11.875], "texture": "#0"},
				"up": {"uv": [10.375, 5.875, 10.625, 5.625], "texture": "#0"},
				"down": {"uv": [10.375, 5.875, 10.625, 6.125], "texture": "#0"}
			}
		},
		{
			"from": [-10.25, 1, 12],
			"to": [-8.25, 19, 14],
			"rotation": {"angle": 0, "axis": "y", "origin": [14.75, 8, 20]},
			"faces": {
				"north": {"uv": [4, 9.375, 3.75, 11.625], "texture": "#0"},
				"east": {"uv": [4.75, 9.375, 4.5, 11.625], "texture": "#0"},
				"south": {"uv": [4.5, 9.375, 4.25, 11.625], "texture": "#0"},
				"west": {"uv": [4.25, 9.375, 4, 11.625], "texture": "#0"},
				"up": {"uv": [10.375, 6.375, 10.625, 6.125], "texture": "#0"},
				"down": {"uv": [10.375, 6.375, 10.625, 6.625], "texture": "#0"}
			}
		},
		{
			"from": [23.5, 0, 1],
			"to": [23.5, 12, 15],
			"rotation": {"angle": 0, "axis": "y", "origin": [16, 8, 8]},
			"faces": {
				"north": {"uv": [0, 0, 0, 1.5], "texture": "#0"},
				"east": {"uv": [7.75, 1.75, 9.5, 3.25], "texture": "#0"},
				"south": {"uv": [0, 0, 0, 1.5], "texture": "#0"},
				"west": {"uv": [7.875, 0, 9.625, 1.5], "texture": "#0"},
				"up": {"uv": [0, 1.75, 0, 0], "texture": "#0"},
				"down": {"uv": [0, 0, 0, 1.75], "texture": "#0"}
			}
		},
		{
			"from": [-7.5, 0, 1],
			"to": [-7.5, 12, 15],
			"rotation": {"angle": 0, "axis": "y", "origin": [0, 8, 8]},
			"faces": {
				"north": {"uv": [0, 0, 0, 1.5], "texture": "#0"},
				"east": {"uv": [9.625, 0, 7.875, 1.5], "texture": "#0"},
				"south": {"uv": [0, 0, 0, 1.5], "texture": "#0"},
				"west": {"uv": [9.5, 1.75, 7.75, 3.25], "texture": "#0"},
				"up": {"uv": [0, 1.75, 0, 0], "texture": "#0"},
				"down": {"uv": [0, 0, 0, 1.75], "texture": "#0"}
			}
		},
		{
			"from": [-7, 0, 0.5],
			"to": [23, 12, 0.5],
			"rotation": {"angle": 0, "axis": "y", "origin": [16, 8, 8]},
			"faces": {
				"north": {"uv": [0, 7.375, 3.75, 8.875], "texture": "#0"},
				"east": {"uv": [0, 0, 0, 1.5], "texture": "#0"},
				"south": {"uv": [3.75, 7.375, 7.5, 8.875], "texture": "#0"},
				"west": {"uv": [0, 0, 0, 1.5], "texture": "#0"},
				"up": {"uv": [3.75, 0, 0, 0], "texture": "#0"},
				"down": {"uv": [3.75, 0, 0, 0], "texture": "#0"}
			}
		},
		{
			"from": [-7, 0, 15.5],
			"to": [23, 12, 15.5],
			"rotation": {"angle": 0, "axis": "y", "origin": [16, 8, 8]},
			"faces": {
				"north": {"uv": [7.5, 7.375, 3.75, 8.875], "texture": "#0"},
				"east": {"uv": [0, 0, 0, 1.5], "texture": "#0"},
				"south": {"uv": [3.75, 7.375, 0, 8.875], "texture": "#0"},
				"west": {"uv": [0, 0, 0, 1.5], "texture": "#0"},
				"up": {"uv": [3.75, 0, 0, 0], "texture": "#0"},
				"down": {"uv": [3.75, 0, 0, 0], "texture": "#0"}
			}
		},
		{
			"from": [-7, 0, 1],
			"to": [23, 12, 15],
			"rotation": {"angle": 0, "axis": "y", "origin": [16, 8, 8]},
			"faces": {
				"north": {"uv": [0, 5.875, 3.75, 7.375], "texture": "#0"},
				"east": {"uv": [7.5, 7.5, 9.25, 9], "texture": "#0"},
				"south": {"uv": [3.75, 5.875, 7.5, 7.375], "texture": "#0"},
				"west": {"uv": [7.5, 5.875, 9.25, 7.375], "texture": "#0"},
				"up": {"uv": [7.875, 5.875, 4.125, 4.125], "texture": "#0"},
				"down": {"uv": [7.875, 0, 4.125, 1.75], "texture": "#0"}
			}
		},
		{
			"from": [7.5, 1, 0],
			"to": [8.5, 11, 1],
			"rotation": {"angle": 0, "axis": "y", "origin": [15.5, -3, -7]},
			"faces": {
				"north": {"uv": [10.125, 5.625, 10.25, 6.875], "texture": "#0"},
				"east": {"uv": [10.25, 10.25, 10.375, 11.5], "texture": "#0"},
				"south": {"uv": [10.25, 0, 10.375, 1.25], "texture": "#0"},
				"west": {"uv": [10.25, 4.375, 10.375, 5.625], "texture": "#0"},
				"up": {"uv": [10.625, 10.875, 10.5, 10.75], "texture": "#0"},
				"down": {"uv": [10.75, 10.75, 10.625, 10.875], "texture": "#0"}
			}
		},
		{
			"from": [-8, 0, 0],
			"to": [24, 1, 1],
			"rotation": {"angle": 0, "axis": "y", "origin": [16, -3, -7]},
			"faces": {
				"north": {"uv": [9.5, 1.75, 13.5, 1.875], "texture": "#0"},
				"east": {"uv": [0.625, 10.75, 0.75, 10.875], "texture": "#0"},
				"south": {"uv": [9.5, 1.875, 13.5, 2], "texture": "#0"},
				"west": {"uv": [0.75, 10.75, 0.875, 10.875], "texture": "#0"},
				"up": {"uv": [13.5, 2.125, 9.5, 2], "texture": "#0"},
				"down": {"uv": [13.5, 2.125, 9.5, 2.25], "texture": "#0"}
			}
		},
		{
			"from": [23, 1, 0],
			"to": [24, 11, 1],
			"rotation": {"angle": 0, "axis": "y", "origin": [16, -3, -7]},
			"faces": {
				"north": {"uv": [4, 4.25, 4.125, 5.5], "texture": "#0"},
				"east": {"uv": [9.625, 0, 9.75, 1.25], "texture": "#0"},
				"south": {"uv": [9.75, 0, 9.875, 1.25], "texture": "#0"},
				"west": {"uv": [5.375, 9.875, 5.5, 11.125], "texture": "#0"},
				"up": {"uv": [1.5, 10.875, 1.375, 10.75], "texture": "#0"},
				"down": {"uv": [1.625, 10.75, 1.5, 10.875], "texture": "#0"}
			}
		},
		{
			"from": [-8, 11, 0],
			"to": [24, 12, 1],
			"rotation": {"angle": 0, "axis": "y", "origin": [16, 8, -7]},
			"faces": {
				"north": {"uv": [9.25, 8.875, 13.25, 9], "texture": "#0"},
				"east": {"uv": [9.75, 9.625, 9.875, 9.75], "texture": "#0"},
				"south": {"uv": [9.25, 9, 13.25, 9.125], "texture": "#0"},
				"west": {"uv": [10, 9.875, 10.125, 10], "texture": "#0"},
				"up": {"uv": [13.25, 9.25, 9.25, 9.125], "texture": "#0"},
				"down": {"uv": [13.5, 9.5, 9.5, 9.625], "texture": "#0"}
			}
		},
		{
			"from": [23, 11, 1],
			"to": [24, 12, 15],
			"rotation": {"angle": 0, "axis": "y", "origin": [16, 8, -7]},
			"faces": {
				"north": {"uv": [10.25, 8.375, 10.375, 8.5], "texture": "#0"},
				"east": {"uv": [7.5, 7.375, 9.25, 7.5], "texture": "#0"},
				"south": {"uv": [10.625, 9.875, 10.75, 10], "texture": "#0"},
				"west": {"uv": [9.5, 6.875, 11.25, 7], "texture": "#0"},
				"up": {"uv": [9.625, 11.375, 9.5, 9.625], "texture": "#0"},
				"down": {"uv": [9.75, 9.625, 9.625, 11.375], "texture": "#0"}
			}
		},
		{
			"from": [-8, 1, 0],
			"to": [-7, 11, 1],
			"rotation": {"angle": 0, "axis": "y", "origin": [-15, -3, -7]},
			"faces": {
				"north": {"uv": [10, 4.375, 10.125, 5.625], "texture": "#0"},
				"east": {"uv": [10.125, 10.125, 10.25, 11.375], "texture": "#0"},
				"south": {"uv": [10.125, 0, 10.25, 1.25], "texture": "#0"},
				"west": {"uv": [10.125, 4.375, 10.25, 5.625], "texture": "#0"},
				"up": {"uv": [2.25, 10.875, 2.125, 10.75], "texture": "#0"},
				"down": {"uv": [2.375, 10.75, 2.25, 10.875], "texture": "#0"}
			}
		},
		{
			"from": [-8, 11, 1],
			"to": [-7, 12, 15],
			"rotation": {"angle": 0, "axis": "y", "origin": [-15, 8, -7]},
			"faces": {
				"north": {"uv": [10.625, 10, 10.75, 10.125], "texture": "#0"},
				"east": {"uv": [9.5, 7, 11.25, 7.125], "texture": "#0"},
				"south": {"uv": [10.625, 10.125, 10.75, 10.25], "texture": "#0"},
				"west": {"uv": [9.5, 7.125, 11.25, 7.25], "texture": "#0"},
				"up": {"uv": [9.875, 11.5, 9.75, 9.75], "texture": "#0"},
				"down": {"uv": [4.875, 9.875, 4.75, 11.625], "texture": "#0"}
			}
		},
		{
			"from": [-8, 0, 1],
			"to": [-7, 1, 15],
			"rotation": {"angle": 0, "axis": "y", "origin": [-15, -3, -7]},
			"faces": {
				"north": {"uv": [10.625, 10.25, 10.75, 10.375], "texture": "#0"},
				"east": {"uv": [9.5, 7.25, 11.25, 7.375], "texture": "#0"},
				"south": {"uv": [0.5, 10.75, 0.625, 10.875], "texture": "#0"},
				"west": {"uv": [9.5, 7.375, 11.25, 7.5], "texture": "#0"},
				"up": {"uv": [5, 11.625, 4.875, 9.875], "texture": "#0"},
				"down": {"uv": [5.125, 9.875, 5, 11.625], "texture": "#0"}
			}
		},
		{
			"from": [-8, 11, 15],
			"to": [24, 12, 16],
			"rotation": {"angle": 0, "axis": "y", "origin": [16, 8, 8]},
			"faces": {
				"north": {"uv": [8.25, 3.75, 12.25, 3.875], "texture": "#0"},
				"east": {"uv": [4, 5.75, 4.125, 5.875], "texture": "#0"},
				"south": {"uv": [9.25, 8.5, 13.25, 8.625], "texture": "#0"},
				"west": {"uv": [8.125, 3.25, 8.25, 3.375], "texture": "#0"},
				"up": {"uv": [13.25, 8.75, 9.25, 8.625], "texture": "#0"},
				"down": {"uv": [13.25, 8.75, 9.25, 8.875], "texture": "#0"}
			}
		},
		{
			"from": [-8, 1, 15],
			"to": [-7, 11, 16],
			"rotation": {"angle": 0, "axis": "y", "origin": [-15, -3, 8]},
			"faces": {
				"north": {"uv": [9.875, 9.875, 10, 11.125], "texture": "#0"},
				"east": {"uv": [9.875, 0, 10, 1.25], "texture": "#0"},
				"south": {"uv": [10, 10, 10.125, 11.25], "texture": "#0"},
				"west": {"uv": [10, 0, 10.125, 1.25], "texture": "#0"},
				"up": {"uv": [2, 10.875, 1.875, 10.75], "texture": "#0"},
				"down": {"uv": [2.125, 10.75, 2, 10.875], "texture": "#0"}
			}
		},
		{
			"from": [7.5, 1, 15],
			"to": [8.5, 11, 16],
			"rotation": {"angle": 0, "axis": "y", "origin": [15.5, -3, 23]},
			"faces": {
				"north": {"uv": [10.25, 5.625, 10.375, 6.875], "texture": "#0"},
				"east": {"uv": [10.375, 10.375, 10.5, 11.625], "texture": "#0"},
				"south": {"uv": [10.375, 0, 10.5, 1.25], "texture": "#0"},
				"west": {"uv": [10.375, 4.375, 10.5, 5.625], "texture": "#0"},
				"up": {"uv": [10.875, 10.875, 10.75, 10.75], "texture": "#0"},
				"down": {"uv": [10.875, 0, 10.75, 0.125], "texture": "#0"}
			}
		},
		{
			"from": [-8, 0, 15],
			"to": [24, 1, 16],
			"rotation": {"angle": 0, "axis": "y", "origin": [16, -3, 8]},
			"faces": {
				"north": {"uv": [9.5, 2.25, 13.5, 2.375], "texture": "#0"},
				"east": {"uv": [1.125, 10.75, 1.25, 10.875], "texture": "#0"},
				"south": {"uv": [9.5, 2.375, 13.5, 2.5], "texture": "#0"},
				"west": {"uv": [1.25, 10.75, 1.375, 10.875], "texture": "#0"},
				"up": {"uv": [13.5, 2.625, 9.5, 2.5], "texture": "#0"},
				"down": {"uv": [13.5, 2.625, 9.5, 2.75], "texture": "#0"}
			}
		},
		{
			"from": [23, 1, 15],
			"to": [24, 11, 16],
			"rotation": {"angle": 0, "axis": "y", "origin": [16, -3, 8]},
			"faces": {
				"north": {"uv": [5.5, 9.875, 5.625, 11.125], "texture": "#0"},
				"east": {"uv": [5.625, 9.875, 5.75, 11.125], "texture": "#0"},
				"south": {"uv": [5.75, 9.875, 5.875, 11.125], "texture": "#0"},
				"west": {"uv": [5.875, 9.875, 6, 11.125], "texture": "#0"},
				"up": {"uv": [1.75, 10.875, 1.625, 10.75], "texture": "#0"},
				"down": {"uv": [1.875, 10.75, 1.75, 10.875], "texture": "#0"}
			}
		},
		{
			"from": [23, 0, 1],
			"to": [24, 1, 15],
			"rotation": {"angle": 0, "axis": "y", "origin": [16, -3, -7]},
			"faces": {
				"north": {"uv": [0.875, 10.75, 1, 10.875], "texture": "#0"},
				"east": {"uv": [9.5, 7.5, 11.25, 7.625], "texture": "#0"},
				"south": {"uv": [1, 10.75, 1.125, 10.875], "texture": "#0"},
				"west": {"uv": [9.5, 7.625, 11.25, 7.75], "texture": "#0"},
				"up": {"uv": [5.25, 11.625, 5.125, 9.875], "texture": "#0"},
				"down": {"uv": [5.375, 9.875, 5.25, 11.625], "texture": "#0"}
			}
		},
		{
			"from": [-9, 0, -1],
			"to": [-7, 2, 1],
			"rotation": {"angle": 0, "axis": "y", "origin": [-16, -3, -7]},
			"faces": {
				"north": {"uv": [10.375, 10.125, 10.625, 10.375], "texture": "#0"},
				"east": {"uv": [10.5, 10.5, 10.75, 10.75], "texture": "#0"},
				"south": {"uv": [10.5, 0, 10.75, 0.25], "texture": "#0"},
				"west": {"uv": [10.5, 0.25, 10.75, 0.5], "texture": "#0"},
				"up": {"uv": [10.75, 0.75, 10.5, 0.5], "texture": "#0"},
				"down": {"uv": [10.75, 0.75, 10.5, 1], "texture": "#0"}
			}
		},
		{
			"from": [-9, 0, 15],
			"to": [-7, 2, 17],
			"rotation": {"angle": 0, "axis": "y", "origin": [-16, -3, 23]},
			"faces": {
				"north": {"uv": [10.5, 1, 10.75, 1.25], "texture": "#0"},
				"east": {"uv": [10.5, 1.25, 10.75, 1.5], "texture": "#0"},
				"south": {"uv": [10.5, 3.25, 10.75, 3.5], "texture": "#0"},
				"west": {"uv": [10.5, 3.5, 10.75, 3.75], "texture": "#0"},
				"up": {"uv": [10.75, 4.625, 10.5, 4.375], "texture": "#0"},
				"down": {"uv": [10.75, 4.625, 10.5, 4.875], "texture": "#0"}
			}
		},
		{
			"from": [23, 0, -1],
			"to": [25, 2, 1],
			"rotation": {"angle": 0, "axis": "y", "origin": [16, -3, -7]},
			"faces": {
				"north": {"uv": [10.375, 6.625, 10.625, 6.875], "texture": "#0"},
				"east": {"uv": [10.375, 7.75, 10.625, 8], "texture": "#0"},
				"south": {"uv": [10.375, 8, 10.625, 8.25], "texture": "#0"},
				"west": {"uv": [10.375, 8.25, 10.625, 8.5], "texture": "#0"},
				"up": {"uv": [10.625, 9.875, 10.375, 9.625], "texture": "#0"},
				"down": {"uv": [10.625, 9.875, 10.375, 10.125], "texture": "#0"}
			}
		},
		{
			"from": [23, 0, 15],
			"to": [25, 2, 17],
			"rotation": {"angle": 0, "axis": "y", "origin": [16, -3, 23]},
			"faces": {
				"north": {"uv": [10.5, 4.875, 10.75, 5.125], "texture": "#0"},
				"east": {"uv": [10.5, 5.125, 10.75, 5.375], "texture": "#0"},
				"south": {"uv": [10.5, 5.375, 10.75, 5.625], "texture": "#0"},
				"west": {"uv": [10.5, 9.25, 10.75, 9.5], "texture": "#0"},
				"up": {"uv": [0.25, 10.875, 0, 10.625], "texture": "#0"},
				"down": {"uv": [0.5, 10.625, 0.25, 10.875], "texture": "#0"}
			}
		},
		{
			"from": [19, 11, 16],
			"to": [22, 13, 16.5],
			"rotation": {"angle": 0, "axis": "y", "origin": [23, 8, 25]},
			"faces": {
				"north": {"uv": [9.875, 8.25, 10.25, 8.5], "texture": "#0"},
				"east": {"uv": [10.625, 8.25, 10.75, 8.5], "texture": "#0"},
				"south": {"uv": [9.875, 9.25, 10.25, 9.5], "texture": "#0"},
				"west": {"uv": [10.625, 9.625, 10.75, 9.875], "texture": "#0"},
				"up": {"uv": [11, 6.25, 10.625, 6.125], "texture": "#0"},
				"down": {"uv": [11, 6.25, 10.625, 6.375], "texture": "#0"}
			}
		},
		{
			"from": [14, 11, 16],
			"to": [17, 13, 16.5],
			"rotation": {"angle": 0, "axis": "y", "origin": [18, 8, 25]},
			"faces": {
				"north": {"uv": [9.5, 8, 9.875, 8.25], "texture": "#0"},
				"east": {"uv": [10, 5.625, 10.125, 5.875], "texture": "#0"},
				"south": {"uv": [9.5, 8.25, 9.875, 8.5], "texture": "#0"},
				"west": {"uv": [10.125, 9.625, 10.25, 9.875], "texture": "#0"},
				"up": {"uv": [1.25, 10.75, 0.875, 10.625], "texture": "#0"},
				"down": {"uv": [1.625, 10.625, 1.25, 10.75], "texture": "#0"}
			}
		},
		{
			"from": [9, 11, 16],
			"to": [12, 13, 16.5],
			"rotation": {"angle": 0, "axis": "y", "origin": [13, 8, 25]},
			"faces": {
				"north": {"uv": [9.625, 5.375, 10, 5.625], "texture": "#0"},
				"east": {"uv": [10.625, 6.375, 10.75, 6.625], "texture": "#0"},
				"south": {"uv": [9.625, 5.625, 10, 5.875], "texture": "#0"},
				"west": {"uv": [10.625, 6.625, 10.75, 6.875], "texture": "#0"},
				"up": {"uv": [11, 5.75, 10.625, 5.625], "texture": "#0"},
				"down": {"uv": [11, 5.75, 10.625, 5.875], "texture": "#0"}
			}
		},
		{
			"from": [4, 11, 16],
			"to": [7, 13, 16.5],
			"rotation": {"angle": 0, "axis": "y", "origin": [3, 8, 25]},
			"faces": {
				"north": {"uv": [9.5, 9.25, 9.875, 9.5], "texture": "#0"},
				"east": {"uv": [10.125, 9.875, 10.25, 10.125], "texture": "#0"},
				"south": {"uv": [9.625, 1.25, 10, 1.5], "texture": "#0"},
				"west": {"uv": [2.375, 10.625, 2.5, 10.875], "texture": "#0"},
				"up": {"uv": [2, 10.75, 1.625, 10.625], "texture": "#0"},
				"down": {"uv": [2.375, 10.625, 2, 10.75], "texture": "#0"}
			}
		},
		{
			"from": [-1, 11, 16],
			"to": [2, 13, 16.5],
			"rotation": {"angle": 0, "axis": "y", "origin": [-2, 8, 25]},
			"faces": {
				"north": {"uv": [3.625, 5.5, 4, 5.75], "texture": "#0"},
				"east": {"uv": [4, 5.5, 4.125, 5.75], "texture": "#0"},
				"south": {"uv": [9.5, 7.75, 9.875, 8], "texture": "#0"},
				"west": {"uv": [7.75, 3.875, 7.875, 4.125], "texture": "#0"},
				"up": {"uv": [10.875, 10.5, 10.5, 10.375], "texture": "#0"},
				"down": {"uv": [0.875, 10.625, 0.5, 10.75], "texture": "#0"}
			}
		},
		{
			"from": [-6, 11, 16],
			"to": [-3, 13, 16.5],
			"rotation": {"angle": 0, "axis": "y", "origin": [-7, 8, 25]},
			"faces": {
				"north": {"uv": [9.875, 7.75, 10.25, 8], "texture": "#0"},
				"east": {"uv": [10.625, 7.75, 10.75, 8], "texture": "#0"},
				"south": {"uv": [9.875, 8, 10.25, 8.25], "texture": "#0"},
				"west": {"uv": [10.625, 8, 10.75, 8.25], "texture": "#0"},
				"up": {"uv": [11, 6, 10.625, 5.875], "texture": "#0"},
				"down": {"uv": [11, 6, 10.625, 6.125], "texture": "#0"}
			}
		}
	],
	"display": {
		"head": {
			"translation": [0, -32.25, 0],
			"scale": [1.37, 1.37, 1.37]
		}
	},
	"groups": [
		{
			"name": "group",
			"origin": [23, 8, 25],
			"children": [
				{
					"name": "group",
					"origin": [15, 8, 8],
					"children": [0, 1, 2, 3, 4, 5, 6, 7]
				},
				{
					"name": "group",
					"origin": [15, 8, 8],
					"children": [8, 9, 10, 11, 12, 13, 14, 15]
				},
				{
					"name": "group",
					"origin": [16, 8, 8],
					"children": [16, 17, 18, 19]
				},
				{
					"name": "group",
					"origin": [23, 8, 25],
					"children": [20,
						{
							"name": "group",
							"origin": [-16, -3, -7],
							"children": [21, 22, 23, 24, 25, 26, 27, 28, 29, 30, 31, 32, 33, 34,
								{
									"name": "group",
									"origin": [16, -3, 23],
									"children": [35, 36, 37, 38]
								}
							]
						},
						{
							"name": "group",
							"origin": [-7, 8, 25],
							"children": [39, 40, 41, 42, 43, 44]
						}
					]
				}
			]
		}
	]
}