{
	"credit": "Made with Blockbench",
	"texture_size": [64, 64],
	"textures": {
		"1": "custom/other/spire_mountain/spire_mountain_1"
	},
	"elements": [
		{
			"from": [-6.175, 6.2, -6.175],
			"to": [22.175, 9.2, 22.175],
			"rotation": {"angle": 0, "axis": "y", "origin": [0, 6.2, 0]},
			"faces": {
				"north": {"uv": [7.25, 8, 14.375, 8.75], "texture": "#1"},
				"east": {"uv": [7.25, 8.75, 14.375, 9.5], "texture": "#1"},
				"south": {"uv": [7.25, 9.5, 14.375, 10.25], "texture": "#1"},
				"west": {"uv": [7.25, 10.25, 14.375, 11], "texture": "#1"},
				"up": {"uv": [7.125, 7.125, 0, 0], "texture": "#1"},
				"down": {"uv": [7.125, 7.25, 0, 14.375], "texture": "#1"}
			}
		},
		{
			"from": [0, 6.3, 0],
			"to": [16, 10.3, 16],
			"rotation": {"angle": 0, "axis": "y", "origin": [0, 6.2, 0]},
			"faces": {
				"north": {"uv": [7.25, 11, 11.25, 12], "texture": "#1"},
				"east": {"uv": [11.25, 0, 15.25, 1], "texture": "#1"},
				"south": {"uv": [11.25, 1, 15.25, 2], "texture": "#1"},
				"west": {"uv": [11.25, 2, 15.25, 3], "texture": "#1"},
				"up": {"uv": [11.25, 4, 7.25, 0], "texture": "#1"},
				"down": {"uv": [11.25, 4, 7.25, 8], "texture": "#1"}
			}
		},
		{
			"from": [3.67957, 6.25, -2.4525],
			"to": [12.32957, 10.25, 0.5475],
			"rotation": {"angle": -22.5, "axis": "y", "origin": [8, 8.225, 8]},
			"faces": {
				"north": {"uv": [11.25, 6, 13.375, 7], "texture": "#1"},
				"east": {"uv": [13.5, 5.75, 14.25, 6.75], "texture": "#1"},
				"south": {"uv": [11.25, 7, 13.375, 8], "texture": "#1"},
				"west": {"uv": [13.5, 6.75, 14.25, 7.75], "texture": "#1"},
				"up": {"uv": [9.375, 13.75, 7.25, 13], "texture": "#1"},
				"down": {"uv": [11.625, 13, 9.5, 13.75], "texture": "#1"}
			}
		},
		{
			"from": [3.67043, 6.2, -2.4525],
			"to": [12.32043, 10.2, 0.5475],
			"rotation": {"angle": 22.5, "axis": "y", "origin": [8, 8.225, 8]},
			"faces": {
				"north": {"uv": [11.25, 11, 13.375, 12], "texture": "#1"},
				"east": {"uv": [13.5, 11, 14.25, 12], "texture": "#1"},
				"south": {"uv": [7.25, 12, 9.375, 13], "texture": "#1"},
				"west": {"uv": [13.5, 12, 14.25, 13], "texture": "#1"},
				"up": {"uv": [13.875, 13.75, 11.75, 13], "texture": "#1"},
				"down": {"uv": [15.375, 3, 13.25, 3.75], "texture": "#1"}
			}
		},
		{
			"from": [3.67957, 6.25, 15.4525],
			"to": [12.32957, 10.25, 18.4525],
			"rotation": {"angle": 22.5, "axis": "y", "origin": [8, 8.225, 8]},
			"faces": {
				"north": {"uv": [13.375, 7, 11.25, 8], "texture": "#1"},
				"east": {"uv": [14.25, 5.75, 13.5, 6.75], "texture": "#1"},
				"south": {"uv": [13.375, 6, 11.25, 7], "texture": "#1"},
				"west": {"uv": [14.25, 6.75, 13.5, 7.75], "texture": "#1"},
				"up": {"uv": [9.375, 13, 7.25, 13.75], "texture": "#1"},
				"down": {"uv": [11.625, 13.75, 9.5, 13], "texture": "#1"}
			}
		},
		{
			"from": [3.67043, 6.2, 15.4525],
			"to": [12.32043, 10.2, 18.4525],
			"rotation": {"angle": -22.5, "axis": "y", "origin": [8, 8.225, 8]},
			"faces": {
				"north": {"uv": [9.375, 12, 7.25, 13], "texture": "#1"},
				"east": {"uv": [14.25, 11, 13.5, 12], "texture": "#1"},
				"south": {"uv": [13.375, 11, 11.25, 12], "texture": "#1"},
				"west": {"uv": [14.25, 12, 13.5, 13], "texture": "#1"},
				"up": {"uv": [13.875, 13, 11.75, 13.75], "texture": "#1"},
				"down": {"uv": [15.375, 3.75, 13.25, 3], "texture": "#1"}
			}
		},
		{
			"from": [15.4525, 6.2, 3.67957],
			"to": [18.4525, 10.2, 12.32957],
			"rotation": {"angle": -22.5, "axis": "y", "origin": [8, 8.225, 8]},
			"faces": {
				"north": {"uv": [14.25, 11, 13.5, 12], "texture": "#1"},
				"east": {"uv": [13.375, 11, 11.25, 12], "texture": "#1"},
				"south": {"uv": [14.25, 12, 13.5, 13], "texture": "#1"},
				"west": {"uv": [9.375, 12, 7.25, 13], "texture": "#1"},
				"up": {"uv": [13.875, 13, 11.75, 13.75], "rotation": 270, "texture": "#1"},
				"down": {"uv": [15.375, 3.75, 13.25, 3], "rotation": 90, "texture": "#1"}
			}
		},
		{
			"from": [15.4525, 6.25, 3.67043],
			"to": [18.4525, 10.25, 12.32043],
			"rotation": {"angle": 22.5, "axis": "y", "origin": [8, 8.225, 8]},
			"faces": {
				"north": {"uv": [14.25, 5.75, 13.5, 6.75], "texture": "#1"},
				"east": {"uv": [13.375, 6, 11.25, 7], "texture": "#1"},
				"south": {"uv": [14.25, 6.75, 13.5, 7.75], "texture": "#1"},
				"west": {"uv": [13.375, 7, 11.25, 8], "texture": "#1"},
				"up": {"uv": [9.375, 13, 7.25, 13.75], "rotation": 270, "texture": "#1"},
				"down": {"uv": [11.625, 13.75, 9.5, 13], "rotation": 90, "texture": "#1"}
			}
		},
		{
			"from": [-2.4525, 6.25, 3.67043],
			"to": [0.5475, 10.25, 12.32043],
			"rotation": {"angle": -22.5, "axis": "y", "origin": [8, 8.225, 8]},
			"faces": {
				"north": {"uv": [13.5, 5.75, 14.25, 6.75], "texture": "#1"},
				"east": {"uv": [11.25, 7, 13.375, 8], "texture": "#1"},
				"south": {"uv": [13.5, 6.75, 14.25, 7.75], "texture": "#1"},
				"west": {"uv": [11.25, 6, 13.375, 7], "texture": "#1"},
				"up": {"uv": [9.375, 13.75, 7.25, 13], "rotation": 270, "texture": "#1"},
				"down": {"uv": [11.625, 13, 9.5, 13.75], "rotation": 90, "texture": "#1"}
			}
		},
		{
			"from": [-2.4525, 6.2, 3.67957],
			"to": [0.5475, 10.2, 12.32957],
			"rotation": {"angle": 22.5, "axis": "y", "origin": [8, 8.225, 8]},
			"faces": {
				"north": {"uv": [13.5, 11, 14.25, 12], "texture": "#1"},
				"east": {"uv": [7.25, 12, 9.375, 13], "texture": "#1"},
				"south": {"uv": [13.5, 12, 14.25, 13], "texture": "#1"},
				"west": {"uv": [11.25, 11, 13.375, 12], "texture": "#1"},
				"up": {"uv": [13.875, 13.75, 11.75, 13], "rotation": 270, "texture": "#1"},
				"down": {"uv": [15.375, 3, 13.25, 3.75], "rotation": 90, "texture": "#1"}
			}
		},
		{
			"from": [4, 6.225, -12.10936],
			"to": [12, 10.225, -6.10936],
			"rotation": {"angle": 0, "axis": "y", "origin": [8, 8.225, -9.10936]},
			"faces": {
				"north": {"uv": [9.5, 12, 11.5, 13], "texture": "#1"},
				"east": {"uv": [13.25, 3.75, 14.75, 4.75], "texture": "#1"},
				"south": {"uv": [11.5, 12, 13.5, 13], "texture": "#1"},
				"west": {"uv": [13.25, 4.75, 14.75, 5.75], "texture": "#1"},
				"up": {"uv": [13.25, 4.5, 11.25, 3], "texture": "#1"},
				"down": {"uv": [13.25, 4.5, 11.25, 6], "texture": "#1"}
			}
		},
		{
			"from": [3.09962, 6.3, -7.58282],
			"to": [11.09962, 10.3, -1.58282],
			"rotation": {"angle": 22.5, "axis": "y", "origin": [-3.82841, 8.3, 8]},
			"faces": {
				"north": {"uv": [9.5, 12, 11.5, 13], "texture": "#1"},
				"east": {"uv": [13.25, 3.75, 14.75, 4.75], "texture": "#1"},
				"south": {"uv": [11.5, 12, 13.5, 13], "texture": "#1"},
				"west": {"uv": [13.25, 4.75, 14.75, 5.75], "texture": "#1"},
				"up": {"uv": [13.25, 4.5, 11.25, 3], "texture": "#1"},
				"down": {"uv": [13.25, 4.5, 11.25, 6], "texture": "#1"}
			}
		},
		{
			"from": [0.53554, 6.225, -3.74541],
			"to": [8.53554, 10.225, 2.25459],
			"rotation": {"angle": 45, "axis": "y", "origin": [-3.82841, 8.225, 8]},
			"faces": {
				"north": {"uv": [9.5, 12, 11.5, 13], "texture": "#1"},
				"east": {"uv": [13.25, 3.75, 14.75, 4.75], "texture": "#1"},
				"south": {"uv": [11.5, 12, 13.5, 13], "texture": "#1"},
				"west": {"uv": [13.25, 4.75, 14.75, 5.75], "texture": "#1"},
				"up": {"uv": [13.25, 4.5, 11.25, 3], "texture": "#1"},
				"down": {"uv": [13.25, 4.5, 11.25, 6], "texture": "#1"}
			}
		},
		{
			"from": [-13.00974, 6.3, -0.52654],
			"to": [-7.00974, 10.3, 7.47346],
			"rotation": {"angle": -22.5, "axis": "y", "origin": [-3.82841, 8.3, 8]},
			"faces": {
				"north": {"uv": [13.25, 3.75, 14.75, 4.75], "texture": "#1"},
				"east": {"uv": [11.5, 12, 13.5, 13], "texture": "#1"},
				"south": {"uv": [13.25, 4.75, 14.75, 5.75], "texture": "#1"},
				"west": {"uv": [9.5, 12, 11.5, 13], "texture": "#1"},
				"up": {"uv": [13.25, 4.5, 11.25, 3], "rotation": 270, "texture": "#1"},
				"down": {"uv": [13.25, 4.5, 11.25, 6], "rotation": 90, "texture": "#1"}
			}
		},
		{
			"from": [-12.10936, 6.225, 4],
			"to": [-6.10936, 10.225, 12],
			"rotation": {"angle": 0, "axis": "y", "origin": [-3.82841, 8.225, 8]},
			"faces": {
				"north": {"uv": [13.25, 3.75, 14.75, 4.75], "texture": "#1"},
				"east": {"uv": [11.5, 12, 13.5, 13], "texture": "#1"},
				"south": {"uv": [13.25, 4.75, 14.75, 5.75], "texture": "#1"},
				"west": {"uv": [9.5, 12, 11.5, 13], "texture": "#1"},
				"up": {"uv": [13.25, 4.5, 11.25, 3], "rotation": 270, "texture": "#1"},
				"down": {"uv": [13.25, 4.5, 11.25, 6], "rotation": 90, "texture": "#1"}
			}
		},
		{
			"from": [-13.00974, 6.3, 8.52654],
			"to": [-7.00974, 10.3, 16.52654],
			"rotation": {"angle": 22.5, "axis": "y", "origin": [-3.82841, 8.3, 8]},
			"faces": {
				"north": {"uv": [13.25, 3.75, 14.75, 4.75], "texture": "#1"},
				"east": {"uv": [11.5, 12, 13.5, 13], "texture": "#1"},
				"south": {"uv": [13.25, 4.75, 14.75, 5.75], "texture": "#1"},
				"west": {"uv": [9.5, 12, 11.5, 13], "texture": "#1"},
				"up": {"uv": [13.25, 4.5, 11.25, 3], "rotation": 270, "texture": "#1"},
				"down": {"uv": [13.25, 4.5, 11.25, 6], "rotation": 90, "texture": "#1"}
			}
		},
		{
			"from": [-15.57382, 6.225, 12.36395],
			"to": [-9.57382, 10.225, 20.36395],
			"rotation": {"angle": 45, "axis": "y", "origin": [-3.82841, 8.225, 8]},
			"faces": {
				"north": {"uv": [13.25, 3.75, 14.75, 4.75], "texture": "#1"},
				"east": {"uv": [11.5, 12, 13.5, 13], "texture": "#1"},
				"south": {"uv": [13.25, 4.75, 14.75, 5.75], "texture": "#1"},
				"west": {"uv": [9.5, 12, 11.5, 13], "texture": "#1"},
				"up": {"uv": [13.25, 4.5, 11.25, 3], "rotation": 270, "texture": "#1"},
				"down": {"uv": [13.25, 4.5, 11.25, 6], "rotation": 90, "texture": "#1"}
			}
		},
		{
			"from": [3.09962, 6.3, 17.58282],
			"to": [11.09962, 10.3, 23.58282],
			"rotation": {"angle": -22.5, "axis": "y", "origin": [-3.82841, 8.3, 8]},
			"faces": {
				"north": {"uv": [11.5, 12, 13.5, 13], "texture": "#1"},
				"east": {"uv": [13.25, 4.75, 14.75, 5.75], "texture": "#1"},
				"south": {"uv": [9.5, 12, 11.5, 13], "texture": "#1"},
				"west": {"uv": [13.25, 3.75, 14.75, 4.75], "texture": "#1"},
				"up": {"uv": [13.25, 4.5, 11.25, 3], "rotation": 180, "texture": "#1"},
				"down": {"uv": [13.25, 4.5, 11.25, 6], "rotation": 180, "texture": "#1"}
			}
		},
		{
			"from": [4.90038, 6.3, 17.58282],
			"to": [12.90038, 10.3, 23.58282],
			"rotation": {"angle": 22.5, "axis": "y", "origin": [19.82841, 8.3, 8]},
			"faces": {
				"north": {"uv": [11.5, 12, 13.5, 13], "texture": "#1"},
				"east": {"uv": [13.25, 4.75, 14.75, 5.75], "texture": "#1"},
				"south": {"uv": [9.5, 12, 11.5, 13], "texture": "#1"},
				"west": {"uv": [13.25, 3.75, 14.75, 4.75], "texture": "#1"},
				"up": {"uv": [13.25, 4.5, 11.25, 3], "rotation": 180, "texture": "#1"},
				"down": {"uv": [13.25, 4.5, 11.25, 6], "rotation": 180, "texture": "#1"}
			}
		},
		{
			"from": [7.46446, 6.225, 13.7454],
			"to": [15.46446, 10.225, 19.7454],
			"rotation": {"angle": 45, "axis": "y", "origin": [19.82841, 8.225, 8]},
			"faces": {
				"north": {"uv": [11.5, 12, 13.5, 13], "texture": "#1"},
				"east": {"uv": [13.25, 4.75, 14.75, 5.75], "texture": "#1"},
				"south": {"uv": [9.5, 12, 11.5, 13], "texture": "#1"},
				"west": {"uv": [13.25, 3.75, 14.75, 4.75], "texture": "#1"},
				"up": {"uv": [13.25, 4.5, 11.25, 3], "rotation": 180, "texture": "#1"},
				"down": {"uv": [13.25, 4.5, 11.25, 6], "rotation": 180, "texture": "#1"}
			}
		},
		{
			"from": [23.00974, 6.3, 8.52654],
			"to": [29.00974, 10.3, 16.52654],
			"rotation": {"angle": -22.5, "axis": "y", "origin": [19.82841, 8.3, 8]},
			"faces": {
				"north": {"uv": [13.25, 4.75, 14.75, 5.75], "texture": "#1"},
				"east": {"uv": [9.5, 12, 11.5, 13], "texture": "#1"},
				"south": {"uv": [13.25, 3.75, 14.75, 4.75], "texture": "#1"},
				"west": {"uv": [11.5, 12, 13.5, 13], "texture": "#1"},
				"up": {"uv": [13.25, 4.5, 11.25, 3], "rotation": 90, "texture": "#1"},
				"down": {"uv": [13.25, 4.5, 11.25, 6], "rotation": 270, "texture": "#1"}
			}
		},
		{
			"from": [22.10936, 6.225, 4],
			"to": [28.10936, 10.225, 12],
			"rotation": {"angle": 0, "axis": "y", "origin": [19.82841, 8.225, 8]},
			"faces": {
				"north": {"uv": [13.25, 4.75, 14.75, 5.75], "texture": "#1"},
				"east": {"uv": [9.5, 12, 11.5, 13], "texture": "#1"},
				"south": {"uv": [13.25, 3.75, 14.75, 4.75], "texture": "#1"},
				"west": {"uv": [11.5, 12, 13.5, 13], "texture": "#1"},
				"up": {"uv": [13.25, 4.5, 11.25, 3], "rotation": 90, "texture": "#1"},
				"down": {"uv": [13.25, 4.5, 11.25, 6], "rotation": 270, "texture": "#1"}
			}
		},
		{
			"from": [23.00974, 6.3, -0.52654],
			"to": [29.00974, 10.3, 7.47346],
			"rotation": {"angle": 22.5, "axis": "y", "origin": [19.82841, 8.3, 8]},
			"faces": {
				"north": {"uv": [13.25, 4.75, 14.75, 5.75], "texture": "#1"},
				"east": {"uv": [9.5, 12, 11.5, 13], "texture": "#1"},
				"south": {"uv": [13.25, 3.75, 14.75, 4.75], "texture": "#1"},
				"west": {"uv": [11.5, 12, 13.5, 13], "texture": "#1"},
				"up": {"uv": [13.25, 4.5, 11.25, 3], "rotation": 90, "texture": "#1"},
				"down": {"uv": [13.25, 4.5, 11.25, 6], "rotation": 270, "texture": "#1"}
			}
		},
		{
			"from": [25.57382, 6.225, -4.36395],
			"to": [31.57382, 10.225, 3.63605],
			"rotation": {"angle": 45, "axis": "y", "origin": [19.82841, 8.225, 8]},
			"faces": {
				"north": {"uv": [13.25, 4.75, 14.75, 5.75], "texture": "#1"},
				"east": {"uv": [9.5, 12, 11.5, 13], "texture": "#1"},
				"south": {"uv": [13.25, 3.75, 14.75, 4.75], "texture": "#1"},
				"west": {"uv": [11.5, 12, 13.5, 13], "texture": "#1"},
				"up": {"uv": [13.25, 4.5, 11.25, 3], "rotation": 90, "texture": "#1"},
				"down": {"uv": [13.25, 4.5, 11.25, 6], "rotation": 270, "texture": "#1"}
			}
		},
		{
			"from": [4.90038, 6.3, -7.58282],
			"to": [12.90038, 10.3, -1.58282],
			"rotation": {"angle": -22.5, "axis": "y", "origin": [19.82841, 8.3, 8]},
			"faces": {
				"north": {"uv": [9.5, 12, 11.5, 13], "texture": "#1"},
				"east": {"uv": [13.25, 3.75, 14.75, 4.75], "texture": "#1"},
				"south": {"uv": [11.5, 12, 13.5, 13], "texture": "#1"},
				"west": {"uv": [13.25, 4.75, 14.75, 5.75], "texture": "#1"},
				"up": {"uv": [13.25, 4.5, 11.25, 3], "texture": "#1"},
				"down": {"uv": [13.25, 4.5, 11.25, 6], "texture": "#1"}
			}
		},
		{
			"from": [4, 6.225, 22.10936],
			"to": [12, 10.225, 28.10936],
			"rotation": {"angle": 0, "axis": "y", "origin": [0.09651, 8.225, 19.82841]},
			"faces": {
				"north": {"uv": [11.5, 12, 13.5, 13], "texture": "#1"},
				"east": {"uv": [13.25, 4.75, 14.75, 5.75], "texture": "#1"},
				"south": {"uv": [9.5, 12, 11.5, 13], "texture": "#1"},
				"west": {"uv": [13.25, 3.75, 14.75, 4.75], "texture": "#1"},
				"up": {"uv": [13.25, 4.5, 11.25, 3], "rotation": 180, "texture": "#1"},
				"down": {"uv": [13.25, 4.5, 11.25, 6], "rotation": 180, "texture": "#1"}
			}
		}
	],
	"groups": [
		{
			"name": "group",
			"origin": [8, 8.225, 8],
			"color": 0,
			"nbt": "{}",
			"children": [0, 1, 2, 3, 4, 5, 6, 7, 8, 9]
		},
		{
			"name": "group",
			"origin": [1.45253, 2, 23.80699],
			"color": 0,
			"nbt": "{}",
			"children": [10, 11, 12, 13, 14, 15, 16, 17, 18, 19, 20, 21, 22, 23, 24, 25]
		}
	]
}