{
	"credit": "Made with Blockbench",
	"textures": {
		"0": "block/polished_blackstone",
		"particle": "block/polished_blackstone"
	},
	"elements": [
		{
			"from": [-2, 0, 3],
			"to": [0, 6, 13],
			"rotation": {"angle": 0, "axis": "y", "origin": [-8, 0, 0]},
			"faces": {
				"north": {"uv": [0, 0, 8, 16], "texture": "#0"},
				"east": {"uv": [0, 0, 16, 16], "texture": "#0"},
				"south": {"uv": [0, 0, 1, 1.5], "texture": "#0"},
				"west": {"uv": [0, 0, 16, 16], "texture": "#0"},
				"up": {"uv": [0, 0, 1, 4], "texture": "#0"},
				"down": {"uv": [0, 0, 1, 4], "texture": "#0"}
			}
		},
		{
			"from": [-2, 6, 3],
			"to": [0, 12, 13],
			"rotation": {"angle": 0, "axis": "y", "origin": [-8, 0, 0]},
			"faces": {
				"north": {"uv": [0, 0, 8, 16], "texture": "#0"},
				"east": {"uv": [0, 0, 16, 16], "texture": "#0"},
				"south": {"uv": [0, 0, 1, 1.5], "texture": "#0"},
				"west": {"uv": [0, 0, 16, 16], "texture": "#0"},
				"up": {"uv": [0, 0, 1, 4], "texture": "#0"},
				"down": {"uv": [0, 0, 1, 4], "texture": "#0"}
			}
		},
		{
			"from": [-2, 12, 3],
			"to": [0, 18, 13],
			"rotation": {"angle": 0, "axis": "y", "origin": [-8, 0, 0]},
			"faces": {
				"north": {"uv": [0, 0, 8, 16], "texture": "#0"},
				"east": {"uv": [0, 0, 16, 16], "texture": "#0"},
				"south": {"uv": [0, 0, 1, 1.5], "texture": "#0"},
				"west": {"uv": [0, 0, 16, 16], "texture": "#0"},
				"up": {"uv": [8, 0, 0, 16], "texture": "#0"},
				"down": {"uv": [0, 0, 1, 4], "texture": "#0"}
			}
		},
		{
			"from": [16, 12, 3],
			"to": [18, 18, 13],
			"rotation": {"angle": 0, "axis": "y", "origin": [8, 0, 0]},
			"faces": {
				"north": {"uv": [8, 0, 0, 16], "texture": "#0"},
				"east": {"uv": [16, 0, 0, 16], "texture": "#0"},
				"south": {"uv": [1, 0, 0, 1.5], "texture": "#0"},
				"west": {"uv": [16, 0, 0, 16], "texture": "#0"},
				"up": {"uv": [0, 0, 8, 16], "texture": "#0"},
				"down": {"uv": [1, 0, 0, 4], "texture": "#0"}
			}
		},
		{
			"from": [16, 6, 3],
			"to": [18, 12, 13],
			"rotation": {"angle": 0, "axis": "y", "origin": [8, 0, 0]},
			"faces": {
				"north": {"uv": [8, 0, 0, 16], "texture": "#0"},
				"east": {"uv": [16, 0, 0, 16], "texture": "#0"},
				"south": {"uv": [1, 0, 0, 1.5], "texture": "#0"},
				"west": {"uv": [16, 0, 0, 16], "texture": "#0"},
				"up": {"uv": [1, 0, 0, 4], "texture": "#0"},
				"down": {"uv": [1, 0, 0, 4], "texture": "#0"}
			}
		},
		{
			"from": [16, 0, 3],
			"to": [18, 6, 13],
			"rotation": {"angle": 0, "axis": "y", "origin": [8, 0, 0]},
			"faces": {
				"north": {"uv": [8, 0, 0, 16], "texture": "#0"},
				"east": {"uv": [16, 0, 0, 16], "texture": "#0"},
				"south": {"uv": [1, 0, 0, 1.5], "texture": "#0"},
				"west": {"uv": [16, 0, 0, 16], "texture": "#0"},
				"up": {"uv": [1, 0, 0, 4], "texture": "#0"},
				"down": {"uv": [1, 0, 0, 4], "texture": "#0"}
			}
		},
		{
			"from": [8, 18, 3],
			"to": [14, 20, 13],
			"rotation": {"angle": 0, "axis": "z", "origin": [-8, 15, 8]},
			"faces": {
				"north": {"uv": [0, 0, 8, 16], "rotation": 270, "texture": "#0"},
				"east": {"uv": [0, 0, 1, 4], "rotation": 90, "texture": "#0"},
				"south": {"uv": [0, 0, 1, 1.5], "rotation": 90, "texture": "#0"},
				"west": {"uv": [0, 0, 1, 4], "rotation": 90, "texture": "#0"},
				"up": {"uv": [0, 0, 16, 16], "rotation": 90, "texture": "#0"},
				"down": {"uv": [0, 0, 16, 16], "rotation": 90, "texture": "#0"}
			}
		},
		{
			"from": [2, 18, 3],
			"to": [8, 20, 13],
			"rotation": {"angle": 0, "axis": "z", "origin": [-8, 15, 8]},
			"faces": {
				"north": {"uv": [0, 0, 8, 16], "rotation": 270, "texture": "#0"},
				"east": {"uv": [0, 0, 1, 4], "rotation": 90, "texture": "#0"},
				"south": {"uv": [0, 0, 1, 1.5], "rotation": 90, "texture": "#0"},
				"west": {"uv": [0, 0, 1, 4], "rotation": 90, "texture": "#0"},
				"up": {"uv": [0, 0, 16, 16], "rotation": 90, "texture": "#0"},
				"down": {"uv": [0, 0, 16, 16], "rotation": 90, "texture": "#0"}
			}
		},
		{
			"from": [14, 18, 3],
			"to": [18, 20, 13],
			"rotation": {"angle": 0, "axis": "z", "origin": [-8, 15, 8]},
			"faces": {
				"north": {"uv": [0, 0, 8, 9], "rotation": 270, "texture": "#0"},
				"east": {"uv": [8, 0, 0, 16], "rotation": 90, "texture": "#0"},
				"south": {"uv": [0, 0, 1, 1.5], "rotation": 90, "texture": "#0"},
				"west": {"uv": [0, 0, 1, 4], "rotation": 90, "texture": "#0"},
				"up": {"uv": [0, 0, 16, 9], "rotation": 90, "texture": "#0"},
				"down": {"uv": [0, 0, 16, 16], "rotation": 90, "texture": "#0"}
			}
		},
		{
			"from": [-2, 18, 3],
			"to": [2, 20, 13],
			"rotation": {"angle": 0, "axis": "z", "origin": [24, 15, 8]},
			"faces": {
				"north": {"uv": [0, 9, 8, 0], "rotation": 270, "texture": "#0"},
				"east": {"uv": [0, 4, 1, 0], "rotation": 90, "texture": "#0"},
				"south": {"uv": [0, 1.5, 1, 0], "rotation": 90, "texture": "#0"},
				"west": {"uv": [8, 16, 0, 0], "rotation": 90, "texture": "#0"},
				"up": {"uv": [0, 9, 16, 0], "rotation": 90, "texture": "#0"},
				"down": {"uv": [0, 16, 16, 0], "rotation": 90, "texture": "#0"}
			}
		}
	]
}