{
	"credit": "Made with Blockbench",
	"textures": {
		"0": "custom/decor/book_red",
		"3": "custom/decor/book_purple",
		"particle": "custom/decor/book_red"
	},
	"elements": [
		{
			"from": [7.66584, 0, 11.73462],
			"to": [11.66584, 2, 16.73462],
			"rotation": {"angle": 0, "axis": "y", "origin": [11.5, 1, 8.5]},
			"faces": {
				"north": {"uv": [4, 6, 8, 9], "texture": "#0"},
				"east": {"uv": [3, 5, 0, 0], "rotation": 90, "texture": "#0"},
				"south": {"uv": [8, 10, 4, 13], "texture": "#0"},
				"west": {"uv": [9, 5, 12, 0], "rotation": 90, "texture": "#0"},
				"up": {"uv": [4, 0, 8, 5], "rotation": 180, "texture": "#0"},
				"down": {"uv": [4, 5, 8, 0], "rotation": 180, "texture": "#0"}
			}
		},
		{
			"from": [7.66584, 2, 11.73462],
			"to": [11.66584, 4, 16.73462],
			"rotation": {"angle": 45, "axis": "y", "origin": [9.66584, 3, 14.23462]},
			"faces": {
				"north": {"uv": [4, 6, 8, 9], "texture": "#0"},
				"east": {"uv": [3, 5, 0, 0], "rotation": 90, "texture": "#0"},
				"south": {"uv": [8, 10, 4, 13], "texture": "#0"},
				"west": {"uv": [9, 5, 12, 0], "rotation": 90, "texture": "#0"},
				"up": {"uv": [4, 0, 8, 5], "rotation": 180, "texture": "#0"},
				"down": {"uv": [4, 5, 8, 0], "rotation": 180, "texture": "#0"}
			}
		},
		{
			"from": [7.16584, 4, 12.23462],
			"to": [12.16584, 6, 16.23462],
			"rotation": {"angle": 22.5, "axis": "y", "origin": [9.66584, 3, 14.23462]},
			"faces": {
				"north": {"uv": [3, 5, 0, 0], "rotation": 90, "texture": "#0"},
				"east": {"uv": [8, 10, 4, 13], "texture": "#0"},
				"south": {"uv": [9, 5, 12, 0], "rotation": 90, "texture": "#0"},
				"west": {"uv": [4, 6, 8, 9], "texture": "#0"},
				"up": {"uv": [4, 0, 8, 5], "rotation": 90, "texture": "#0"},
				"down": {"uv": [4, 5, 8, 0], "rotation": 270, "texture": "#0"}
			}
		},
		{
			"from": [7.66584, 6, 11.73462],
			"to": [11.66584, 8, 16.73462],
			"rotation": {"angle": -22.5, "axis": "y", "origin": [9.66584, 3, 14.23462]},
			"faces": {
				"north": {"uv": [8, 10, 4, 13], "texture": "#0"},
				"east": {"uv": [9, 5, 12, 0], "rotation": 90, "texture": "#0"},
				"south": {"uv": [4, 6, 8, 9], "texture": "#0"},
				"west": {"uv": [3, 5, 0, 0], "rotation": 90, "texture": "#0"},
				"up": {"uv": [4, 0, 8, 5], "texture": "#0"},
				"down": {"uv": [4, 5, 8, 0], "texture": "#0"}
			}
		},
		{
			"from": [2.09619, 0, 4.98959],
			"to": [6.09619, 2, 9.98959],
			"rotation": {"angle": -22.5, "axis": "y", "origin": [8.5, 1, 8.5]},
			"faces": {
				"north": {"uv": [8, 10, 4, 13], "texture": "#3"},
				"east": {"uv": [9, 5, 12, 0], "rotation": 90, "texture": "#3"},
				"south": {"uv": [4, 6, 8, 9], "texture": "#3"},
				"west": {"uv": [3, 5, 0, 0], "rotation": 90, "texture": "#3"},
				"up": {"uv": [4, 0, 8, 5], "texture": "#3"},
				"down": {"uv": [4, 5, 8, 0], "texture": "#3"}
			}
		},
		{
			"from": [2.81808, 2, 3.38124],
			"to": [6.81808, 4, 8.38124],
			"rotation": {"angle": 22.5, "axis": "y", "origin": [4.81808, 3, 5.88124]},
			"faces": {
				"north": {"uv": [8, 10, 4, 13], "texture": "#3"},
				"east": {"uv": [9, 5, 12, 0], "rotation": 90, "texture": "#3"},
				"south": {"uv": [4, 6, 8, 9], "texture": "#3"},
				"west": {"uv": [3, 5, 0, 0], "rotation": 90, "texture": "#3"},
				"up": {"uv": [4, 0, 8, 5], "texture": "#3"},
				"down": {"uv": [4, 5, 8, 0], "texture": "#3"}
			}
		}
	]
}