{
	"credit": "Made with Blockbench",
	"textures": {
		"0": "custom/decor/book_red",
		"1": "custom/decor/book_blue",
		"2": "custom/decor/book_green",
		"3": "custom/decor/book_purple",
		"particle": "custom/decor/book_red"
	},
	"elements": [
		{
			"from": [6, 0, 0],
			"to": [10, 2, 5],
			"rotation": {"angle": 22.5, "axis": "y", "origin": [8, 1, 2.5]},
			"faces": {
				"north": {"uv": [8, 10, 4, 13], "texture": "#0"},
				"east": {"uv": [9, 5, 12, 0], "rotation": 90, "texture": "#0"},
				"south": {"uv": [4, 6, 8, 9], "texture": "#0"},
				"west": {"uv": [3, 5, 0, 0], "rotation": 90, "texture": "#0"},
				"up": {"uv": [4, 0, 8, 5], "texture": "#0"},
				"down": {"uv": [4, 5, 8, 0], "texture": "#0"}
			}
		},
		{
			"from": [8, 0, 12],
			"to": [12, 2, 17],
			"rotation": {"angle": 45, "axis": "y", "origin": [10, 1, 14.5]},
			"faces": {
				"north": {"uv": [8, 10, 4, 13], "texture": "#1"},
				"east": {"uv": [9, 5, 12, 0], "rotation": 90, "texture": "#1"},
				"south": {"uv": [4, 6, 8, 9], "texture": "#1"},
				"west": {"uv": [3, 5, 0, 0], "rotation": 90, "texture": "#1"},
				"up": {"uv": [4, 0, 8, 5], "texture": "#1"},
				"down": {"uv": [4, 5, 8, 0], "texture": "#1"}
			}
		},
		{
			"from": [-1, 0, 5],
			"to": [3, 2, 10],
			"rotation": {"angle": 22.5, "axis": "y", "origin": [1, 1, 7.5]},
			"faces": {
				"north": {"uv": [8, 10, 4, 13], "texture": "#2"},
				"east": {"uv": [9, 5, 12, 0], "rotation": 90, "texture": "#2"},
				"south": {"uv": [4, 6, 8, 9], "texture": "#2"},
				"west": {"uv": [3, 5, 0, 0], "rotation": 90, "texture": "#2"},
				"up": {"uv": [4, 0, 8, 5], "texture": "#2"},
				"down": {"uv": [4, 5, 8, 0], "texture": "#2"}
			}
		},
		{
			"from": [14, 0, 5],
			"to": [18, 2, 10],
			"rotation": {"angle": -45, "axis": "y", "origin": [16, 1, 7.5]},
			"faces": {
				"north": {"uv": [8, 10, 4, 13], "texture": "#3"},
				"east": {"uv": [9, 5, 12, 0], "rotation": 90, "texture": "#3"},
				"south": {"uv": [4, 6, 8, 9], "texture": "#3"},
				"west": {"uv": [3, 5, 0, 0], "rotation": 90, "texture": "#3"},
				"up": {"uv": [4, 0, 8, 5], "texture": "#3"},
				"down": {"uv": [4, 5, 8, 0], "texture": "#3"}
			}
		}
	]
}