{
	"credit": "Made with Blockbench",
	"textures": {
		"0": "custom/decor/book_red",
		"1": "custom/decor/book_blue",
		"2": "custom/decor/book_green",
		"3": "custom/decor/book_purple",
		"particle": "custom/decor/book_red"
	},
	"elements": [
		{
			"from": [4.66584, 0, 11.73462],
			"to": [8.66584, 2, 16.73462],
			"rotation": {"angle": 0, "axis": "y", "origin": [8.5, 1, 8.5]},
			"faces": {
				"north": {"uv": [4, 6, 8, 9], "texture": "#0"},
				"east": {"uv": [3, 5, 0, 0], "rotation": 90, "texture": "#0"},
				"south": {"uv": [8, 10, 4, 13], "texture": "#0"},
				"west": {"uv": [9, 5, 12, 0], "rotation": 90, "texture": "#0"},
				"up": {"uv": [4, 0, 8, 5], "rotation": 180, "texture": "#0"},
				"down": {"uv": [4, 5, 8, 0], "rotation": 180, "texture": "#0"}
			}
		},
		{
			"from": [11.3033, 0, 9.68198],
			"to": [16.3033, 2, 13.68198],
			"rotation": {"angle": 0, "axis": "y", "origin": [8.5, 1, 8.5]},
			"faces": {
				"north": {"uv": [9, 5, 12, 0], "rotation": 90, "texture": "#1"},
				"east": {"uv": [4, 6, 8, 9], "texture": "#1"},
				"south": {"uv": [3, 5, 0, 0], "rotation": 90, "texture": "#1"},
				"west": {"uv": [8, 10, 4, 13], "texture": "#1"},
				"up": {"uv": [4, 0, 8, 5], "rotation": 270, "texture": "#1"},
				"down": {"uv": [4, 5, 8, 0], "rotation": 90, "texture": "#1"}
			}
		},
		{
			"from": [2.20599, 0, 13.04641],
			"to": [7.20599, 2, 17.04641],
			"rotation": {"angle": -45, "axis": "y", "origin": [8.5, 1, 8.5]},
			"faces": {
				"north": {"uv": [9, 5, 12, 0], "rotation": 90, "texture": "#2"},
				"east": {"uv": [4, 6, 8, 9], "texture": "#2"},
				"south": {"uv": [3, 5, 0, 0], "rotation": 90, "texture": "#2"},
				"west": {"uv": [8, 10, 4, 13], "texture": "#2"},
				"up": {"uv": [4, 0, 8, 5], "rotation": 270, "texture": "#2"},
				"down": {"uv": [4, 5, 8, 0], "rotation": 90, "texture": "#2"}
			}
		},
		{
			"from": [5.09619, 0, 0.98959],
			"to": [9.09619, 2, 5.98959],
			"rotation": {"angle": -22.5, "axis": "y", "origin": [8.5, 1, 8.5]},
			"faces": {
				"north": {"uv": [8, 10, 4, 13], "texture": "#3"},
				"east": {"uv": [9, 5, 12, 0], "rotation": 90, "texture": "#3"},
				"south": {"uv": [4, 6, 8, 9], "texture": "#3"},
				"west": {"uv": [3, 5, 0, 0], "rotation": 90, "texture": "#3"},
				"up": {"uv": [4, 0, 8, 5], "texture": "#3"},
				"down": {"uv": [4, 5, 8, 0], "texture": "#3"}
			}
		}
	]
}