{
	"credit": "Made with Blockbench",
	"textures": {
		"0": "custom/decor/book_red",
		"1": "custom/decor/book_blue",
		"2": "custom/decor/book_green",
		"3": "custom/decor/book_purple",
		"particle": "custom/decor/book_red"
	},
	"elements": [
		{
			"from": [5.29697, 0, 0.79556],
			"to": [9.29697, 2, 5.79556],
			"rotation": {"angle": -22.5, "axis": "y", "origin": [6.61756, 4, 8.75768]},
			"faces": {
				"north": {"uv": [8, 10, 4, 13], "texture": "#1"},
				"east": {"uv": [9, 5, 12, 0], "rotation": 90, "texture": "#1"},
				"south": {"uv": [4, 6, 8, 9], "texture": "#1"},
				"west": {"uv": [3, 5, 0, 0], "rotation": 90, "texture": "#1"},
				"up": {"uv": [4, 0, 8, 5], "texture": "#1"},
				"down": {"uv": [4, 5, 8, 0], "texture": "#1"}
			}
		},
		{
			"from": [9.92389, 2, 4.79511],
			"to": [13.92389, 4, 9.79511],
			"rotation": {"angle": 45, "axis": "y", "origin": [6.61756, 4, 8.75768]},
			"faces": {
				"north": {"uv": [8, 10, 4, 13], "texture": "#0"},
				"east": {"uv": [9, 5, 12, 0], "rotation": 90, "texture": "#0"},
				"south": {"uv": [4, 6, 8, 9], "texture": "#0"},
				"west": {"uv": [3, 5, 0, 0], "rotation": 90, "texture": "#0"},
				"up": {"uv": [4, 0, 8, 5], "texture": "#0"},
				"down": {"uv": [4, 5, 8, 0], "texture": "#0"}
			}
		},
		{
			"from": [5.29697, 4, 0.79556],
			"to": [9.29697, 6, 5.79556],
			"rotation": {"angle": -22.5, "axis": "y", "origin": [6.61756, 4, 8.75768]},
			"faces": {
				"north": {"uv": [8, 10, 4, 13], "texture": "#2"},
				"east": {"uv": [9, 5, 12, 0], "rotation": 90, "texture": "#2"},
				"south": {"uv": [4, 6, 8, 9], "texture": "#2"},
				"west": {"uv": [3, 5, 0, 0], "rotation": 90, "texture": "#2"},
				"up": {"uv": [4, 0, 8, 5], "texture": "#2"},
				"down": {"uv": [4, 5, 8, 0], "texture": "#2"}
			}
		},
		{
			"from": [8.96027, 6, 2.8758],
			"to": [12.96027, 8, 7.8758],
			"rotation": {"angle": 22.5, "axis": "y", "origin": [6.61756, 4, 8.75768]},
			"faces": {
				"north": {"uv": [8, 10, 4, 13], "texture": "#3"},
				"east": {"uv": [9, 5, 12, 0], "rotation": 90, "texture": "#3"},
				"south": {"uv": [4, 6, 8, 9], "texture": "#3"},
				"west": {"uv": [3, 5, 0, 0], "rotation": 90, "texture": "#3"},
				"up": {"uv": [4, 0, 8, 5], "texture": "#3"},
				"down": {"uv": [4, 5, 8, 0], "texture": "#3"}
			}
		},
		{
			"from": [8.61756, 0, 9.04401],
			"to": [12.61756, 2, 14.04401],
			"rotation": {"angle": -22.5, "axis": "y", "origin": [10.61756, 1, 13.54401]},
			"faces": {
				"north": {"uv": [8, 10, 4, 13], "texture": "#2"},
				"east": {"uv": [9, 5, 12, 0], "rotation": 90, "texture": "#2"},
				"south": {"uv": [4, 6, 8, 9], "texture": "#2"},
				"west": {"uv": [3, 5, 0, 0], "rotation": 90, "texture": "#2"},
				"up": {"uv": [4, 0, 8, 5], "texture": "#2"},
				"down": {"uv": [4, 5, 8, 0], "texture": "#2"}
			}
		},
		{
			"from": [1.61756, 0, 5.04401],
			"to": [5.61756, 2, 10.04401],
			"rotation": {"angle": 45, "axis": "y", "origin": [2.61756, 1, 8.54401]},
			"faces": {
				"north": {"uv": [8, 10, 4, 13], "texture": "#2"},
				"east": {"uv": [9, 5, 12, 0], "rotation": 90, "texture": "#2"},
				"south": {"uv": [4, 6, 8, 9], "texture": "#2"},
				"west": {"uv": [3, 5, 0, 0], "rotation": 90, "texture": "#2"},
				"up": {"uv": [4, 0, 8, 5], "texture": "#2"},
				"down": {"uv": [4, 5, 8, 0], "texture": "#2"}
			}
		}
	]
}