{
	"credit": "Made with Blockbench",
	"texture_size": [64, 64],
	"textures": {
		"0": "custom/decor/cage_1",
		"particle": "custom/decor/cage_1"
	},
	"elements": [
		{
			"from": [16, 1, -2],
			"to": [18, 17, -1],
			"rotation": {"angle": 0, "axis": "y", "origin": [9, 9, 8]},
			"faces": {
				"north": {"uv": [4, 2, 4.5, 6], "texture": "#0"},
				"east": {"uv": [4, 6, 4.25, 10], "texture": "#0"},
				"south": {"uv": [4.5, 2, 5, 6], "texture": "#0"},
				"west": {"uv": [6, 4, 6.25, 8], "texture": "#0"},
				"up": {"uv": [7.5, 1.75, 7, 1.5], "texture": "#0"},
				"down": {"uv": [7.5, 1.75, 7, 2], "texture": "#0"}
			}
		},
		{
			"from": [16, 1, 17],
			"to": [18, 17, 18],
			"rotation": {"angle": 0, "axis": "y", "origin": [9, 9, 8]},
			"faces": {
				"north": {"uv": [0, 5, 0.5, 9], "texture": "#0"},
				"east": {"uv": [4.25, 6, 4.5, 10], "texture": "#0"},
				"south": {"uv": [0.5, 5, 1, 9], "texture": "#0"},
				"west": {"uv": [4.5, 6, 4.75, 10], "texture": "#0"},
				"up": {"uv": [3.75, 7.5, 3.25, 7.25], "texture": "#0"},
				"down": {"uv": [7.75, 4, 7.25, 4.25], "texture": "#0"}
			}
		},
		{
			"from": [16, 0, -2],
			"to": [18, 1, 18],
			"rotation": {"angle": 0, "axis": "y", "origin": [9, 9, 8]},
			"faces": {
				"north": {"uv": [7.25, 4.25, 7.75, 4.5], "texture": "#0"},
				"east": {"uv": [5, 3.5, 10, 3.75], "texture": "#0"},
				"south": {"uv": [7.25, 4.5, 7.75, 4.75], "texture": "#0"},
				"west": {"uv": [5, 3.75, 10, 4], "texture": "#0"},
				"up": {"uv": [1.5, 7, 1, 2], "texture": "#0"},
				"down": {"uv": [2, 2, 1.5, 7], "texture": "#0"}
			}
		},
		{
			"from": [16, 17, -2],
			"to": [18, 18, 18],
			"rotation": {"angle": 0, "axis": "y", "origin": [9, 9, 8]},
			"faces": {
				"north": {"uv": [7, 4.75, 7.5, 5], "texture": "#0"},
				"east": {"uv": [5, 2, 10, 2.25], "texture": "#0"},
				"south": {"uv": [7, 5, 7.5, 5.25], "texture": "#0"},
				"west": {"uv": [5, 2.25, 10, 2.5], "texture": "#0"},
				"up": {"uv": [0.5, 5, 0, 0], "texture": "#0"},
				"down": {"uv": [1, 0, 0.5, 5], "texture": "#0"}
			}
		},
		{
			"from": [12, 1, 17],
			"to": [14, 17, 18],
			"rotation": {"angle": 0, "axis": "y", "origin": [9, 9, 8]},
			"faces": {
				"north": {"uv": [0, 5, 0.5, 9], "texture": "#0"},
				"east": {"uv": [4.25, 6, 4.5, 10], "texture": "#0"},
				"south": {"uv": [0.5, 5, 1, 9], "texture": "#0"},
				"west": {"uv": [4.5, 6, 4.75, 10], "texture": "#0"},
				"up": {"uv": [3.75, 7.5, 3.25, 7.25], "texture": "#0"},
				"down": {"uv": [7.75, 4, 7.25, 4.25], "texture": "#0"}
			}
		},
		{
			"from": [12, 0, -2],
			"to": [14, 1, 18],
			"rotation": {"angle": 0, "axis": "y", "origin": [9, 9, 8]},
			"faces": {
				"north": {"uv": [7.25, 4.25, 7.75, 4.5], "texture": "#0"},
				"east": {"uv": [5, 3.5, 10, 3.75], "texture": "#0"},
				"south": {"uv": [7.25, 4.5, 7.75, 4.75], "texture": "#0"},
				"west": {"uv": [5, 3.75, 10, 4], "texture": "#0"},
				"up": {"uv": [1.5, 7, 1, 2], "texture": "#0"},
				"down": {"uv": [2, 2, 1.5, 7], "texture": "#0"}
			}
		},
		{
			"from": [12, 17, -2],
			"to": [14, 18, 18],
			"rotation": {"angle": 0, "axis": "y", "origin": [9, 9, 8]},
			"faces": {
				"north": {"uv": [7, 4.75, 7.5, 5], "texture": "#0"},
				"east": {"uv": [5, 2, 10, 2.25], "texture": "#0"},
				"south": {"uv": [7, 5, 7.5, 5.25], "texture": "#0"},
				"west": {"uv": [5, 2.25, 10, 2.5], "texture": "#0"},
				"up": {"uv": [0.5, 5, 0, 0], "texture": "#0"},
				"down": {"uv": [1, 0, 0.5, 5], "texture": "#0"}
			}
		},
		{
			"from": [12, 1, -2],
			"to": [14, 17, -1],
			"rotation": {"angle": 0, "axis": "y", "origin": [9, 9, 8]},
			"faces": {
				"north": {"uv": [4, 2, 4.5, 6], "texture": "#0"},
				"east": {"uv": [4, 6, 4.25, 10], "texture": "#0"},
				"south": {"uv": [4.5, 2, 5, 6], "texture": "#0"},
				"west": {"uv": [6, 4, 6.25, 8], "texture": "#0"},
				"up": {"uv": [7.5, 1.75, 7, 1.5], "texture": "#0"},
				"down": {"uv": [7.5, 1.75, 7, 2], "texture": "#0"}
			}
		},
		{
			"from": [8, 1, 17],
			"to": [10, 17, 18],
			"rotation": {"angle": 0, "axis": "y", "origin": [9, 9, 8]},
			"faces": {
				"north": {"uv": [0, 5, 0.5, 9], "texture": "#0"},
				"east": {"uv": [4.25, 6, 4.5, 10], "texture": "#0"},
				"south": {"uv": [0.5, 5, 1, 9], "texture": "#0"},
				"west": {"uv": [4.5, 6, 4.75, 10], "texture": "#0"},
				"up": {"uv": [3.75, 7.5, 3.25, 7.25], "texture": "#0"},
				"down": {"uv": [7.75, 4, 7.25, 4.25], "texture": "#0"}
			}
		},
		{
			"from": [8, 0, -2],
			"to": [10, 1, 18],
			"rotation": {"angle": 0, "axis": "y", "origin": [9, 9, 8]},
			"faces": {
				"north": {"uv": [7.25, 4.25, 7.75, 4.5], "texture": "#0"},
				"east": {"uv": [5, 3.5, 10, 3.75], "texture": "#0"},
				"south": {"uv": [7.25, 4.5, 7.75, 4.75], "texture": "#0"},
				"west": {"uv": [5, 3.75, 10, 4], "texture": "#0"},
				"up": {"uv": [1.5, 7, 1, 2], "texture": "#0"},
				"down": {"uv": [2, 2, 1.5, 7], "texture": "#0"}
			}
		},
		{
			"from": [8, 17, -2],
			"to": [10, 18, 18],
			"rotation": {"angle": 0, "axis": "y", "origin": [9, 9, 8]},
			"faces": {
				"north": {"uv": [7, 4.75, 7.5, 5], "texture": "#0"},
				"east": {"uv": [5, 2, 10, 2.25], "texture": "#0"},
				"south": {"uv": [7, 5, 7.5, 5.25], "texture": "#0"},
				"west": {"uv": [5, 2.25, 10, 2.5], "texture": "#0"},
				"up": {"uv": [0.5, 5, 0, 0], "texture": "#0"},
				"down": {"uv": [1, 0, 0.5, 5], "texture": "#0"}
			}
		},
		{
			"from": [8, 1, -2],
			"to": [10, 17, -1],
			"rotation": {"angle": 0, "axis": "y", "origin": [9, 9, 8]},
			"faces": {
				"north": {"uv": [4, 2, 4.5, 6], "texture": "#0"},
				"east": {"uv": [4, 6, 4.25, 10], "texture": "#0"},
				"south": {"uv": [4.5, 2, 5, 6], "texture": "#0"},
				"west": {"uv": [6, 4, 6.25, 8], "texture": "#0"},
				"up": {"uv": [7.5, 1.75, 7, 1.5], "texture": "#0"},
				"down": {"uv": [7.5, 1.75, 7, 2], "texture": "#0"}
			}
		},
		{
			"from": [4, 1, 17],
			"to": [6, 17, 18],
			"rotation": {"angle": 0, "axis": "y", "origin": [9, 9, 8]},
			"faces": {
				"north": {"uv": [0, 5, 0.5, 9], "texture": "#0"},
				"east": {"uv": [4.25, 6, 4.5, 10], "texture": "#0"},
				"south": {"uv": [0.5, 5, 1, 9], "texture": "#0"},
				"west": {"uv": [4.5, 6, 4.75, 10], "texture": "#0"},
				"up": {"uv": [3.75, 7.5, 3.25, 7.25], "texture": "#0"},
				"down": {"uv": [7.75, 4, 7.25, 4.25], "texture": "#0"}
			}
		},
		{
			"from": [4, 0, -2],
			"to": [6, 1, 18],
			"rotation": {"angle": 0, "axis": "y", "origin": [9, 9, 8]},
			"faces": {
				"north": {"uv": [7.25, 4.25, 7.75, 4.5], "texture": "#0"},
				"east": {"uv": [5, 3.5, 10, 3.75], "texture": "#0"},
				"south": {"uv": [7.25, 4.5, 7.75, 4.75], "texture": "#0"},
				"west": {"uv": [5, 3.75, 10, 4], "texture": "#0"},
				"up": {"uv": [1.5, 7, 1, 2], "texture": "#0"},
				"down": {"uv": [2, 2, 1.5, 7], "texture": "#0"}
			}
		},
		{
			"from": [4, 17, -2],
			"to": [6, 18, 18],
			"rotation": {"angle": 0, "axis": "y", "origin": [9, 9, 8]},
			"faces": {
				"north": {"uv": [7, 4.75, 7.5, 5], "texture": "#0"},
				"east": {"uv": [5, 2, 10, 2.25], "texture": "#0"},
				"south": {"uv": [7, 5, 7.5, 5.25], "texture": "#0"},
				"west": {"uv": [5, 2.25, 10, 2.5], "texture": "#0"},
				"up": {"uv": [0.5, 5, 0, 0], "texture": "#0"},
				"down": {"uv": [1, 0, 0.5, 5], "texture": "#0"}
			}
		},
		{
			"from": [4, 1, -2],
			"to": [6, 17, -1],
			"rotation": {"angle": 0, "axis": "y", "origin": [9, 9, 8]},
			"faces": {
				"north": {"uv": [4, 2, 4.5, 6], "texture": "#0"},
				"east": {"uv": [4, 6, 4.25, 10], "texture": "#0"},
				"south": {"uv": [4.5, 2, 5, 6], "texture": "#0"},
				"west": {"uv": [6, 4, 6.25, 8], "texture": "#0"},
				"up": {"uv": [7.5, 1.75, 7, 1.5], "texture": "#0"},
				"down": {"uv": [7.5, 1.75, 7, 2], "texture": "#0"}
			}
		},
		{
			"from": [0, 1, 17],
			"to": [2, 17, 18],
			"rotation": {"angle": 0, "axis": "y", "origin": [9, 9, 8]},
			"faces": {
				"north": {"uv": [0, 5, 0.5, 9], "texture": "#0"},
				"east": {"uv": [4.25, 6, 4.5, 10], "texture": "#0"},
				"south": {"uv": [0.5, 5, 1, 9], "texture": "#0"},
				"west": {"uv": [4.5, 6, 4.75, 10], "texture": "#0"},
				"up": {"uv": [3.75, 7.5, 3.25, 7.25], "texture": "#0"},
				"down": {"uv": [7.75, 4, 7.25, 4.25], "texture": "#0"}
			}
		},
		{
			"from": [0, 0, -2],
			"to": [2, 1, 18],
			"rotation": {"angle": 0, "axis": "y", "origin": [9, 9, 8]},
			"faces": {
				"north": {"uv": [7.25, 4.25, 7.75, 4.5], "texture": "#0"},
				"east": {"uv": [5, 3.5, 10, 3.75], "texture": "#0"},
				"south": {"uv": [7.25, 4.5, 7.75, 4.75], "texture": "#0"},
				"west": {"uv": [5, 3.75, 10, 4], "texture": "#0"},
				"up": {"uv": [1.5, 7, 1, 2], "texture": "#0"},
				"down": {"uv": [2, 2, 1.5, 7], "texture": "#0"}
			}
		},
		{
			"from": [0, 17, -2],
			"to": [2, 18, 18],
			"rotation": {"angle": 0, "axis": "y", "origin": [9, 9, 8]},
			"faces": {
				"north": {"uv": [7, 4.75, 7.5, 5], "texture": "#0"},
				"east": {"uv": [5, 2, 10, 2.25], "texture": "#0"},
				"south": {"uv": [7, 5, 7.5, 5.25], "texture": "#0"},
				"west": {"uv": [5, 2.25, 10, 2.5], "texture": "#0"},
				"up": {"uv": [0.5, 5, 0, 0], "texture": "#0"},
				"down": {"uv": [1, 0, 0.5, 5], "texture": "#0"}
			}
		},
		{
			"from": [0, 1, -2],
			"to": [2, 17, -1],
			"rotation": {"angle": 0, "axis": "y", "origin": [9, 9, 8]},
			"faces": {
				"north": {"uv": [4, 2, 4.5, 6], "texture": "#0"},
				"east": {"uv": [4, 6, 4.25, 10], "texture": "#0"},
				"south": {"uv": [4.5, 2, 5, 6], "texture": "#0"},
				"west": {"uv": [6, 4, 6.25, 8], "texture": "#0"},
				"up": {"uv": [7.5, 1.75, 7, 1.5], "texture": "#0"},
				"down": {"uv": [7.5, 1.75, 7, 2], "texture": "#0"}
			}
		},
		{
			"from": [-1, 0, -1],
			"to": [0, 18, 1],
			"rotation": {"angle": 0, "axis": "y", "origin": [9, 9, 8]},
			"faces": {
				"north": {"uv": [5.5, 4, 5.75, 8.5], "texture": "#0"},
				"east": {"uv": [3, 2, 3.5, 6.5], "texture": "#0"},
				"south": {"uv": [5.75, 4, 6, 8.5], "texture": "#0"},
				"west": {"uv": [3.5, 2, 4, 6.5], "texture": "#0"},
				"up": {"uv": [7.25, 7, 7, 6.5], "texture": "#0"},
				"down": {"uv": [7.25, 7, 7, 7.5], "texture": "#0"}
			}
		},
		{
			"from": [-1, -1, -1],
			"to": [19, 0, 1],
			"rotation": {"angle": 0, "axis": "y", "origin": [9, 9, 8]},
			"faces": {
				"north": {"uv": [5, 3, 10, 3.25], "texture": "#0"},
				"east": {"uv": [7, 6.25, 7.5, 6.5], "texture": "#0"},
				"south": {"uv": [5, 3.25, 10, 3.5], "texture": "#0"},
				"west": {"uv": [6.5, 7, 7, 7.25], "texture": "#0"},
				"up": {"uv": [6, 1.5, 1, 1], "texture": "#0"},
				"down": {"uv": [6, 1.5, 1, 2], "texture": "#0"}
			}
		},
		{
			"from": [18, 0, -1],
			"to": [19, 18, 1],
			"rotation": {"angle": 0, "axis": "y", "origin": [9, 9, 8]},
			"faces": {
				"north": {"uv": [5, 4, 5.25, 8.5], "texture": "#0"},
				"east": {"uv": [2, 2, 2.5, 6.5], "texture": "#0"},
				"south": {"uv": [5.25, 4, 5.5, 8.5], "texture": "#0"},
				"west": {"uv": [2.5, 2, 3, 6.5], "texture": "#0"},
				"up": {"uv": [7.25, 6.25, 7, 5.75], "texture": "#0"},
				"down": {"uv": [6.5, 7, 6.25, 7.5], "texture": "#0"}
			}
		},
		{
			"from": [-1, 8, 1],
			"to": [0, 11, 3],
			"rotation": {"angle": 0, "axis": "y", "origin": [9, 9, 8]},
			"faces": {
				"north": {"uv": [7, 0, 7.25, 0.75], "texture": "#0"},
				"east": {"uv": [6.25, 4, 6.75, 4.75], "texture": "#0"},
				"south": {"uv": [7, 0.75, 7.25, 1.5], "texture": "#0"},
				"west": {"uv": [6.25, 4.75, 6.75, 5.5], "texture": "#0"},
				"up": {"uv": [7.5, 0.5, 7.25, 0], "texture": "#0"},
				"down": {"uv": [7.5, 0.5, 7.25, 1], "texture": "#0"}
			}
		},
		{
			"from": [-1, 8, 5],
			"to": [0, 11, 7],
			"rotation": {"angle": 0, "axis": "y", "origin": [9, 9, 8]},
			"faces": {
				"north": {"uv": [1, 7, 1.25, 7.75], "texture": "#0"},
				"east": {"uv": [6.25, 5.5, 6.75, 6.25], "texture": "#0"},
				"south": {"uv": [1.25, 7, 1.5, 7.75], "texture": "#0"},
				"west": {"uv": [6.25, 6.25, 6.75, 7], "texture": "#0"},
				"up": {"uv": [7.5, 1.5, 7.25, 1], "texture": "#0"},
				"down": {"uv": [2.25, 7.25, 2, 7.75], "texture": "#0"}
			}
		},
		{
			"from": [-1, 2, 1],
			"to": [0, 5, 3],
			"rotation": {"angle": 0, "axis": "y", "origin": [9, 9, 8]},
			"faces": {
				"north": {"uv": [1.5, 7, 1.75, 7.75], "texture": "#0"},
				"east": {"uv": [2, 6.5, 2.5, 7.25], "texture": "#0"},
				"south": {"uv": [1.75, 7, 2, 7.75], "texture": "#0"},
				"west": {"uv": [2.5, 6.5, 3, 7.25], "texture": "#0"},
				"up": {"uv": [2.5, 7.75, 2.25, 7.25], "texture": "#0"},
				"down": {"uv": [2.75, 7.25, 2.5, 7.75], "texture": "#0"}
			}
		},
		{
			"from": [-2, 4, 6],
			"to": [-1, 8, 10],
			"rotation": {"angle": -22.5, "axis": "z", "origin": [-0.5, 7.5, 8]},
			"faces": {
				"north": {"uv": [4.75, 6, 5, 7], "texture": "#0"},
				"east": {"uv": [6, 0, 7, 1], "texture": "#0"},
				"south": {"uv": [6.75, 4, 7, 5], "texture": "#0"},
				"west": {"uv": [6, 1, 7, 2], "texture": "#0"},
				"up": {"uv": [7, 6, 6.75, 5], "texture": "#0"},
				"down": {"uv": [7, 6, 6.75, 7], "texture": "#0"}
			}
		},
		{
			"from": [-1, 2, 5],
			"to": [0, 5, 7],
			"rotation": {"angle": 0, "axis": "y", "origin": [9, 9, 8]},
			"faces": {
				"north": {"uv": [7, 4, 7.25, 4.75], "texture": "#0"},
				"east": {"uv": [3, 6.5, 3.5, 7.25], "texture": "#0"},
				"south": {"uv": [4.75, 7, 5, 7.75], "texture": "#0"},
				"west": {"uv": [3.5, 6.5, 4, 7.25], "texture": "#0"},
				"up": {"uv": [3, 7.75, 2.75, 7.25], "texture": "#0"},
				"down": {"uv": [3.25, 7.25, 3, 7.75], "texture": "#0"}
			}
		},
		{
			"from": [-1, 18, -1],
			"to": [19, 19, 1],
			"rotation": {"angle": 0, "axis": "y", "origin": [9, 9, 8]},
			"faces": {
				"north": {"uv": [5, 2.5, 10, 2.75], "texture": "#0"},
				"east": {"uv": [7, 5.25, 7.5, 5.5], "texture": "#0"},
				"south": {"uv": [5, 2.75, 10, 3], "texture": "#0"},
				"west": {"uv": [7, 5.5, 7.5, 5.75], "texture": "#0"},
				"up": {"uv": [6, 0.5, 1, 0], "texture": "#0"},
				"down": {"uv": [6, 0.5, 1, 1], "texture": "#0"}
			}
		},
		{
			"from": [-1, 18, 3],
			"to": [19, 19, 5],
			"rotation": {"angle": 0, "axis": "y", "origin": [9, 9, 8]},
			"faces": {
				"north": {"uv": [5, 2.5, 10, 2.75], "texture": "#0"},
				"east": {"uv": [7, 5.25, 7.5, 5.5], "texture": "#0"},
				"south": {"uv": [5, 2.75, 10, 3], "texture": "#0"},
				"west": {"uv": [7, 5.5, 7.5, 5.75], "texture": "#0"},
				"up": {"uv": [6, 0.5, 1, 0], "texture": "#0"},
				"down": {"uv": [6, 0.5, 1, 1], "texture": "#0"}
			}
		},
		{
			"from": [-1, 0, 3],
			"to": [0, 18, 5],
			"rotation": {"angle": 0, "axis": "y", "origin": [9, 9, 8]},
			"faces": {
				"north": {"uv": [5.5, 4, 5.75, 8.5], "texture": "#0"},
				"east": {"uv": [3, 2, 3.5, 6.5], "texture": "#0"},
				"south": {"uv": [5.75, 4, 6, 8.5], "texture": "#0"},
				"west": {"uv": [3.5, 2, 4, 6.5], "texture": "#0"},
				"up": {"uv": [7.25, 7, 7, 6.5], "texture": "#0"},
				"down": {"uv": [7.25, 7, 7, 7.5], "texture": "#0"}
			}
		},
		{
			"from": [-1, -1, 3],
			"to": [19, 0, 5],
			"rotation": {"angle": 0, "axis": "y", "origin": [9, 9, 8]},
			"faces": {
				"north": {"uv": [5, 3, 10, 3.25], "texture": "#0"},
				"east": {"uv": [7, 6.25, 7.5, 6.5], "texture": "#0"},
				"south": {"uv": [5, 3.25, 10, 3.5], "texture": "#0"},
				"west": {"uv": [6.5, 7, 7, 7.25], "texture": "#0"},
				"up": {"uv": [6, 1.5, 1, 1], "texture": "#0"},
				"down": {"uv": [6, 1.5, 1, 2], "texture": "#0"}
			}
		},
		{
			"from": [18, 0, 3],
			"to": [19, 18, 5],
			"rotation": {"angle": 0, "axis": "y", "origin": [9, 9, 8]},
			"faces": {
				"north": {"uv": [5, 4, 5.25, 8.5], "texture": "#0"},
				"east": {"uv": [2, 2, 2.5, 6.5], "texture": "#0"},
				"south": {"uv": [5.25, 4, 5.5, 8.5], "texture": "#0"},
				"west": {"uv": [2.5, 2, 3, 6.5], "texture": "#0"},
				"up": {"uv": [7.25, 6.25, 7, 5.75], "texture": "#0"},
				"down": {"uv": [6.5, 7, 6.25, 7.5], "texture": "#0"}
			}
		},
		{
			"from": [-1, 18, 7],
			"to": [19, 19, 9],
			"rotation": {"angle": 0, "axis": "y", "origin": [9, 9, 8]},
			"faces": {
				"north": {"uv": [5, 2.5, 10, 2.75], "texture": "#0"},
				"east": {"uv": [7, 5.25, 7.5, 5.5], "texture": "#0"},
				"south": {"uv": [5, 2.75, 10, 3], "texture": "#0"},
				"west": {"uv": [7, 5.5, 7.5, 5.75], "texture": "#0"},
				"up": {"uv": [6, 0.5, 1, 0], "texture": "#0"},
				"down": {"uv": [6, 0.5, 1, 1], "texture": "#0"}
			}
		},
		{
			"from": [-1, 0, 7],
			"to": [0, 18, 9],
			"rotation": {"angle": 0, "axis": "y", "origin": [9, 9, 8]},
			"faces": {
				"north": {"uv": [5.5, 4, 5.75, 8.5], "texture": "#0"},
				"east": {"uv": [3, 2, 3.5, 6.5], "texture": "#0"},
				"south": {"uv": [5.75, 4, 6, 8.5], "texture": "#0"},
				"west": {"uv": [3.5, 2, 4, 6.5], "texture": "#0"},
				"up": {"uv": [7.25, 7, 7, 6.5], "texture": "#0"},
				"down": {"uv": [7.25, 7, 7, 7.5], "texture": "#0"}
			}
		},
		{
			"from": [-1, -1, 7],
			"to": [19, 0, 9],
			"rotation": {"angle": 0, "axis": "y", "origin": [9, 9, 8]},
			"faces": {
				"north": {"uv": [5, 3, 10, 3.25], "texture": "#0"},
				"east": {"uv": [7, 6.25, 7.5, 6.5], "texture": "#0"},
				"south": {"uv": [5, 3.25, 10, 3.5], "texture": "#0"},
				"west": {"uv": [6.5, 7, 7, 7.25], "texture": "#0"},
				"up": {"uv": [6, 1.5, 1, 1], "texture": "#0"},
				"down": {"uv": [6, 1.5, 1, 2], "texture": "#0"}
			}
		},
		{
			"from": [18, 0, 7],
			"to": [19, 18, 9],
			"rotation": {"angle": 0, "axis": "y", "origin": [9, 9, 8]},
			"faces": {
				"north": {"uv": [5, 4, 5.25, 8.5], "texture": "#0"},
				"east": {"uv": [2, 2, 2.5, 6.5], "texture": "#0"},
				"south": {"uv": [5.25, 4, 5.5, 8.5], "texture": "#0"},
				"west": {"uv": [2.5, 2, 3, 6.5], "texture": "#0"},
				"up": {"uv": [7.25, 6.25, 7, 5.75], "texture": "#0"},
				"down": {"uv": [6.5, 7, 6.25, 7.5], "texture": "#0"}
			}
		},
		{
			"from": [-1, 18, 11],
			"to": [19, 19, 13],
			"rotation": {"angle": 0, "axis": "y", "origin": [9, 9, 8]},
			"faces": {
				"north": {"uv": [5, 2.5, 10, 2.75], "texture": "#0"},
				"east": {"uv": [7, 5.25, 7.5, 5.5], "texture": "#0"},
				"south": {"uv": [5, 2.75, 10, 3], "texture": "#0"},
				"west": {"uv": [7, 5.5, 7.5, 5.75], "texture": "#0"},
				"up": {"uv": [6, 0.5, 1, 0], "texture": "#0"},
				"down": {"uv": [6, 0.5, 1, 1], "texture": "#0"}
			}
		},
		{
			"from": [-1, 0, 11],
			"to": [0, 18, 13],
			"rotation": {"angle": 0, "axis": "y", "origin": [9, 9, 8]},
			"faces": {
				"north": {"uv": [5.5, 4, 5.75, 8.5], "texture": "#0"},
				"east": {"uv": [3, 2, 3.5, 6.5], "texture": "#0"},
				"south": {"uv": [5.75, 4, 6, 8.5], "texture": "#0"},
				"west": {"uv": [3.5, 2, 4, 6.5], "texture": "#0"},
				"up": {"uv": [7.25, 7, 7, 6.5], "texture": "#0"},
				"down": {"uv": [7.25, 7, 7, 7.5], "texture": "#0"}
			}
		},
		{
			"from": [-1, -1, 11],
			"to": [19, 0, 13],
			"rotation": {"angle": 0, "axis": "y", "origin": [9, 9, 8]},
			"faces": {
				"north": {"uv": [5, 3, 10, 3.25], "texture": "#0"},
				"east": {"uv": [7, 6.25, 7.5, 6.5], "texture": "#0"},
				"south": {"uv": [5, 3.25, 10, 3.5], "texture": "#0"},
				"west": {"uv": [6.5, 7, 7, 7.25], "texture": "#0"},
				"up": {"uv": [6, 1.5, 1, 1], "texture": "#0"},
				"down": {"uv": [6, 1.5, 1, 2], "texture": "#0"}
			}
		},
		{
			"from": [18, 0, 11],
			"to": [19, 18, 13],
			"rotation": {"angle": 0, "axis": "y", "origin": [9, 9, 8]},
			"faces": {
				"north": {"uv": [5, 4, 5.25, 8.5], "texture": "#0"},
				"east": {"uv": [2, 2, 2.5, 6.5], "texture": "#0"},
				"south": {"uv": [5.25, 4, 5.5, 8.5], "texture": "#0"},
				"west": {"uv": [2.5, 2, 3, 6.5], "texture": "#0"},
				"up": {"uv": [7.25, 6.25, 7, 5.75], "texture": "#0"},
				"down": {"uv": [6.5, 7, 6.25, 7.5], "texture": "#0"}
			}
		},
		{
			"from": [-1, 18, 15],
			"to": [19, 19, 17],
			"rotation": {"angle": 0, "axis": "y", "origin": [9, 9, 8]},
			"faces": {
				"north": {"uv": [5, 2.5, 10, 2.75], "texture": "#0"},
				"east": {"uv": [7, 5.25, 7.5, 5.5], "texture": "#0"},
				"south": {"uv": [5, 2.75, 10, 3], "texture": "#0"},
				"west": {"uv": [7, 5.5, 7.5, 5.75], "texture": "#0"},
				"up": {"uv": [6, 0.5, 1, 0], "texture": "#0"},
				"down": {"uv": [6, 0.5, 1, 1], "texture": "#0"}
			}
		},
		{
			"from": [-1, 0, 15],
			"to": [0, 18, 17],
			"rotation": {"angle": 0, "axis": "y", "origin": [9, 9, 8]},
			"faces": {
				"north": {"uv": [5.5, 4, 5.75, 8.5], "texture": "#0"},
				"east": {"uv": [3, 2, 3.5, 6.5], "texture": "#0"},
				"south": {"uv": [5.75, 4, 6, 8.5], "texture": "#0"},
				"west": {"uv": [3.5, 2, 4, 6.5], "texture": "#0"},
				"up": {"uv": [7.25, 7, 7, 6.5], "texture": "#0"},
				"down": {"uv": [7.25, 7, 7, 7.5], "texture": "#0"}
			}
		},
		{
			"from": [-1, -1, 15],
			"to": [19, 0, 17],
			"rotation": {"angle": 0, "axis": "y", "origin": [9, 9, 8]},
			"faces": {
				"north": {"uv": [5, 3, 10, 3.25], "texture": "#0"},
				"east": {"uv": [7, 6.25, 7.5, 6.5], "texture": "#0"},
				"south": {"uv": [5, 3.25, 10, 3.5], "texture": "#0"},
				"west": {"uv": [6.5, 7, 7, 7.25], "texture": "#0"},
				"up": {"uv": [6, 1.5, 1, 1], "texture": "#0"},
				"down": {"uv": [6, 1.5, 1, 2], "texture": "#0"}
			}
		},
		{
			"from": [18, 0, 15],
			"to": [19, 18, 17],
			"rotation": {"angle": 0, "axis": "y", "origin": [9, 9, 8]},
			"faces": {
				"north": {"uv": [5, 4, 5.25, 8.5], "texture": "#0"},
				"east": {"uv": [2, 2, 2.5, 6.5], "texture": "#0"},
				"south": {"uv": [5.25, 4, 5.5, 8.5], "texture": "#0"},
				"west": {"uv": [2.5, 2, 3, 6.5], "texture": "#0"},
				"up": {"uv": [7.25, 6.25, 7, 5.75], "texture": "#0"},
				"down": {"uv": [6.5, 7, 6.25, 7.5], "texture": "#0"}
			}
		}
	]
}