{
	"credit": "Made with Blockbench",
	"texture_size": [64, 64],
	"textures": {
		"0": "custom/decor/paint_bucket",
		"particle": "custom/decor/paint_bucket"
	},
	"elements": [
		{
			"from": [5, 0, 5],
			"to": [11, 2, 11],
			"rotation": {"angle": 0, "axis": "y", "origin": [5, 0, 5]},
			"faces": {
				"north": {"uv": [6.5, 6.75, 8, 7.25], "texture": "#0"},
				"east": {"uv": [7, 4.5, 8.5, 5], "texture": "#0"},
				"south": {"uv": [7, 5, 8.5, 5.5], "texture": "#0"},
				"west": {"uv": [7, 5.5, 8.5, 6], "texture": "#0"},
				"up": {"uv": [6.75, 1.5, 5.25, 0], "texture": "#0"},
				"down": {"uv": [6.75, 1.5, 5.25, 3], "texture": "#0"}
			}
		},
		{
			"from": [11, 1, 5],
			"to": [13, 10, 11],
			"rotation": {"angle": 0, "axis": "y", "origin": [8, 5.5, 8]},
			"faces": {
				"north": {"uv": [6.75, 0, 7.25, 2.25], "texture": "#0"},
				"east": {"uv": [0, 3.5, 1.5, 5.75], "texture": "#0"},
				"south": {"uv": [1.5, 6.75, 2, 9], "texture": "#0"},
				"west": {"uv": [3.75, 0, 5.25, 2.25], "texture": "#0"},
				"up": {"uv": [0.5, 8.75, 0, 7.25], "texture": "#0"},
				"down": {"uv": [7.75, 0, 7.25, 1.5], "texture": "#0"}
			}
		},
		{
			"from": [3, 1, 5],
			"to": [5, 10, 11],
			"rotation": {"angle": 0, "axis": "y", "origin": [8, 5.5, 8]},
			"faces": {
				"north": {"uv": [2, 6.75, 2.5, 9], "texture": "#0"},
				"east": {"uv": [3.75, 2.25, 5.25, 4.5], "texture": "#0"},
				"south": {"uv": [6.75, 2.25, 7.25, 4.5], "texture": "#0"},
				"west": {"uv": [1.5, 4.5, 3, 6.75], "texture": "#0"},
				"up": {"uv": [1, 8.75, 0.5, 7.25], "texture": "#0"},
				"down": {"uv": [1.5, 7.25, 1, 8.75], "texture": "#0"}
			}
		},
		{
			"from": [5, 9, 5],
			"to": [11, 9, 11],
			"rotation": {"angle": 0, "axis": "y", "origin": [8, 5.5, 8]},
			"faces": {
				"north": {"uv": [0, 0, 1.5, 0], "texture": "#0"},
				"east": {"uv": [0, 0, 1.5, 0], "texture": "#0"},
				"south": {"uv": [0, 0, 1.5, 0], "texture": "#0"},
				"west": {"uv": [0, 0, 1.5, 0], "texture": "#0"},
				"up": {"uv": [6.75, 4.5, 5.25, 3], "texture": "#0"},
				"down": {"uv": [1.5, 5.75, 0, 7.25], "texture": "#0"}
			}
		},
		{
			"from": [5, 1, 11],
			"to": [11, 10, 13],
			"rotation": {"angle": 0, "axis": "y", "origin": [8, 5.5, 8]},
			"faces": {
				"north": {"uv": [2.25, 0, 3.75, 2.25], "texture": "#0"},
				"east": {"uv": [6, 4.5, 6.5, 6.75], "texture": "#0"},
				"south": {"uv": [2.25, 2.25, 3.75, 4.5], "texture": "#0"},
				"west": {"uv": [6.5, 4.5, 7, 6.75], "texture": "#0"},
				"up": {"uv": [5, 7.25, 3.5, 6.75], "texture": "#0"},
				"down": {"uv": [6.5, 6.75, 5, 7.25], "texture": "#0"}
			}
		},
		{
			"from": [5, 1, 3],
			"to": [11, 10, 5],
			"rotation": {"angle": 0, "axis": "y", "origin": [8, 5.5, 8]},
			"faces": {
				"north": {"uv": [3, 4.5, 4.5, 6.75], "texture": "#0"},
				"east": {"uv": [2.5, 6.75, 3, 9], "texture": "#0"},
				"south": {"uv": [4.5, 4.5, 6, 6.75], "texture": "#0"},
				"west": {"uv": [3, 6.75, 3.5, 9], "texture": "#0"},
				"up": {"uv": [8.5, 6.5, 7, 6], "texture": "#0"},
				"down": {"uv": [8.75, 1.5, 7.25, 2], "texture": "#0"}
			}
		},
		{
			"from": [3.5, 3, 5],
			"to": [12.5, 10, 5],
			"rotation": {"angle": 22.5, "axis": "x", "origin": [8, 10, 5]},
			"faces": {
				"north": {"uv": [0, 0, 2.25, 1.75], "texture": "#0"},
				"east": {"uv": [0, 0, 0, 1.75], "texture": "#0"},
				"south": {"uv": [2.25, 0, 0, 1.75], "texture": "#0"},
				"west": {"uv": [0, 0, 0, 1.75], "texture": "#0"},
				"up": {"uv": [2.25, 0, 0, 0], "texture": "#0"},
				"down": {"uv": [2.25, 0, 0, 0], "texture": "#0"}
			}
		}
	]
}