{
	"credit": "Made with Blockbench",
	"texture_size": [64, 32],
	"textures": {
		"0": "custom/decor/skeleton"
	},
	"elements": [
		{
			"name": "body",
			"from": [2, 0, 1],
			"to": [6, 8, 13],
			"rotation": {"angle": 22.5, "axis": "z", "origin": [4, 4, 13]},
			"faces": {
				"north": {"uv": [9, 8, 7, 10], "rotation": 90, "texture": "#0"},
				"east": {"uv": [5, 10, 7, 16], "rotation": 270, "texture": "#0"},
				"south": {"uv": [7, 10, 5, 8], "rotation": 90, "texture": "#0"},
				"west": {"uv": [8, 10, 10, 16], "rotation": 90, "texture": "#0"},
				"up": {"uv": [7, 10, 8, 16], "rotation": 180, "texture": "#0"},
				"down": {"uv": [4, 10, 5, 16], "texture": "#0"}
			}
		},
		{
			"name": "left_arm",
			"from": [3, 8, 1],
			"to": [5, 10, 13],
			"rotation": {"angle": 22.5, "axis": "z", "origin": [4, 9, 12]},
			"faces": {
				"north": {"uv": [11, 8, 11.5, 9], "rotation": 90, "texture": "#0"},
				"east": {"uv": [11, 9, 10.5, 15], "rotation": 270, "texture": "#0"},
				"south": {"uv": [10.5, 9, 11, 8], "rotation": 90, "texture": "#0"},
				"west": {"uv": [12, 9, 11.5, 15], "rotation": 90, "texture": "#0"},
				"up": {"uv": [10.5, 9, 10, 15], "rotation": 180, "texture": "#0"},
				"down": {"uv": [11.5, 9, 11, 15], "texture": "#0"}
			}
		},
		{
			"name": "right_arm",
			"from": [6, -1, 1],
			"to": [8, 1, 13],
			"rotation": {"angle": -22.5, "axis": "y", "origin": [7, 0, 12]},
			"faces": {
				"north": {"uv": [11.5, 8, 11, 9], "rotation": 90, "texture": "#0"},
				"east": {"uv": [10.5, 9, 11, 15], "rotation": 270, "texture": "#0"},
				"south": {"uv": [11, 9, 10.5, 8], "rotation": 90, "texture": "#0"},
				"west": {"uv": [11.5, 9, 12, 15], "rotation": 90, "texture": "#0"},
				"up": {"uv": [11, 9, 11.5, 15], "rotation": 180, "texture": "#0"},
				"down": {"uv": [10, 9, 10.5, 15], "texture": "#0"}
			}
		},
		{
			"name": "head",
			"from": [0, 0, 13],
			"to": [8, 8, 21],
			"rotation": {"angle": 0, "axis": "x", "origin": [4, 4, 13]},
			"faces": {
				"north": {"uv": [6, 0, 4, 4], "rotation": 90, "texture": "#0"},
				"east": {"uv": [2, 4, 4, 8], "rotation": 270, "texture": "#0"},
				"south": {"uv": [4, 4, 2, 0], "rotation": 90, "texture": "#0"},
				"west": {"uv": [6, 4, 8, 8], "rotation": 90, "texture": "#0"},
				"up": {"uv": [4, 4, 6, 8], "rotation": 180, "texture": "#0"},
				"down": {"uv": [0, 4, 2, 8], "texture": "#0"}
			}
		},
		{
			"name": "left_leg",
			"from": [4, 1, -11],
			"to": [6, 3, 1],
			"rotation": {"angle": 22.5, "axis": "y", "origin": [5, 2, 1]},
			"faces": {
				"north": {"uv": [1, 8, 1.5, 9], "rotation": 180, "texture": "#0"},
				"east": {"uv": [1.5, 9, 1, 15], "rotation": 270, "texture": "#0"},
				"south": {"uv": [0.5, 9, 1, 8], "texture": "#0"},
				"west": {"uv": [0.5, 9, 0, 15], "rotation": 90, "texture": "#0"},
				"up": {"uv": [1, 9, 0.5, 15], "rotation": 180, "texture": "#0"},
				"down": {"uv": [2, 9, 1.5, 15], "texture": "#0"}
			}
		}
	],
	"groups": [
		{
			"name": "body",
			"origin": [0, 24, 0],
			"color": 0,
			"nbt": "{}",
			"children": [
				0,
				{
					"name": "left_arm",
					"origin": [-5, 22, 0],
					"color": 0,
					"nbt": "{}",
					"children": [1]
				},
				{
					"name": "right_arm",
					"origin": [5, 22, 0],
					"color": 0,
					"nbt": "{}",
					"children": [2]
				},
				{
					"name": "head",
					"origin": [0, 24, 0],
					"color": 0,
					"nbt": "{}",
					"children": [3]
				}
			]
		},
		{
			"name": "left_leg",
			"origin": [-2, 12, 0.1],
			"color": 0,
			"nbt": "{}",
			"children": [4]
		}
	]
}