{
	"textures": {
		"1": "minecraft:custom/entity/mob/votary"
	},
	"elements": [
		{
			"from": [
				3.6385070892410347,
				-5.32110091743119,
				11.581818181818182
			],
			"to": [
				12.365779816513761,
				5.587989991659717,
				11.581818181818182
			],
			"rotation": {
				"angle": -22.5,
				"axis": "x",
				"origin": [
					8.002143452877398,
					0.1334445371142623,
					11.263636363636364
				]
			},
			"faces": {
				"north": {
					"uv": [
						5.75,
						1.625,
						4.5,
						3.25
					],
					"texture": "#1"
				},
				"east": {
					"uv": [
						0,
						0,
						0,
						1.625
					],
					"texture": "#1"
				},
				"south": {
					"uv": [
						4.5,
						1.625,
						5.75,
						3.25
					],
					"texture": "#1"
				},
				"west": {
					"uv": [
						0,
						0,
						0,
						1.625
					],
					"texture": "#1"
				},
				"up": {
					"uv": [
						1.25,
						0,
						0,
						0
					],
					"texture": "#1"
				},
				"down": {
					"uv": [
						1.25,
						0,
						0,
						0
					],
					"texture": "#1"
				}
			}
		},
		{
			"from": [
				9.093052543786488,
				1.2243536280233531,
				5.818181818181818
			],
			"to": [
				12.002143452877398,
				18.678899082568808,
				10.181818181818182
			],
			"rotation": {
				"angle": 0,
				"axis": "y",
				"origin": [
					9.456688907422851,
					9.95162635529608,
					7.2727272727272725
				]
			},
			"faces": {
				"north": {
					"uv": [
						6.625,
						7.625,
						7,
						10.25
					],
					"texture": "#1"
				},
				"east": {
					"uv": [
						0,
						8,
						0.625,
						10.625
					],
					"texture": "#1"
				},
				"south": {
					"uv": [
						7,
						8.375,
						7.375,
						11
					],
					"texture": "#1"
				},
				"west": {
					"uv": [
						0.625,
						8,
						1.25,
						10.625
					],
					"texture": "#1"
				},
				"up": {
					"uv": [
						1.875,
						12.125,
						1.5,
						11.5
					],
					"texture": "#1"
				},
				"down": {
					"uv": [
						4.75,
						11.5,
						4.375,
						12.125
					],
					"texture": "#1"
				}
			}
		},
		{
			"from": [
				3.997856547122603,
				1.2243536280233531,
				5.818181818181818
			],
			"to": [
				6.906947456213511,
				18.678899082568808,
				10.181818181818182
			],
			"rotation": {
				"angle": 0,
				"axis": "y",
				"origin": [
					6.543311092577148,
					9.95162635529608,
					7.2727272727272725
				]
			},
			"faces": {
				"north": {
					"uv": [
						7.375,
						8.375,
						7.75,
						11
					],
					"texture": "#1"
				},
				"east": {
					"uv": [
						1.25,
						8,
						1.875,
						10.625
					],
					"texture": "#1"
				},
				"south": {
					"uv": [
						7.75,
						8.375,
						8.125,
						11
					],
					"texture": "#1"
				},
				"west": {
					"uv": [
						8.25,
						6.75,
						8.875,
						9.375
					],
					"texture": "#1"
				},
				"up": {
					"uv": [
						11.875,
						10,
						11.5,
						9.375
					],
					"texture": "#1"
				},
				"down": {
					"uv": [
						11.875,
						10,
						11.5,
						10.625
					],
					"texture": "#1"
				}
			}
		},
		{
			"from": [
				4.220325271059217,
				12.860717264386988,
				5.872727272727273
			],
			"to": [
				11.711234361968307,
				18.387989991659715,
				10.127272727272727
			],
			"rotation": {
				"angle": 0,
				"axis": "y",
				"origin": [
					8,
					-13.684737281067555,
					8
				]
			},
			"faces": {
				"north": {
					"uv": [
						8.375,
						0,
						9.5,
						0.875
					],
					"texture": "#1"
				},
				"east": {
					"uv": [
						0.75,
						10.625,
						1.375,
						11.5
					],
					"texture": "#1"
				},
				"south": {
					"uv": [
						8.375,
						4.875,
						9.5,
						5.75
					],
					"texture": "#1"
				},
				"west": {
					"uv": [
						10.625,
						1.5,
						11.25,
						2.375
					],
					"texture": "#1"
				},
				"up": {
					"uv": [
						5.5,
						9.875,
						4.375,
						9.25
					],
					"texture": "#1"
				},
				"down": {
					"uv": [
						6.625,
						9.25,
						5.5,
						9.875
					],
					"texture": "#1"
				}
			}
		},
		{
			"from": [
				5.456688907422853,
				5.587989991659717,
				5.872727272727273
			],
			"to": [
				10.547597998331943,
				12.860717264386988,
				10.127272727272727
			],
			"rotation": {
				"angle": 0,
				"axis": "y",
				"origin": [
					8,
					-13.684737281067555,
					8
				]
			},
			"faces": {
				"north": {
					"uv": [
						9.125,
						6.625,
						9.875,
						7.75
					],
					"texture": "#1"
				},
				"east": {
					"uv": [
						8.125,
						9.375,
						8.75,
						10.5
					],
					"texture": "#1"
				},
				"south": {
					"uv": [
						9.125,
						7.75,
						9.875,
						8.875
					],
					"texture": "#1"
				},
				"west": {
					"uv": [
						9.125,
						9.375,
						9.75,
						10.5
					],
					"texture": "#1"
				},
				"up": {
					"uv": [
						11.375,
						3,
						10.625,
						2.375
					],
					"texture": "#1"
				},
				"down": {
					"uv": [
						11.375,
						8.75,
						10.625,
						9.375
					],
					"texture": "#1"
				}
			}
		},
		{
			"from": [
				13.047597998331941,
				-5.32110091743119,
				4.054545454545455
			],
			"to": [
				13.047597998331941,
				5.587989991659717,
				11.945454545454545
			],
			"rotation": {
				"angle": 22.5,
				"axis": "z",
				"origin": [
					13.047597998331941,
					0.1334445371142623,
					8
				]
			},
			"faces": {
				"north": {
					"uv": [
						0,
						0,
						0,
						1.625
					],
					"texture": "#1"
				},
				"east": {
					"uv": [
						2.125,
						7.125,
						3.25,
						8.75
					],
					"texture": "#1"
				},
				"south": {
					"uv": [
						0,
						0,
						0,
						1.625
					],
					"texture": "#1"
				},
				"west": {
					"uv": [
						3.25,
						7.125,
						2.125,
						8.75
					],
					"texture": "#1"
				},
				"up": {
					"uv": [
						0,
						1.125,
						0,
						0
					],
					"texture": "#1"
				},
				"down": {
					"uv": [
						0,
						0,
						0,
						1.125
					],
					"texture": "#1"
				}
			}
		},
		{
			"from": [
				13.183961634695578,
				3.769808173477899,
				4.054545454545455
			],
			"to": [
				13.183961634695578,
				14.678899082568808,
				11.945454545454545
			],
			"rotation": {
				"angle": 22.5,
				"axis": "z",
				"origin": [
					13.183961634695578,
					9.224353628023353,
					8
				]
			},
			"faces": {
				"north": {
					"uv": [
						0,
						0,
						0,
						1.625
					],
					"texture": "#1"
				},
				"east": {
					"uv": [
						7.125,
						6.75,
						8.25,
						8.375
					],
					"texture": "#1"
				},
				"south": {
					"uv": [
						0,
						0,
						0,
						1.625
					],
					"texture": "#1"
				},
				"west": {
					"uv": [
						8.25,
						6.75,
						7.125,
						8.375
					],
					"texture": "#1"
				},
				"up": {
					"uv": [
						0,
						1.125,
						0,
						0
					],
					"texture": "#1"
				},
				"down": {
					"uv": [
						0,
						0,
						0,
						1.125
					],
					"texture": "#1"
				}
			}
		},
		{
			"from": [
				2.816038365304421,
				3.769808173477899,
				4.054545454545455
			],
			"to": [
				2.816038365304421,
				14.678899082568808,
				11.945454545454545
			],
			"rotation": {
				"angle": -22.5,
				"axis": "z",
				"origin": [
					2.816038365304421,
					9.224353628023353,
					8
				]
			},
			"faces": {
				"north": {
					"uv": [
						0,
						0,
						0,
						1.625
					],
					"texture": "#1"
				},
				"east": {
					"uv": [
						6.625,
						7.625,
						5.5,
						9.25
					],
					"texture": "#1"
				},
				"south": {
					"uv": [
						0,
						0,
						0,
						1.625
					],
					"texture": "#1"
				},
				"west": {
					"uv": [
						5.5,
						7.625,
						6.625,
						9.25
					],
					"texture": "#1"
				},
				"up": {
					"uv": [
						0,
						1.125,
						0,
						0
					],
					"texture": "#1"
				},
				"down": {
					"uv": [
						0,
						0,
						0,
						1.125
					],
					"texture": "#1"
				}
			}
		},
		{
			"from": [
				2.952402001668058,
				-5.32110091743119,
				4.054545454545455
			],
			"to": [
				2.952402001668058,
				5.587989991659717,
				11.945454545454545
			],
			"rotation": {
				"angle": -22.5,
				"axis": "z",
				"origin": [
					2.952402001668058,
					0.1334445371142623,
					8
				]
			},
			"faces": {
				"north": {
					"uv": [
						0,
						0,
						0,
						1.625
					],
					"texture": "#1"
				},
				"east": {
					"uv": [
						8.875,
						3.25,
						7.75,
						4.875
					],
					"texture": "#1"
				},
				"south": {
					"uv": [
						0,
						0,
						0,
						1.625
					],
					"texture": "#1"
				},
				"west": {
					"uv": [
						7.75,
						3.25,
						8.875,
						4.875
					],
					"texture": "#1"
				},
				"up": {
					"uv": [
						0,
						1.125,
						0,
						0
					],
					"texture": "#1"
				},
				"down": {
					"uv": [
						0,
						0,
						0,
						1.125
					],
					"texture": "#1"
				}
			}
		},
		{
			"from": [
				3.6385070892410347,
				-5.32110091743119,
				4.418181818181818
			],
			"to": [
				12.365779816513761,
				5.587989991659717,
				4.418181818181818
			],
			"rotation": {
				"angle": 22.5,
				"axis": "x",
				"origin": [
					8.002143452877398,
					0.1334445371142623,
					4.736363636363636
				]
			},
			"faces": {
				"north": {
					"uv": [
						5,
						3.25,
						6.25,
						4.875
					],
					"texture": "#1"
				},
				"east": {
					"uv": [
						0,
						0,
						0,
						1.625
					],
					"texture": "#1"
				},
				"south": {
					"uv": [
						6.25,
						3.25,
						5,
						4.875
					],
					"texture": "#1"
				},
				"west": {
					"uv": [
						0,
						0,
						0,
						1.625
					],
					"texture": "#1"
				},
				"up": {
					"uv": [
						1.25,
						0,
						0,
						0
					],
					"texture": "#1"
				},
				"down": {
					"uv": [
						1.25,
						0,
						0,
						0
					],
					"texture": "#1"
				}
			}
		},
		{
			"from": [
				3.6385070892410347,
				3.769808173477899,
				4.281818181818182
			],
			"to": [
				12.365779816513761,
				14.678899082568808,
				4.281818181818182
			],
			"rotation": {
				"angle": 22.5,
				"axis": "x",
				"origin": [
					8.002143452877398,
					9.224353628023353,
					4.6000000000000005
				]
			},
			"faces": {
				"north": {
					"uv": [
						0,
						5.5,
						1.25,
						7.125
					],
					"texture": "#1"
				},
				"east": {
					"uv": [
						0,
						0,
						0,
						1.625
					],
					"texture": "#1"
				},
				"south": {
					"uv": [
						1.25,
						5.5,
						0,
						7.125
					],
					"texture": "#1"
				},
				"west": {
					"uv": [
						0,
						0,
						0,
						1.625
					],
					"texture": "#1"
				},
				"up": {
					"uv": [
						1.25,
						0,
						0,
						0
					],
					"texture": "#1"
				},
				"down": {
					"uv": [
						1.25,
						0,
						0,
						0
					],
					"texture": "#1"
				}
			}
		},
		{
			"from": [
				3.6385070892410347,
				3.769808173477899,
				11.718181818181819
			],
			"to": [
				12.365779816513761,
				14.678899082568808,
				11.718181818181819
			],
			"rotation": {
				"angle": -22.5,
				"axis": "x",
				"origin": [
					8.002143452877398,
					9.224353628023353,
					11.399999999999999
				]
			},
			"faces": {
				"north": {
					"uv": [
						5,
						5.5,
						3.75,
						7.125
					],
					"texture": "#1"
				},
				"east": {
					"uv": [
						0,
						0,
						0,
						1.625
					],
					"texture": "#1"
				},
				"south": {
					"uv": [
						3.75,
						5.5,
						5,
						7.125
					],
					"texture": "#1"
				},
				"west": {
					"uv": [
						0,
						0,
						0,
						1.625
					],
					"texture": "#1"
				},
				"up": {
					"uv": [
						1.25,
						0,
						0,
						0
					],
					"texture": "#1"
				},
				"down": {
					"uv": [
						1.25,
						0,
						0,
						0
					],
					"texture": "#1"
				}
			}
		}
	],
	"display": {
		"head": {
			"rotation": [
				0,
				180,
				0
			]
		}
	}
}