{
	"textures": {
		"1": "minecraft:custom/entity/mob/votary"
	},
	"elements": [
		{
			"from": [
				7.2915,
				4.930399999999999,
				7.3568999999999996
			],
			"to": [
				8.7085,
				8.0696,
				8.6431
			],
			"rotation": {
				"angle": 0,
				"axis": "y",
				"origin": [
					8,
					8.0415,
					8
				]
			},
			"faces": {
				"north": {
					"uv": [
						12.25,
						6.875,
						12.375,
						7.25
					],
					"texture": "#1"
				},
				"east": {
					"uv": [
						12.25,
						7.25,
						12.375,
						7.625
					],
					"texture": "#1"
				},
				"south": {
					"uv": [
						12.25,
						7.625,
						12.375,
						8
					],
					"texture": "#1"
				},
				"west": {
					"uv": [
						12.25,
						8,
						12.375,
						8.375
					],
					"texture": "#1"
				},
				"up": {
					"uv": [
						12.625,
						9.875,
						12.5,
						9.75
					],
					"texture": "#1"
				},
				"down": {
					"uv": [
						10,
						12.5,
						9.875,
						12.625
					],
					"texture": "#1"
				}
			}
		}
	],
	"display": {
		"head": {
			"rotation": [
				0,
				180,
				0
			]
		}
	}
}