{
	"textures": {
		"1": "minecraft:custom/entity/mob/votary"
	},
	"elements": [
		{
			"from": [
				7.291499999999999,
				5.180399999999999,
				7.3568999999999996
			],
			"to": [
				8.708499999999999,
				8.3196,
				8.6431
			],
			"rotation": {
				"angle": 0,
				"axis": "y",
				"origin": [
					8,
					8.2915,
					8
				]
			},
			"faces": {
				"north": {
					"uv": [
						4.25,
						12.25,
						4.375,
						12.625
					],
					"texture": "#1"
				},
				"east": {
					"uv": [
						12.25,
						4.25,
						12.375,
						4.625
					],
					"texture": "#1"
				},
				"south": {
					"uv": [
						12.25,
						4.625,
						12.375,
						5
					],
					"texture": "#1"
				},
				"west": {
					"uv": [
						12.25,
						5,
						12.375,
						5.375
					],
					"texture": "#1"
				},
				"up": {
					"uv": [
						12.625,
						9.625,
						12.5,
						9.5
					],
					"texture": "#1"
				},
				"down": {
					"uv": [
						9.75,
						12.5,
						9.625,
						12.625
					],
					"texture": "#1"
				}
			}
		}
	],
	"display": {
		"head": {
			"rotation": [
				0,
				180,
				0
			]
		}
	}
}