{
	"textures": {
		"1": "minecraft:custom/entity/mob/votary"
	},
	"elements": [
		{
			"from": [
				-1.3100000000000005,
				5.274999999999999,
				7.95
			],
			"to": [
				9.59,
				10.725000000000001,
				7.95
			],
			"rotation": {
				"angle": -45,
				"axis": "z",
				"origin": [
					8.5,
					8,
					7.95
				]
			},
			"faces": {
				"north": {
					"uv": [
						8.875,
						3,
						10.25,
						3.625
					],
					"texture": "#1"
				},
				"east": {
					"uv": [
						0,
						0,
						0,
						0.625
					],
					"texture": "#1"
				},
				"south": {
					"uv": [
						10.25,
						3,
						8.875,
						3.625
					],
					"texture": "#1"
				},
				"west": {
					"uv": [
						0,
						0,
						0,
						0.625
					],
					"texture": "#1"
				},
				"up": {
					"uv": [
						1.375,
						0,
						0,
						0
					],
					"texture": "#1"
				},
				"down": {
					"uv": [
						1.375,
						0,
						0,
						0
					],
					"texture": "#1"
				}
			}
		},
		{
			"from": [
				6.91,
				5.274999999999999,
				8
			],
			"to": [
				17.810000000000002,
				10.725000000000001,
				8
			],
			"rotation": {
				"angle": 45,
				"axis": "z",
				"origin": [
					8,
					8,
					8
				]
			},
			"faces": {
				"north": {
					"uv": [
						8.875,
						1.75,
						10.25,
						2.375
					],
					"texture": "#1"
				},
				"east": {
					"uv": [
						0,
						0,
						0,
						0.625
					],
					"texture": "#1"
				},
				"south": {
					"uv": [
						10.25,
						1.75,
						8.875,
						2.375
					],
					"texture": "#1"
				},
				"west": {
					"uv": [
						0,
						0,
						0,
						0.625
					],
					"texture": "#1"
				},
				"up": {
					"uv": [
						1.375,
						0,
						0,
						0
					],
					"texture": "#1"
				},
				"down": {
					"uv": [
						1.375,
						0,
						0,
						0
					],
					"texture": "#1"
				}
			}
		}
	],
	"display": {
		"head": {
			"rotation": [
				0,
				180,
				0
			]
		}
	}
}