{
	"textures": {
		"1": "minecraft:custom/entity/mob/votary"
	},
	"elements": [
		{
			"from": [
				0.7383998955372597,
				-1.8383124258788524,
				6.502605307923607
			],
			"to": [
				3.7331892796900465,
				8.269101745636803,
				9.497394692076394
			],
			"rotation": {
				"angle": 0,
				"axis": "y",
				"origin": [
					-3.7537841806919214,
					4.712789351955369,
					9.123046019057295
				]
			},
			"faces": {
				"north": {
					"uv": [
						2.25,
						10.5,
						2.625,
						12
					],
					"texture": "#1"
				},
				"east": {
					"uv": [
						2.625,
						10.5,
						3,
						12
					],
					"texture": "#1"
				},
				"south": {
					"uv": [
						8.125,
						10.5,
						8.5,
						12
					],
					"texture": "#1"
				},
				"west": {
					"uv": [
						9.125,
						10.5,
						9.5,
						12
					],
					"texture": "#1"
				},
				"up": {
					"uv": [
						12.25,
						5.375,
						11.875,
						5
					],
					"texture": "#1"
				},
				"down": {
					"uv": [
						12.25,
						5.375,
						11.875,
						5.75
					],
					"texture": "#1"
				}
			}
		},
		{
			"from": [
				4.4616580598192295,
				4.473712773968746,
				5.379559288866311
			],
			"to": [
				8.579493463029312,
				10.463291542274323,
				10.62044071113369
			],
			"rotation": {
				"angle": 0,
				"axis": "y",
				"origin": [
					8.579493463029312,
					-0.01847130226043525,
					7.625651326980901
				]
			},
			"faces": {
				"north": {
					"uv": [
						10.625,
						6.25,
						11.25,
						7.125
					],
					"texture": "#1"
				},
				"east": {
					"uv": [
						9.75,
						9.375,
						10.5,
						10.25
					],
					"texture": "#1"
				},
				"south": {
					"uv": [
						10.625,
						7.125,
						11.25,
						8
					],
					"texture": "#1"
				},
				"west": {
					"uv": [
						4.375,
						9.875,
						5.125,
						10.75
					],
					"texture": "#1"
				},
				"up": {
					"uv": [
						7.375,
						11.75,
						6.75,
						11
					],
					"texture": "#1"
				},
				"down": {
					"uv": [
						8,
						11,
						7.375,
						11.75
					],
					"texture": "#1"
				}
			}
		},
		{
			"from": [
				2.964263367742837,
				5.971107466045142,
				5.566733625375861
			],
			"to": [
				4.4616580598192295,
				10.088942869255224,
				10.43326637462414
			],
			"rotation": {
				"angle": 0,
				"axis": "y",
				"origin": [
					8.579493463029312,
					-0.01847130226043525,
					7.438476990471353
				]
			},
			"faces": {
				"north": {
					"uv": [
						10,
						11.75,
						10.25,
						12.375
					],
					"texture": "#1"
				},
				"east": {
					"uv": [
						11.125,
						10.875,
						11.875,
						11.5
					],
					"texture": "#1"
				},
				"south": {
					"uv": [
						10.25,
						11.75,
						10.5,
						12.375
					],
					"texture": "#1"
				},
				"west": {
					"uv": [
						11.25,
						1.25,
						12,
						1.875
					],
					"texture": "#1"
				},
				"up": {
					"uv": [
						7,
						11,
						6.75,
						10.25
					],
					"texture": "#1"
				},
				"down": {
					"uv": [
						5.875,
						11.625,
						5.625,
						12.375
					],
					"texture": "#1"
				}
			}
		},
		{
			"from": [
				-0.03052601640995256,
				8.217199504159732,
				5.753907961885409
			],
			"to": [
				2.964263367742837,
				9.714594196236126,
				10.24609203811459
			],
			"rotation": {
				"angle": 0,
				"axis": "y",
				"origin": [
					8.579493463029312,
					-0.01847130226043525,
					7.251302653961803
				]
			},
			"faces": {
				"north": {
					"uv": [
						8.375,
						1.375,
						8.75,
						1.625
					],
					"texture": "#1"
				},
				"east": {
					"uv": [
						11.5,
						10.625,
						12.125,
						10.875
					],
					"texture": "#1"
				},
				"south": {
					"uv": [
						10.25,
						6.25,
						10.625,
						6.5
					],
					"texture": "#1"
				},
				"west": {
					"uv": [
						11.625,
						3.625,
						12.25,
						3.875
					],
					"texture": "#1"
				},
				"up": {
					"uv": [
						12,
						3,
						11.625,
						2.375
					],
					"texture": "#1"
				},
				"down": {
					"uv": [
						12,
						3,
						11.625,
						3.625
					],
					"texture": "#1"
				}
			}
		},
		{
			"from": [
				0.25023548835437204,
				4.473712773968746,
				10.62044071113369
			],
			"to": [
				8.579493463029312,
				17.950265002656288,
				10.62044071113369
			],
			"rotation": {
				"angle": 0,
				"axis": "y",
				"origin": [
					8.579493463029312,
					-0.01847130226043525,
					7.625651326980901
				]
			},
			"faces": {
				"north": {
					"uv": [
						5,
						3.5,
						4,
						5.5
					],
					"texture": "#1"
				},
				"east": {
					"uv": [
						0,
						0,
						0,
						2
					],
					"texture": "#1"
				},
				"south": {
					"uv": [
						3.75,
						3.5,
						5,
						5.5
					],
					"texture": "#1"
				},
				"west": {
					"uv": [
						0,
						0,
						0,
						2
					],
					"texture": "#1"
				},
				"up": {
					"uv": [
						1.25,
						0,
						0,
						0
					],
					"texture": "#1"
				},
				"down": {
					"uv": [
						1.25,
						0,
						0,
						0
					],
					"texture": "#1"
				}
			}
		},
		{
			"from": [
				0.7383998955372597,
				-6.049734997343711,
				6.502605307923607
			],
			"to": [
				0.7383998955372597,
				5.929422539267437,
				9.497394692076394
			],
			"rotation": {
				"angle": -45,
				"axis": "z",
				"origin": [
					0.7383998955372597,
					5.555073866248338,
					8
				]
			},
			"faces": {
				"north": {
					"uv": [
						0,
						0,
						0,
						1.75
					],
					"texture": "#1"
				},
				"east": {
					"uv": [
						9.5,
						4.75,
						9.875,
						6.5
					],
					"texture": "#1"
				},
				"south": {
					"uv": [
						0,
						0,
						0,
						1.75
					],
					"texture": "#1"
				},
				"west": {
					"uv": [
						9.875,
						4.75,
						9.5,
						6.5
					],
					"texture": "#1"
				},
				"up": {
					"uv": [
						0,
						0.375,
						0,
						0
					],
					"texture": "#1"
				},
				"down": {
					"uv": [
						0,
						0,
						0,
						0.375
					],
					"texture": "#1"
				}
			}
		}
	],
	"display": {
		"head": {
			"rotation": [
				0,
				180,
				0
			]
		}
	}
}