{
	"textures": {
		"1": "minecraft:custom/entity/mob/votary"
	},
	"elements": [
		{
			"from": [
				6.485759999999999,
				-0.9772800000000004,
				6.295
			],
			"to": [
				9.62496,
				10.794719999999998,
				9.7612
			],
			"rotation": {
				"angle": 0,
				"axis": "y",
				"origin": [
					1.0793599999999994,
					15.372719999999997,
					9.238
				]
			},
			"faces": {
				"north": {
					"uv": [
						10.5,
						9.375,
						10.875,
						10.875
					],
					"texture": "#1"
				},
				"east": {
					"uv": [
						0,
						10.625,
						0.375,
						12.125
					],
					"texture": "#1"
				},
				"south": {
					"uv": [
						10.625,
						0,
						11,
						1.5
					],
					"texture": "#1"
				},
				"west": {
					"uv": [
						0.375,
						10.625,
						0.75,
						12.125
					],
					"texture": "#1"
				},
				"up": {
					"uv": [
						12.25,
						9.25,
						11.875,
						8.875
					],
					"texture": "#1"
				},
				"down": {
					"uv": [
						12.25,
						9.25,
						11.875,
						9.625
					],
					"texture": "#1"
				}
			}
		},
		{
			"from": [
				6.4203600000000005,
				-6.427280000000001,
				6.186
			],
			"to": [
				6.4203600000000005,
				7.5247199999999985,
				9.674
			],
			"rotation": {
				"angle": -22.5,
				"axis": "z",
				"origin": [
					6.4203600000000005,
					7.088719999999999,
					7.93
				]
			},
			"faces": {
				"north": {
					"uv": [
						0,
						0,
						0,
						1.75
					],
					"texture": "#1"
				},
				"east": {
					"uv": [
						3,
						9.625,
						3.375,
						11.375
					],
					"texture": "#1"
				},
				"south": {
					"uv": [
						0,
						0,
						0,
						1.75
					],
					"texture": "#1"
				},
				"west": {
					"uv": [
						3.375,
						9.625,
						3,
						11.375
					],
					"texture": "#1"
				},
				"up": {
					"uv": [
						0,
						0.375,
						0,
						0
					],
					"texture": "#1"
				},
				"down": {
					"uv": [
						0,
						0,
						0,
						0.375
					],
					"texture": "#1"
				}
			}
		}
	],
	"display": {
		"head": {
			"rotation": [
				0,
				180,
				0
			]
		}
	}
}