{
	"textures": {
		"1": "minecraft:custom/entity/mob/votary"
	},
	"elements": [
		{
			"from": [
				7.883494723007283,
				13.99182433176771,
				5.6634611474382925
			],
			"to": [
				8.088820038119517,
				15.134681256428111,
				5.949166214340277
			],
			"rotation": {
				"angle": 0,
				"axis": "y",
				"origin": [
					12.26060338653888,
					0.2057713092505411,
					5.679113708840287
				]
			},
			"faces": {
				"north": {
					"uv": [
						4.875,
						3.25,
						5,
						3.5
					],
					"texture": "#1"
				},
				"east": {
					"uv": [
						6.125,
						3,
						6.25,
						3.25
					],
					"texture": "#1"
				},
				"south": {
					"uv": [
						8.75,
						1.375,
						8.875,
						1.625
					],
					"texture": "#1"
				},
				"west": {
					"uv": [
						11.25,
						7.75,
						11.375,
						8
					],
					"texture": "#1"
				},
				"up": {
					"uv": [
						12.25,
						1.25,
						12.125,
						1.125
					],
					"texture": "#1"
				},
				"down": {
					"uv": [
						12.25,
						8.75,
						12.125,
						8.875
					],
					"texture": "#1"
				}
			}
		},
		{
			"from": [
				7.883494723007283,
				14.848962443131452,
				5.949166214340277
			],
			"to": [
				8.088820038119517,
				16.27753818108851,
				6.234885027636936
			],
			"rotation": {
				"angle": 0,
				"axis": "y",
				"origin": [
					12.26060338653888,
					0.2057713092505411,
					5.679113708840287
				]
			},
			"faces": {
				"north": {
					"uv": [
						12.125,
						8,
						12.25,
						8.375
					],
					"texture": "#1"
				},
				"east": {
					"uv": [
						12.125,
						8.375,
						12.25,
						8.75
					],
					"texture": "#1"
				},
				"south": {
					"uv": [
						12.125,
						9.625,
						12.25,
						10
					],
					"texture": "#1"
				},
				"west": {
					"uv": [
						12.125,
						10,
						12.25,
						10.375
					],
					"texture": "#1"
				},
				"up": {
					"uv": [
						12.5,
						9.125,
						12.375,
						9
					],
					"texture": "#1"
				},
				"down": {
					"uv": [
						12.5,
						9.125,
						12.375,
						9.25
					],
					"texture": "#1"
				}
			}
		},
		{
			"from": [
				7.883494723007283,
				15.991819367791855,
				6.234885027636936
			],
			"to": [
				8.088820038119517,
				17.420395105748913,
				6.5205992588020365
			],
			"rotation": {
				"angle": 0,
				"axis": "y",
				"origin": [
					12.26060338653888,
					0.2057713092505411,
					5.679113708840287
				]
			},
			"faces": {
				"north": {
					"uv": [
						12.125,
						10.375,
						12.25,
						10.75
					],
					"texture": "#1"
				},
				"east": {
					"uv": [
						12.125,
						10.75,
						12.25,
						11.125
					],
					"texture": "#1"
				},
				"south": {
					"uv": [
						11.125,
						12.125,
						11.25,
						12.5
					],
					"texture": "#1"
				},
				"west": {
					"uv": [
						12.125,
						11.125,
						12.25,
						11.5
					],
					"texture": "#1"
				},
				"up": {
					"uv": [
						12.5,
						9.375,
						12.375,
						9.25
					],
					"texture": "#1"
				},
				"down": {
					"uv": [
						12.5,
						9.375,
						12.375,
						9.5
					],
					"texture": "#1"
				}
			}
		},
		{
			"from": [
				7.883494723007283,
				17.134676292452255,
				6.5205992588020365
			],
			"to": [
				8.088820038119517,
				18.277533217112655,
				6.806308907835579
			],
			"rotation": {
				"angle": 0,
				"axis": "y",
				"origin": [
					12.26060338653888,
					0.2057713092505411,
					5.679113708840287
				]
			},
			"faces": {
				"north": {
					"uv": [
						12.25,
						8.375,
						12.375,
						8.625
					],
					"texture": "#1"
				},
				"east": {
					"uv": [
						12.25,
						8.625,
						12.375,
						8.875
					],
					"texture": "#1"
				},
				"south": {
					"uv": [
						12.25,
						8.875,
						12.375,
						9.125
					],
					"texture": "#1"
				},
				"west": {
					"uv": [
						12.25,
						9.125,
						12.375,
						9.375
					],
					"texture": "#1"
				},
				"up": {
					"uv": [
						9.625,
						12.5,
						9.5,
						12.375
					],
					"texture": "#1"
				},
				"down": {
					"uv": [
						12.5,
						9.5,
						12.375,
						9.625
					],
					"texture": "#1"
				}
			}
		},
		{
			"from": [
				7.883494723007283,
				17.991814403815997,
				6.806318072098694
			],
			"to": [
				8.088820038119517,
				19.1346713284764,
				7.092036885395353
			],
			"rotation": {
				"angle": 0,
				"axis": "y",
				"origin": [
					12.26060338653888,
					0.2057713092505411,
					5.679113708840287
				]
			},
			"faces": {
				"north": {
					"uv": [
						9.25,
						12.25,
						9.375,
						12.5
					],
					"texture": "#1"
				},
				"east": {
					"uv": [
						9.375,
						12.25,
						9.5,
						12.5
					],
					"texture": "#1"
				},
				"south": {
					"uv": [
						12.25,
						9.375,
						12.375,
						9.625
					],
					"texture": "#1"
				},
				"west": {
					"uv": [
						12.25,
						9.625,
						12.375,
						9.875
					],
					"texture": "#1"
				},
				"up": {
					"uv": [
						9.75,
						12.5,
						9.625,
						12.375
					],
					"texture": "#1"
				},
				"down": {
					"uv": [
						12.5,
						9.625,
						12.375,
						9.75
					],
					"texture": "#1"
				}
			}
		},
		{
			"from": [
				7.883494723007283,
				18.848966261574418,
				7.092036885395353
			],
			"to": [
				8.088820038119517,
				19.706108955069716,
				7.377741952297337
			],
			"rotation": {
				"angle": 0,
				"axis": "y",
				"origin": [
					12.26060338653888,
					0.2057713092505411,
					5.679113708840287
				]
			},
			"faces": {
				"north": {
					"uv": [
						12.25,
						9.875,
						12.375,
						10.125
					],
					"texture": "#1"
				},
				"east": {
					"uv": [
						12.25,
						10.125,
						12.375,
						10.375
					],
					"texture": "#1"
				},
				"south": {
					"uv": [
						12.25,
						10.375,
						12.375,
						10.625
					],
					"texture": "#1"
				},
				"west": {
					"uv": [
						10.5,
						12.25,
						10.625,
						12.5
					],
					"texture": "#1"
				},
				"up": {
					"uv": [
						9.875,
						12.5,
						9.75,
						12.375
					],
					"texture": "#1"
				},
				"down": {
					"uv": [
						12.5,
						9.75,
						12.375,
						9.875
					],
					"texture": "#1"
				}
			}
		},
		{
			"from": [
				7.883494723007283,
				19.420399306036174,
				6.806318072098694
			],
			"to": [
				8.088820038119517,
				19.991823186234818,
				7.092036885395353
			],
			"rotation": {
				"angle": 0,
				"axis": "y",
				"origin": [
					12.26060338653888,
					0.2057713092505411,
					5.679113708840287
				]
			},
			"faces": {
				"north": {
					"uv": [
						9.875,
						12.375,
						10,
						12.5
					],
					"texture": "#1"
				},
				"east": {
					"uv": [
						12.375,
						9.875,
						12.5,
						10
					],
					"texture": "#1"
				},
				"south": {
					"uv": [
						10,
						12.375,
						10.125,
						12.5
					],
					"texture": "#1"
				},
				"west": {
					"uv": [
						12.375,
						10,
						12.5,
						10.125
					],
					"texture": "#1"
				},
				"up": {
					"uv": [
						10.25,
						12.5,
						10.125,
						12.375
					],
					"texture": "#1"
				},
				"down": {
					"uv": [
						12.5,
						10.125,
						12.375,
						10.25
					],
					"texture": "#1"
				}
			}
		},
		{
			"from": [
				7.883494723007283,
				19.706108955069716,
				6.5205992588020365
			],
			"to": [
				8.088820038119517,
				20.27754199953148,
				6.806308907835579
			],
			"rotation": {
				"angle": 0,
				"axis": "y",
				"origin": [
					12.26060338653888,
					0.2057713092505411,
					5.679113708840287
				]
			},
			"faces": {
				"north": {
					"uv": [
						10.25,
						12.375,
						10.375,
						12.5
					],
					"texture": "#1"
				},
				"east": {
					"uv": [
						12.375,
						10.25,
						12.5,
						10.375
					],
					"texture": "#1"
				},
				"south": {
					"uv": [
						10.375,
						12.375,
						10.5,
						12.5
					],
					"texture": "#1"
				},
				"west": {
					"uv": [
						12.375,
						10.375,
						12.5,
						10.5
					],
					"texture": "#1"
				},
				"up": {
					"uv": [
						12.5,
						10.625,
						12.375,
						10.5
					],
					"texture": "#1"
				},
				"down": {
					"uv": [
						12.5,
						10.625,
						12.375,
						10.75
					],
					"texture": "#1"
				}
			}
		},
		{
			"from": [
				7.883494723007283,
				19.991823186234818,
				6.234885027636936
			],
			"to": [
				8.088820038119517,
				20.848961297598564,
				6.5205992588020365
			],
			"rotation": {
				"angle": 0,
				"axis": "y",
				"origin": [
					12.26060338653888,
					0.2057713092505411,
					5.679113708840287
				]
			},
			"faces": {
				"north": {
					"uv": [
						10.625,
						12.25,
						10.75,
						12.5
					],
					"texture": "#1"
				},
				"east": {
					"uv": [
						12.25,
						10.625,
						12.375,
						10.875
					],
					"texture": "#1"
				},
				"south": {
					"uv": [
						10.75,
						12.25,
						10.875,
						12.5
					],
					"texture": "#1"
				},
				"west": {
					"uv": [
						10.875,
						12.25,
						11,
						12.5
					],
					"texture": "#1"
				},
				"up": {
					"uv": [
						12.5,
						10.875,
						12.375,
						10.75
					],
					"texture": "#1"
				},
				"down": {
					"uv": [
						12.5,
						10.875,
						12.375,
						11
					],
					"texture": "#1"
				}
			}
		},
		{
			"from": [
				8.03901226808448,
				15.134681256428111,
				5.663451983175177
			],
			"to": [
				8.03901226808448,
				17.991814403815997,
				5.949166214340277
			],
			"rotation": {
				"angle": 0,
				"axis": "y",
				"origin": [
					12.26060338653888,
					0.2057713092505411,
					5.679113708840287
				]
			},
			"faces": {
				"north": {
					"uv": [
						0,
						0,
						0,
						0.75
					],
					"texture": "#1"
				},
				"east": {
					"uv": [
						7,
						7.625,
						7.125,
						8.375
					],
					"texture": "#1"
				},
				"south": {
					"uv": [
						0,
						0,
						0,
						0.75
					],
					"texture": "#1"
				},
				"west": {
					"uv": [
						8.75,
						9.375,
						8.875,
						10.125
					],
					"texture": "#1"
				},
				"up": {
					"uv": [
						0,
						0.125,
						0,
						0
					],
					"texture": "#1"
				},
				"down": {
					"uv": [
						0,
						0,
						0,
						0.125
					],
					"texture": "#1"
				}
			}
		},
		{
			"from": [
				8.03901226808448,
				16.27753818108851,
				5.949166214340277
			],
			"to": [
				8.03901226808448,
				19.706108955069716,
				6.234885027636936
			],
			"rotation": {
				"angle": 0,
				"axis": "y",
				"origin": [
					12.26060338653888,
					0.2057713092505411,
					5.679113708840287
				]
			},
			"faces": {
				"north": {
					"uv": [
						0,
						0,
						0,
						0.875
					],
					"texture": "#1"
				},
				"east": {
					"uv": [
						8.125,
						8.375,
						8.25,
						9.25
					],
					"texture": "#1"
				},
				"south": {
					"uv": [
						0,
						0,
						0,
						0.875
					],
					"texture": "#1"
				},
				"west": {
					"uv": [
						12,
						0.375,
						12.125,
						1.25
					],
					"texture": "#1"
				},
				"up": {
					"uv": [
						0,
						0.125,
						0,
						0
					],
					"texture": "#1"
				},
				"down": {
					"uv": [
						0,
						0,
						0,
						0.125
					],
					"texture": "#1"
				}
			}
		},
		{
			"from": [
				8.03901226808448,
				18.277533217112655,
				6.5205992588020365
			],
			"to": [
				8.03901226808448,
				19.706108955069716,
				6.806318072098694
			],
			"rotation": {
				"angle": 0,
				"axis": "y",
				"origin": [
					12.26060338653888,
					0.2057713092505411,
					5.679113708840287
				]
			},
			"faces": {
				"north": {
					"uv": [
						0,
						0,
						0,
						0.375
					],
					"texture": "#1"
				},
				"east": {
					"uv": [
						11.25,
						12.125,
						11.375,
						12.5
					],
					"texture": "#1"
				},
				"south": {
					"uv": [
						0,
						0,
						0,
						0.375
					],
					"texture": "#1"
				},
				"west": {
					"uv": [
						11.375,
						12.125,
						11.5,
						12.5
					],
					"texture": "#1"
				},
				"up": {
					"uv": [
						0,
						0.125,
						0,
						0
					],
					"texture": "#1"
				},
				"down": {
					"uv": [
						0,
						0,
						0,
						0.125
					],
					"texture": "#1"
				}
			}
		},
		{
			"from": [
				8.03901226808448,
				17.420395105748913,
				6.234885027636936
			],
			"to": [
				8.03901226808448,
				19.991823186234818,
				6.52059009453892
			],
			"rotation": {
				"angle": 0,
				"axis": "y",
				"origin": [
					12.26060338653888,
					0.2057713092505411,
					5.679113708840287
				]
			},
			"faces": {
				"north": {
					"uv": [
						0,
						0,
						0,
						0.75
					],
					"texture": "#1"
				},
				"east": {
					"uv": [
						1.25,
						12,
						1.375,
						12.75
					],
					"texture": "#1"
				},
				"south": {
					"uv": [
						0,
						0,
						0,
						0.75
					],
					"texture": "#1"
				},
				"west": {
					"uv": [
						1.375,
						12,
						1.5,
						12.75
					],
					"texture": "#1"
				},
				"up": {
					"uv": [
						0,
						0.125,
						0,
						0
					],
					"texture": "#1"
				},
				"down": {
					"uv": [
						0,
						0,
						0,
						0.125
					],
					"texture": "#1"
				}
			}
		},
		{
			"from": [
				8.01254129407414,
				12.277534362645547,
				5.377733169878518
			],
			"to": [
				8.01254129407414,
				13.13467247400929,
				5.663451983175177
			],
			"rotation": {
				"angle": 0,
				"axis": "y",
				"origin": [
					12.26060338653888,
					0.2057713092505411,
					5.679113708840287
				]
			},
			"faces": {
				"north": {
					"uv": [
						0,
						0,
						0,
						0.25
					],
					"texture": "#1"
				},
				"east": {
					"uv": [
						12.25,
						10.875,
						12.375,
						11.125
					],
					"texture": "#1"
				},
				"south": {
					"uv": [
						0,
						0,
						0,
						0.25
					],
					"texture": "#1"
				},
				"west": {
					"uv": [
						12.25,
						11.125,
						12.375,
						11.375
					],
					"texture": "#1"
				},
				"up": {
					"uv": [
						0,
						0.125,
						0,
						0
					],
					"texture": "#1"
				},
				"down": {
					"uv": [
						0,
						0,
						0,
						0.125
					],
					"texture": "#1"
				}
			}
		},
		{
			"from": [
				8.01254129407414,
				12.848967407107306,
				5.092028102976533
			],
			"to": [
				8.01254129407414,
				14.277538562932808,
				5.377733169878518
			],
			"rotation": {
				"angle": 0,
				"axis": "y",
				"origin": [
					12.26060338653888,
					0.2057713092505411,
					5.679113708840287
				]
			},
			"faces": {
				"north": {
					"uv": [
						0,
						0,
						0,
						0.375
					],
					"texture": "#1"
				},
				"east": {
					"uv": [
						11.5,
						12.125,
						11.625,
						12.5
					],
					"texture": "#1"
				},
				"south": {
					"uv": [
						0,
						0,
						0,
						0.375
					],
					"texture": "#1"
				},
				"west": {
					"uv": [
						12.125,
						11.5,
						12.25,
						11.875
					],
					"texture": "#1"
				},
				"up": {
					"uv": [
						0,
						0.125,
						0,
						0
					],
					"texture": "#1"
				},
				"down": {
					"uv": [
						0,
						0,
						0,
						0.125
					],
					"texture": "#1"
				}
			}
		},
		{
			"from": [
				8.01254129407414,
				13.706105518471048,
				4.8063092896798745
			],
			"to": [
				8.01254129407414,
				18.563252030409316,
				5.092028102976533
			],
			"rotation": {
				"angle": 0,
				"axis": "y",
				"origin": [
					12.26060338653888,
					0.2057713092505411,
					5.679113708840287
				]
			},
			"faces": {
				"north": {
					"uv": [
						0,
						0,
						0,
						1.375
					],
					"texture": "#1"
				},
				"east": {
					"uv": [
						6.75,
						11.75,
						6.875,
						13.125
					],
					"texture": "#1"
				},
				"south": {
					"uv": [
						0,
						0,
						0,
						1.375
					],
					"texture": "#1"
				},
				"west": {
					"uv": [
						6.875,
						11.75,
						7,
						13.125
					],
					"texture": "#1"
				},
				"up": {
					"uv": [
						0,
						0.125,
						0,
						0
					],
					"texture": "#1"
				},
				"down": {
					"uv": [
						0,
						0,
						0,
						0.125
					],
					"texture": "#1"
				}
			}
		},
		{
			"from": [
				8.01254129407414,
				14.563257376229469,
				5.092028102976533
			],
			"to": [
				8.01254129407414,
				15.70611430088987,
				5.377733169878518
			],
			"rotation": {
				"angle": 0,
				"axis": "y",
				"origin": [
					12.26060338653888,
					0.2057713092505411,
					5.679113708840287
				]
			},
			"faces": {
				"north": {
					"uv": [
						0,
						0,
						0,
						0.25
					],
					"texture": "#1"
				},
				"east": {
					"uv": [
						12.25,
						11.375,
						12.375,
						11.625
					],
					"texture": "#1"
				},
				"south": {
					"uv": [
						0,
						0,
						0,
						0.25
					],
					"texture": "#1"
				},
				"west": {
					"uv": [
						12.25,
						11.625,
						12.375,
						11.875
					],
					"texture": "#1"
				},
				"up": {
					"uv": [
						0,
						0.125,
						0,
						0
					],
					"texture": "#1"
				},
				"down": {
					"uv": [
						0,
						0,
						0,
						0.125
					],
					"texture": "#1"
				}
			}
		},
		{
			"from": [
				8.01254129407414,
				15.991819367791855,
				5.092028102976533
			],
			"to": [
				8.01254129407414,
				20.848961297598564,
				5.377733169878518
			],
			"rotation": {
				"angle": 0,
				"axis": "y",
				"origin": [
					12.26060338653888,
					0.2057713092505411,
					5.679113708840287
				]
			},
			"faces": {
				"north": {
					"uv": [
						0,
						0,
						0,
						1.375
					],
					"texture": "#1"
				},
				"east": {
					"uv": [
						7,
						11.75,
						7.125,
						13.125
					],
					"texture": "#1"
				},
				"south": {
					"uv": [
						0,
						0,
						0,
						1.375
					],
					"texture": "#1"
				},
				"west": {
					"uv": [
						7.125,
						11.75,
						7.25,
						13.125
					],
					"texture": "#1"
				},
				"up": {
					"uv": [
						0,
						0.125,
						0,
						0
					],
					"texture": "#1"
				},
				"down": {
					"uv": [
						0,
						0,
						0,
						0.125
					],
					"texture": "#1"
				}
			}
		},
		{
			"from": [
				8.01254129407414,
				18.277533217112655,
				5.377733169878518
			],
			"to": [
				8.01254129407414,
				21.706103991093862,
				5.663451983175177
			],
			"rotation": {
				"angle": 0,
				"axis": "y",
				"origin": [
					12.26060338653888,
					0.2057713092505411,
					5.679113708840287
				]
			},
			"faces": {
				"north": {
					"uv": [
						0,
						0,
						0,
						0.875
					],
					"texture": "#1"
				},
				"east": {
					"uv": [
						1,
						12,
						1.125,
						12.875
					],
					"texture": "#1"
				},
				"south": {
					"uv": [
						0,
						0,
						0,
						0.875
					],
					"texture": "#1"
				},
				"west": {
					"uv": [
						1.125,
						12,
						1.25,
						12.875
					],
					"texture": "#1"
				},
				"up": {
					"uv": [
						0,
						0.125,
						0,
						0
					],
					"texture": "#1"
				},
				"down": {
					"uv": [
						0,
						0,
						0,
						0.125
					],
					"texture": "#1"
				}
			}
		},
		{
			"from": [
				8.01254129407414,
				20.848961297598564,
				5.663451983175177
			],
			"to": [
				8.01254129407414,
				22.277537035555625,
				5.949157050077162
			],
			"rotation": {
				"angle": 0,
				"axis": "y",
				"origin": [
					12.26060338653888,
					0.2057713092505411,
					5.679113708840287
				]
			},
			"faces": {
				"north": {
					"uv": [
						0,
						0,
						0,
						0.375
					],
					"texture": "#1"
				},
				"east": {
					"uv": [
						11.625,
						12.125,
						11.75,
						12.5
					],
					"texture": "#1"
				},
				"south": {
					"uv": [
						0,
						0,
						0,
						0.375
					],
					"texture": "#1"
				},
				"west": {
					"uv": [
						11.75,
						12.125,
						11.875,
						12.5
					],
					"texture": "#1"
				},
				"up": {
					"uv": [
						0,
						0.125,
						0,
						0
					],
					"texture": "#1"
				},
				"down": {
					"uv": [
						0,
						0,
						0,
						0.125
					],
					"texture": "#1"
				}
			}
		},
		{
			"from": [
				8.01254129407414,
				21.706103991093862,
				5.949166214340277
			],
			"to": [
				8.01254129407414,
				22.84896091575427,
				6.234885027636936
			],
			"rotation": {
				"angle": 0,
				"axis": "y",
				"origin": [
					12.26060338653888,
					0.2057713092505411,
					5.679113708840287
				]
			},
			"faces": {
				"north": {
					"uv": [
						0,
						0,
						0,
						0.25
					],
					"texture": "#1"
				},
				"east": {
					"uv": [
						12.25,
						11.875,
						12.375,
						12.125
					],
					"texture": "#1"
				},
				"south": {
					"uv": [
						0,
						0,
						0,
						0.25
					],
					"texture": "#1"
				},
				"west": {
					"uv": [
						12.125,
						12.25,
						12.25,
						12.5
					],
					"texture": "#1"
				},
				"up": {
					"uv": [
						0,
						0.125,
						0,
						0
					],
					"texture": "#1"
				},
				"down": {
					"uv": [
						0,
						0,
						0,
						0.125
					],
					"texture": "#1"
				}
			}
		},
		{
			"from": [
				8.01254129407414,
				22.563255848852283,
				6.234885027636936
			],
			"to": [
				8.01254129407414,
				23.134675146919363,
				6.806308907835579
			],
			"rotation": {
				"angle": 0,
				"axis": "y",
				"origin": [
					12.26060338653888,
					0.2057713092505411,
					5.679113708840287
				]
			},
			"faces": {
				"north": {
					"uv": [
						0,
						0,
						0,
						0.125
					],
					"texture": "#1"
				},
				"east": {
					"uv": [
						12.375,
						11,
						12.5,
						11.125
					],
					"texture": "#1"
				},
				"south": {
					"uv": [
						0,
						0,
						0,
						0.125
					],
					"texture": "#1"
				},
				"west": {
					"uv": [
						12.375,
						11.125,
						12.5,
						11.25
					],
					"texture": "#1"
				},
				"up": {
					"uv": [
						0,
						0.125,
						0,
						0
					],
					"texture": "#1"
				},
				"down": {
					"uv": [
						0,
						0,
						0,
						0.125
					],
					"texture": "#1"
				}
			}
		},
		{
			"from": [
				8.01254129407414,
				22.277537035555625,
				6.234885027636936
			],
			"to": [
				8.01254129407414,
				22.563255848852283,
				6.5205992588020365
			],
			"rotation": {
				"angle": 0,
				"axis": "y",
				"origin": [
					12.26060338653888,
					0.2057713092505411,
					5.679113708840287
				]
			},
			"faces": {
				"north": {
					"uv": [
						0,
						0,
						0,
						0.125
					],
					"texture": "#1"
				},
				"east": {
					"uv": [
						12.375,
						11.25,
						12.5,
						11.375
					],
					"texture": "#1"
				},
				"south": {
					"uv": [
						0,
						0,
						0,
						0.125
					],
					"texture": "#1"
				},
				"west": {
					"uv": [
						12.375,
						11.375,
						12.5,
						11.5
					],
					"texture": "#1"
				},
				"up": {
					"uv": [
						0,
						0.125,
						0,
						0
					],
					"texture": "#1"
				},
				"down": {
					"uv": [
						0,
						0,
						0,
						0.125
					],
					"texture": "#1"
				}
			}
		},
		{
			"from": [
				8.01254129407414,
				23.134675146919363,
				6.5205992588020365
			],
			"to": [
				8.01254129407414,
				23.420393960216025,
				7.092023139000679
			],
			"rotation": {
				"angle": 0,
				"axis": "y",
				"origin": [
					12.26060338653888,
					0.2057713092505411,
					5.679113708840287
				]
			},
			"faces": {
				"north": {
					"uv": [
						0,
						0,
						0,
						0.125
					],
					"texture": "#1"
				},
				"east": {
					"uv": [
						12.375,
						11.5,
						12.5,
						11.625
					],
					"texture": "#1"
				},
				"south": {
					"uv": [
						0,
						0,
						0,
						0.125
					],
					"texture": "#1"
				},
				"west": {
					"uv": [
						12.375,
						11.625,
						12.5,
						11.75
					],
					"texture": "#1"
				},
				"up": {
					"uv": [
						0,
						0.125,
						0,
						0
					],
					"texture": "#1"
				},
				"down": {
					"uv": [
						0,
						0,
						0,
						0.125
					],
					"texture": "#1"
				}
			}
		},
		{
			"from": [
				8.01254129407414,
				23.420393960216025,
				6.806308907835579
			],
			"to": [
				8.01254129407414,
				23.706099027118007,
				7.663447019199322
			],
			"rotation": {
				"angle": 0,
				"axis": "y",
				"origin": [
					12.26060338653888,
					0.2057713092505411,
					5.679113708840287
				]
			},
			"faces": {
				"north": {
					"uv": [
						0,
						0,
						0,
						0.125
					],
					"texture": "#1"
				},
				"east": {
					"uv": [
						8.125,
						4.875,
						8.375,
						5
					],
					"texture": "#1"
				},
				"south": {
					"uv": [
						0,
						0,
						0,
						0.125
					],
					"texture": "#1"
				},
				"west": {
					"uv": [
						8.875,
						4.75,
						9.125,
						4.875
					],
					"texture": "#1"
				},
				"up": {
					"uv": [
						0,
						0.25,
						0,
						0
					],
					"texture": "#1"
				},
				"down": {
					"uv": [
						0,
						0,
						0,
						0.25
					],
					"texture": "#1"
				}
			}
		},
		{
			"from": [
				8.01254129407414,
				23.706099027118007,
				7.092023139000679
			],
			"to": [
				8.01254129407414,
				23.99181784041467,
				8.23488006366108
			],
			"rotation": {
				"angle": 0,
				"axis": "y",
				"origin": [
					12.26060338653888,
					0.2057713092505411,
					5.679113708840287
				]
			},
			"faces": {
				"north": {
					"uv": [
						0,
						0,
						0,
						0.125
					],
					"texture": "#1"
				},
				"east": {
					"uv": [
						9.125,
						4.75,
						9.375,
						4.875
					],
					"texture": "#1"
				},
				"south": {
					"uv": [
						0,
						0,
						0,
						0.125
					],
					"texture": "#1"
				},
				"west": {
					"uv": [
						9.5,
						6.5,
						9.75,
						6.625
					],
					"texture": "#1"
				},
				"up": {
					"uv": [
						0,
						0.25,
						0,
						0
					],
					"texture": "#1"
				},
				"down": {
					"uv": [
						0,
						0,
						0,
						0.25
					],
					"texture": "#1"
				}
			}
		},
		{
			"from": [
				8.01254129407414,
				23.99181784041467,
				7.663447019199322
			],
			"to": [
				8.01254129407414,
				24.277532071579767,
				9.092022757156382
			],
			"rotation": {
				"angle": 0,
				"axis": "y",
				"origin": [
					12.26060338653888,
					0.2057713092505411,
					5.679113708840287
				]
			},
			"faces": {
				"north": {
					"uv": [
						0,
						0,
						0,
						0.125
					],
					"texture": "#1"
				},
				"east": {
					"uv": [
						7.75,
						4.875,
						8.125,
						5
					],
					"texture": "#1"
				},
				"south": {
					"uv": [
						0,
						0,
						0,
						0.125
					],
					"texture": "#1"
				},
				"west": {
					"uv": [
						8.375,
						6.625,
						8.75,
						6.75
					],
					"texture": "#1"
				},
				"up": {
					"uv": [
						0,
						0.375,
						0,
						0
					],
					"texture": "#1"
				},
				"down": {
					"uv": [
						0,
						0,
						0,
						0.375
					],
					"texture": "#1"
				}
			}
		},
		{
			"from": [
				7.815486726424026,
				13.13467247400929,
				5.377733169878518
			],
			"to": [
				8.174066013623822,
				18.563252030409316,
				5.663451983175177
			],
			"rotation": {
				"angle": 0,
				"axis": "y",
				"origin": [
					12.26060338653888,
					0.2057713092505411,
					5.679113708840287
				]
			},
			"faces": {
				"north": {
					"uv": [
						8.75,
						11.625,
						8.875,
						13.125
					],
					"texture": "#1"
				},
				"east": {
					"uv": [
						8.875,
						11.625,
						9,
						13.125
					],
					"texture": "#1"
				},
				"south": {
					"uv": [
						9,
						11.625,
						9.125,
						13.125
					],
					"texture": "#1"
				},
				"west": {
					"uv": [
						11,
						11.625,
						11.125,
						13.125
					],
					"texture": "#1"
				},
				"up": {
					"uv": [
						12.5,
						11.875,
						12.375,
						11.75
					],
					"texture": "#1"
				},
				"down": {
					"uv": [
						12.5,
						11.875,
						12.375,
						12
					],
					"texture": "#1"
				}
			}
		},
		{
			"from": [
				7.815486726424026,
				14.277538562932808,
				5.092028102976533
			],
			"to": [
				8.174066013623822,
				14.563257376229469,
				5.377733169878518
			],
			"rotation": {
				"angle": 0,
				"axis": "y",
				"origin": [
					12.26060338653888,
					0.2057713092505411,
					5.679113708840287
				]
			},
			"faces": {
				"north": {
					"uv": [
						12,
						12.375,
						12.125,
						12.5
					],
					"texture": "#1"
				},
				"east": {
					"uv": [
						12.375,
						12,
						12.5,
						12.125
					],
					"texture": "#1"
				},
				"south": {
					"uv": [
						12.375,
						12.125,
						12.5,
						12.25
					],
					"texture": "#1"
				},
				"west": {
					"uv": [
						12.25,
						12.375,
						12.375,
						12.5
					],
					"texture": "#1"
				},
				"up": {
					"uv": [
						12.5,
						12.375,
						12.375,
						12.25
					],
					"texture": "#1"
				},
				"down": {
					"uv": [
						12.5,
						12.375,
						12.375,
						12.5
					],
					"texture": "#1"
				}
			}
		},
		{
			"from": [
				7.815486726424026,
				15.706100554495196,
				5.092028102976533
			],
			"to": [
				8.174066013623822,
				15.991819367791855,
				5.377733169878518
			],
			"rotation": {
				"angle": 0,
				"axis": "y",
				"origin": [
					12.26060338653888,
					0.2057713092505411,
					5.679113708840287
				]
			},
			"faces": {
				"north": {
					"uv": [
						12.5,
						0,
						12.625,
						0.125
					],
					"texture": "#1"
				},
				"east": {
					"uv": [
						12.5,
						0.125,
						12.625,
						0.25
					],
					"texture": "#1"
				},
				"south": {
					"uv": [
						12.5,
						0.25,
						12.625,
						0.375
					],
					"texture": "#1"
				},
				"west": {
					"uv": [
						12.5,
						0.375,
						12.625,
						0.5
					],
					"texture": "#1"
				},
				"up": {
					"uv": [
						12.625,
						0.625,
						12.5,
						0.5
					],
					"texture": "#1"
				},
				"down": {
					"uv": [
						12.625,
						0.625,
						12.5,
						0.75
					],
					"texture": "#1"
				}
			}
		},
		{
			"from": [
				7.815486726424026,
				17.991814403815997,
				5.663451983175177
			],
			"to": [
				8.174066013623822,
				20.848961297598564,
				5.949166214340277
			],
			"rotation": {
				"angle": 0,
				"axis": "y",
				"origin": [
					12.26060338653888,
					0.2057713092505411,
					5.679113708840287
				]
			},
			"faces": {
				"north": {
					"uv": [
						2.25,
						12,
						2.375,
						12.75
					],
					"texture": "#1"
				},
				"east": {
					"uv": [
						2.375,
						12,
						2.5,
						12.75
					],
					"texture": "#1"
				},
				"south": {
					"uv": [
						12,
						2.375,
						12.125,
						3.125
					],
					"texture": "#1"
				},
				"west": {
					"uv": [
						2.5,
						12,
						2.625,
						12.75
					],
					"texture": "#1"
				},
				"up": {
					"uv": [
						1.625,
						12.625,
						1.5,
						12.5
					],
					"texture": "#1"
				},
				"down": {
					"uv": [
						1.75,
						12.5,
						1.625,
						12.625
					],
					"texture": "#1"
				}
			}
		},
		{
			"from": [
				7.815486726424026,
				19.706108955069716,
				5.949166214340277
			],
			"to": [
				8.174066013623822,
				21.70611315535698,
				6.234875863373819
			],
			"rotation": {
				"angle": 0,
				"axis": "y",
				"origin": [
					12.26060338653888,
					0.2057713092505411,
					5.679113708840287
				]
			},
			"faces": {
				"north": {
					"uv": [
						4.875,
						7.125,
						5,
						7.625
					],
					"texture": "#1"
				},
				"east": {
					"uv": [
						5.5,
						12,
						5.625,
						12.5
					],
					"texture": "#1"
				},
				"south": {
					"uv": [
						8.375,
						12,
						8.5,
						12.5
					],
					"texture": "#1"
				},
				"west": {
					"uv": [
						9.125,
						12,
						9.25,
						12.5
					],
					"texture": "#1"
				},
				"up": {
					"uv": [
						1.875,
						12.625,
						1.75,
						12.5
					],
					"texture": "#1"
				},
				"down": {
					"uv": [
						12.625,
						2.125,
						12.5,
						2.25
					],
					"texture": "#1"
				}
			}
		},
		{
			"from": [
				7.815486726424026,
				20.848961297598564,
				6.234885027636936
			],
			"to": [
				8.174066013623822,
				22.277537035555625,
				6.5205992588020365
			],
			"rotation": {
				"angle": 0,
				"axis": "y",
				"origin": [
					12.26060338653888,
					0.2057713092505411,
					5.679113708840287
				]
			},
			"faces": {
				"north": {
					"uv": [
						12.125,
						11.875,
						12.25,
						12.25
					],
					"texture": "#1"
				},
				"east": {
					"uv": [
						12.25,
						0,
						12.375,
						0.375
					],
					"texture": "#1"
				},
				"south": {
					"uv": [
						12.25,
						1.125,
						12.375,
						1.5
					],
					"texture": "#1"
				},
				"west": {
					"uv": [
						12.25,
						1.5,
						12.375,
						1.875
					],
					"texture": "#1"
				},
				"up": {
					"uv": [
						12.625,
						2.375,
						12.5,
						2.25
					],
					"texture": "#1"
				},
				"down": {
					"uv": [
						12.625,
						2.375,
						12.5,
						2.5
					],
					"texture": "#1"
				}
			}
		},
		{
			"from": [
				7.815486726424026,
				21.991818222258964,
				6.5205992588020365
			],
			"to": [
				8.174066013623822,
				22.563255848852283,
				7.092023139000679
			],
			"rotation": {
				"angle": 0,
				"axis": "y",
				"origin": [
					12.26060338653888,
					0.2057713092505411,
					5.679113708840287
				]
			},
			"faces": {
				"north": {
					"uv": [
						12.5,
						2.5,
						12.625,
						2.625
					],
					"texture": "#1"
				},
				"east": {
					"uv": [
						2.625,
						12.5,
						2.75,
						12.625
					],
					"texture": "#1"
				},
				"south": {
					"uv": [
						2.75,
						12.5,
						2.875,
						12.625
					],
					"texture": "#1"
				},
				"west": {
					"uv": [
						12.5,
						2.75,
						12.625,
						2.875
					],
					"texture": "#1"
				},
				"up": {
					"uv": [
						12.625,
						3,
						12.5,
						2.875
					],
					"texture": "#1"
				},
				"down": {
					"uv": [
						12.625,
						3,
						12.5,
						3.125
					],
					"texture": "#1"
				}
			}
		},
		{
			"from": [
				7.815486726424026,
				21.706103991093862,
				6.5205992588020365
			],
			"to": [
				8.174066013623822,
				21.991809057995848,
				6.806318072098694
			],
			"rotation": {
				"angle": 0,
				"axis": "y",
				"origin": [
					12.26060338653888,
					0.2057713092505411,
					5.679113708840287
				]
			},
			"faces": {
				"north": {
					"uv": [
						12.5,
						3.125,
						12.625,
						3.25
					],
					"texture": "#1"
				},
				"east": {
					"uv": [
						12.5,
						3.25,
						12.625,
						3.375
					],
					"texture": "#1"
				},
				"south": {
					"uv": [
						12.5,
						3.375,
						12.625,
						3.5
					],
					"texture": "#1"
				},
				"west": {
					"uv": [
						12.5,
						3.5,
						12.625,
						3.625
					],
					"texture": "#1"
				},
				"up": {
					"uv": [
						12.625,
						3.75,
						12.5,
						3.625
					],
					"texture": "#1"
				},
				"down": {
					"uv": [
						12.625,
						3.75,
						12.5,
						3.875
					],
					"texture": "#1"
				}
			}
		},
		{
			"from": [
				7.815486726424026,
				22.84896091575427,
				6.806318072098694
			],
			"to": [
				8.174066013623822,
				23.134675146919363,
				7.663456183462438
			],
			"rotation": {
				"angle": 0,
				"axis": "y",
				"origin": [
					12.26060338653888,
					0.2057713092505411,
					5.679113708840287
				]
			},
			"faces": {
				"north": {
					"uv": [
						12.5,
						3.875,
						12.625,
						4
					],
					"texture": "#1"
				},
				"east": {
					"uv": [
						9.875,
						8.75,
						10.125,
						8.875
					],
					"texture": "#1"
				},
				"south": {
					"uv": [
						12.5,
						4,
						12.625,
						4.125
					],
					"texture": "#1"
				},
				"west": {
					"uv": [
						10,
						1.625,
						10.25,
						1.75
					],
					"texture": "#1"
				},
				"up": {
					"uv": [
						12.375,
						12.375,
						12.25,
						12.125
					],
					"texture": "#1"
				},
				"down": {
					"uv": [
						12.5,
						0,
						12.375,
						0.25
					],
					"texture": "#1"
				}
			}
		},
		{
			"from": [
				7.815486726424026,
				22.563255848852283,
				6.806318072098694
			],
			"to": [
				8.174066013623822,
				22.84896091575427,
				7.377741952297337
			],
			"rotation": {
				"angle": 0,
				"axis": "y",
				"origin": [
					12.26060338653888,
					0.2057713092505411,
					5.679113708840287
				]
			},
			"faces": {
				"north": {
					"uv": [
						12.5,
						4.125,
						12.625,
						4.25
					],
					"texture": "#1"
				},
				"east": {
					"uv": [
						4.375,
						12.5,
						4.5,
						12.625
					],
					"texture": "#1"
				},
				"south": {
					"uv": [
						4.5,
						12.5,
						4.625,
						12.625
					],
					"texture": "#1"
				},
				"west": {
					"uv": [
						12.5,
						4.5,
						12.625,
						4.625
					],
					"texture": "#1"
				},
				"up": {
					"uv": [
						4.75,
						12.625,
						4.625,
						12.5
					],
					"texture": "#1"
				},
				"down": {
					"uv": [
						12.625,
						4.625,
						12.5,
						4.75
					],
					"texture": "#1"
				}
			}
		},
		{
			"from": [
				7.815486726424026,
				23.134675146919363,
				7.092023139000679
			],
			"to": [
				8.174066013623822,
				23.420393960216025,
				7.94916583249598
			],
			"rotation": {
				"angle": 0,
				"axis": "y",
				"origin": [
					12.26060338653888,
					0.2057713092505411,
					5.679113708840287
				]
			},
			"faces": {
				"north": {
					"uv": [
						12.5,
						4.75,
						12.625,
						4.875
					],
					"texture": "#1"
				},
				"east": {
					"uv": [
						10.125,
						8.75,
						10.375,
						8.875
					],
					"texture": "#1"
				},
				"south": {
					"uv": [
						12.5,
						4.875,
						12.625,
						5
					],
					"texture": "#1"
				},
				"west": {
					"uv": [
						10.375,
						8.75,
						10.625,
						8.875
					],
					"texture": "#1"
				},
				"up": {
					"uv": [
						0.375,
						12.625,
						0.25,
						12.375
					],
					"texture": "#1"
				},
				"down": {
					"uv": [
						12.5,
						0.25,
						12.375,
						0.5
					],
					"texture": "#1"
				}
			}
		},
		{
			"from": [
				7.815486726424026,
				23.420393960216025,
				7.663456183462438
			],
			"to": [
				8.174066013623822,
				23.706099027118007,
				8.23488006366108
			],
			"rotation": {
				"angle": 0,
				"axis": "y",
				"origin": [
					12.26060338653888,
					0.2057713092505411,
					5.679113708840287
				]
			},
			"faces": {
				"north": {
					"uv": [
						12.5,
						5,
						12.625,
						5.125
					],
					"texture": "#1"
				},
				"east": {
					"uv": [
						12.5,
						5.125,
						12.625,
						5.25
					],
					"texture": "#1"
				},
				"south": {
					"uv": [
						5.5,
						12.5,
						5.625,
						12.625
					],
					"texture": "#1"
				},
				"west": {
					"uv": [
						5.625,
						12.5,
						5.75,
						12.625
					],
					"texture": "#1"
				},
				"up": {
					"uv": [
						12.625,
						5.75,
						12.5,
						5.625
					],
					"texture": "#1"
				},
				"down": {
					"uv": [
						5.875,
						12.5,
						5.75,
						12.625
					],
					"texture": "#1"
				}
			}
		},
		{
			"from": [
				7.815486726424026,
				23.706099027118007,
				8.23488006366108
			],
			"to": [
				8.174066013623822,
				23.99181784041467,
				8.52059887695774
			],
			"rotation": {
				"angle": 0,
				"axis": "y",
				"origin": [
					12.26060338653888,
					0.2057713092505411,
					5.679113708840287
				]
			},
			"faces": {
				"north": {
					"uv": [
						12.5,
						5.75,
						12.625,
						5.875
					],
					"texture": "#1"
				},
				"east": {
					"uv": [
						12.5,
						5.875,
						12.625,
						6
					],
					"texture": "#1"
				},
				"south": {
					"uv": [
						12.5,
						6,
						12.625,
						6.125
					],
					"texture": "#1"
				},
				"west": {
					"uv": [
						12.5,
						6.375,
						12.625,
						6.5
					],
					"texture": "#1"
				},
				"up": {
					"uv": [
						6.625,
						12.625,
						6.5,
						12.5
					],
					"texture": "#1"
				},
				"down": {
					"uv": [
						12.625,
						6.5,
						12.5,
						6.625
					],
					"texture": "#1"
				}
			}
		},
		{
			"from": [
				7.627133626602481,
				19.991823186234818,
				8.856670733944831
			],
			"to": [
				8.357901131729218,
				21.13468011089522,
				9.428094614143475
			],
			"rotation": {
				"angle": 0,
				"axis": "y",
				"origin": [
					12.26060338653888,
					0.2057713092505411,
					5.679113708840287
				]
			},
			"faces": {
				"north": {
					"uv": [
						12,
						1.625,
						12.25,
						1.875
					],
					"texture": "#1"
				},
				"east": {
					"uv": [
						0.375,
						12.375,
						0.5,
						12.625
					],
					"texture": "#1"
				},
				"south": {
					"uv": [
						9.25,
						12,
						9.5,
						12.25
					],
					"texture": "#1"
				},
				"west": {
					"uv": [
						0.5,
						12.375,
						0.625,
						12.625
					],
					"texture": "#1"
				},
				"up": {
					"uv": [
						11.625,
						4.5,
						11.375,
						4.375
					],
					"texture": "#1"
				},
				"down": {
					"uv": [
						12,
						1.125,
						11.75,
						1.25
					],
					"texture": "#1"
				}
			}
		},
		{
			"from": [
				7.627133626602481,
				19.706108955069716,
				9.428094614143475
			],
			"to": [
				8.357901131729218,
				20.848961297598564,
				9.713808845308575
			],
			"rotation": {
				"angle": 0,
				"axis": "y",
				"origin": [
					12.26060338653888,
					0.2057713092505411,
					5.679113708840287
				]
			},
			"faces": {
				"north": {
					"uv": [
						10.5,
						12,
						10.75,
						12.25
					],
					"texture": "#1"
				},
				"east": {
					"uv": [
						12.375,
						0.5,
						12.5,
						0.75
					],
					"texture": "#1"
				},
				"south": {
					"uv": [
						10.75,
						12,
						11,
						12.25
					],
					"texture": "#1"
				},
				"west": {
					"uv": [
						0.625,
						12.375,
						0.75,
						12.625
					],
					"texture": "#1"
				},
				"up": {
					"uv": [
						12.125,
						5.875,
						11.875,
						5.75
					],
					"texture": "#1"
				},
				"down": {
					"uv": [
						12.25,
						3.5,
						12,
						3.625
					],
					"texture": "#1"
				}
			}
		},
		{
			"from": [
				7.627133626602481,
				18.563252030409316,
				9.142384965109933
			],
			"to": [
				8.357901131729218,
				19.991823186234818,
				9.428094614143475
			],
			"rotation": {
				"angle": 0,
				"axis": "y",
				"origin": [
					12.26060338653888,
					0.2057713092505411,
					5.679113708840287
				]
			},
			"faces": {
				"north": {
					"uv": [
						6.375,
						9.875,
						6.625,
						10.25
					],
					"texture": "#1"
				},
				"east": {
					"uv": [
						12.25,
						2.375,
						12.375,
						2.75
					],
					"texture": "#1"
				},
				"south": {
					"uv": [
						12,
						1.25,
						12.25,
						1.625
					],
					"texture": "#1"
				},
				"west": {
					"uv": [
						12.25,
						2.75,
						12.375,
						3.125
					],
					"texture": "#1"
				},
				"up": {
					"uv": [
						12.625,
						0.875,
						12.375,
						0.75
					],
					"texture": "#1"
				},
				"down": {
					"uv": [
						12.625,
						0.875,
						12.375,
						1
					],
					"texture": "#1"
				}
			}
		},
		{
			"from": [
				7.627133626602481,
				20.27754199953148,
				8.570951920648174
			],
			"to": [
				8.357901131729218,
				20.848961297598564,
				8.856670733944831
			],
			"rotation": {
				"angle": 0,
				"axis": "y",
				"origin": [
					12.26060338653888,
					0.2057713092505411,
					5.679113708840287
				]
			},
			"faces": {
				"north": {
					"uv": [
						12.375,
						1,
						12.625,
						1.125
					],
					"texture": "#1"
				},
				"east": {
					"uv": [
						6.625,
						12.5,
						6.75,
						12.625
					],
					"texture": "#1"
				},
				"south": {
					"uv": [
						12.375,
						1.125,
						12.625,
						1.25
					],
					"texture": "#1"
				},
				"west": {
					"uv": [
						7.75,
						12.5,
						7.875,
						12.625
					],
					"texture": "#1"
				},
				"up": {
					"uv": [
						12.625,
						1.375,
						12.375,
						1.25
					],
					"texture": "#1"
				},
				"down": {
					"uv": [
						12.625,
						1.375,
						12.375,
						1.5
					],
					"texture": "#1"
				}
			}
		},
		{
			"from": [
				7.627133626602481,
				19.420399306036174,
				9.713808845308575
			],
			"to": [
				8.357901131729218,
				19.991823186234818,
				9.999527658605233
			],
			"rotation": {
				"angle": 0,
				"axis": "y",
				"origin": [
					12.26060338653888,
					0.2057713092505411,
					5.679113708840287
				]
			},
			"faces": {
				"north": {
					"uv": [
						1.5,
						12.375,
						1.75,
						12.5
					],
					"texture": "#1"
				},
				"east": {
					"uv": [
						7.875,
						12.5,
						8,
						12.625
					],
					"texture": "#1"
				},
				"south": {
					"uv": [
						12.375,
						1.5,
						12.625,
						1.625
					],
					"texture": "#1"
				},
				"west": {
					"uv": [
						8.125,
						12.5,
						8.25,
						12.625
					],
					"texture": "#1"
				},
				"up": {
					"uv": [
						12.625,
						1.75,
						12.375,
						1.625
					],
					"texture": "#1"
				},
				"down": {
					"uv": [
						12.625,
						1.75,
						12.375,
						1.875
					],
					"texture": "#1"
				}
			}
		},
		{
			"from": [
				7.627133626602481,
				17.991814403815997,
				9.999527658605233
			],
			"to": [
				8.357901131729218,
				19.706108955069716,
				10.285232725507218
			],
			"rotation": {
				"angle": 0,
				"axis": "y",
				"origin": [
					12.26060338653888,
					0.2057713092505411,
					5.679113708840287
				]
			},
			"faces": {
				"north": {
					"uv": [
						11.875,
						9.625,
						12.125,
						10.125
					],
					"texture": "#1"
				},
				"east": {
					"uv": [
						12,
						10.875,
						12.125,
						11.375
					],
					"texture": "#1"
				},
				"south": {
					"uv": [
						11.875,
						10.125,
						12.125,
						10.625
					],
					"texture": "#1"
				},
				"west": {
					"uv": [
						12,
						11.375,
						12.125,
						11.875
					],
					"texture": "#1"
				},
				"up": {
					"uv": [
						12.625,
						2,
						12.375,
						1.875
					],
					"texture": "#1"
				},
				"down": {
					"uv": [
						12.625,
						2,
						12.375,
						2.125
					],
					"texture": "#1"
				}
			}
		},
		{
			"from": [
				7.870215705752312,
				17.991814403815997,
				9.428094614143475
			],
			"to": [
				8.119332452163977,
				19.706108955069716,
				9.713808845308575
			],
			"rotation": {
				"angle": 0,
				"axis": "y",
				"origin": [
					12.26060338653888,
					0.2057713092505411,
					5.679113708840287
				]
			},
			"faces": {
				"north": {
					"uv": [
						11.875,
						12,
						12,
						12.5
					],
					"texture": "#1"
				},
				"east": {
					"uv": [
						12,
						11.875,
						12.125,
						12.375
					],
					"texture": "#1"
				},
				"south": {
					"uv": [
						0,
						12.125,
						0.125,
						12.625
					],
					"texture": "#1"
				},
				"west": {
					"uv": [
						0.125,
						12.125,
						0.25,
						12.625
					],
					"texture": "#1"
				},
				"up": {
					"uv": [
						8.375,
						12.625,
						8.25,
						12.5
					],
					"texture": "#1"
				},
				"down": {
					"uv": [
						8.5,
						12.5,
						8.375,
						12.625
					],
					"texture": "#1"
				}
			}
		},
		{
			"from": [
				7.627133626602481,
				17.134676292452255,
				9.428094614143475
			],
			"to": [
				8.357901131729218,
				17.991814403815997,
				9.713808845308575
			],
			"rotation": {
				"angle": 0,
				"axis": "y",
				"origin": [
					12.26060338653888,
					0.2057713092505411,
					5.679113708840287
				]
			},
			"faces": {
				"north": {
					"uv": [
						0.25,
						12.125,
						0.5,
						12.375
					],
					"texture": "#1"
				},
				"east": {
					"uv": [
						12.375,
						2.125,
						12.5,
						2.375
					],
					"texture": "#1"
				},
				"south": {
					"uv": [
						12.125,
						0.375,
						12.375,
						0.625
					],
					"texture": "#1"
				},
				"west": {
					"uv": [
						12.375,
						2.375,
						12.5,
						2.625
					],
					"texture": "#1"
				},
				"up": {
					"uv": [
						2.875,
						12.5,
						2.625,
						12.375
					],
					"texture": "#1"
				},
				"down": {
					"uv": [
						12.625,
						2.625,
						12.375,
						2.75
					],
					"texture": "#1"
				}
			}
		},
		{
			"from": [
				7.870215705752312,
				18.563252030409316,
				9.713808845308575
			],
			"to": [
				8.119332452163977,
				19.42039014177306,
				9.999527658605233
			],
			"rotation": {
				"angle": 0,
				"axis": "y",
				"origin": [
					12.26060338653888,
					0.2057713092505411,
					5.679113708840287
				]
			},
			"faces": {
				"north": {
					"uv": [
						12.375,
						2.75,
						12.5,
						3
					],
					"texture": "#1"
				},
				"east": {
					"uv": [
						12.375,
						3,
						12.5,
						3.25
					],
					"texture": "#1"
				},
				"south": {
					"uv": [
						12.375,
						3.25,
						12.5,
						3.5
					],
					"texture": "#1"
				},
				"west": {
					"uv": [
						12.375,
						3.5,
						12.5,
						3.75
					],
					"texture": "#1"
				},
				"up": {
					"uv": [
						8.625,
						12.625,
						8.5,
						12.5
					],
					"texture": "#1"
				},
				"down": {
					"uv": [
						8.75,
						12.5,
						8.625,
						12.625
					],
					"texture": "#1"
				}
			}
		},
		{
			"from": [
				7.627133626602481,
				17.70610933691401,
				9.713808845308575
			],
			"to": [
				8.357901131729218,
				18.563252030409316,
				9.999527658605233
			],
			"rotation": {
				"angle": 0,
				"axis": "y",
				"origin": [
					12.26060338653888,
					0.2057713092505411,
					5.679113708840287
				]
			},
			"faces": {
				"north": {
					"uv": [
						0.5,
						12.125,
						0.75,
						12.375
					],
					"texture": "#1"
				},
				"east": {
					"uv": [
						12.375,
						3.75,
						12.5,
						4
					],
					"texture": "#1"
				},
				"south": {
					"uv": [
						12.125,
						0.625,
						12.375,
						0.875
					],
					"texture": "#1"
				},
				"west": {
					"uv": [
						12.375,
						4,
						12.5,
						4.25
					],
					"texture": "#1"
				},
				"up": {
					"uv": [
						12.625,
						4.375,
						12.375,
						4.25
					],
					"texture": "#1"
				},
				"down": {
					"uv": [
						12.625,
						4.375,
						12.375,
						4.5
					],
					"texture": "#1"
				}
			}
		},
		{
			"from": [
				7.870215705752312,
				17.420395105748913,
				9.142384965109933
			],
			"to": [
				8.119332452163977,
				18.563252030409316,
				9.428094614143475
			],
			"rotation": {
				"angle": 0,
				"axis": "y",
				"origin": [
					12.26060338653888,
					0.2057713092505411,
					5.679113708840287
				]
			},
			"faces": {
				"north": {
					"uv": [
						12.375,
						4.5,
						12.5,
						4.75
					],
					"texture": "#1"
				},
				"east": {
					"uv": [
						12.375,
						4.75,
						12.5,
						5
					],
					"texture": "#1"
				},
				"south": {
					"uv": [
						12.375,
						5,
						12.5,
						5.25
					],
					"texture": "#1"
				},
				"west": {
					"uv": [
						5.25,
						12.375,
						5.375,
						12.625
					],
					"texture": "#1"
				},
				"up": {
					"uv": [
						12.625,
						9.125,
						12.5,
						9
					],
					"texture": "#1"
				},
				"down": {
					"uv": [
						9.25,
						12.5,
						9.125,
						12.625
					],
					"texture": "#1"
				}
			}
		},
		{
			"from": [
				7.627133626602481,
				17.70610933691401,
				8.856670733944831
			],
			"to": [
				8.357901131729218,
				19.134685074871076,
				9.142384965109933
			],
			"rotation": {
				"angle": 0,
				"axis": "y",
				"origin": [
					12.26060338653888,
					0.2057713092505411,
					5.679113708840287
				]
			},
			"faces": {
				"north": {
					"uv": [
						2.625,
						12,
						2.875,
						12.375
					],
					"texture": "#1"
				},
				"east": {
					"uv": [
						12.25,
						3.125,
						12.375,
						3.5
					],
					"texture": "#1"
				},
				"south": {
					"uv": [
						12,
						3.125,
						12.25,
						3.5
					],
					"texture": "#1"
				},
				"west": {
					"uv": [
						12.25,
						3.5,
						12.375,
						3.875
					],
					"texture": "#1"
				},
				"up": {
					"uv": [
						12.625,
						5.375,
						12.375,
						5.25
					],
					"texture": "#1"
				},
				"down": {
					"uv": [
						12.625,
						5.375,
						12.375,
						5.5
					],
					"texture": "#1"
				}
			}
		},
		{
			"from": [
				7.627133626602481,
				14.277538562932808,
				8.570951920648174
			],
			"to": [
				8.357901131729218,
				18.277542381375774,
				8.856670733944831
			],
			"rotation": {
				"angle": 0,
				"axis": "y",
				"origin": [
					12.26060338653888,
					0.2057713092505411,
					5.679113708840287
				]
			},
			"faces": {
				"north": {
					"uv": [
						11.375,
						7.75,
						11.625,
						8.875
					],
					"texture": "#1"
				},
				"east": {
					"uv": [
						10.25,
						3,
						10.375,
						4.125
					],
					"texture": "#1"
				},
				"south": {
					"uv": [
						0.75,
						11.5,
						1,
						12.625
					],
					"texture": "#1"
				},
				"west": {
					"uv": [
						11.875,
						10.875,
						12,
						12
					],
					"texture": "#1"
				},
				"up": {
					"uv": [
						12.625,
						5.625,
						12.375,
						5.5
					],
					"texture": "#1"
				},
				"down": {
					"uv": [
						5.875,
						12.375,
						5.625,
						12.5
					],
					"texture": "#1"
				}
			}
		},
		{
			"from": [
				7.870215705752312,
				16.848971225550272,
				8.856670733944831
			],
			"to": [
				8.119332452163977,
				17.70610933691401,
				9.142384965109933
			],
			"rotation": {
				"angle": 0,
				"axis": "y",
				"origin": [
					12.26060338653888,
					0.2057713092505411,
					5.679113708840287
				]
			},
			"faces": {
				"north": {
					"uv": [
						5.375,
						12.375,
						5.5,
						12.625
					],
					"texture": "#1"
				},
				"east": {
					"uv": [
						12.375,
						5.625,
						12.5,
						5.875
					],
					"texture": "#1"
				},
				"south": {
					"uv": [
						5.875,
						12.375,
						6,
						12.625
					],
					"texture": "#1"
				},
				"west": {
					"uv": [
						12.375,
						5.875,
						12.5,
						6.125
					],
					"texture": "#1"
				},
				"up": {
					"uv": [
						12.625,
						9.25,
						12.5,
						9.125
					],
					"texture": "#1"
				},
				"down": {
					"uv": [
						9.375,
						12.5,
						9.25,
						12.625
					],
					"texture": "#1"
				}
			}
		},
		{
			"from": [
				7.627133626602481,
				16.56325241225361,
				9.142384965109933
			],
			"to": [
				8.357901131729218,
				17.420395105748913,
				9.428094614143475
			],
			"rotation": {
				"angle": 0,
				"axis": "y",
				"origin": [
					12.26060338653888,
					0.2057713092505411,
					5.679113708840287
				]
			},
			"faces": {
				"north": {
					"uv": [
						12.125,
						0.875,
						12.375,
						1.125
					],
					"texture": "#1"
				},
				"east": {
					"uv": [
						6,
						12.375,
						6.125,
						12.625
					],
					"texture": "#1"
				},
				"south": {
					"uv": [
						1.5,
						12.125,
						1.75,
						12.375
					],
					"texture": "#1"
				},
				"west": {
					"uv": [
						6.125,
						12.375,
						6.25,
						12.625
					],
					"texture": "#1"
				},
				"up": {
					"uv": [
						12.625,
						6.25,
						12.375,
						6.125
					],
					"texture": "#1"
				},
				"down": {
					"uv": [
						12.625,
						6.25,
						12.375,
						6.375
					],
					"texture": "#1"
				}
			}
		},
		{
			"from": [
				7.627133626602481,
				15.706100554495196,
				8.856670733944831
			],
			"to": [
				8.357901131729218,
				16.8489574791556,
				9.142384965109933
			],
			"rotation": {
				"angle": 0,
				"axis": "y",
				"origin": [
					12.26060338653888,
					0.2057713092505411,
					5.679113708840287
				]
			},
			"faces": {
				"north": {
					"uv": [
						12.125,
						1.875,
						12.375,
						2.125
					],
					"texture": "#1"
				},
				"east": {
					"uv": [
						6.25,
						12.375,
						6.375,
						12.625
					],
					"texture": "#1"
				},
				"south": {
					"uv": [
						12.125,
						2.125,
						12.375,
						2.375
					],
					"texture": "#1"
				},
				"west": {
					"uv": [
						12.375,
						6.375,
						12.5,
						6.625
					],
					"texture": "#1"
				},
				"up": {
					"uv": [
						12.625,
						6.75,
						12.375,
						6.625
					],
					"texture": "#1"
				},
				"down": {
					"uv": [
						12.625,
						6.75,
						12.375,
						6.875
					],
					"texture": "#1"
				}
			}
		},
		{
			"from": [
				7.627133626602481,
				11.991824713612004,
				8.285237689483072
			],
			"to": [
				8.357901131729218,
				17.420395105748913,
				8.570942756385056
			],
			"rotation": {
				"angle": 0,
				"axis": "y",
				"origin": [
					12.26060338653888,
					0.2057713092505411,
					5.679113708840287
				]
			},
			"faces": {
				"north": {
					"uv": [
						1.875,
						11.375,
						2.125,
						12.875
					],
					"texture": "#1"
				},
				"east": {
					"uv": [
						11.75,
						4.375,
						11.875,
						5.875
					],
					"texture": "#1"
				},
				"south": {
					"uv": [
						11.375,
						2.375,
						11.625,
						3.875
					],
					"texture": "#1"
				},
				"west": {
					"uv": [
						6.375,
						11.75,
						6.5,
						13.25
					],
					"texture": "#1"
				},
				"up": {
					"uv": [
						12.625,
						7,
						12.375,
						6.875
					],
					"texture": "#1"
				},
				"down": {
					"uv": [
						12.625,
						7,
						12.375,
						7.125
					],
					"texture": "#1"
				}
			}
		},
		{
			"from": [
				7.627133626602481,
				2.27753627186703,
				7.999518876186414
			],
			"to": [
				8.357901131729218,
				15.134681256428111,
				8.285237689483072
			],
			"rotation": {
				"angle": 0,
				"axis": "y",
				"origin": [
					12.26060338653888,
					0.2057713092505411,
					5.679113708840287
				]
			},
			"faces": {
				"north": {
					"uv": [
						4.125,
						8.75,
						4.375,
						12.25
					],
					"texture": "#1"
				},
				"east": {
					"uv": [
						5,
						10.75,
						5.125,
						14.25
					],
					"texture": "#1"
				},
				"south": {
					"uv": [
						8.875,
						6.625,
						9.125,
						10.125
					],
					"texture": "#1"
				},
				"west": {
					"uv": [
						8,
						11,
						8.125,
						14.5
					],
					"texture": "#1"
				},
				"up": {
					"uv": [
						12.625,
						7.25,
						12.375,
						7.125
					],
					"texture": "#1"
				},
				"down": {
					"uv": [
						12.625,
						7.25,
						12.375,
						7.375
					],
					"texture": "#1"
				}
			}
		},
		{
			"from": [
				7.627133626602481,
				4.563250121187834,
				7.713804645021313
			],
			"to": [
				8.357901131729218,
				13.706105518471048,
				7.999518876186414
			],
			"rotation": {
				"angle": 0,
				"axis": "y",
				"origin": [
					12.26060338653888,
					0.2057713092505411,
					5.679113708840287
				]
			},
			"faces": {
				"north": {
					"uv": [
						5.875,
						9.875,
						6.125,
						12.375
					],
					"texture": "#1"
				},
				"east": {
					"uv": [
						2.125,
						11.375,
						2.25,
						13.875
					],
					"texture": "#1"
				},
				"south": {
					"uv": [
						6.125,
						9.875,
						6.375,
						12.375
					],
					"texture": "#1"
				},
				"west": {
					"uv": [
						4,
						11.375,
						4.125,
						13.875
					],
					"texture": "#1"
				},
				"up": {
					"uv": [
						12.625,
						7.5,
						12.375,
						7.375
					],
					"texture": "#1"
				},
				"down": {
					"uv": [
						12.625,
						7.5,
						12.375,
						7.625
					],
					"texture": "#1"
				}
			}
		},
		{
			"from": [
				7.627133626602481,
				5.706107045848237,
				7.428094995987771
			],
			"to": [
				8.357901131729218,
				12.563248593810648,
				7.713804645021313
			],
			"rotation": {
				"angle": 0,
				"axis": "y",
				"origin": [
					12.26060338653888,
					0.2057713092505411,
					5.679113708840287
				]
			},
			"faces": {
				"north": {
					"uv": [
						8.5,
						10.5,
						8.75,
						12.375
					],
					"texture": "#1"
				},
				"east": {
					"uv": [
						4.75,
						11.5,
						4.875,
						13.375
					],
					"texture": "#1"
				},
				"south": {
					"uv": [
						9.5,
						10.5,
						9.75,
						12.375
					],
					"texture": "#1"
				},
				"west": {
					"uv": [
						4.875,
						11.5,
						5,
						13.375
					],
					"texture": "#1"
				},
				"up": {
					"uv": [
						12.625,
						7.75,
						12.375,
						7.625
					],
					"texture": "#1"
				},
				"down": {
					"uv": [
						8,
						12.375,
						7.75,
						12.5
					],
					"texture": "#1"
				}
			}
		},
		{
			"from": [
				7.627133626602481,
				1.134679347206628,
				8.285237689483072
			],
			"to": [
				8.357901131729218,
				6.277540090309995,
				8.570942756385056
			],
			"rotation": {
				"angle": 0,
				"axis": "y",
				"origin": [
					12.26060338653888,
					0.2057713092505411,
					5.679113708840287
				]
			},
			"faces": {
				"north": {
					"uv": [
						3,
						11.375,
						3.25,
						12.75
					],
					"texture": "#1"
				},
				"east": {
					"uv": [
						7.25,
						11.75,
						7.375,
						13.125
					],
					"texture": "#1"
				},
				"south": {
					"uv": [
						3.25,
						11.375,
						3.5,
						12.75
					],
					"texture": "#1"
				},
				"west": {
					"uv": [
						7.375,
						11.75,
						7.5,
						13.125
					],
					"texture": "#1"
				},
				"up": {
					"uv": [
						12.625,
						7.875,
						12.375,
						7.75
					],
					"texture": "#1"
				},
				"down": {
					"uv": [
						12.625,
						7.875,
						12.375,
						8
					],
					"texture": "#1"
				}
			}
		},
		{
			"from": [
				7.627133626602481,
				0.5632463027448678,
				8.570951920648174
			],
			"to": [
				8.357901131729218,
				5.706097881585119,
				8.856670733944831
			],
			"rotation": {
				"angle": 0,
				"axis": "y",
				"origin": [
					12.26060338653888,
					0.2057713092505411,
					5.679113708840287
				]
			},
			"faces": {
				"north": {
					"uv": [
						3.5,
						11.375,
						3.75,
						12.75
					],
					"texture": "#1"
				},
				"east": {
					"uv": [
						7.5,
						11.75,
						7.625,
						13.125
					],
					"texture": "#1"
				},
				"south": {
					"uv": [
						3.75,
						11.375,
						4,
						12.75
					],
					"texture": "#1"
				},
				"west": {
					"uv": [
						7.625,
						11.75,
						7.75,
						13.125
					],
					"texture": "#1"
				},
				"up": {
					"uv": [
						12.625,
						8.125,
						12.375,
						8
					],
					"texture": "#1"
				},
				"down": {
					"uv": [
						8.375,
						12.375,
						8.125,
						12.5
					],
					"texture": "#1"
				}
			}
		},
		{
			"from": [
				7.627133626602481,
				0.27753207157976867,
				8.856670733944831
			],
			"to": [
				8.357901131729218,
				3.1346789653623315,
				9.142384965109933
			],
			"rotation": {
				"angle": 0,
				"axis": "y",
				"origin": [
					12.26060338653888,
					0.2057713092505411,
					5.679113708840287
				]
			},
			"faces": {
				"north": {
					"uv": [
						11.75,
						0.375,
						12,
						1.125
					],
					"texture": "#1"
				},
				"east": {
					"uv": [
						2.875,
						12,
						3,
						12.75
					],
					"texture": "#1"
				},
				"south": {
					"uv": [
						6.5,
						11.75,
						6.75,
						12.5
					],
					"texture": "#1"
				},
				"west": {
					"uv": [
						5.125,
						12,
						5.25,
						12.75
					],
					"texture": "#1"
				},
				"up": {
					"uv": [
						12.625,
						8.25,
						12.375,
						8.125
					],
					"texture": "#1"
				},
				"down": {
					"uv": [
						12.625,
						8.25,
						12.375,
						8.375
					],
					"texture": "#1"
				}
			}
		},
		{
			"from": [
				7.627133626602481,
				0.27753207157976867,
				9.142384965109933
			],
			"to": [
				8.357901131729218,
				1.7061032274052703,
				9.428094614143475
			],
			"rotation": {
				"angle": 0,
				"axis": "y",
				"origin": [
					12.26060338653888,
					0.2057713092505411,
					5.679113708840287
				]
			},
			"faces": {
				"north": {
					"uv": [
						5.25,
						12,
						5.5,
						12.375
					],
					"texture": "#1"
				},
				"east": {
					"uv": [
						12.25,
						3.875,
						12.375,
						4.25
					],
					"texture": "#1"
				},
				"south": {
					"uv": [
						8.125,
						12,
						8.375,
						12.375
					],
					"texture": "#1"
				},
				"west": {
					"uv": [
						4.125,
						12.25,
						4.25,
						12.625
					],
					"texture": "#1"
				},
				"up": {
					"uv": [
						12.625,
						8.5,
						12.375,
						8.375
					],
					"texture": "#1"
				},
				"down": {
					"uv": [
						8.75,
						12.375,
						8.5,
						12.5
					],
					"texture": "#1"
				}
			}
		},
		{
			"from": [
				7.627133626602481,
				0.5632463027448678,
				9.428094614143475
			],
			"to": [
				8.357901131729218,
				1.1346701829435117,
				9.713808845308575
			],
			"rotation": {
				"angle": 0,
				"axis": "y",
				"origin": [
					12.26060338653888,
					0.2057713092505411,
					5.679113708840287
				]
			},
			"faces": {
				"north": {
					"uv": [
						12.375,
						8.5,
						12.625,
						8.625
					],
					"texture": "#1"
				},
				"east": {
					"uv": [
						12.5,
						9.25,
						12.625,
						9.375
					],
					"texture": "#1"
				},
				"south": {
					"uv": [
						12.375,
						8.625,
						12.625,
						8.75
					],
					"texture": "#1"
				},
				"west": {
					"uv": [
						9.375,
						12.5,
						9.5,
						12.625
					],
					"texture": "#1"
				},
				"up": {
					"uv": [
						12.625,
						8.875,
						12.375,
						8.75
					],
					"texture": "#1"
				},
				"down": {
					"uv": [
						12.625,
						8.875,
						12.375,
						9
					],
					"texture": "#1"
				}
			}
		},
		{
			"from": [
				8.03901226808448,
				19.134685074871076,
				6.806318072098694
			],
			"to": [
				8.03901226808448,
				19.420399306036174,
				7.092036885395353
			],
			"rotation": {
				"angle": 0,
				"axis": "y",
				"origin": [
					12.26060338653888,
					0.2057713092505411,
					5.679113708840287
				]
			},
			"faces": {
				"north": {
					"uv": [
						0,
						0,
						0,
						0.125
					],
					"texture": "#1"
				},
				"east": {
					"uv": [
						12.5,
						9.375,
						12.625,
						9.5
					],
					"texture": "#1"
				},
				"south": {
					"uv": [
						0,
						0,
						0,
						0.125
					],
					"texture": "#1"
				},
				"west": {
					"uv": [
						9.5,
						12.5,
						9.625,
						12.625
					],
					"texture": "#1"
				},
				"up": {
					"uv": [
						0,
						0.125,
						0,
						0
					],
					"texture": "#1"
				},
				"down": {
					"uv": [
						0,
						0,
						0,
						0.125
					],
					"texture": "#1"
				}
			}
		}
	],
	"display": {
		"head": {
			"rotation": [
				0,
				180,
				0
			]
		}
	}
}