{
	"textures": {
		"0": "minecraft:custom/entity/mob/verge_portal"
	},
	"elements": [
		{
			"from": [
				-4,
				-4,
				8
			],
			"to": [
				20,
				20,
				8
			],
			"faces": {
				"north": {
					"uv": [
						16,
						0,
						0,
						16
					],
					"texture": "#0"
				},
				"east": {
					"uv": [
						0,
						0,
						0,
						16
					],
					"texture": "#0"
				},
				"south": {
					"uv": [
						0,
						0,
						16,
						16
					],
					"texture": "#0"
				},
				"west": {
					"uv": [
						0,
						0,
						0,
						16
					],
					"texture": "#0"
				},
				"up": {
					"uv": [
						0,
						0,
						0,
						16
					],
					"rotation": 270,
					"texture": "#0"
				},
				"down": {
					"uv": [
						0,
						0,
						0,
						16
					],
					"rotation": 90,
					"texture": "#0"
				}
			}
		}
	],
	"display": {
		"head": {
			"rotation": [
				0,
				180,
				0
			]
		}
	}
}