{
	"textures": {
		"1": "minecraft:custom/entity/mob/votary"
	},
	"elements": [
		{
			"from": [
				9.57964,
				-6.427280000000001,
				6.186
			],
			"to": [
				9.57964,
				7.5247199999999985,
				9.674
			],
			"rotation": {
				"angle": 22.5,
				"axis": "z",
				"origin": [
					9.57964,
					7.088719999999999,
					7.93
				]
			},
			"faces": {
				"north": {
					"uv": [
						0,
						0,
						0,
						1.75
					],
					"texture": "#1"
				},
				"east": {
					"uv": [
						3,
						9.625,
						3.375,
						11.375
					],
					"texture": "#1"
				},
				"south": {
					"uv": [
						0,
						0,
						0,
						1.75
					],
					"texture": "#1"
				},
				"west": {
					"uv": [
						3.375,
						9.625,
						3,
						11.375
					],
					"texture": "#1"
				},
				"up": {
					"uv": [
						0,
						0.375,
						0,
						0
					],
					"texture": "#1"
				},
				"down": {
					"uv": [
						0,
						0,
						0,
						0.375
					],
					"texture": "#1"
				}
			}
		},
		{
			"from": [
				6.37504,
				-0.9772800000000004,
				6.295
			],
			"to": [
				9.514240000000001,
				10.794719999999998,
				9.7612
			],
			"rotation": {
				"angle": 0,
				"axis": "y",
				"origin": [
					14.92064,
					15.372719999999997,
					9.238
				]
			},
			"faces": {
				"north": {
					"uv": [
						6.375,
						10.25,
						6.75,
						11.75
					],
					"texture": "#1"
				},
				"east": {
					"uv": [
						9.75,
						10.25,
						10.125,
						11.75
					],
					"texture": "#1"
				},
				"south": {
					"uv": [
						10.125,
						10.25,
						10.5,
						11.75
					],
					"texture": "#1"
				},
				"west": {
					"uv": [
						10.375,
						3,
						10.75,
						4.5
					],
					"texture": "#1"
				},
				"up": {
					"uv": [
						12.25,
						4.625,
						11.875,
						4.25
					],
					"texture": "#1"
				},
				"down": {
					"uv": [
						12.25,
						4.625,
						11.875,
						5
					],
					"texture": "#1"
				}
			}
		}
	],
	"display": {
		"head": {
			"rotation": [
				0,
				180,
				0
			]
		}
	}
}