{
	"credit": "Made with Blockbench",
	"textures": {
		"0": "custom/other/sigil",
		"particle": "custom/other/sigil"
	},
	"elements": [
		{
			"from": [17.3352, -2.73985, 6],
			"to": [21.3352, 2.26015, 10],
			"rotation": {"angle": 0, "axis": "z", "origin": [19.3352, -4.23985, 8]},
			"faces": {
				"north": {"uv": [1, 0.625, 0.5, 0], "texture": "#0"},
				"east": {"uv": [1, 0.625, 0.5, 0], "texture": "#0"},
				"south": {"uv": [1, 0.625, 0.5, 0], "texture": "#0"},
				"west": {"uv": [1, 0.625, 0.5, 0], "texture": "#0"},
				"up": {"uv": [1, 0.5, 0.5, 0], "texture": "#0"},
				"down": {"uv": [1, 0.5, 0.5, 0], "texture": "#0"}
			}
		},
		{
			"from": [6, 3, 6],
			"to": [10, 12, 10],
			"rotation": {"angle": 0, "axis": "z", "origin": [7, 2.5, 8]},
			"faces": {
				"north": {"uv": [1, 0, 0.5, 1.125], "texture": "#0"},
				"east": {"uv": [1, 0, 0.5, 1.125], "texture": "#0"},
				"south": {"uv": [1, 0, 0.5, 1.125], "texture": "#0"},
				"west": {"uv": [1, 0, 0.5, 1.125], "texture": "#0"},
				"up": {"uv": [1, 0, 0.5, 0.5], "texture": "#0"},
				"down": {"uv": [1, 0, 0.5, 0.5], "texture": "#0"}
			}
		},
		{
			"from": [11.76013, -3.8488, 6],
			"to": [20.76013, 0.1512, 10],
			"rotation": {"angle": 22.5, "axis": "z", "origin": [18.26013, -1.8488, 8]},
			"faces": {
				"north": {"uv": [1, 1.125, 0.5, 0], "rotation": 270, "texture": "#0"},
				"east": {"uv": [1, 0.5, 0.5, 0], "rotation": 90, "texture": "#0"},
				"south": {"uv": [1, 1.125, 0.5, 0], "rotation": 90, "texture": "#0"},
				"west": {"uv": [1, 0.5, 0.5, 0], "rotation": 90, "texture": "#0"},
				"up": {"uv": [1, 1.125, 0.5, 0], "rotation": 90, "texture": "#0"},
				"down": {"uv": [1, 1.125, 0.5, 0], "rotation": 90, "texture": "#0"}
			}
		},
		{
			"from": [-4.76013, -3.8488, 6],
			"to": [4.23987, 0.1512, 10],
			"rotation": {"angle": -22.5, "axis": "z", "origin": [-2.26013, -1.8488, 8]},
			"faces": {
				"north": {"uv": [1, 0, 0.5, 1.125], "rotation": 270, "texture": "#0"},
				"east": {"uv": [1, 0, 0.5, 0.5], "rotation": 90, "texture": "#0"},
				"south": {"uv": [1, 0, 0.5, 1.125], "rotation": 90, "texture": "#0"},
				"west": {"uv": [1, 0, 0.5, 0.5], "rotation": 90, "texture": "#0"},
				"up": {"uv": [1, 0, 0.5, 1.125], "rotation": 90, "texture": "#0"},
				"down": {"uv": [1, 0, 0.5, 1.125], "rotation": 90, "texture": "#0"}
			}
		},
		{
			"from": [-5.3352, -2.73985, 6],
			"to": [-1.3352, 2.26015, 10],
			"rotation": {"angle": 0, "axis": "z", "origin": [-3.3352, -4.23985, 8]},
			"faces": {
				"north": {"uv": [0.5, 0.625, 1, 0], "texture": "#0"},
				"east": {"uv": [0.5, 0.625, 1, 0], "texture": "#0"},
				"south": {"uv": [0.5, 0.625, 1, 0], "texture": "#0"},
				"west": {"uv": [0.5, 0.625, 1, 0], "texture": "#0"},
				"up": {"uv": [0.5, 0.5, 1, 0], "texture": "#0"},
				"down": {"uv": [0.5, 0.5, 1, 0], "texture": "#0"}
			}
		},
		{
			"from": [12, 7.73985, 6],
			"to": [16, 11.73985, 10],
			"rotation": {"angle": 0, "axis": "z", "origin": [14, 20.23985, 8]},
			"faces": {
				"north": {"uv": [0.5, 0, 0, 0.5], "texture": "#0"},
				"east": {"uv": [0.5, 0, 0, 0.5], "texture": "#0"},
				"south": {"uv": [0.5, 0, 0, 0.5], "texture": "#0"},
				"west": {"uv": [0.5, 0, 0, 0.5], "texture": "#0"},
				"up": {"uv": [0.5, 0, 0, 0.5], "texture": "#0"},
				"down": {"uv": [0.5, 0, 0, 0.5], "texture": "#0"}
			}
		},
		{
			"from": [0, 7.73985, 6],
			"to": [4, 11.73985, 10],
			"rotation": {"angle": 0, "axis": "z", "origin": [14, 20.23985, 8]},
			"faces": {
				"north": {"uv": [0.5, 0, 0, 0.5], "texture": "#0"},
				"east": {"uv": [0.5, 0, 0, 0.5], "texture": "#0"},
				"south": {"uv": [0.5, 0, 0, 0.5], "texture": "#0"},
				"west": {"uv": [0.5, 0, 0, 0.5], "texture": "#0"},
				"up": {"uv": [0.5, 0, 0, 0.5], "texture": "#0"},
				"down": {"uv": [0.5, 0, 0, 0.5], "texture": "#0"}
			}
		},
		{
			"from": [0, 0.73985, 6],
			"to": [4, 4.73985, 10],
			"rotation": {"angle": 0, "axis": "z", "origin": [14, 20.23985, 8]},
			"faces": {
				"north": {"uv": [0.5, 0, 0, 0.5], "texture": "#0"},
				"east": {"uv": [0.5, 0, 0, 0.5], "texture": "#0"},
				"south": {"uv": [0.5, 0, 0, 0.5], "texture": "#0"},
				"west": {"uv": [0.5, 0, 0, 0.5], "texture": "#0"},
				"up": {"uv": [0.5, 0, 0, 0.5], "texture": "#0"},
				"down": {"uv": [0.5, 0, 0, 0.5], "texture": "#0"}
			}
		},
		{
			"from": [0, 14.73985, 6],
			"to": [4, 18.73985, 10],
			"rotation": {"angle": 0, "axis": "z", "origin": [14, 20.23985, 8]},
			"faces": {
				"north": {"uv": [0.5, 0, 0, 0.5], "texture": "#0"},
				"east": {"uv": [0.5, 0, 0, 0.5], "texture": "#0"},
				"south": {"uv": [0.5, 0, 0, 0.5], "texture": "#0"},
				"west": {"uv": [0.5, 0, 0, 0.5], "texture": "#0"},
				"up": {"uv": [0.5, 0, 0, 0.5], "texture": "#0"},
				"down": {"uv": [0.5, 0, 0, 0.5], "texture": "#0"}
			}
		},
		{
			"from": [6, 14.73985, 6],
			"to": [10, 18.73985, 10],
			"rotation": {"angle": 0, "axis": "z", "origin": [15, 20.23985, 8]},
			"faces": {
				"north": {"uv": [0.5, 0, 0, 0.5], "texture": "#0"},
				"east": {"uv": [0.5, 0, 0, 0.5], "texture": "#0"},
				"south": {"uv": [0.5, 0, 0, 0.5], "texture": "#0"},
				"west": {"uv": [0.5, 0, 0, 0.5], "texture": "#0"},
				"up": {"uv": [0.5, 0, 0, 0.5], "texture": "#0"},
				"down": {"uv": [0.5, 0, 0, 0.5], "texture": "#0"}
			}
		},
		{
			"from": [12, 14.73985, 6],
			"to": [16, 18.73985, 10],
			"rotation": {"angle": 0, "axis": "z", "origin": [14, 20.23985, 8]},
			"faces": {
				"north": {"uv": [0.5, 0, 0, 0.5], "texture": "#0"},
				"east": {"uv": [0.5, 0, 0, 0.5], "texture": "#0"},
				"south": {"uv": [0.5, 0, 0, 0.5], "texture": "#0"},
				"west": {"uv": [0.5, 0, 0, 0.5], "texture": "#0"},
				"up": {"uv": [0.5, 0, 0, 0.5], "texture": "#0"},
				"down": {"uv": [0.5, 0, 0, 0.5], "texture": "#0"}
			}
		},
		{
			"from": [12, 0.73985, 6],
			"to": [16, 4.73985, 10],
			"rotation": {"angle": 0, "axis": "z", "origin": [14, 20.23985, 8]},
			"faces": {
				"north": {"uv": [0.5, 0, 0, 0.5], "texture": "#0"},
				"east": {"uv": [0.5, 0, 0, 0.5], "texture": "#0"},
				"south": {"uv": [0.5, 0, 0, 0.5], "texture": "#0"},
				"west": {"uv": [0.5, 0, 0, 0.5], "texture": "#0"},
				"up": {"uv": [0.5, 0, 0, 0.5], "texture": "#0"},
				"down": {"uv": [0.5, 0, 0, 0.5], "texture": "#0"}
			}
		}
	],
	"gui_light": "front",
	"display": {
		"thirdperson_righthand": {
			"rotation": [75, 45, 0],
			"translation": [0, 2.5, 0],
			"scale": [0.375, 0.375, 0.375]
		},
		"thirdperson_lefthand": {
			"rotation": [75, 45, 0],
			"translation": [0, 2.5, 0],
			"scale": [0.375, 0.375, 0.375]
		},
		"firstperson_righthand": {
			"rotation": [0, 45, 0],
			"scale": [0.4, 0.4, 0.4]
		},
		"firstperson_lefthand": {
			"rotation": [0, 225, 0],
			"scale": [0.4, 0.4, 0.4]
		},
		"ground": {
			"translation": [0, 3, 0],
			"scale": [0.25, 0.25, 0.25]
		},
		"gui": {
			"rotation": [30, 135, 0],
			"translation": [0, 0.75, 0],
			"scale": [0.625, 0.625, 0.625]
		},
		"fixed": {
			"scale": [0.5, 0.5, 0.5]
		}
	}
}