{
	"credit": "Made with Blockbench",
	"textures": {
		"0": "custom/other/sigil",
		"particle": "custom/other/sigil"
	},
	"elements": [
		{
			"from": [8.9148, 13.73985, 6],
			"to": [12.9148, 18.73985, 10],
			"rotation": {"angle": 0, "axis": "z", "origin": [10.9148, 20.23985, 8]},
			"faces": {
				"north": {"uv": [0.5, 0, 1, 0.625], "texture": "#0"},
				"east": {"uv": [0.5, 0, 1, 0.625], "texture": "#0"},
				"south": {"uv": [0.5, 0, 1, 0.625], "texture": "#0"},
				"west": {"uv": [0.5, 0, 1, 0.625], "texture": "#0"},
				"up": {"uv": [0.5, 0, 1, 0.5], "texture": "#0"},
				"down": {"uv": [0.5, 0, 1, 0.5], "texture": "#0"}
			}
		},
		{
			"from": [9.48987, 15.8488, 6],
			"to": [18.48987, 19.8488, 10],
			"rotation": {"angle": 22.5, "axis": "z", "origin": [11.98987, 17.8488, 8]},
			"faces": {
				"north": {"uv": [0.5, 0, 1, 1.125], "rotation": 270, "texture": "#0"},
				"east": {"uv": [0.5, 0, 1, 0.5], "rotation": 90, "texture": "#0"},
				"south": {"uv": [0.5, 0, 1, 1.125], "rotation": 90, "texture": "#0"},
				"west": {"uv": [0.5, 0, 1, 0.5], "rotation": 90, "texture": "#0"},
				"up": {"uv": [0.5, 0, 1, 1.125], "rotation": 90, "texture": "#0"},
				"down": {"uv": [0.5, 0, 1, 1.125], "rotation": 90, "texture": "#0"}
			}
		},
		{
			"from": [-2.73987, 7.1512, 6],
			"to": [6.26013, 11.1512, 10],
			"rotation": {"angle": 22.5, "axis": "z", "origin": [3.76013, 9.1512, 8]},
			"faces": {
				"north": {"uv": [1, 1.125, 0.5, 0], "rotation": 270, "texture": "#0"},
				"east": {"uv": [1, 0.5, 0.5, 0], "rotation": 90, "texture": "#0"},
				"south": {"uv": [1, 1.125, 0.5, 0], "rotation": 90, "texture": "#0"},
				"west": {"uv": [1, 0.5, 0.5, 0], "rotation": 90, "texture": "#0"},
				"up": {"uv": [1, 1.125, 0.5, 0], "rotation": 90, "texture": "#0"},
				"down": {"uv": [1, 1.125, 0.5, 0], "rotation": 90, "texture": "#0"}
			}
		},
		{
			"from": [2.8352, 8.26015, 6],
			"to": [6.8352, 13.26015, 10],
			"rotation": {"angle": 0, "axis": "z", "origin": [4.8352, 6.76015, 8]},
			"faces": {
				"north": {"uv": [1, 0.625, 0.5, 0], "texture": "#0"},
				"east": {"uv": [1, 0.625, 0.5, 0], "texture": "#0"},
				"south": {"uv": [1, 0.625, 0.5, 0], "texture": "#0"},
				"west": {"uv": [1, 0.625, 0.5, 0], "texture": "#0"},
				"up": {"uv": [1, 0.5, 0.5, 0], "texture": "#0"},
				"down": {"uv": [1, 0.5, 0.5, 0], "texture": "#0"}
			}
		},
		{
			"from": [9, 7.73985, 6],
			"to": [13, 11.73985, 10],
			"rotation": {"angle": 0, "axis": "z", "origin": [11, 20.23985, 8]},
			"faces": {
				"north": {"uv": [0.5, 0, 0, 0.5], "texture": "#0"},
				"east": {"uv": [0.5, 0, 0, 0.5], "texture": "#0"},
				"south": {"uv": [0.5, 0, 0, 0.5], "texture": "#0"},
				"west": {"uv": [0.5, 0, 0, 0.5], "texture": "#0"},
				"up": {"uv": [0.5, 0, 0, 0.5], "texture": "#0"},
				"down": {"uv": [0.5, 0, 0, 0.5], "texture": "#0"}
			}
		},
		{
			"from": [3, 20.73985, 6],
			"to": [7, 24.73985, 10],
			"rotation": {"angle": 0, "axis": "z", "origin": [17, 20.23985, 8]},
			"faces": {
				"north": {"uv": [0.5, 0, 0, 0.5], "texture": "#0"},
				"east": {"uv": [0.5, 0, 0, 0.5], "texture": "#0"},
				"south": {"uv": [0.5, 0, 0, 0.5], "texture": "#0"},
				"west": {"uv": [0.5, 0, 0, 0.5], "texture": "#0"},
				"up": {"uv": [0.5, 0, 0, 0.5], "texture": "#0"},
				"down": {"uv": [0.5, 0, 0, 0.5], "texture": "#0"}
			}
		},
		{
			"from": [15, 0.73985, 6],
			"to": [19, 4.73985, 10],
			"rotation": {"angle": 0, "axis": "z", "origin": [11, 20.23985, 8]},
			"faces": {
				"north": {"uv": [0.5, 0, 0, 0.5], "texture": "#0"},
				"east": {"uv": [0.5, 0, 0, 0.5], "texture": "#0"},
				"south": {"uv": [0.5, 0, 0, 0.5], "texture": "#0"},
				"west": {"uv": [0.5, 0, 0, 0.5], "texture": "#0"},
				"up": {"uv": [0.5, 0, 0, 0.5], "texture": "#0"},
				"down": {"uv": [0.5, 0, 0, 0.5], "texture": "#0"}
			}
		},
		{
			"from": [3, 14.73985, 6],
			"to": [7, 18.73985, 10],
			"rotation": {"angle": 0, "axis": "z", "origin": [17, 20.23985, 8]},
			"faces": {
				"north": {"uv": [0.5, 0, 0, 0.5], "texture": "#0"},
				"east": {"uv": [0.5, 0, 0, 0.5], "texture": "#0"},
				"south": {"uv": [0.5, 0, 0, 0.5], "texture": "#0"},
				"west": {"uv": [0.5, 0, 0, 0.5], "texture": "#0"},
				"up": {"uv": [0.5, 0, 0, 0.5], "texture": "#0"},
				"down": {"uv": [0.5, 0, 0, 0.5], "texture": "#0"}
			}
		},
		{
			"from": [-3, 14.73985, 6],
			"to": [1, 18.73985, 10],
			"rotation": {"angle": 0, "axis": "z", "origin": [18, 20.23985, 8]},
			"faces": {
				"north": {"uv": [0.5, 0, 0, 0.5], "texture": "#0"},
				"east": {"uv": [0.5, 0, 0, 0.5], "texture": "#0"},
				"south": {"uv": [0.5, 0, 0, 0.5], "texture": "#0"},
				"west": {"uv": [0.5, 0, 0, 0.5], "texture": "#0"},
				"up": {"uv": [0.5, 0, 0, 0.5], "texture": "#0"},
				"down": {"uv": [0.5, 0, 0, 0.5], "texture": "#0"}
			}
		},
		{
			"from": [-3, 20.73985, 6],
			"to": [1, 24.73985, 10],
			"rotation": {"angle": 0, "axis": "z", "origin": [18, 20.23985, 8]},
			"faces": {
				"north": {"uv": [0.5, 0, 0, 0.5], "texture": "#0"},
				"east": {"uv": [0.5, 0, 0, 0.5], "texture": "#0"},
				"south": {"uv": [0.5, 0, 0, 0.5], "texture": "#0"},
				"west": {"uv": [0.5, 0, 0, 0.5], "texture": "#0"},
				"up": {"uv": [0.5, 0, 0, 0.5], "texture": "#0"},
				"down": {"uv": [0.5, 0, 0, 0.5], "texture": "#0"}
			}
		},
		{
			"from": [15, 7.73985, 6],
			"to": [19, 11.73985, 10],
			"rotation": {"angle": 0, "axis": "z", "origin": [11, 20.23985, 8]},
			"faces": {
				"north": {"uv": [0.5, 0, 0, 0.5], "texture": "#0"},
				"east": {"uv": [0.5, 0, 0, 0.5], "texture": "#0"},
				"south": {"uv": [0.5, 0, 0, 0.5], "texture": "#0"},
				"west": {"uv": [0.5, 0, 0, 0.5], "texture": "#0"},
				"up": {"uv": [0.5, 0, 0, 0.5], "texture": "#0"},
				"down": {"uv": [0.5, 0, 0, 0.5], "texture": "#0"}
			}
		},
		{
			"from": [9, 0.73985, 6],
			"to": [13, 4.73985, 10],
			"rotation": {"angle": 0, "axis": "z", "origin": [11, 20.23985, 8]},
			"faces": {
				"north": {"uv": [0.5, 0, 0, 0.5], "texture": "#0"},
				"east": {"uv": [0.5, 0, 0, 0.5], "texture": "#0"},
				"south": {"uv": [0.5, 0, 0, 0.5], "texture": "#0"},
				"west": {"uv": [0.5, 0, 0, 0.5], "texture": "#0"},
				"up": {"uv": [0.5, 0, 0, 0.5], "texture": "#0"},
				"down": {"uv": [0.5, 0, 0, 0.5], "texture": "#0"}
			}
		}
	],
	"gui_light": "front",
	"display": {
		"thirdperson_righthand": {
			"rotation": [75, 45, 0],
			"translation": [0, 2.5, 0],
			"scale": [0.375, 0.375, 0.375]
		},
		"thirdperson_lefthand": {
			"rotation": [75, 45, 0],
			"translation": [0, 2.5, 0],
			"scale": [0.375, 0.375, 0.375]
		},
		"firstperson_righthand": {
			"rotation": [0, 45, 0],
			"scale": [0.4, 0.4, 0.4]
		},
		"firstperson_lefthand": {
			"rotation": [0, 225, 0],
			"scale": [0.4, 0.4, 0.4]
		},
		"ground": {
			"translation": [0, 3, 0],
			"scale": [0.25, 0.25, 0.25]
		},
		"gui": {
			"rotation": [30, 135, 0],
			"translation": [0, -2.5, 0],
			"scale": [0.625, 0.625, 0.625]
		},
		"fixed": {
			"scale": [0.5, 0.5, 0.5]
		}
	}
}