{
	"credit": "Made with Blockbench",
	"textures": {
		"0": "custom/ability/ranged2_scatter"
	},
	"elements": [
		{
			"from": [4, 4, 8],
			"to": [12, 12, 8],
			"rotation": {"angle": 0, "axis": "y", "origin": [12, 12, 8]},
			"faces": {
				"north": {"uv": [16, 0, 0, 16], "texture": "#0"},
				"east": {"uv": [0, 0, 0, 16], "texture": "#0"},
				"south": {"uv": [0, 0, 16, 16], "texture": "#0"},
				"west": {"uv": [0, 0, 0, 16], "texture": "#0"},
				"up": {"uv": [16, 0, 0, 0], "rotation": 180, "texture": "#0"},
				"down": {"uv": [16, 0, 0, 0], "rotation": 180, "texture": "#0"}
			}
		}
	],
	"display": {
		"head": {
			"translation": [0, -3, -6.75],
			"scale": [3.26, 3.26, 3.26]
		}
	}
}