{
	"credit": "Made with Blockbench",
	"texture_size": [64, 64],
	"textures": {
		"2": "custom/other/spire_mountain/spire_mountain_2",
		"particle": "custom/other/spire_mountain/spire_mountain_2"
	},
	"elements": [
		{
			"from": [4, 6.225, -12.10936],
			"to": [12, 10.225, -6.10936],
			"rotation": {"angle": 0, "axis": "y", "origin": [8, 8.225, -9.10936]},
			"faces": {
				"north": {"uv": [9.5, 12, 11.5, 13], "texture": "#2"},
				"east": {"uv": [13.25, 3.75, 14.75, 4.75], "texture": "#2"},
				"south": {"uv": [11.5, 12, 13.5, 13], "texture": "#2"},
				"west": {"uv": [13.25, 4.75, 14.75, 5.75], "texture": "#2"},
				"up": {"uv": [13.25, 4.5, 11.25, 3], "texture": "#2"},
				"down": {"uv": [13.25, 4.5, 11.25, 6], "texture": "#2"}
			}
		}
	],
	"groups": [
		{
			"name": "group",
			"origin": [1.45253, 2, 23.80699],
			"color": 0,
			"children": [0]
		}
	]
}