{
	"credit": "Made with Blockbench",
	"textures": {
		"2": "ajplayerarmor/ranger",
		"3": "ajplayerarmor/steve",
		"particle": "custom/ability/luckycoin"
	},
	"elements": [
		{
			"from": [5, 5, 8.7625],
			"to": [17, 9, 13.2375],
			"rotation": {"angle": -22.5, "axis": "y", "origin": [15, 7, 11]},
			"faces": {
				"north": {"uv": [10, 13, 11, 16], "rotation": 270, "texture": "#3"},
				"east": {"uv": [9, 12, 10, 13], "texture": "#3"},
				"south": {"uv": [8, 13, 9, 16], "rotation": 90, "texture": "#3"},
				"west": {"uv": [10, 12, 11, 13], "texture": "#3"},
				"up": {"uv": [9, 13, 10, 16], "rotation": 90, "texture": "#3"},
				"down": {"uv": [11, 13, 12, 16], "rotation": 90, "texture": "#3"}
			}
		},
		{
			"from": [4.9, 4.9, 8.6625],
			"to": [17.1, 9.1, 13.3375],
			"rotation": {"angle": -22.5, "axis": "y", "origin": [15, 7, 11]},
			"faces": {
				"north": {"uv": [10, 1, 11, 4], "rotation": 270, "texture": "#2"},
				"east": {"uv": [11, 0, 11.975, 1], "texture": "#2"},
				"south": {"uv": [12, 1, 13, 4], "rotation": 90, "texture": "#2"},
				"west": {"uv": [12, 0, 12.975, 1], "texture": "#2"},
				"up": {"uv": [11, 1, 12, 4], "rotation": 90, "texture": "#2"},
				"down": {"uv": [13, 1, 14, 4], "rotation": 90, "texture": "#2"}
			}
		}
	],
	"display": {
		"thirdperson_righthand": {
			"scale": [0, 0, 0]
		},
		"thirdperson_lefthand": {
			"scale": [0, 0, 0]
		},
		"firstperson_righthand": {
			"rotation": [25.75, 2.16, -0.63],
			"translation": [1, 16.75, -4]
		},
		"firstperson_lefthand": {
			"scale": [0, 0, 0]
		},
		"ground": {
			"scale": [0, 0, 0]
		},
		"gui": {
			"scale": [0, 0, 0]
		}
	},
	"groups": [
		{
			"name": "group",
			"origin": [0.2375, 0, 0],
			"color": 0,
			"children": [0, 1]
		}
	]
}