{
	"credit": "Made with Blockbench",
	"textures": {
		"2": "ajplayerarmor/defender",
		"3": "ajplayerarmor/steve",
		"4": "custom/ability/melee1ability",
		"5": "custom/ability/melee1ability_effect",
		"particle": "custom/ability/melee1ability"
	},
	"elements": [
		{
			"name": "melee1ability_4",
			"from": [7.77917, 27.86655, -2.09025],
			"to": [8.22083, 28.4542, -1.5026],
			"rotation": {"angle": 0, "axis": "y", "origin": [8, 8, 5.78625]},
			"faces": {
				"north": {"uv": [9.625, 4.25, 9.75, 4.375], "texture": "#4"},
				"east": {"uv": [9.625, 4.25, 9.75, 4.375], "texture": "#4"},
				"south": {"uv": [9.625, 4.25, 9.75, 4.375], "texture": "#4"},
				"west": {"uv": [9.625, 4.375, 9.75, 4.25], "rotation": 180, "texture": "#4"},
				"up": {"uv": [9.75, 4.25, 9.625, 4.375], "rotation": 90, "texture": "#4"},
				"down": {"uv": [9.625, 4.25, 9.75, 4.375], "rotation": 90, "texture": "#4"}
			}
		},
		{
			"name": "melee1ability_1",
			"from": [7.77917, 29.04185, -1.5026],
			"to": [8.22083, 29.6295, -0.91495],
			"rotation": {"angle": 0, "axis": "y", "origin": [8, 8, 5.78625]},
			"faces": {
				"north": {"uv": [9.5, 4, 9.625, 4.125], "texture": "#4"},
				"east": {"uv": [9.5, 4, 9.625, 4.125], "texture": "#4"},
				"south": {"uv": [9.5, 4, 9.625, 4.125], "texture": "#4"},
				"west": {"uv": [9.5, 4.125, 9.625, 4], "rotation": 180, "texture": "#4"},
				"up": {"uv": [9.625, 4, 9.5, 4.125], "rotation": 90, "texture": "#4"},
				"down": {"uv": [9.5, 4, 9.625, 4.125], "rotation": 90, "texture": "#4"}
			}
		},
		{
			"name": "melee1ability_8",
			"from": [6.68418, 17.28885, 0.848],
			"to": [9.31582, 26.69125, 2.0233],
			"rotation": {"angle": 0, "axis": "y", "origin": [8, 8, 5.78625]},
			"faces": {
				"north": {"uv": [9, 4.625, 9.125, 6.625], "texture": "#4"},
				"east": {"uv": [8.875, 4.625, 9.125, 6.625], "texture": "#4"},
				"south": {"uv": [8.875, 4.625, 9, 6.625], "texture": "#4"},
				"west": {"uv": [8.875, 6.625, 9.125, 4.625], "rotation": 180, "texture": "#4"},
				"up": {"uv": [9.125, 4.625, 8.875, 4.75], "rotation": 90, "texture": "#4"},
				"down": {"uv": [8.875, 6.5, 9.125, 6.625], "rotation": 90, "texture": "#4"}
			}
		},
		{
			"name": "melee1ability_9",
			"from": [6.68418, 21.99005, 6.13685],
			"to": [9.31582, 26.1036, 6.7245],
			"rotation": {"angle": 0, "axis": "y", "origin": [8, 8, 5.78625]},
			"faces": {
				"north": {"uv": [7.875, 4.75, 8, 5.625], "texture": "#4"},
				"east": {"uv": [7.875, 4.75, 8, 5.625], "texture": "#4"},
				"south": {"uv": [7.875, 4.75, 8, 5.625], "texture": "#4"},
				"west": {"uv": [7.875, 5.625, 8, 4.75], "rotation": 180, "texture": "#4"},
				"up": {"uv": [8, 4.75, 7.875, 4.875], "rotation": 90, "texture": "#4"},
				"down": {"uv": [7.875, 5.5, 8, 5.625], "rotation": 90, "texture": "#4"}
			}
		},
		{
			"name": "melee1ability_10",
			"from": [6.68418, 16.7012, 2.0233],
			"to": [9.31582, 26.1036, 2.61095],
			"rotation": {"angle": 0, "axis": "y", "origin": [8, 8, 5.78625]},
			"faces": {
				"north": {"uv": [8.75, 4.75, 8.875, 6.75], "texture": "#4"},
				"east": {"uv": [8.75, 4.75, 8.875, 6.75], "texture": "#4"},
				"south": {"uv": [8.75, 4.75, 8.875, 6.75], "texture": "#4"},
				"west": {"uv": [8.75, 6.75, 8.875, 4.75], "rotation": 180, "texture": "#4"},
				"up": {"uv": [8.875, 4.75, 8.75, 4.875], "rotation": 90, "texture": "#4"},
				"down": {"uv": [8.75, 6.625, 8.875, 6.75], "rotation": 90, "texture": "#4"}
			}
		},
		{
			"name": "melee1ability_11",
			"from": [6.68418, 16.11355, 0.26035],
			"to": [9.31582, 26.1036, 0.848],
			"rotation": {"angle": 0, "axis": "y", "origin": [8, 8, 5.78625]},
			"faces": {
				"north": {"uv": [9.125, 4.75, 9.25, 6.875], "texture": "#4"},
				"east": {"uv": [9.125, 4.75, 9.25, 6.875], "texture": "#4"},
				"south": {"uv": [9.125, 4.75, 9.25, 6.875], "texture": "#4"},
				"west": {"uv": [9.125, 6.875, 9.25, 4.75], "rotation": 180, "texture": "#4"},
				"up": {"uv": [9.25, 4.75, 9.125, 4.875], "rotation": 90, "texture": "#4"},
				"down": {"uv": [9.125, 6.75, 9.25, 6.875], "rotation": 90, "texture": "#4"}
			}
		},
		{
			"name": "melee1ability_13",
			"from": [6.68418, 24.34065, 6.7245],
			"to": [9.31582, 25.51595, 7.31215],
			"rotation": {"angle": 0, "axis": "y", "origin": [8, 8, 5.78625]},
			"faces": {
				"north": {"uv": [7.75, 4.875, 7.875, 5.125], "texture": "#4"},
				"east": {"uv": [7.75, 4.875, 7.875, 5.125], "texture": "#4"},
				"south": {"uv": [7.75, 4.875, 7.875, 5.125], "texture": "#4"},
				"west": {"uv": [7.75, 5.125, 7.875, 4.875], "rotation": 180, "texture": "#4"},
				"up": {"uv": [7.875, 4.875, 7.75, 5], "rotation": 90, "texture": "#4"},
				"down": {"uv": [7.75, 5, 7.875, 5.125], "rotation": 90, "texture": "#4"}
			}
		},
		{
			"name": "melee1ability_14",
			"from": [6.68418, 22.5777, 4.96155],
			"to": [9.31582, 25.51595, 6.13685],
			"rotation": {"angle": 0, "axis": "y", "origin": [8, 8, 5.78625]},
			"faces": {
				"north": {"uv": [8.125, 4.875, 8.25, 5.5], "texture": "#4"},
				"east": {"uv": [8, 4.875, 8.25, 5.5], "texture": "#4"},
				"south": {"uv": [8, 4.875, 8.125, 5.5], "texture": "#4"},
				"west": {"uv": [8, 5.5, 8.25, 4.875], "rotation": 180, "texture": "#4"},
				"up": {"uv": [8.25, 4.875, 8, 5], "rotation": 90, "texture": "#4"},
				"down": {"uv": [8, 5.375, 8.25, 5.5], "rotation": 90, "texture": "#4"}
			}
		},
		{
			"name": "melee1ability_15",
			"from": [6.68418, 17.28885, 2.61095],
			"to": [9.31582, 25.51595, 3.1986],
			"rotation": {"angle": 0, "axis": "y", "origin": [8, 8, 5.78625]},
			"faces": {
				"north": {"uv": [8.625, 4.875, 8.75, 6.625], "texture": "#4"},
				"east": {"uv": [8.625, 4.875, 8.75, 6.625], "texture": "#4"},
				"south": {"uv": [8.625, 4.875, 8.75, 6.625], "texture": "#4"},
				"west": {"uv": [8.625, 6.625, 8.75, 4.875], "rotation": 180, "texture": "#4"},
				"up": {"uv": [8.75, 4.875, 8.625, 5], "rotation": 90, "texture": "#4"},
				"down": {"uv": [8.625, 6.5, 8.75, 6.625], "rotation": 90, "texture": "#4"}
			}
		},
		{
			"name": "melee1ability_16",
			"from": [6.68418, 14.93825, -0.3273],
			"to": [9.31582, 25.51595, 0.26035],
			"rotation": {"angle": 0, "axis": "y", "origin": [8, 8, 5.78625]},
			"faces": {
				"north": {"uv": [9.25, 4.875, 9.375, 7.125], "texture": "#4"},
				"east": {"uv": [9.25, 4.875, 9.375, 7.125], "texture": "#4"},
				"south": {"uv": [9.25, 4.875, 9.375, 7.125], "texture": "#4"},
				"west": {"uv": [9.25, 7.125, 9.375, 4.875], "rotation": 180, "texture": "#4"},
				"up": {"uv": [9.375, 4.875, 9.25, 5], "rotation": 90, "texture": "#4"},
				"down": {"uv": [9.25, 7, 9.375, 7.125], "rotation": 90, "texture": "#4"}
			}
		},
		{
			"name": "melee1ability_17",
			"from": [6.68418, 20.81475, 3.1986],
			"to": [9.31582, 24.9283, 4.96155],
			"rotation": {"angle": 0, "axis": "y", "origin": [8, 8, 5.78625]},
			"faces": {
				"north": {"uv": [8.5, 5, 8.625, 5.875], "texture": "#4"},
				"east": {"uv": [8.25, 5, 8.625, 5.875], "texture": "#4"},
				"south": {"uv": [8.25, 5, 8.375, 5.875], "texture": "#4"},
				"west": {"uv": [8.25, 5.875, 8.625, 5], "rotation": 180, "texture": "#4"},
				"up": {"uv": [8.625, 5, 8.25, 5.125], "rotation": 90, "texture": "#4"},
				"down": {"uv": [8.25, 5.75, 8.625, 5.875], "rotation": 90, "texture": "#4"}
			}
		},
		{
			"name": "melee1ability_18",
			"from": [6.68418, 16.11355, -0.91495],
			"to": [9.31582, 24.9283, -0.3273],
			"rotation": {"angle": 0, "axis": "y", "origin": [8, 8, 5.78625]},
			"faces": {
				"north": {"uv": [9.375, 5, 9.5, 6.875], "texture": "#4"},
				"east": {"uv": [9.375, 5, 9.5, 6.875], "texture": "#4"},
				"south": {"uv": [9.375, 5, 9.5, 6.875], "texture": "#4"},
				"west": {"uv": [9.375, 6.875, 9.5, 5], "rotation": 180, "texture": "#4"},
				"up": {"uv": [9.5, 5, 9.375, 5.125], "rotation": 90, "texture": "#4"},
				"down": {"uv": [9.375, 6.75, 9.5, 6.875], "rotation": 90, "texture": "#4"}
			}
		},
		{
			"name": "melee1ability_22",
			"from": [6.68418, 22.5777, 6.7245],
			"to": [9.31582, 23.753, 7.31215],
			"rotation": {"angle": 0, "axis": "y", "origin": [8, 8, 5.78625]},
			"faces": {
				"north": {"uv": [7.75, 5.25, 7.875, 5.5], "texture": "#4"},
				"east": {"uv": [7.75, 5.25, 7.875, 5.5], "texture": "#4"},
				"south": {"uv": [7.75, 5.25, 7.875, 5.5], "texture": "#4"},
				"west": {"uv": [7.75, 5.5, 7.875, 5.25], "rotation": 180, "texture": "#4"},
				"up": {"uv": [7.875, 5.25, 7.75, 5.375], "rotation": 90, "texture": "#4"},
				"down": {"uv": [7.75, 5.375, 7.875, 5.5], "rotation": 90, "texture": "#4"}
			}
		},
		{
			"name": "melee1ability_23",
			"from": [6.68418, 17.28885, -1.5026],
			"to": [9.31582, 23.753, -0.91495],
			"rotation": {"angle": 0, "axis": "y", "origin": [8, 8, 5.78625]},
			"faces": {
				"north": {"uv": [9.5, 5.25, 9.625, 6.625], "texture": "#4"},
				"east": {"uv": [9.5, 5.25, 9.625, 6.625], "texture": "#4"},
				"south": {"uv": [9.5, 5.25, 9.625, 6.625], "texture": "#4"},
				"west": {"uv": [9.5, 6.625, 9.625, 5.25], "rotation": 180, "texture": "#4"},
				"up": {"uv": [9.625, 5.25, 9.5, 5.375], "rotation": 90, "texture": "#4"},
				"down": {"uv": [9.5, 6.5, 9.625, 6.625], "rotation": 90, "texture": "#4"}
			}
		},
		{
			"name": "melee1ability_29",
			"from": [6.68418, 21.99005, 7.31215],
			"to": [9.31582, 22.5777, 7.8998],
			"rotation": {"angle": 0, "axis": "y", "origin": [8, 8, 5.78625]},
			"faces": {
				"north": {"uv": [7.625, 5.5, 7.75, 5.625], "texture": "#4"},
				"east": {"uv": [7.625, 5.5, 7.75, 5.625], "texture": "#4"},
				"south": {"uv": [7.625, 5.5, 7.75, 5.625], "texture": "#4"},
				"west": {"uv": [7.625, 5.625, 7.75, 5.5], "rotation": 180, "texture": "#4"},
				"up": {"uv": [7.75, 5.5, 7.625, 5.625], "rotation": 90, "texture": "#4"},
				"down": {"uv": [7.625, 5.5, 7.75, 5.625], "rotation": 90, "texture": "#4"}
			}
		},
		{
			"name": "melee1ability_30",
			"from": [6.68418, 17.8765, -2.09025],
			"to": [9.31582, 22.5777, -1.5026],
			"rotation": {"angle": 0, "axis": "y", "origin": [8, 8, 5.78625]},
			"faces": {
				"north": {"uv": [9.625, 5.5, 9.75, 6.5], "texture": "#4"},
				"east": {"uv": [9.625, 5.5, 9.75, 6.5], "texture": "#4"},
				"south": {"uv": [9.625, 5.5, 9.75, 6.5], "texture": "#4"},
				"west": {"uv": [9.625, 6.5, 9.75, 5.5], "rotation": 180, "texture": "#4"},
				"up": {"uv": [9.75, 5.5, 9.625, 5.625], "rotation": 90, "texture": "#4"},
				"down": {"uv": [9.625, 6.375, 9.75, 6.5], "rotation": 90, "texture": "#4"}
			}
		},
		{
			"name": "melee1ability_34",
			"from": [6.68418, 21.4024, 5.5492],
			"to": [9.31582, 21.99005, 6.13685],
			"rotation": {"angle": 0, "axis": "y", "origin": [8, 8, 5.78625]},
			"faces": {
				"north": {"uv": [8, 5.625, 8.125, 5.75], "texture": "#4"},
				"east": {"uv": [8, 5.625, 8.125, 5.75], "texture": "#4"},
				"south": {"uv": [8, 5.625, 8.125, 5.75], "texture": "#4"},
				"west": {"uv": [8, 5.75, 8.125, 5.625], "rotation": 180, "texture": "#4"},
				"up": {"uv": [8.125, 5.625, 8, 5.75], "rotation": 90, "texture": "#4"},
				"down": {"uv": [8, 5.625, 8.125, 5.75], "rotation": 90, "texture": "#4"}
			}
		},
		{
			"name": "melee1ability_37",
			"from": [6.68418, 20.2271, 4.96155],
			"to": [9.31582, 20.81475, 5.5492],
			"rotation": {"angle": 0, "axis": "y", "origin": [8, 8, 5.78625]},
			"faces": {
				"north": {"uv": [8.125, 5.875, 8.25, 6], "texture": "#4"},
				"east": {"uv": [8.125, 5.875, 8.25, 6], "texture": "#4"},
				"south": {"uv": [8.125, 5.875, 8.25, 6], "texture": "#4"},
				"west": {"uv": [8.125, 6, 8.25, 5.875], "rotation": 180, "texture": "#4"},
				"up": {"uv": [8.25, 5.875, 8.125, 6], "rotation": 90, "texture": "#4"},
				"down": {"uv": [8.125, 5.875, 8.25, 6], "rotation": 90, "texture": "#4"}
			}
		},
		{
			"name": "melee1ability_38",
			"from": [6.68418, 18.46415, 3.1986],
			"to": [9.31582, 20.81475, 4.3739],
			"rotation": {"angle": 0, "axis": "y", "origin": [8, 8, 5.78625]},
			"faces": {
				"north": {"uv": [8.5, 5.875, 8.625, 6.375], "texture": "#4"},
				"east": {"uv": [8.375, 5.875, 8.625, 6.375], "texture": "#4"},
				"south": {"uv": [8.375, 5.875, 8.5, 6.375], "texture": "#4"},
				"west": {"uv": [8.375, 6.375, 8.625, 5.875], "rotation": 180, "texture": "#4"},
				"up": {"uv": [8.625, 5.875, 8.375, 6], "rotation": 90, "texture": "#4"},
				"down": {"uv": [8.375, 6.25, 8.625, 6.375], "rotation": 90, "texture": "#4"}
			}
		},
		{
			"name": "melee1ability_41",
			"from": [6.68418, 19.0518, -2.6779],
			"to": [9.31582, 20.2271, -2.09025],
			"rotation": {"angle": 0, "axis": "y", "origin": [8, 8, 5.78625]},
			"faces": {
				"north": {"uv": [9.75, 6, 9.875, 6.25], "texture": "#4"},
				"east": {"uv": [9.75, 6, 9.875, 6.25], "texture": "#4"},
				"south": {"uv": [9.75, 6, 9.875, 6.25], "texture": "#4"},
				"west": {"uv": [9.75, 6.25, 9.875, 6], "rotation": 180, "texture": "#4"},
				"up": {"uv": [9.875, 6, 9.75, 6.125], "rotation": 90, "texture": "#4"},
				"down": {"uv": [9.75, 6.125, 9.875, 6.25], "rotation": 90, "texture": "#4"}
			}
		},
		{
			"name": "melee1ability_44",
			"from": [6.68418, 19.0518, 5.5492],
			"to": [9.31582, 19.63945, 6.13685],
			"rotation": {"angle": 0, "axis": "y", "origin": [8, 8, 5.78625]},
			"faces": {
				"north": {"uv": [8, 6.125, 8.125, 6.25], "texture": "#4"},
				"east": {"uv": [8, 6.125, 8.125, 6.25], "texture": "#4"},
				"south": {"uv": [8, 6.125, 8.125, 6.25], "texture": "#4"},
				"west": {"uv": [8, 6.25, 8.125, 6.125], "rotation": 180, "texture": "#4"},
				"up": {"uv": [8.125, 6.125, 8, 6.25], "rotation": 90, "texture": "#4"},
				"down": {"uv": [8, 6.125, 8.125, 6.25], "rotation": 90, "texture": "#4"}
			}
		},
		{
			"name": "melee1ability_45",
			"from": [6.68418, 17.28885, 4.3739],
			"to": [9.31582, 19.63945, 4.96155],
			"rotation": {"angle": 0, "axis": "y", "origin": [8, 8, 5.78625]},
			"faces": {
				"north": {"uv": [8.25, 6.125, 8.375, 6.625], "texture": "#4"},
				"east": {"uv": [8.25, 6.125, 8.375, 6.625], "texture": "#4"},
				"south": {"uv": [8.25, 6.125, 8.375, 6.625], "texture": "#4"},
				"west": {"uv": [8.25, 6.625, 8.375, 6.125], "rotation": 180, "texture": "#4"},
				"up": {"uv": [8.375, 6.125, 8.25, 6.25], "rotation": 90, "texture": "#4"},
				"down": {"uv": [8.25, 6.5, 8.375, 6.625], "rotation": 90, "texture": "#4"}
			}
		},
		{
			"name": "melee1ability_47",
			"from": [6.68418, 17.8765, 4.96155],
			"to": [9.31582, 19.0518, 5.5492],
			"rotation": {"angle": 0, "axis": "y", "origin": [8, 8, 5.78625]},
			"faces": {
				"north": {"uv": [8.125, 6.25, 8.25, 6.5], "texture": "#4"},
				"east": {"uv": [8.125, 6.25, 8.25, 6.5], "texture": "#4"},
				"south": {"uv": [8.125, 6.25, 8.25, 6.5], "texture": "#4"},
				"west": {"uv": [8.125, 6.5, 8.25, 6.25], "rotation": 180, "texture": "#4"},
				"up": {"uv": [8.25, 6.25, 8.125, 6.375], "rotation": 90, "texture": "#4"},
				"down": {"uv": [8.125, 6.375, 8.25, 6.5], "rotation": 90, "texture": "#4"}
			}
		},
		{
			"name": "melee1ability_51",
			"from": [6.68418, 17.8765, 3.1986],
			"to": [9.31582, 18.46415, 3.78625],
			"rotation": {"angle": 0, "axis": "y", "origin": [8, 8, 5.78625]},
			"faces": {
				"north": {"uv": [8.5, 6.375, 8.625, 6.5], "texture": "#4"},
				"east": {"uv": [8.5, 6.375, 8.625, 6.5], "texture": "#4"},
				"south": {"uv": [8.5, 6.375, 8.625, 6.5], "texture": "#4"},
				"west": {"uv": [8.5, 6.5, 8.625, 6.375], "rotation": 180, "texture": "#4"},
				"up": {"uv": [8.625, 6.375, 8.5, 6.5], "rotation": 90, "texture": "#4"},
				"down": {"uv": [8.5, 6.375, 8.625, 6.5], "rotation": 90, "texture": "#4"}
			}
		},
		{
			"name": "melee1ability_53",
			"from": [6.68418, 17.28885, 5.5492],
			"to": [9.31582, 17.8765, 6.13685],
			"rotation": {"angle": 0, "axis": "y", "origin": [8, 8, 5.78625]},
			"faces": {
				"north": {"uv": [8, 6.5, 8.125, 6.625], "texture": "#4"},
				"east": {"uv": [8, 6.5, 8.125, 6.625], "texture": "#4"},
				"south": {"uv": [8, 6.5, 8.125, 6.625], "texture": "#4"},
				"west": {"uv": [8, 6.625, 8.125, 6.5], "rotation": 180, "texture": "#4"},
				"up": {"uv": [8.125, 6.5, 8, 6.625], "rotation": 90, "texture": "#4"},
				"down": {"uv": [8, 6.5, 8.125, 6.625], "rotation": 90, "texture": "#4"}
			}
		},
		{
			"name": "melee1ability_58",
			"from": [6.68418, 16.7012, 4.96155],
			"to": [9.31582, 17.28885, 5.5492],
			"rotation": {"angle": 0, "axis": "y", "origin": [8, 8, 5.78625]},
			"faces": {
				"north": {"uv": [8.125, 6.625, 8.25, 6.75], "texture": "#4"},
				"east": {"uv": [8.125, 6.625, 8.25, 6.75], "texture": "#4"},
				"south": {"uv": [8.125, 6.625, 8.25, 6.75], "texture": "#4"},
				"west": {"uv": [8.125, 6.75, 8.25, 6.625], "rotation": 180, "texture": "#4"},
				"up": {"uv": [8.25, 6.625, 8.125, 6.75], "rotation": 90, "texture": "#4"},
				"down": {"uv": [8.125, 6.625, 8.25, 6.75], "rotation": 90, "texture": "#4"}
			}
		},
		{
			"name": "melee1ability_59",
			"from": [6.68418, 16.11355, 1.43565],
			"to": [9.31582, 17.28885, 2.0233],
			"rotation": {"angle": 0, "axis": "y", "origin": [8, 8, 5.78625]},
			"faces": {
				"north": {"uv": [8.875, 6.625, 9, 6.875], "texture": "#4"},
				"east": {"uv": [8.875, 6.625, 9, 6.875], "texture": "#4"},
				"south": {"uv": [8.875, 6.625, 9, 6.875], "texture": "#4"},
				"west": {"uv": [8.875, 6.875, 9, 6.625], "rotation": 180, "texture": "#4"},
				"up": {"uv": [9, 6.625, 8.875, 6.75], "rotation": 90, "texture": "#4"},
				"down": {"uv": [8.875, 6.75, 9, 6.875], "rotation": 90, "texture": "#4"}
			}
		},
		{
			"name": "melee1ability_0",
			"from": [7.50542, 24.9283, -0.91495],
			"to": [8.49457, 30.8048, -0.3273],
			"rotation": {"angle": 0, "axis": "y", "origin": [8, 8, 5.78625]},
			"faces": {
				"north": {"uv": [11.375, 3.75, 11.5, 5], "texture": "#4"},
				"east": {"uv": [11.375, 3.75, 11.5, 5], "texture": "#4"},
				"south": {"uv": [11.375, 3.75, 11.5, 5], "texture": "#4"},
				"west": {"uv": [11.375, 5, 11.5, 3.75], "rotation": 180, "texture": "#4"},
				"up": {"uv": [11.5, 3.75, 11.375, 3.875], "rotation": 90, "texture": "#4"},
				"down": {"uv": [11.375, 4.875, 11.5, 5], "rotation": 90, "texture": "#4"}
			}
		},
		{
			"name": "melee1ability_2",
			"from": [7.50542, 25.51595, -0.3273],
			"to": [8.49457, 29.04185, 0.26035],
			"rotation": {"angle": 0, "axis": "y", "origin": [8, 8, 5.78625]},
			"faces": {
				"north": {"uv": [11.25, 4.125, 11.375, 4.875], "texture": "#4"},
				"east": {"uv": [11.25, 4.125, 11.375, 4.875], "texture": "#4"},
				"south": {"uv": [11.25, 4.125, 11.375, 4.875], "texture": "#4"},
				"west": {"uv": [11.25, 4.875, 11.375, 4.125], "rotation": 180, "texture": "#4"},
				"up": {"uv": [11.375, 4.125, 11.25, 4.25], "rotation": 90, "texture": "#4"},
				"down": {"uv": [11.25, 4.75, 11.375, 4.875], "rotation": 90, "texture": "#4"}
			}
		},
		{
			"name": "melee1ability_3",
			"from": [7.50542, 23.753, -1.5026],
			"to": [8.49457, 29.04185, -0.91495],
			"rotation": {"angle": 0, "axis": "y", "origin": [8, 8, 5.78625]},
			"faces": {
				"north": {"uv": [11.5, 4.125, 11.625, 5.25], "texture": "#4"},
				"east": {"uv": [11.5, 4.125, 11.625, 5.25], "texture": "#4"},
				"south": {"uv": [11.5, 4.125, 11.625, 5.25], "texture": "#4"},
				"west": {"uv": [11.5, 5.25, 11.625, 4.125], "rotation": 180, "texture": "#4"},
				"up": {"uv": [11.625, 4.125, 11.5, 4.25], "rotation": 90, "texture": "#4"},
				"down": {"uv": [11.5, 5.125, 11.625, 5.25], "rotation": 90, "texture": "#4"}
			}
		},
		{
			"name": "melee1ability_5",
			"from": [7.50542, 26.1036, 0.26035],
			"to": [8.49457, 27.86655, 0.848],
			"rotation": {"angle": 0, "axis": "y", "origin": [8, 8, 5.78625]},
			"faces": {
				"north": {"uv": [11.125, 4.375, 11.25, 4.75], "texture": "#4"},
				"east": {"uv": [11.125, 4.375, 11.25, 4.75], "texture": "#4"},
				"south": {"uv": [11.125, 4.375, 11.25, 4.75], "texture": "#4"},
				"west": {"uv": [11.125, 4.75, 11.25, 4.375], "rotation": 180, "texture": "#4"},
				"up": {"uv": [11.25, 4.375, 11.125, 4.5], "rotation": 90, "texture": "#4"},
				"down": {"uv": [11.125, 4.625, 11.25, 4.75], "rotation": 90, "texture": "#4"}
			}
		},
		{
			"name": "melee1ability_6",
			"from": [7.50542, 22.5777, -2.09025],
			"to": [8.49457, 27.86655, -1.5026],
			"rotation": {"angle": 0, "axis": "y", "origin": [8, 8, 5.78625]},
			"faces": {
				"north": {"uv": [11.625, 4.375, 11.75, 5.5], "texture": "#4"},
				"east": {"uv": [11.625, 4.375, 11.75, 5.5], "texture": "#4"},
				"south": {"uv": [11.625, 4.375, 11.75, 5.5], "texture": "#4"},
				"west": {"uv": [11.625, 5.5, 11.75, 4.375], "rotation": 180, "texture": "#4"},
				"up": {"uv": [11.75, 4.375, 11.625, 4.5], "rotation": 90, "texture": "#4"},
				"down": {"uv": [11.625, 5.375, 11.75, 5.5], "rotation": 90, "texture": "#4"}
			}
		},
		{
			"name": "melee1ability_7",
			"from": [7.50542, 26.69125, 0.848],
			"to": [8.49457, 27.2789, 1.43565],
			"rotation": {"angle": 0, "axis": "y", "origin": [8, 8, 5.78625]},
			"faces": {
				"north": {"uv": [11, 4.5, 11.125, 4.625], "texture": "#4"},
				"east": {"uv": [11, 4.5, 11.125, 4.625], "texture": "#4"},
				"south": {"uv": [11, 4.5, 11.125, 4.625], "texture": "#4"},
				"west": {"uv": [11, 4.625, 11.125, 4.5], "rotation": 180, "texture": "#4"},
				"up": {"uv": [11.125, 4.5, 11, 4.625], "rotation": 90, "texture": "#4"},
				"down": {"uv": [11, 4.5, 11.125, 4.625], "rotation": 90, "texture": "#4"}
			}
		},
		{
			"name": "melee1ability_12",
			"from": [7.50542, 20.2271, -2.6779],
			"to": [8.49457, 26.1036, -2.09025],
			"rotation": {"angle": 0, "axis": "y", "origin": [8, 8, 5.78625]},
			"faces": {
				"north": {"uv": [11.75, 4.75, 11.875, 6], "texture": "#4"},
				"east": {"uv": [11.75, 4.75, 11.875, 6], "texture": "#4"},
				"south": {"uv": [11.75, 4.75, 11.875, 6], "texture": "#4"},
				"west": {"uv": [11.75, 6, 11.875, 4.75], "rotation": 180, "texture": "#4"},
				"up": {"uv": [11.875, 4.75, 11.75, 4.875], "rotation": 90, "texture": "#4"},
				"down": {"uv": [11.75, 5.875, 11.875, 6], "rotation": 90, "texture": "#4"}
			}
		},
		{
			"name": "melee1ability_19",
			"from": [7.50542, 13.76295, -3.26555],
			"to": [8.49457, 24.9283, -2.6779],
			"rotation": {"angle": 0, "axis": "y", "origin": [8, 8, 5.78625]},
			"faces": {
				"north": {"uv": [11.875, 5, 12, 7.375], "texture": "#4"},
				"east": {"uv": [11.875, 5, 12, 7.375], "texture": "#4"},
				"south": {"uv": [11.875, 5, 12, 7.375], "texture": "#4"},
				"west": {"uv": [11.875, 7.375, 12, 5], "rotation": 180, "texture": "#4"},
				"up": {"uv": [12, 5, 11.875, 5.125], "rotation": 90, "texture": "#4"},
				"down": {"uv": [11.875, 7.25, 12, 7.375], "rotation": 90, "texture": "#4"}
			}
		},
		{
			"name": "melee1ability_24",
			"from": [7.50542, 15.5259, -3.8532],
			"to": [8.49457, 23.753, -3.26555],
			"rotation": {"angle": 0, "axis": "y", "origin": [8, 8, 5.78625]},
			"faces": {
				"north": {"uv": [12, 5.25, 12.125, 7], "texture": "#4"},
				"east": {"uv": [12, 5.25, 12.125, 7], "texture": "#4"},
				"south": {"uv": [12, 5.25, 12.125, 7], "texture": "#4"},
				"west": {"uv": [12, 7, 12.125, 5.25], "rotation": 180, "texture": "#4"},
				"up": {"uv": [12.125, 5.25, 12, 5.375], "rotation": 90, "texture": "#4"},
				"down": {"uv": [12, 6.875, 12.125, 7], "rotation": 90, "texture": "#4"}
			}
		},
		{
			"name": "melee1ability_48",
			"from": [7.50542, 10.8247, -2.6779],
			"to": [8.49457, 19.0518, -2.09025],
			"rotation": {"angle": 0, "axis": "y", "origin": [8, 8, 5.78625]},
			"faces": {
				"north": {"uv": [11.75, 6.25, 11.875, 8], "texture": "#4"},
				"east": {"uv": [11.75, 6.25, 11.875, 8], "texture": "#4"},
				"south": {"uv": [11.75, 6.25, 11.875, 8], "texture": "#4"},
				"west": {"uv": [11.75, 8, 11.875, 6.25], "rotation": 180, "texture": "#4"},
				"up": {"uv": [11.875, 6.25, 11.75, 6.375], "rotation": 90, "texture": "#4"},
				"down": {"uv": [11.75, 7.875, 11.875, 8], "rotation": 90, "texture": "#4"}
			}
		},
		{
			"name": "melee1ability_54",
			"from": [7.50542, 9.6494, -2.09025],
			"to": [8.49457, 17.8765, -1.5026],
			"rotation": {"angle": 0, "axis": "y", "origin": [8, 8, 5.78625]},
			"faces": {
				"north": {"uv": [11.625, 6.5, 11.75, 8.25], "texture": "#4"},
				"east": {"uv": [11.625, 6.5, 11.75, 8.25], "texture": "#4"},
				"south": {"uv": [11.625, 6.5, 11.75, 8.25], "texture": "#4"},
				"west": {"uv": [11.625, 8.25, 11.75, 6.5], "rotation": 180, "texture": "#4"},
				"up": {"uv": [11.75, 6.5, 11.625, 6.625], "rotation": 90, "texture": "#4"},
				"down": {"uv": [11.625, 8.125, 11.75, 8.25], "rotation": 90, "texture": "#4"}
			}
		},
		{
			"name": "melee1ability_60",
			"from": [7.50542, 8.4741, -1.5026],
			"to": [8.49457, 17.28885, -0.91495],
			"rotation": {"angle": 0, "axis": "y", "origin": [8, 8, 5.78625]},
			"faces": {
				"north": {"uv": [11.5, 6.625, 11.625, 8.5], "texture": "#4"},
				"east": {"uv": [11.5, 6.625, 11.625, 8.5], "texture": "#4"},
				"south": {"uv": [11.5, 6.625, 11.625, 8.5], "texture": "#4"},
				"west": {"uv": [11.5, 8.5, 11.625, 6.625], "rotation": 180, "texture": "#4"},
				"up": {"uv": [11.625, 6.625, 11.5, 6.75], "rotation": 90, "texture": "#4"},
				"down": {"uv": [11.5, 8.375, 11.625, 8.5], "rotation": 90, "texture": "#4"}
			}
		},
		{
			"name": "melee1ability_64",
			"from": [7.50542, 12.58765, -0.91495],
			"to": [8.49457, 16.11355, -0.3273],
			"rotation": {"angle": 0, "axis": "y", "origin": [8, 8, 5.78625]},
			"faces": {
				"north": {"uv": [11.375, 6.875, 11.5, 7.625], "texture": "#4"},
				"east": {"uv": [11.375, 6.875, 11.5, 7.625], "texture": "#4"},
				"south": {"uv": [11.375, 6.875, 11.5, 7.625], "texture": "#4"},
				"west": {"uv": [11.375, 7.625, 11.5, 6.875], "rotation": 180, "texture": "#4"},
				"up": {"uv": [11.5, 6.875, 11.375, 7], "rotation": 90, "texture": "#4"},
				"down": {"uv": [11.375, 7.5, 11.5, 7.625], "rotation": 90, "texture": "#4"}
			}
		},
		{
			"name": "melee1ability_69",
			"from": [7.50542, 14.3506, -0.3273],
			"to": [8.49457, 14.93825, 0.26035],
			"rotation": {"angle": 0, "axis": "y", "origin": [8, 8, 5.78625]},
			"faces": {
				"north": {"uv": [11.25, 7.125, 11.375, 7.25], "texture": "#4"},
				"east": {"uv": [11.25, 7.125, 11.375, 7.25], "texture": "#4"},
				"south": {"uv": [11.25, 7.125, 11.375, 7.25], "texture": "#4"},
				"west": {"uv": [11.25, 7.25, 11.375, 7.125], "rotation": 180, "texture": "#4"},
				"up": {"uv": [11.375, 7.125, 11.25, 7.25], "rotation": 90, "texture": "#4"},
				"down": {"uv": [11.25, 7.125, 11.375, 7.25], "rotation": 90, "texture": "#4"}
			}
		},
		{
			"name": "melee1ability_20",
			"from": [6.97618, 23.753, 6.7245],
			"to": [9.02383, 24.34065, 7.8998],
			"rotation": {"angle": 0, "axis": "y", "origin": [8, 8, 5.78625]},
			"faces": {
				"north": {"uv": [5.625, 5.125, 5.75, 5.25], "texture": "#4"},
				"east": {"uv": [5.5, 5.125, 5.75, 5.25], "texture": "#4"},
				"south": {"uv": [5.5, 5.125, 5.625, 5.25], "texture": "#4"},
				"west": {"uv": [5.5, 5.25, 5.75, 5.125], "rotation": 180, "texture": "#4"},
				"up": {"uv": [5.75, 5.125, 5.5, 5.25], "rotation": 90, "texture": "#4"},
				"down": {"uv": [5.5, 5.125, 5.75, 5.25], "rotation": 90, "texture": "#4"}
			}
		},
		{
			"name": "melee1ability_21",
			"from": [6.97618, 22.5777, 7.31215],
			"to": [9.02383, 23.753, 8.48745],
			"rotation": {"angle": 0, "axis": "y", "origin": [8, 8, 5.78625]},
			"faces": {
				"north": {"uv": [5.5, 5.25, 5.625, 5.5], "texture": "#4"},
				"east": {"uv": [5.375, 5.25, 5.625, 5.5], "texture": "#4"},
				"south": {"uv": [5.375, 5.25, 5.5, 5.5], "texture": "#4"},
				"west": {"uv": [5.375, 5.5, 5.625, 5.25], "rotation": 180, "texture": "#4"},
				"up": {"uv": [5.625, 5.25, 5.375, 5.375], "rotation": 90, "texture": "#4"},
				"down": {"uv": [5.375, 5.375, 5.625, 5.5], "rotation": 90, "texture": "#4"}
			}
		},
		{
			"name": "melee1ability_25",
			"from": [6.97618, 19.63945, 8.48745],
			"to": [9.02383, 23.16535, 9.0751],
			"rotation": {"angle": 0, "axis": "y", "origin": [8, 8, 5.78625]},
			"faces": {
				"north": {"uv": [5.25, 5.375, 5.375, 6.125], "texture": "#4"},
				"east": {"uv": [5.25, 5.375, 5.375, 6.125], "texture": "#4"},
				"south": {"uv": [5.25, 5.375, 5.375, 6.125], "texture": "#4"},
				"west": {"uv": [5.25, 6.125, 5.375, 5.375], "rotation": 180, "texture": "#4"},
				"up": {"uv": [5.375, 5.375, 5.25, 5.5], "rotation": 90, "texture": "#4"},
				"down": {"uv": [5.25, 6, 5.375, 6.125], "rotation": 90, "texture": "#4"}
			}
		},
		{
			"name": "melee1ability_26",
			"from": [6.97618, 18.46415, 7.8998],
			"to": [9.02383, 22.5777, 8.48745],
			"rotation": {"angle": 0, "axis": "y", "origin": [8, 8, 5.78625]},
			"faces": {
				"north": {"uv": [5.375, 5.5, 5.5, 6.375], "texture": "#4"},
				"east": {"uv": [5.375, 5.5, 5.5, 6.375], "texture": "#4"},
				"south": {"uv": [5.375, 5.5, 5.5, 6.375], "texture": "#4"},
				"west": {"uv": [5.375, 6.375, 5.5, 5.5], "rotation": 180, "texture": "#4"},
				"up": {"uv": [5.5, 5.5, 5.375, 5.625], "rotation": 90, "texture": "#4"},
				"down": {"uv": [5.375, 6.25, 5.5, 6.375], "rotation": 90, "texture": "#4"}
			}
		},
		{
			"name": "melee1ability_27",
			"from": [6.97618, 16.7012, 6.7245],
			"to": [9.02383, 22.5777, 7.31215],
			"rotation": {"angle": 0, "axis": "y", "origin": [8, 8, 5.78625]},
			"faces": {
				"north": {"uv": [5.625, 5.5, 5.75, 6.75], "texture": "#4"},
				"east": {"uv": [5.625, 5.5, 5.75, 6.75], "texture": "#4"},
				"south": {"uv": [5.625, 5.5, 5.75, 6.75], "texture": "#4"},
				"west": {"uv": [5.625, 6.75, 5.75, 5.5], "rotation": 180, "texture": "#4"},
				"up": {"uv": [5.75, 5.5, 5.625, 5.625], "rotation": 90, "texture": "#4"},
				"down": {"uv": [5.625, 6.625, 5.75, 6.75], "rotation": 90, "texture": "#4"}
			}
		},
		{
			"name": "melee1ability_28",
			"from": [6.97618, 21.99005, 4.96155],
			"to": [9.02383, 22.5777, 6.13685],
			"rotation": {"angle": 0, "axis": "y", "origin": [8, 8, 5.78625]},
			"faces": {
				"north": {"uv": [6, 5.5, 6.125, 5.625], "texture": "#4"},
				"east": {"uv": [5.875, 5.5, 6.125, 5.625], "texture": "#4"},
				"south": {"uv": [5.875, 5.5, 6, 5.625], "texture": "#4"},
				"west": {"uv": [5.875, 5.625, 6.125, 5.5], "rotation": 180, "texture": "#4"},
				"up": {"uv": [6.125, 5.5, 5.875, 5.625], "rotation": 90, "texture": "#4"},
				"down": {"uv": [5.875, 5.5, 6.125, 5.625], "rotation": 90, "texture": "#4"}
			}
		},
		{
			"name": "melee1ability_31",
			"from": [6.97618, 17.28885, 7.31215],
			"to": [9.02383, 21.99005, 7.8998],
			"rotation": {"angle": 0, "axis": "y", "origin": [8, 8, 5.78625]},
			"faces": {
				"north": {"uv": [5.5, 5.625, 5.625, 6.625], "texture": "#4"},
				"east": {"uv": [5.5, 5.625, 5.625, 6.625], "texture": "#4"},
				"south": {"uv": [5.5, 5.625, 5.625, 6.625], "texture": "#4"},
				"west": {"uv": [5.5, 6.625, 5.625, 5.625], "rotation": 180, "texture": "#4"},
				"up": {"uv": [5.625, 5.625, 5.5, 5.75], "rotation": 90, "texture": "#4"},
				"down": {"uv": [5.5, 6.5, 5.625, 6.625], "rotation": 90, "texture": "#4"}
			}
		},
		{
			"name": "melee1ability_32",
			"from": [6.97618, 14.93825, 6.13685],
			"to": [9.02383, 21.99005, 6.7245],
			"rotation": {"angle": 0, "axis": "y", "origin": [8, 8, 5.78625]},
			"faces": {
				"north": {"uv": [5.75, 5.625, 5.875, 7.125], "texture": "#4"},
				"east": {"uv": [5.75, 5.625, 5.875, 7.125], "texture": "#4"},
				"south": {"uv": [5.75, 5.625, 5.875, 7.125], "texture": "#4"},
				"west": {"uv": [5.75, 7.125, 5.875, 5.625], "rotation": 180, "texture": "#4"},
				"up": {"uv": [5.875, 5.625, 5.75, 5.75], "rotation": 90, "texture": "#4"},
				"down": {"uv": [5.75, 7, 5.875, 7.125], "rotation": 90, "texture": "#4"}
			}
		},
		{
			"name": "melee1ability_33",
			"from": [6.97618, 20.81475, 4.96155],
			"to": [9.02383, 21.99005, 5.5492],
			"rotation": {"angle": 0, "axis": "y", "origin": [8, 8, 5.78625]},
			"faces": {
				"north": {"uv": [6, 5.625, 6.125, 5.875], "texture": "#4"},
				"east": {"uv": [6, 5.625, 6.125, 5.875], "texture": "#4"},
				"south": {"uv": [6, 5.625, 6.125, 5.875], "texture": "#4"},
				"west": {"uv": [6, 5.875, 6.125, 5.625], "rotation": 180, "texture": "#4"},
				"up": {"uv": [6.125, 5.625, 6, 5.75], "rotation": 90, "texture": "#4"},
				"down": {"uv": [6, 5.75, 6.125, 5.875], "rotation": 90, "texture": "#4"}
			}
		},
		{
			"name": "melee1ability_35",
			"from": [6.97618, 19.63945, 5.5492],
			"to": [9.02383, 21.4024, 6.13685],
			"rotation": {"angle": 0, "axis": "y", "origin": [8, 8, 5.78625]},
			"faces": {
				"north": {"uv": [5.875, 5.75, 6, 6.125], "texture": "#4"},
				"east": {"uv": [5.875, 5.75, 6, 6.125], "texture": "#4"},
				"south": {"uv": [5.875, 5.75, 6, 6.125], "texture": "#4"},
				"west": {"uv": [5.875, 6.125, 6, 5.75], "rotation": 180, "texture": "#4"},
				"up": {"uv": [6, 5.75, 5.875, 5.875], "rotation": 90, "texture": "#4"},
				"down": {"uv": [5.875, 6, 6, 6.125], "rotation": 90, "texture": "#4"}
			}
		},
		{
			"name": "melee1ability_36",
			"from": [6.97618, 19.63945, 4.3739],
			"to": [9.02383, 20.81475, 4.96155],
			"rotation": {"angle": 0, "axis": "y", "origin": [8, 8, 5.78625]},
			"faces": {
				"north": {"uv": [6.125, 5.875, 6.25, 6.125], "texture": "#4"},
				"east": {"uv": [6.125, 5.875, 6.25, 6.125], "texture": "#4"},
				"south": {"uv": [6.125, 5.875, 6.25, 6.125], "texture": "#4"},
				"west": {"uv": [6.125, 6.125, 6.25, 5.875], "rotation": 180, "texture": "#4"},
				"up": {"uv": [6.25, 5.875, 6.125, 6], "rotation": 90, "texture": "#4"},
				"down": {"uv": [6.125, 6, 6.25, 6.125], "rotation": 90, "texture": "#4"}
			}
		},
		{
			"name": "melee1ability_39",
			"from": [6.97618, 19.0518, 4.96155],
			"to": [9.02383, 20.2271, 5.5492],
			"rotation": {"angle": 0, "axis": "y", "origin": [8, 8, 5.78625]},
			"faces": {
				"north": {"uv": [6, 6, 6.125, 6.25], "texture": "#4"},
				"east": {"uv": [6, 6, 6.125, 6.25], "texture": "#4"},
				"south": {"uv": [6, 6, 6.125, 6.25], "texture": "#4"},
				"west": {"uv": [6, 6.25, 6.125, 6], "rotation": 180, "texture": "#4"},
				"up": {"uv": [6.125, 6, 6, 6.125], "rotation": 90, "texture": "#4"},
				"down": {"uv": [6, 6.125, 6.125, 6.25], "rotation": 90, "texture": "#4"}
			}
		},
		{
			"name": "melee1ability_46",
			"from": [6.97618, 17.8765, 5.5492],
			"to": [9.02383, 19.0518, 6.13685],
			"rotation": {"angle": 0, "axis": "y", "origin": [8, 8, 5.78625]},
			"faces": {
				"north": {"uv": [5.875, 6.25, 6, 6.5], "texture": "#4"},
				"east": {"uv": [5.875, 6.25, 6, 6.5], "texture": "#4"},
				"south": {"uv": [5.875, 6.25, 6, 6.5], "texture": "#4"},
				"west": {"uv": [5.875, 6.5, 6, 6.25], "rotation": 180, "texture": "#4"},
				"up": {"uv": [6, 6.25, 5.875, 6.375], "rotation": 90, "texture": "#4"},
				"down": {"uv": [5.875, 6.375, 6, 6.5], "rotation": 90, "texture": "#4"}
			}
		},
		{
			"name": "melee1ability_52",
			"from": [6.97618, 17.28885, 4.96155],
			"to": [9.02383, 17.8765, 5.5492],
			"rotation": {"angle": 0, "axis": "y", "origin": [8, 8, 5.78625]},
			"faces": {
				"north": {"uv": [6, 6.5, 6.125, 6.625], "texture": "#4"},
				"east": {"uv": [6, 6.5, 6.125, 6.625], "texture": "#4"},
				"south": {"uv": [6, 6.5, 6.125, 6.625], "texture": "#4"},
				"west": {"uv": [6, 6.625, 6.125, 6.5], "rotation": 180, "texture": "#4"},
				"up": {"uv": [6.125, 6.5, 6, 6.625], "rotation": 90, "texture": "#4"},
				"down": {"uv": [6, 6.5, 6.125, 6.625], "rotation": 90, "texture": "#4"}
			}
		},
		{
			"name": "melee1ability_55",
			"from": [6.97618, 14.3506, 5.5492],
			"to": [9.02383, 17.28885, 6.13685],
			"rotation": {"angle": 0, "axis": "y", "origin": [8, 8, 5.78625]},
			"faces": {
				"north": {"uv": [5.875, 6.625, 6, 7.25], "texture": "#4"},
				"east": {"uv": [5.875, 6.625, 6, 7.25], "texture": "#4"},
				"south": {"uv": [5.875, 6.625, 6, 7.25], "texture": "#4"},
				"west": {"uv": [5.875, 7.25, 6, 6.625], "rotation": 180, "texture": "#4"},
				"up": {"uv": [6, 6.625, 5.875, 6.75], "rotation": 90, "texture": "#4"},
				"down": {"uv": [5.875, 7.125, 6, 7.25], "rotation": 90, "texture": "#4"}
			}
		},
		{
			"name": "melee1ability_71",
			"from": [6.97618, 13.76295, 6.13685],
			"to": [9.02383, 14.3506, 6.7245],
			"rotation": {"angle": 0, "axis": "y", "origin": [8, 8, 5.78625]},
			"faces": {
				"north": {"uv": [5.75, 7.25, 5.875, 7.375], "texture": "#4"},
				"east": {"uv": [5.75, 7.25, 5.875, 7.375], "texture": "#4"},
				"south": {"uv": [5.75, 7.25, 5.875, 7.375], "texture": "#4"},
				"west": {"uv": [5.75, 7.375, 5.875, 7.25], "rotation": 180, "texture": "#4"},
				"up": {"uv": [5.875, 7.25, 5.75, 7.375], "rotation": 90, "texture": "#4"},
				"down": {"uv": [5.75, 7.25, 5.875, 7.375], "rotation": 90, "texture": "#4"}
			}
		},
		{
			"name": "melee1ability_73",
			"from": [6.97618, 13.1753, 4.96155],
			"to": [9.02383, 13.76295, 5.5492],
			"rotation": {"angle": 0, "axis": "y", "origin": [8, 8, 5.78625]},
			"faces": {
				"north": {"uv": [6, 7.375, 6.125, 7.5], "texture": "#4"},
				"east": {"uv": [6, 7.375, 6.125, 7.5], "texture": "#4"},
				"south": {"uv": [6, 7.375, 6.125, 7.5], "texture": "#4"},
				"west": {"uv": [6, 7.5, 6.125, 7.375], "rotation": 180, "texture": "#4"},
				"up": {"uv": [6.125, 7.375, 6, 7.5], "rotation": 90, "texture": "#4"},
				"down": {"uv": [6, 7.375, 6.125, 7.5], "rotation": 90, "texture": "#4"}
			}
		},
		{
			"name": "melee1ability_78",
			"from": [6.97618, 12, 5.5492],
			"to": [9.02383, 12.58765, 6.13685],
			"rotation": {"angle": 0, "axis": "y", "origin": [8, 8, 5.78625]},
			"faces": {
				"north": {"uv": [5.875, 7.625, 6, 7.75], "texture": "#4"},
				"east": {"uv": [5.875, 7.625, 6, 7.75], "texture": "#4"},
				"south": {"uv": [5.875, 7.625, 6, 7.75], "texture": "#4"},
				"west": {"uv": [5.875, 7.75, 6, 7.625], "rotation": 180, "texture": "#4"},
				"up": {"uv": [6, 7.625, 5.875, 7.75], "rotation": 90, "texture": "#4"},
				"down": {"uv": [5.875, 7.625, 6, 7.75], "rotation": 90, "texture": "#4"}
			}
		},
		{
			"name": "melee1ability_40",
			"from": [7.66968, 16.11355, 9.0751],
			"to": [8.33033, 20.2271, 9.66275],
			"rotation": {"angle": 0, "axis": "y", "origin": [8, 8, 5.78625]},
			"faces": {
				"north": {"uv": [7.25, 6, 7.375, 6.875], "texture": "#4"},
				"east": {"uv": [7.25, 6, 7.375, 6.875], "texture": "#4"},
				"south": {"uv": [7.25, 6, 7.375, 6.875], "texture": "#4"},
				"west": {"uv": [7.25, 6.875, 7.375, 6], "rotation": 180, "texture": "#4"},
				"up": {"uv": [7.375, 6, 7.25, 6.125], "rotation": 90, "texture": "#4"},
				"down": {"uv": [7.25, 6.75, 7.375, 6.875], "rotation": 90, "texture": "#4"}
			}
		},
		{
			"name": "melee1ability_42",
			"from": [7.66968, 15.5259, 9.66275],
			"to": [8.33033, 19.63945, 10.2504],
			"rotation": {"angle": 0, "axis": "y", "origin": [8, 8, 5.78625]},
			"faces": {
				"north": {"uv": [7.125, 6.125, 7.25, 7], "texture": "#4"},
				"east": {"uv": [7.125, 6.125, 7.25, 7], "texture": "#4"},
				"south": {"uv": [7.125, 6.125, 7.25, 7], "texture": "#4"},
				"west": {"uv": [7.125, 7, 7.25, 6.125], "rotation": 180, "texture": "#4"},
				"up": {"uv": [7.25, 6.125, 7.125, 6.25], "rotation": 90, "texture": "#4"},
				"down": {"uv": [7.125, 6.875, 7.25, 7], "rotation": 90, "texture": "#4"}
			}
		},
		{
			"name": "melee1ability_43",
			"from": [7.66968, 16.7012, 8.48745],
			"to": [8.33033, 19.63945, 9.0751],
			"rotation": {"angle": 0, "axis": "y", "origin": [8, 8, 5.78625]},
			"faces": {
				"north": {"uv": [7.375, 6.125, 7.5, 6.75], "texture": "#4"},
				"east": {"uv": [7.375, 6.125, 7.5, 6.75], "texture": "#4"},
				"south": {"uv": [7.375, 6.125, 7.5, 6.75], "texture": "#4"},
				"west": {"uv": [7.375, 6.75, 7.5, 6.125], "rotation": 180, "texture": "#4"},
				"up": {"uv": [7.5, 6.125, 7.375, 6.25], "rotation": 90, "texture": "#4"},
				"down": {"uv": [7.375, 6.625, 7.5, 6.75], "rotation": 90, "texture": "#4"}
			}
		},
		{
			"name": "melee1ability_49",
			"from": [7.66968, 17.28885, 10.2504],
			"to": [8.33033, 18.46415, 10.83805],
			"rotation": {"angle": 0, "axis": "y", "origin": [8, 8, 5.78625]},
			"faces": {
				"north": {"uv": [7, 6.375, 7.125, 6.625], "texture": "#4"},
				"east": {"uv": [7, 6.375, 7.125, 6.625], "texture": "#4"},
				"south": {"uv": [7, 6.375, 7.125, 6.625], "texture": "#4"},
				"west": {"uv": [7, 6.625, 7.125, 6.375], "rotation": 180, "texture": "#4"},
				"up": {"uv": [7.125, 6.375, 7, 6.5], "rotation": 90, "texture": "#4"},
				"down": {"uv": [7, 6.5, 7.125, 6.625], "rotation": 90, "texture": "#4"}
			}
		},
		{
			"name": "melee1ability_50",
			"from": [7.66968, 17.8765, 7.8998],
			"to": [8.33033, 18.46415, 8.48745],
			"rotation": {"angle": 0, "axis": "y", "origin": [8, 8, 5.78625]},
			"faces": {
				"north": {"uv": [7.5, 6.375, 7.625, 6.5], "texture": "#4"},
				"east": {"uv": [7.5, 6.375, 7.625, 6.5], "texture": "#4"},
				"south": {"uv": [7.5, 6.375, 7.625, 6.5], "texture": "#4"},
				"west": {"uv": [7.5, 6.5, 7.625, 6.375], "rotation": 180, "texture": "#4"},
				"up": {"uv": [7.625, 6.375, 7.5, 6.5], "rotation": 90, "texture": "#4"},
				"down": {"uv": [7.5, 6.375, 7.625, 6.5], "rotation": 90, "texture": "#4"}
			}
		},
		{
			"name": "melee1ability_56",
			"from": [7.66968, 16.7012, 10.83805],
			"to": [8.33033, 17.28885, 11.4257],
			"rotation": {"angle": 0, "axis": "y", "origin": [8, 8, 5.78625]},
			"faces": {
				"north": {"uv": [6.875, 6.625, 7, 6.75], "texture": "#4"},
				"east": {"uv": [6.875, 6.625, 7, 6.75], "texture": "#4"},
				"south": {"uv": [6.875, 6.625, 7, 6.75], "texture": "#4"},
				"west": {"uv": [6.875, 6.75, 7, 6.625], "rotation": 180, "texture": "#4"},
				"up": {"uv": [7, 6.625, 6.875, 6.75], "rotation": 90, "texture": "#4"},
				"down": {"uv": [6.875, 6.625, 7, 6.75], "rotation": 90, "texture": "#4"}
			}
		},
		{
			"name": "melee1ability_57",
			"from": [7.66968, 14.3506, 7.31215],
			"to": [8.33033, 17.28885, 7.8998],
			"rotation": {"angle": 0, "axis": "y", "origin": [8, 8, 5.78625]},
			"faces": {
				"north": {"uv": [7.625, 6.625, 7.75, 7.25], "texture": "#4"},
				"east": {"uv": [7.625, 6.625, 7.75, 7.25], "texture": "#4"},
				"south": {"uv": [7.625, 6.625, 7.75, 7.25], "texture": "#4"},
				"west": {"uv": [7.625, 7.25, 7.75, 6.625], "rotation": 180, "texture": "#4"},
				"up": {"uv": [7.75, 6.625, 7.625, 6.75], "rotation": 90, "texture": "#4"},
				"down": {"uv": [7.625, 7.125, 7.75, 7.25], "rotation": 90, "texture": "#4"}
			}
		},
		{
			"name": "melee1ability_61",
			"from": [7.66968, 16.11355, 7.8998],
			"to": [8.33033, 16.7012, 8.48745],
			"rotation": {"angle": 0, "axis": "y", "origin": [8, 8, 5.78625]},
			"faces": {
				"north": {"uv": [7.5, 6.75, 7.625, 6.875], "texture": "#4"},
				"east": {"uv": [7.5, 6.75, 7.625, 6.875], "texture": "#4"},
				"south": {"uv": [7.5, 6.75, 7.625, 6.875], "texture": "#4"},
				"west": {"uv": [7.5, 6.875, 7.625, 6.75], "rotation": 180, "texture": "#4"},
				"up": {"uv": [7.625, 6.75, 7.5, 6.875], "rotation": 90, "texture": "#4"},
				"down": {"uv": [7.5, 6.75, 7.625, 6.875], "rotation": 90, "texture": "#4"}
			}
		},
		{
			"name": "melee1ability_62",
			"from": [7.66968, 13.76295, 6.7245],
			"to": [8.33033, 16.7012, 7.31215],
			"rotation": {"angle": 0, "axis": "y", "origin": [8, 8, 5.78625]},
			"faces": {
				"north": {"uv": [7.75, 6.75, 7.875, 7.375], "texture": "#4"},
				"east": {"uv": [7.75, 6.75, 7.875, 7.375], "texture": "#4"},
				"south": {"uv": [7.75, 6.75, 7.875, 7.375], "texture": "#4"},
				"west": {"uv": [7.75, 7.375, 7.875, 6.75], "rotation": 180, "texture": "#4"},
				"up": {"uv": [7.875, 6.75, 7.75, 6.875], "rotation": 90, "texture": "#4"},
				"down": {"uv": [7.75, 7.25, 7.875, 7.375], "rotation": 90, "texture": "#4"}
			}
		},
		{
			"name": "melee1ability_63",
			"from": [7.66968, 15.5259, 8.48745],
			"to": [8.33033, 16.11355, 9.0751],
			"rotation": {"angle": 0, "axis": "y", "origin": [8, 8, 5.78625]},
			"faces": {
				"north": {"uv": [7.375, 6.875, 7.5, 7], "texture": "#4"},
				"east": {"uv": [7.375, 6.875, 7.5, 7], "texture": "#4"},
				"south": {"uv": [7.375, 6.875, 7.5, 7], "texture": "#4"},
				"west": {"uv": [7.375, 7, 7.5, 6.875], "rotation": 180, "texture": "#4"},
				"up": {"uv": [7.5, 6.875, 7.375, 7], "rotation": 90, "texture": "#4"},
				"down": {"uv": [7.375, 6.875, 7.5, 7], "rotation": 90, "texture": "#4"}
			}
		},
		{
			"name": "melee1ability_65",
			"from": [7.66968, 14.93825, 9.0751],
			"to": [8.33033, 15.5259, 9.66275],
			"rotation": {"angle": 0, "axis": "y", "origin": [8, 8, 5.78625]},
			"faces": {
				"north": {"uv": [7.25, 7, 7.375, 7.125], "texture": "#4"},
				"east": {"uv": [7.25, 7, 7.375, 7.125], "texture": "#4"},
				"south": {"uv": [7.25, 7, 7.375, 7.125], "texture": "#4"},
				"west": {"uv": [7.25, 7.125, 7.375, 7], "rotation": 180, "texture": "#4"},
				"up": {"uv": [7.375, 7, 7.25, 7.125], "rotation": 90, "texture": "#4"},
				"down": {"uv": [7.25, 7, 7.375, 7.125], "rotation": 90, "texture": "#4"}
			}
		},
		{
			"name": "melee1ability_66",
			"from": [7.66968, 14.93825, 7.8998],
			"to": [8.33033, 15.5259, 8.48745],
			"rotation": {"angle": 0, "axis": "y", "origin": [8, 8, 5.78625]},
			"faces": {
				"north": {"uv": [7.5, 7, 7.625, 7.125], "texture": "#4"},
				"east": {"uv": [7.5, 7, 7.625, 7.125], "texture": "#4"},
				"south": {"uv": [7.5, 7, 7.625, 7.125], "texture": "#4"},
				"west": {"uv": [7.5, 7.125, 7.625, 7], "rotation": 180, "texture": "#4"},
				"up": {"uv": [7.625, 7, 7.5, 7.125], "rotation": 90, "texture": "#4"},
				"down": {"uv": [7.5, 7, 7.625, 7.125], "rotation": 90, "texture": "#4"}
			}
		},
		{
			"name": "melee1ability_68",
			"from": [7.66968, 14.3506, 8.48745],
			"to": [8.33033, 14.93825, 9.0751],
			"rotation": {"angle": 0, "axis": "y", "origin": [8, 8, 5.78625]},
			"faces": {
				"north": {"uv": [7.375, 7.125, 7.5, 7.25], "texture": "#4"},
				"east": {"uv": [7.375, 7.125, 7.5, 7.25], "texture": "#4"},
				"south": {"uv": [7.375, 7.125, 7.5, 7.25], "texture": "#4"},
				"west": {"uv": [7.375, 7.25, 7.5, 7.125], "rotation": 180, "texture": "#4"},
				"up": {"uv": [7.5, 7.125, 7.375, 7.25], "rotation": 90, "texture": "#4"},
				"down": {"uv": [7.375, 7.125, 7.5, 7.25], "rotation": 90, "texture": "#4"}
			}
		},
		{
			"name": "melee1ability_74",
			"from": [7.66968, 12, 7.31215],
			"to": [8.33033, 13.76295, 7.8998],
			"rotation": {"angle": 0, "axis": "y", "origin": [8, 8, 5.78625]},
			"faces": {
				"north": {"uv": [7.625, 7.375, 7.75, 7.75], "texture": "#4"},
				"east": {"uv": [7.625, 7.375, 7.75, 7.75], "texture": "#4"},
				"south": {"uv": [7.625, 7.375, 7.75, 7.75], "texture": "#4"},
				"west": {"uv": [7.625, 7.75, 7.75, 7.375], "rotation": 180, "texture": "#4"},
				"up": {"uv": [7.75, 7.375, 7.625, 7.5], "rotation": 90, "texture": "#4"},
				"down": {"uv": [7.625, 7.625, 7.75, 7.75], "rotation": 90, "texture": "#4"}
			}
		},
		{
			"name": "melee1ability_76",
			"from": [7.66968, 12.58765, 7.8998],
			"to": [8.33033, 13.1753, 8.48745],
			"rotation": {"angle": 0, "axis": "y", "origin": [8, 8, 5.78625]},
			"faces": {
				"north": {"uv": [7.5, 7.5, 7.625, 7.625], "texture": "#4"},
				"east": {"uv": [7.5, 7.5, 7.625, 7.625], "texture": "#4"},
				"south": {"uv": [7.5, 7.5, 7.625, 7.625], "texture": "#4"},
				"west": {"uv": [7.5, 7.625, 7.625, 7.5], "rotation": 180, "texture": "#4"},
				"up": {"uv": [7.625, 7.5, 7.5, 7.625], "rotation": 90, "texture": "#4"},
				"down": {"uv": [7.5, 7.5, 7.625, 7.625], "rotation": 90, "texture": "#4"}
			}
		},
		{
			"name": "melee1ability_80",
			"from": [7.66968, 11.41235, 7.8998],
			"to": [8.33033, 12, 8.48745],
			"rotation": {"angle": 0, "axis": "y", "origin": [8, 8, 5.78625]},
			"faces": {
				"north": {"uv": [7.5, 7.75, 7.625, 7.875], "texture": "#4"},
				"east": {"uv": [7.5, 7.75, 7.625, 7.875], "texture": "#4"},
				"south": {"uv": [7.5, 7.75, 7.625, 7.875], "texture": "#4"},
				"west": {"uv": [7.5, 7.875, 7.625, 7.75], "rotation": 180, "texture": "#4"},
				"up": {"uv": [7.625, 7.75, 7.5, 7.875], "rotation": 90, "texture": "#4"},
				"down": {"uv": [7.5, 7.75, 7.625, 7.875], "rotation": 90, "texture": "#4"}
			}
		},
		{
			"name": "melee1ability_81",
			"from": [7.66968, 11.41235, 6.7245],
			"to": [8.33033, 12, 7.31215],
			"rotation": {"angle": 0, "axis": "y", "origin": [8, 8, 5.78625]},
			"faces": {
				"north": {"uv": [7.75, 7.75, 7.875, 7.875], "texture": "#4"},
				"east": {"uv": [7.75, 7.75, 7.875, 7.875], "texture": "#4"},
				"south": {"uv": [7.75, 7.75, 7.875, 7.875], "texture": "#4"},
				"west": {"uv": [7.75, 7.875, 7.875, 7.75], "rotation": 180, "texture": "#4"},
				"up": {"uv": [7.875, 7.75, 7.75, 7.875], "rotation": 90, "texture": "#4"},
				"down": {"uv": [7.75, 7.75, 7.875, 7.875], "rotation": 90, "texture": "#4"}
			}
		},
		{
			"name": "melee1ability_67",
			"from": [7.24993, 14.3506, 6.13685],
			"to": [8.75007, 14.93825, 6.7245],
			"rotation": {"angle": 0, "axis": "y", "origin": [8, 8, 5.78625]},
			"faces": {
				"north": {"uv": [3.625, 7.125, 3.75, 7.25], "texture": "#4"},
				"east": {"uv": [3.625, 7.125, 3.75, 7.25], "texture": "#4"},
				"south": {"uv": [3.625, 7.125, 3.75, 7.25], "texture": "#4"},
				"west": {"uv": [3.625, 7.25, 3.75, 7.125], "rotation": 180, "texture": "#4"},
				"up": {"uv": [3.75, 7.125, 3.625, 7.25], "rotation": 90, "texture": "#4"},
				"down": {"uv": [3.625, 7.125, 3.75, 7.25], "rotation": 90, "texture": "#4"}
			}
		},
		{
			"name": "melee1ability_70",
			"from": [7.24993, 12.58765, 5.5492],
			"to": [8.75007, 14.3506, 6.13685],
			"rotation": {"angle": 0, "axis": "y", "origin": [8, 8, 5.78625]},
			"faces": {
				"north": {"uv": [3.75, 7.25, 3.875, 7.625], "texture": "#4"},
				"east": {"uv": [3.75, 7.25, 3.875, 7.625], "texture": "#4"},
				"south": {"uv": [3.75, 7.25, 3.875, 7.625], "texture": "#4"},
				"west": {"uv": [3.75, 7.625, 3.875, 7.25], "rotation": 180, "texture": "#4"},
				"up": {"uv": [3.875, 7.25, 3.75, 7.375], "rotation": 90, "texture": "#4"},
				"down": {"uv": [3.75, 7.5, 3.875, 7.625], "rotation": 90, "texture": "#4"}
			}
		},
		{
			"name": "melee1ability_72",
			"from": [7.24993, 12.58765, 6.13685],
			"to": [8.75007, 13.76295, 7.31215],
			"rotation": {"angle": 0, "axis": "y", "origin": [8, 8, 5.78625]},
			"faces": {
				"north": {"uv": [3.625, 7.375, 3.75, 7.625], "texture": "#4"},
				"east": {"uv": [3.5, 7.375, 3.75, 7.625], "texture": "#4"},
				"south": {"uv": [3.5, 7.375, 3.625, 7.625], "texture": "#4"},
				"west": {"uv": [3.5, 7.625, 3.75, 7.375], "rotation": 180, "texture": "#4"},
				"up": {"uv": [3.75, 7.375, 3.5, 7.5], "rotation": 90, "texture": "#4"},
				"down": {"uv": [3.5, 7.5, 3.75, 7.625], "rotation": 90, "texture": "#4"}
			}
		},
		{
			"name": "melee1ability_75",
			"from": [7.24993, 12.58765, 4.96155],
			"to": [8.75007, 13.1753, 5.5492],
			"rotation": {"angle": 0, "axis": "y", "origin": [8, 8, 5.78625]},
			"faces": {
				"north": {"uv": [3.875, 7.5, 4, 7.625], "texture": "#4"},
				"east": {"uv": [3.875, 7.5, 4, 7.625], "texture": "#4"},
				"south": {"uv": [3.875, 7.5, 4, 7.625], "texture": "#4"},
				"west": {"uv": [3.875, 7.625, 4, 7.5], "rotation": 180, "texture": "#4"},
				"up": {"uv": [4, 7.5, 3.875, 7.625], "rotation": 90, "texture": "#4"},
				"down": {"uv": [3.875, 7.5, 4, 7.625], "rotation": 90, "texture": "#4"}
			}
		},
		{
			"name": "melee1ability_77",
			"from": [7.24993, 4.9482, 6.13685],
			"to": [8.75007, 12.58765, 6.7245],
			"rotation": {"angle": 0, "axis": "y", "origin": [8, 8, 5.78625]},
			"faces": {
				"north": {"uv": [3.625, 7.625, 3.75, 9.25], "texture": "#4"},
				"east": {"uv": [3.625, 7.625, 3.75, 9.25], "texture": "#4"},
				"south": {"uv": [3.625, 7.625, 3.75, 9.25], "texture": "#4"},
				"west": {"uv": [3.625, 9.25, 3.75, 7.625], "rotation": 180, "texture": "#4"},
				"up": {"uv": [3.75, 7.625, 3.625, 7.75], "rotation": 90, "texture": "#4"},
				"down": {"uv": [3.625, 9.125, 3.75, 9.25], "rotation": 90, "texture": "#4"}
			}
		},
		{
			"name": "melee1ability_79",
			"from": [7.24993, 6.1235, 5.5492],
			"to": [8.75007, 12, 6.13685],
			"rotation": {"angle": 0, "axis": "y", "origin": [8, 8, 5.78625]},
			"faces": {
				"north": {"uv": [3.75, 7.75, 3.875, 9], "texture": "#4"},
				"east": {"uv": [3.75, 7.75, 3.875, 9], "texture": "#4"},
				"south": {"uv": [3.75, 7.75, 3.875, 9], "texture": "#4"},
				"west": {"uv": [3.75, 9, 3.875, 7.75], "rotation": 180, "texture": "#4"},
				"up": {"uv": [3.875, 7.75, 3.75, 7.875], "rotation": 90, "texture": "#4"},
				"down": {"uv": [3.75, 8.875, 3.875, 9], "rotation": 90, "texture": "#4"}
			}
		},
		{
			"name": "melee1ability_82",
			"from": [7.24993, 9.06175, 6.7245],
			"to": [8.75007, 10.23705, 7.31215],
			"rotation": {"angle": 0, "axis": "y", "origin": [8, 8, 5.78625]},
			"faces": {
				"north": {"uv": [3.5, 8.125, 3.625, 8.375], "texture": "#4"},
				"east": {"uv": [3.5, 8.125, 3.625, 8.375], "texture": "#4"},
				"south": {"uv": [3.5, 8.125, 3.625, 8.375], "texture": "#4"},
				"west": {"uv": [3.5, 8.375, 3.625, 8.125], "rotation": 180, "texture": "#4"},
				"up": {"uv": [3.625, 8.125, 3.5, 8.25], "rotation": 90, "texture": "#4"},
				"down": {"uv": [3.5, 8.25, 3.625, 8.375], "rotation": 90, "texture": "#4"}
			}
		},
		{
			"name": "melee1ability_83",
			"from": [7.24993, 9.06175, 4.96155],
			"to": [8.75007, 10.23705, 5.5492],
			"rotation": {"angle": 0, "axis": "y", "origin": [8, 8, 5.78625]},
			"faces": {
				"north": {"uv": [3.875, 8.125, 4, 8.375], "texture": "#4"},
				"east": {"uv": [3.875, 8.125, 4, 8.375], "texture": "#4"},
				"south": {"uv": [3.875, 8.125, 4, 8.375], "texture": "#4"},
				"west": {"uv": [3.875, 8.375, 4, 8.125], "rotation": 180, "texture": "#4"},
				"up": {"uv": [4, 8.125, 3.875, 8.25], "rotation": 90, "texture": "#4"},
				"down": {"uv": [3.875, 8.25, 4, 8.375], "rotation": 90, "texture": "#4"}
			}
		},
		{
			"name": "melee1ability_85",
			"from": [7.24993, 2.5976, 5.5492],
			"to": [8.75007, 5.53585, 6.13685],
			"rotation": {"angle": 0, "axis": "y", "origin": [8, 8, 5.78625]},
			"faces": {
				"north": {"uv": [3.75, 9.125, 3.875, 9.75], "texture": "#4"},
				"east": {"uv": [3.75, 9.125, 3.875, 9.75], "texture": "#4"},
				"south": {"uv": [3.75, 9.125, 3.875, 9.75], "texture": "#4"},
				"west": {"uv": [3.75, 9.75, 3.875, 9.125], "rotation": 180, "texture": "#4"},
				"up": {"uv": [3.875, 9.125, 3.75, 9.25], "rotation": 90, "texture": "#4"},
				"down": {"uv": [3.75, 9.625, 3.875, 9.75], "rotation": 90, "texture": "#4"}
			}
		},
		{
			"name": "melee1ability_87",
			"from": [7.24993, 3.18525, 6.13685],
			"to": [8.75007, 4.36055, 6.7245],
			"rotation": {"angle": 0, "axis": "y", "origin": [8, 8, 5.78625]},
			"faces": {
				"north": {"uv": [3.625, 9.375, 3.75, 9.625], "texture": "#4"},
				"east": {"uv": [3.625, 9.375, 3.75, 9.625], "texture": "#4"},
				"south": {"uv": [3.625, 9.375, 3.75, 9.625], "texture": "#4"},
				"west": {"uv": [3.625, 9.625, 3.75, 9.375], "rotation": 180, "texture": "#4"},
				"up": {"uv": [3.75, 9.375, 3.625, 9.5], "rotation": 90, "texture": "#4"},
				"down": {"uv": [3.625, 9.5, 3.75, 9.625], "rotation": 90, "texture": "#4"}
			}
		},
		{
			"name": "melee1ability_89",
			"from": [7.24993, 2.00995, 6.13685],
			"to": [8.75007, 2.5976, 6.7245],
			"rotation": {"angle": 0, "axis": "y", "origin": [8, 8, 5.78625]},
			"faces": {
				"north": {"uv": [3.625, 9.75, 3.75, 9.875], "texture": "#4"},
				"east": {"uv": [3.625, 9.75, 3.75, 9.875], "texture": "#4"},
				"south": {"uv": [3.625, 9.75, 3.75, 9.875], "texture": "#4"},
				"west": {"uv": [3.625, 9.875, 3.75, 9.75], "rotation": 180, "texture": "#4"},
				"up": {"uv": [3.75, 9.75, 3.625, 9.875], "rotation": 90, "texture": "#4"},
				"down": {"uv": [3.625, 9.75, 3.75, 9.875], "rotation": 90, "texture": "#4"}
			}
		},
		{
			"name": "melee1ability_91",
			"from": [7.24993, 1.4223, 5.5492],
			"to": [8.75007, 2.00995, 6.13685],
			"rotation": {"angle": 0, "axis": "y", "origin": [8, 8, 5.78625]},
			"faces": {
				"north": {"uv": [3.75, 9.875, 3.875, 10], "texture": "#4"},
				"east": {"uv": [3.75, 9.875, 3.875, 10], "texture": "#4"},
				"south": {"uv": [3.75, 9.875, 3.875, 10], "texture": "#4"},
				"west": {"uv": [3.75, 10, 3.875, 9.875], "rotation": 180, "texture": "#4"},
				"up": {"uv": [3.875, 9.875, 3.75, 10], "rotation": 90, "texture": "#4"},
				"down": {"uv": [3.75, 9.875, 3.875, 10], "rotation": 90, "texture": "#4"}
			}
		},
		{
			"name": "melee1ability_84",
			"from": [7.21343, 5.53585, 5.5492],
			"to": [8.78658, 6.1235, 6.13685],
			"rotation": {"angle": 0, "axis": "y", "origin": [8, 8, 5.78625]},
			"faces": {
				"north": {"uv": [8, 9, 8.125, 9.125], "texture": "#4"},
				"east": {"uv": [8, 9, 8.125, 9.125], "texture": "#4"},
				"south": {"uv": [8, 9, 8.125, 9.125], "texture": "#4"},
				"west": {"uv": [8, 9.125, 8.125, 9], "rotation": 180, "texture": "#4"},
				"up": {"uv": [8.125, 9, 8, 9.125], "rotation": 90, "texture": "#4"},
				"down": {"uv": [8, 9, 8.125, 9.125], "rotation": 90, "texture": "#4"}
			}
		},
		{
			"name": "melee1ability_86",
			"from": [7.21343, 4.36055, 6.13685],
			"to": [8.78658, 4.9482, 6.7245],
			"rotation": {"angle": 0, "axis": "y", "origin": [8, 8, 5.78625]},
			"faces": {
				"north": {"uv": [7.875, 9.25, 8, 9.375], "texture": "#4"},
				"east": {"uv": [7.875, 9.25, 8, 9.375], "texture": "#4"},
				"south": {"uv": [7.875, 9.25, 8, 9.375], "texture": "#4"},
				"west": {"uv": [7.875, 9.375, 8, 9.25], "rotation": 180, "texture": "#4"},
				"up": {"uv": [8, 9.25, 7.875, 9.375], "rotation": 90, "texture": "#4"},
				"down": {"uv": [7.875, 9.25, 8, 9.375], "rotation": 90, "texture": "#4"}
			}
		},
		{
			"name": "melee1ability_88",
			"from": [7.21343, 2.5976, 6.13685],
			"to": [8.78658, 3.18525, 6.7245],
			"rotation": {"angle": 0, "axis": "y", "origin": [8, 8, 5.78625]},
			"faces": {
				"north": {"uv": [7.875, 9.625, 8, 9.75], "texture": "#4"},
				"east": {"uv": [7.875, 9.625, 8, 9.75], "texture": "#4"},
				"south": {"uv": [7.875, 9.625, 8, 9.75], "texture": "#4"},
				"west": {"uv": [7.875, 9.75, 8, 9.625], "rotation": 180, "texture": "#4"},
				"up": {"uv": [8, 9.625, 7.875, 9.75], "rotation": 90, "texture": "#4"},
				"down": {"uv": [7.875, 9.625, 8, 9.75], "rotation": 90, "texture": "#4"}
			}
		},
		{
			"name": "melee1ability_90",
			"from": [7.21343, 2.00995, 5.5492],
			"to": [8.78658, 2.5976, 6.13685],
			"rotation": {"angle": 0, "axis": "y", "origin": [8, 8, 5.78625]},
			"faces": {
				"north": {"uv": [8, 9.75, 8.125, 9.875], "texture": "#4"},
				"east": {"uv": [8, 9.75, 8.125, 9.875], "texture": "#4"},
				"south": {"uv": [8, 9.75, 8.125, 9.875], "texture": "#4"},
				"west": {"uv": [8, 9.875, 8.125, 9.75], "rotation": 180, "texture": "#4"},
				"up": {"uv": [8.125, 9.75, 8, 9.875], "rotation": 90, "texture": "#4"},
				"down": {"uv": [8, 9.75, 8.125, 9.875], "rotation": 90, "texture": "#4"}
			}
		},
		{
			"name": "melee1ability_92",
			"from": [7.21343, 0.247, 6.13685],
			"to": [8.78658, 2.00995, 6.7245],
			"rotation": {"angle": 0, "axis": "y", "origin": [8, 8, 5.78625]},
			"faces": {
				"north": {"uv": [7.875, 9.875, 8, 10.25], "texture": "#4"},
				"east": {"uv": [7.875, 9.875, 8, 10.25], "texture": "#4"},
				"south": {"uv": [7.875, 9.875, 8, 10.25], "texture": "#4"},
				"west": {"uv": [7.875, 10.25, 8, 9.875], "rotation": 180, "texture": "#4"},
				"up": {"uv": [8, 9.875, 7.875, 10], "rotation": 90, "texture": "#4"},
				"down": {"uv": [7.875, 10.125, 8, 10.25], "rotation": 90, "texture": "#4"}
			}
		},
		{
			"name": "melee1ability_93",
			"from": [7.21343, -2.1036, 5.5492],
			"to": [8.78658, 1.4223, 6.13685],
			"rotation": {"angle": 0, "axis": "y", "origin": [8, 8, 5.78625]},
			"faces": {
				"north": {"uv": [8, 10, 8.125, 10.75], "texture": "#4"},
				"east": {"uv": [8, 10, 8.125, 10.75], "texture": "#4"},
				"south": {"uv": [8, 10, 8.125, 10.75], "texture": "#4"},
				"west": {"uv": [8, 10.75, 8.125, 10], "rotation": 180, "texture": "#4"},
				"up": {"uv": [8.125, 10, 8, 10.125], "rotation": 90, "texture": "#4"},
				"down": {"uv": [8, 10.625, 8.125, 10.75], "rotation": 90, "texture": "#4"}
			}
		},
		{
			"name": "melee1ability_95",
			"from": [7.21343, -0.9283, 6.13685],
			"to": [8.78658, -0.34065, 6.7245],
			"rotation": {"angle": 0, "axis": "y", "origin": [8, 8, 5.78625]},
			"faces": {
				"north": {"uv": [7.875, 10.375, 8, 10.5], "texture": "#4"},
				"east": {"uv": [7.875, 10.375, 8, 10.5], "texture": "#4"},
				"south": {"uv": [7.875, 10.375, 8, 10.5], "texture": "#4"},
				"west": {"uv": [7.875, 10.5, 8, 10.375], "rotation": 180, "texture": "#4"},
				"up": {"uv": [8, 10.375, 7.875, 10.5], "rotation": 90, "texture": "#4"},
				"down": {"uv": [7.875, 10.375, 8, 10.5], "rotation": 90, "texture": "#4"}
			}
		},
		{
			"name": "melee1ability_94",
			"from": [7.01268, -0.34065, 6.13685],
			"to": [8.98732, 0.247, 6.7245],
			"rotation": {"angle": 0, "axis": "y", "origin": [8, 8, 5.78625]},
			"faces": {
				"north": {"uv": [6.125, 10.25, 6.25, 10.375], "texture": "#4"},
				"east": {"uv": [6.125, 10.25, 6.25, 10.375], "texture": "#4"},
				"south": {"uv": [6.125, 10.25, 6.25, 10.375], "texture": "#4"},
				"west": {"uv": [6.125, 10.375, 6.25, 10.25], "rotation": 180, "texture": "#4"},
				"up": {"uv": [6.25, 10.25, 6.125, 10.375], "rotation": 90, "texture": "#4"},
				"down": {"uv": [6.125, 10.25, 6.25, 10.375], "rotation": 90, "texture": "#4"}
			}
		},
		{
			"name": "melee1ability_96",
			"from": [7.01268, -3.86655, 6.13685],
			"to": [8.98732, -0.9283, 6.7245],
			"rotation": {"angle": 0, "axis": "y", "origin": [8, 8, 5.78625]},
			"faces": {
				"north": {"uv": [6.125, 10.5, 6.25, 11.125], "texture": "#4"},
				"east": {"uv": [6.125, 10.5, 6.25, 11.125], "texture": "#4"},
				"south": {"uv": [6.125, 10.5, 6.25, 11.125], "texture": "#4"},
				"west": {"uv": [6.125, 11.125, 6.25, 10.5], "rotation": 180, "texture": "#4"},
				"up": {"uv": [6.25, 10.5, 6.125, 10.625], "rotation": 90, "texture": "#4"},
				"down": {"uv": [6.125, 11, 6.25, 11.125], "rotation": 90, "texture": "#4"}
			}
		},
		{
			"name": "melee1ability_97",
			"from": [7.01268, -2.69125, 5.5492],
			"to": [8.98732, -2.1036, 6.13685],
			"rotation": {"angle": 0, "axis": "y", "origin": [8, 8, 5.78625]},
			"faces": {
				"north": {"uv": [6.25, 10.75, 6.375, 10.875], "texture": "#4"},
				"east": {"uv": [6.25, 10.75, 6.375, 10.875], "texture": "#4"},
				"south": {"uv": [6.25, 10.75, 6.375, 10.875], "texture": "#4"},
				"west": {"uv": [6.25, 10.875, 6.375, 10.75], "rotation": 180, "texture": "#4"},
				"up": {"uv": [6.375, 10.75, 6.25, 10.875], "rotation": 90, "texture": "#4"},
				"down": {"uv": [6.25, 10.75, 6.375, 10.875], "rotation": 90, "texture": "#4"}
			}
		},
		{
			"name": "melee1ability_99",
			"from": [7.01268, -3.86655, 4.96155],
			"to": [8.98732, -3.2789, 6.13685],
			"rotation": {"angle": 0, "axis": "y", "origin": [8, 8, 5.78625]},
			"faces": {
				"north": {"uv": [6.375, 11, 6.5, 11.125], "texture": "#4"},
				"east": {"uv": [6.25, 11, 6.5, 11.125], "texture": "#4"},
				"south": {"uv": [6.25, 11, 6.375, 11.125], "texture": "#4"},
				"west": {"uv": [6.25, 11.125, 6.5, 11], "rotation": 180, "texture": "#4"},
				"up": {"uv": [6.5, 11, 6.25, 11.125], "rotation": 90, "texture": "#4"},
				"down": {"uv": [6.25, 11, 6.5, 11.125], "rotation": 90, "texture": "#4"}
			}
		},
		{
			"name": "melee1ability_101",
			"from": [7.01268, -4.4542, 5.5492],
			"to": [8.98732, -3.86655, 6.13685],
			"rotation": {"angle": 0, "axis": "y", "origin": [8, 8, 5.78625]},
			"faces": {
				"north": {"uv": [6.25, 11.125, 6.375, 11.25], "texture": "#4"},
				"east": {"uv": [6.25, 11.125, 6.375, 11.25], "texture": "#4"},
				"south": {"uv": [6.25, 11.125, 6.375, 11.25], "texture": "#4"},
				"west": {"uv": [6.25, 11.25, 6.375, 11.125], "rotation": 180, "texture": "#4"},
				"up": {"uv": [6.375, 11.125, 6.25, 11.25], "rotation": 90, "texture": "#4"},
				"down": {"uv": [6.25, 11.125, 6.375, 11.25], "rotation": 90, "texture": "#4"}
			}
		},
		{
			"name": "melee1ability_98",
			"from": [6.77543, -3.2789, 5.5492],
			"to": [9.22458, -2.69125, 6.13685],
			"rotation": {"angle": 0, "axis": "y", "origin": [8, 8, 5.78625]},
			"faces": {
				"north": {"uv": [8, 10.875, 8.125, 11], "texture": "#4"},
				"east": {"uv": [8, 10.875, 8.125, 11], "texture": "#4"},
				"south": {"uv": [8, 10.875, 8.125, 11], "texture": "#4"},
				"west": {"uv": [8, 11, 8.125, 10.875], "rotation": 180, "texture": "#4"},
				"up": {"uv": [8.125, 10.875, 8, 11], "rotation": 90, "texture": "#4"},
				"down": {"uv": [8, 10.875, 8.125, 11], "rotation": 90, "texture": "#4"}
			}
		},
		{
			"name": "melee1ability_100",
			"from": [6.77543, -4.4542, 6.7245],
			"to": [9.22458, -3.2789, 7.31215],
			"rotation": {"angle": 0, "axis": "y", "origin": [8, 8, 5.78625]},
			"faces": {
				"north": {"uv": [7.75, 11, 7.875, 11.25], "texture": "#4"},
				"east": {"uv": [7.75, 11, 7.875, 11.25], "texture": "#4"},
				"south": {"uv": [7.75, 11, 7.875, 11.25], "texture": "#4"},
				"west": {"uv": [7.75, 11.25, 7.875, 11], "rotation": 180, "texture": "#4"},
				"up": {"uv": [7.875, 11, 7.75, 11.125], "rotation": 90, "texture": "#4"},
				"down": {"uv": [7.75, 11.125, 7.875, 11.25], "rotation": 90, "texture": "#4"}
			}
		},
		{
			"name": "melee1ability_102",
			"from": [6.77543, -6.21715, 6.13685],
			"to": [9.22458, -3.86655, 6.7245],
			"rotation": {"angle": 0, "axis": "y", "origin": [8, 8, 5.78625]},
			"faces": {
				"north": {"uv": [7.875, 11.125, 8, 11.625], "texture": "#4"},
				"east": {"uv": [7.875, 11.125, 8, 11.625], "texture": "#4"},
				"south": {"uv": [7.875, 11.125, 8, 11.625], "texture": "#4"},
				"west": {"uv": [7.875, 11.625, 8, 11.125], "rotation": 180, "texture": "#4"},
				"up": {"uv": [8, 11.125, 7.875, 11.25], "rotation": 90, "texture": "#4"},
				"down": {"uv": [7.875, 11.5, 8, 11.625], "rotation": 90, "texture": "#4"}
			}
		},
		{
			"name": "melee1ability_103",
			"from": [6.77543, -4.4542, 4.96155],
			"to": [9.22458, -3.86655, 5.5492],
			"rotation": {"angle": 0, "axis": "y", "origin": [8, 8, 5.78625]},
			"faces": {
				"north": {"uv": [8.125, 11.125, 8.25, 11.25], "texture": "#4"},
				"east": {"uv": [8.125, 11.125, 8.25, 11.25], "texture": "#4"},
				"south": {"uv": [8.125, 11.125, 8.25, 11.25], "texture": "#4"},
				"west": {"uv": [8.125, 11.25, 8.25, 11.125], "rotation": 180, "texture": "#4"},
				"up": {"uv": [8.25, 11.125, 8.125, 11.25], "rotation": 90, "texture": "#4"},
				"down": {"uv": [8.125, 11.125, 8.25, 11.25], "rotation": 90, "texture": "#4"}
			}
		},
		{
			"name": "melee1ability_104",
			"from": [6.77543, -6.21715, 5.5492],
			"to": [9.22458, -4.4542, 6.13685],
			"rotation": {"angle": 0, "axis": "y", "origin": [8, 8, 5.78625]},
			"faces": {
				"north": {"uv": [8, 11.25, 8.125, 11.625], "texture": "#4"},
				"east": {"uv": [8, 11.25, 8.125, 11.625], "texture": "#4"},
				"south": {"uv": [8, 11.25, 8.125, 11.625], "texture": "#4"},
				"west": {"uv": [8, 11.625, 8.125, 11.25], "rotation": 180, "texture": "#4"},
				"up": {"uv": [8.125, 11.25, 8, 11.375], "rotation": 90, "texture": "#4"},
				"down": {"uv": [8, 11.5, 8.125, 11.625], "rotation": 90, "texture": "#4"}
			}
		},
		{
			"from": [8, 10, 6.75],
			"to": [8, 26, 22.75],
			"rotation": {"angle": 0, "axis": "y", "origin": [7, 0, 0]},
			"faces": {
				"north": {"uv": [0, 0, 0, 16], "texture": "#missing"},
				"east": {"uv": [0, 0, 16, 16], "texture": "#5"},
				"south": {"uv": [0, 0, 0, 16], "texture": "#missing"},
				"west": {"uv": [16, 0, 0, 16], "texture": "#5"},
				"up": {"uv": [0, 0, 0, 16], "texture": "#missing"},
				"down": {"uv": [0, 0, 0, 16], "texture": "#missing"}
			}
		},
		{
			"from": [8, 16, 3.75],
			"to": [8, 32, 19.75],
			"rotation": {"angle": -45, "axis": "x", "origin": [8, 18, 11.75]},
			"faces": {
				"north": {"uv": [0, 0, 0, 16], "texture": "#missing"},
				"east": {"uv": [0, 0, 16, 16], "texture": "#5"},
				"south": {"uv": [0, 0, 0, 16], "texture": "#missing"},
				"west": {"uv": [16, 0, 0, 16], "texture": "#5"},
				"up": {"uv": [0, 0, 0, 16], "texture": "#missing"},
				"down": {"uv": [0, 0, 0, 16], "texture": "#missing"}
			}
		},
		{
			"from": [8, -6, 6.75],
			"to": [8, 10, 22.75],
			"rotation": {"angle": 0, "axis": "y", "origin": [7, 0, 0]},
			"faces": {
				"north": {"uv": [0, 0, 0, 16], "texture": "#missing"},
				"east": {"uv": [0, 0, 16, 16], "texture": "#5"},
				"south": {"uv": [0, 0, 0, 16], "texture": "#missing"},
				"west": {"uv": [16, 0, 0, 16], "texture": "#5"},
				"up": {"uv": [0, 0, 0, 16], "texture": "#missing"},
				"down": {"uv": [0, 0, 0, 16], "texture": "#missing"}
			}
		},
		{
			"from": [5.7625, 0, 4],
			"to": [10.2375, 4, 16],
			"rotation": {"angle": 0, "axis": "y", "origin": [0.2375, 0, 0]},
			"faces": {
				"north": {"uv": [10, 12, 11, 13], "texture": "#3"},
				"east": {"uv": [10, 13, 11, 16], "rotation": 270, "texture": "#3"},
				"south": {"uv": [9, 12, 10, 13], "texture": "#3"},
				"west": {"uv": [8, 13, 9, 16], "rotation": 90, "texture": "#3"},
				"up": {"uv": [9, 13, 10, 16], "rotation": 180, "texture": "#3"},
				"down": {"uv": [11, 13, 12, 16], "texture": "#3"}
			}
		},
		{
			"from": [5.6625, -0.1, 3.9],
			"to": [10.3375, 4.1, 16.1],
			"rotation": {"angle": 0, "axis": "y", "origin": [0.2375, 0, 0]},
			"faces": {
				"north": {"uv": [12, 0, 12.975, 1], "texture": "#2"},
				"east": {"uv": [12, 1, 13, 4], "rotation": 270, "texture": "#2"},
				"south": {"uv": [11, 0, 11.975, 1], "texture": "#2"},
				"west": {"uv": [10, 1, 11, 4], "rotation": 90, "texture": "#2"},
				"up": {"uv": [11, 1, 12, 4], "rotation": 180, "texture": "#2"},
				"down": {"uv": [13, 1, 14, 4], "texture": "#2"}
			}
		}
	],
	"display": {
		"thirdperson_righthand": {
			"scale": [0, 0, 0]
		},
		"thirdperson_lefthand": {
			"scale": [0, 0, 0]
		},
		"firstperson_righthand": {
			"rotation": [-34.25, 0, -18],
			"translation": [3.25, 10.25, -7.25]
		},
		"firstperson_lefthand": {
			"scale": [0, 0, 0]
		},
		"ground": {
			"scale": [0, 0, 0]
		},
		"gui": {
			"scale": [0, 0, 0]
		}
	},
	"groups": [
		{
			"name": "melee1ability",
			"origin": [8.475, 8, 8],
			"color": 0,
			"children": [
				{
					"name": "group",
					"origin": [8.04875, 32.955, 33.15625],
					"color": 0,
					"children": [0, 1, 2, 3, 4, 5, 6, 7, 8, 9, 10, 11, 12, 13, 14, 15, 16, 17, 18, 19, 20, 21, 22, 23, 24, 25, 26]
				},
				{
					"name": "group",
					"origin": [7.71125, 32.955, 33.15625],
					"color": 0,
					"children": [27, 28, 29, 30, 31, 32, 33, 34, 35, 36, 37, 38, 39, 40]
				},
				{
					"name": "group",
					"origin": [8.13625, 32.955, 33.15625],
					"color": 0,
					"children": [41, 42, 43, 44, 45, 46, 47, 48, 49, 50, 51, 52, 53, 54, 55, 56, 57, 58]
				},
				{
					"name": "group",
					"origin": [8.72375, 32.955, 33.15625],
					"color": 0,
					"children": [59, 60, 61, 62, 63, 64, 65, 66, 67, 68, 69, 70, 71, 72, 73, 74, 75]
				},
				{
					"name": "group",
					"origin": [7.97375, 32.955, 33.15625],
					"color": 0,
					"children": [76, 77, 78, 79, 80, 81, 82, 83, 84, 85, 86, 87]
				},
				{
					"name": "group",
					"origin": [8.13625, 32.955, 33.15625],
					"color": 0,
					"children": [88, 89, 90, 91, 92, 93, 94]
				},
				{
					"name": "group",
					"origin": [8.43625, 32.955, 33.15625],
					"color": 0,
					"children": [95, 96, 97, 98, 99]
				},
				{
					"name": "group",
					"origin": [8.43625, 32.955, 33.15625],
					"color": 0,
					"children": [100, 101, 102, 103, 104]
				},
				105,
				106,
				107
			]
		},
		108,
		109
	]
}