{
	"credit": "Made with Blockbench",
	"texture_size": [32, 32],
	"textures": {
		"0": "ajplayerarmor/ranger_verge_head",
		"particle": "ajplayerarmor/ranger_verge_head"
	},
	"elements": [
		{
			"from": [4.75, 6.25, 4],
			"to": [11.25, 7.5, 11.25],
			"rotation": {"angle": 0, "axis": "y", "origin": [0, -14.5, 16]},
			"faces": {
				"north": {"uv": [14, 4, 10.5, 4.5], "texture": "#0"},
				"east": {"uv": [14, 3.5, 10.5, 4], "texture": "#0"},
				"south": {"uv": [14, 3, 10.5, 3.5], "texture": "#0"},
				"west": {"uv": [14, 4.5, 10.5, 5], "texture": "#0"},
				"up": {"uv": [3.5, 0, 0, 3.5], "texture": "#0"},
				"down": {"uv": [3.5, 7, 0, 3.5], "texture": "#0"}
			}
		},
		{
			"from": [4.95, 6.25, 5.25],
			"to": [11.05, 7.5, 8.5],
			"rotation": {"angle": 22.5, "axis": "x", "origin": [8, 8.375, 7.625]},
			"faces": {
				"north": {"uv": [13.5, 10.5, 10.5, 11], "texture": "#0"},
				"east": {"uv": [11.5, 11, 10, 11.5], "texture": "#0"},
				"south": {"uv": [13.5, 8.5, 10.5, 9], "texture": "#0"},
				"west": {"uv": [13, 0, 11.5, 0.5], "texture": "#0"},
				"up": {"uv": [9, 9, 6, 10.5], "texture": "#0"},
				"down": {"uv": [12, 10.5, 9, 9], "texture": "#0"}
			}
		},
		{
			"from": [11, 0.25, 4],
			"to": [12, 6.25, 12],
			"rotation": {"angle": 0, "axis": "y", "origin": [0, -14.5, 16]},
			"faces": {
				"north": {"uv": [3, 10, 2.5, 13], "texture": "#0"},
				"east": {"uv": [7.5, 0, 3.5, 3], "texture": "#0"},
				"south": {"uv": [2.5, 10, 2, 13], "texture": "#0"},
				"west": {"uv": [7.5, 3, 3.5, 6], "texture": "#0"},
				"up": {"uv": [0.5, 10, 0, 14], "texture": "#0"},
				"down": {"uv": [1, 14, 0.5, 10], "texture": "#0"}
			}
		},
		{
			"from": [11, -2.75, 4],
			"to": [12, 0.25, 5],
			"rotation": {"angle": 0, "axis": "y", "origin": [0, -14.5, 16]},
			"faces": {
				"north": {"uv": [11.5, 6.5, 11, 8], "texture": "#0"},
				"east": {"uv": [11.5, 5, 11, 6.5], "texture": "#0"},
				"south": {"uv": [3.5, 7, 3, 8.5], "texture": "#0"},
				"west": {"uv": [8, 11, 7.5, 12.5], "texture": "#0"},
				"up": {"uv": [3.5, 8.5, 3, 9], "texture": "#0"},
				"down": {"uv": [12, 8, 11.5, 7.5], "texture": "#0"}
			}
		},
		{
			"from": [11, -1.75, 5],
			"to": [12, 0.25, 6],
			"rotation": {"angle": 0, "axis": "y", "origin": [0, -14.5, 16]},
			"faces": {
				"north": {"uv": [5, 12, 4.5, 13], "texture": "#0"},
				"east": {"uv": [4.5, 12, 4, 13], "texture": "#0"},
				"south": {"uv": [4, 12, 3.5, 13], "texture": "#0"},
				"west": {"uv": [5.5, 12, 5, 13], "texture": "#0"},
				"up": {"uv": [12.5, 6, 12, 6.5], "texture": "#0"},
				"down": {"uv": [12.5, 8, 12, 7.5], "texture": "#0"}
			}
		},
		{
			"from": [4, -2.75, 4],
			"to": [5, 0.25, 5],
			"rotation": {"angle": 0, "axis": "y", "origin": [0, -14.5, 16]},
			"faces": {
				"north": {"uv": [9.5, 11, 9, 12.5], "texture": "#0"},
				"east": {"uv": [9, 11, 8.5, 12.5], "texture": "#0"},
				"south": {"uv": [8.5, 11, 8, 12.5], "texture": "#0"},
				"west": {"uv": [10, 11, 9.5, 12.5], "texture": "#0"},
				"up": {"uv": [12.5, 2.5, 12, 3], "texture": "#0"},
				"down": {"uv": [12.5, 5.5, 12, 5], "texture": "#0"}
			}
		},
		{
			"from": [4, -1.75, 5],
			"to": [5, 0.25, 6],
			"rotation": {"angle": 0, "axis": "y", "origin": [0, -14.5, 16]},
			"faces": {
				"north": {"uv": [12.5, 1.5, 12, 2.5], "texture": "#0"},
				"east": {"uv": [12, 11, 11.5, 12], "texture": "#0"},
				"south": {"uv": [11.5, 11.5, 11, 12.5], "texture": "#0"},
				"west": {"uv": [3.5, 12, 3, 13], "texture": "#0"},
				"up": {"uv": [6, 12, 5.5, 12.5], "texture": "#0"},
				"down": {"uv": [12.5, 6, 12, 5.5], "texture": "#0"}
			}
		},
		{
			"from": [11, -0.75, 6],
			"to": [12, 0.25, 7],
			"rotation": {"angle": 0, "axis": "y", "origin": [0, -14.5, 16]},
			"faces": {
				"north": {"uv": [13, 2, 12.5, 2.5], "texture": "#0"},
				"east": {"uv": [13, 1.5, 12.5, 2], "texture": "#0"},
				"south": {"uv": [12.5, 12, 12, 12.5], "texture": "#0"},
				"west": {"uv": [13, 2.5, 12.5, 3], "texture": "#0"},
				"up": {"uv": [13, 5, 12.5, 5.5], "texture": "#0"},
				"down": {"uv": [6, 13, 5.5, 12.5], "texture": "#0"}
			}
		},
		{
			"from": [4, -0.75, 6],
			"to": [5, 0.25, 7],
			"rotation": {"angle": 0, "axis": "y", "origin": [0, -14.5, 16]},
			"faces": {
				"north": {"uv": [12.5, 10, 12, 10.5], "texture": "#0"},
				"east": {"uv": [12.5, 9.5, 12, 10], "texture": "#0"},
				"south": {"uv": [12.5, 9, 12, 9.5], "texture": "#0"},
				"west": {"uv": [12.5, 11, 12, 11.5], "texture": "#0"},
				"up": {"uv": [12, 12, 11.5, 12.5], "texture": "#0"},
				"down": {"uv": [12.5, 12, 12, 11.5], "texture": "#0"}
			}
		},
		{
			"from": [11, -0.75, 11],
			"to": [12, 0.25, 12],
			"rotation": {"angle": 0, "axis": "y", "origin": [0, -14.5, 16]},
			"faces": {
				"north": {"uv": [10, 12.5, 9.5, 13], "texture": "#0"},
				"east": {"uv": [13, 9, 12.5, 9.5], "texture": "#0"},
				"south": {"uv": [9.5, 12.5, 9, 13], "texture": "#0"},
				"west": {"uv": [13, 9.5, 12.5, 10], "texture": "#0"},
				"up": {"uv": [13, 10, 12.5, 10.5], "texture": "#0"},
				"down": {"uv": [11.5, 13, 11, 12.5], "texture": "#0"}
			}
		},
		{
			"from": [4, -0.75, 11],
			"to": [5, 0.25, 12],
			"rotation": {"angle": 0, "axis": "y", "origin": [0, -14.5, 16]},
			"faces": {
				"north": {"uv": [8, 12.5, 7.5, 13], "texture": "#0"},
				"east": {"uv": [13, 6, 12.5, 6.5], "texture": "#0"},
				"south": {"uv": [13, 5.5, 12.5, 6], "texture": "#0"},
				"west": {"uv": [13, 7.5, 12.5, 8], "texture": "#0"},
				"up": {"uv": [8.5, 12.5, 8, 13], "texture": "#0"},
				"down": {"uv": [9, 13, 8.5, 12.5], "texture": "#0"}
			}
		},
		{
			"from": [4, 0.25, 4],
			"to": [5, 6.25, 12],
			"rotation": {"angle": 0, "axis": "y", "origin": [0, -14.5, 16]},
			"faces": {
				"north": {"uv": [6.5, 10.5, 6, 13.5], "texture": "#0"},
				"east": {"uv": [7.5, 6, 3.5, 9], "texture": "#0"},
				"south": {"uv": [11, 5, 10.5, 8], "texture": "#0"},
				"west": {"uv": [11.5, 0, 7.5, 3], "texture": "#0"},
				"up": {"uv": [1.5, 10, 1, 14], "texture": "#0"},
				"down": {"uv": [2, 14, 1.5, 10], "texture": "#0"}
			}
		},
		{
			"from": [5, 0.25, 11],
			"to": [11, 6.25, 12],
			"rotation": {"angle": 0, "axis": "y", "origin": [0, -14.5, 16]},
			"faces": {
				"north": {"uv": [10.5, 3, 7.5, 6], "texture": "#0"},
				"east": {"uv": [7, 10.5, 6.5, 13.5], "texture": "#0"},
				"south": {"uv": [3, 7, 0, 10], "texture": "#0"},
				"west": {"uv": [7.5, 10.5, 7, 13.5], "texture": "#0"},
				"up": {"uv": [10.5, 10.5, 7.5, 11], "texture": "#0"},
				"down": {"uv": [13.5, 8.5, 10.5, 8], "texture": "#0"}
			}
		},
		{
			"from": [5, 0.25, 4.25],
			"to": [11, 6.25, 4.25],
			"rotation": {"angle": 0, "axis": "y", "origin": [0, -14.5, 16]},
			"faces": {
				"north": {"uv": [6, 9, 3, 12], "texture": "#0"},
				"east": {"uv": [0, 0, 0, 3], "texture": "#0"},
				"south": {"uv": [10.5, 6, 7.5, 9], "texture": "#0"},
				"west": {"uv": [0, 0, 0, 3], "texture": "#0"},
				"up": {"uv": [3, 0, 0, 0], "texture": "#0"},
				"down": {"uv": [3, 0, 0, 0], "texture": "#0"}
			}
		},
		{
			"from": [9.75, 5, 1.75],
			"to": [10.75, 6, 4.75],
			"rotation": {"angle": 45, "axis": "x", "origin": [8, 5, 3.5]},
			"faces": {
				"north": {"uv": [12, 12.5, 11.5, 13], "texture": "#0"},
				"east": {"uv": [13, 0.5, 11.5, 1], "texture": "#0"},
				"south": {"uv": [13, 11, 12.5, 11.5], "texture": "#0"},
				"west": {"uv": [13, 1, 11.5, 1.5], "texture": "#0"},
				"up": {"uv": [12, 1.5, 11.5, 3], "texture": "#0"},
				"down": {"uv": [12, 6.5, 11.5, 5], "texture": "#0"}
			}
		},
		{
			"from": [9.85, 6.19454, 2.26256],
			"to": [10.65, 7.19454, 3.26256],
			"rotation": {"angle": 0, "axis": "x", "origin": [10.25, 6.94454, 2.26256]},
			"faces": {
				"north": {"uv": [13, 12, 12.5, 12.5], "texture": "#0"},
				"east": {"uv": [12.5, 12.5, 12, 13], "texture": "#0"},
				"south": {"uv": [13, 11.5, 12.5, 12], "texture": "#0"},
				"west": {"uv": [13, 12.5, 12.5, 13], "texture": "#0"},
				"up": {"uv": [13.5, 0, 13, 0.5], "texture": "#0"},
				"down": {"uv": [13.5, 1, 13, 0.5], "texture": "#0"}
			}
		},
		{
			"from": [5.35, 6.19454, 2.26256],
			"to": [6.15, 7.19454, 3.26256],
			"rotation": {"angle": 0, "axis": "x", "origin": [5.75, 6.94454, 2.26256]},
			"faces": {
				"north": {"uv": [3, 13, 2.5, 13.5], "texture": "#0"},
				"east": {"uv": [13.5, 2, 13, 2.5], "texture": "#0"},
				"south": {"uv": [2.5, 13, 2, 13.5], "texture": "#0"},
				"west": {"uv": [13.5, 2.5, 13, 3], "texture": "#0"},
				"up": {"uv": [3.5, 13, 3, 13.5], "texture": "#0"},
				"down": {"uv": [4, 13.5, 3.5, 13], "texture": "#0"}
			}
		},
		{
			"from": [5.25, 5, 1.75],
			"to": [6.25, 6, 4.75],
			"rotation": {"angle": 45, "axis": "x", "origin": [8, 5, 3.5]},
			"faces": {
				"north": {"uv": [13.5, 1.5, 13, 2], "texture": "#0"},
				"east": {"uv": [13, 6.5, 11.5, 7], "texture": "#0"},
				"south": {"uv": [13.5, 1, 13, 1.5], "texture": "#0"},
				"west": {"uv": [13, 7, 11.5, 7.5], "texture": "#0"},
				"up": {"uv": [10.5, 11.5, 10, 13], "texture": "#0"},
				"down": {"uv": [11, 13, 10.5, 11.5], "texture": "#0"}
			}
		}
	],
	"display": {
		"thirdperson_righthand": {
			"scale": [0, 0, 0]
		},
		"thirdperson_lefthand": {
			"scale": [0, 0, 0]
		},
		"firstperson_righthand": {
			"scale": [0, 0, 0]
		},
		"firstperson_lefthand": {
			"scale": [0, 0, 0]
		},
		"ground": {
			"scale": [0, 0, 0]
		},
		"gui": {
			"scale": [0, 0, 0]
		},
		"head": {
			"translation": [0, 9.75, 0],
			"scale": [2.2, 2.2, 2.2]
		}
	}
}