{
	"credit": "Made with Blockbench",
	"textures": {
		"1": "custom/entity/mob/chest_normal",
		"2": "custom/entity/mob/chest_light"
	},
	"elements": [
		{
			"from": [16, 13, 3.5],
			"to": [16, 26, 12.5],
			"rotation": {"angle": -22.5, "axis": "z", "origin": [16, 13, 11.5]},
			"faces": {
				"north": {"uv": [0, 0, 0, 1.625], "texture": "#2"},
				"east": {"uv": [0, 0, 16, 16], "texture": "#2"},
				"south": {"uv": [0, 0, 0, 1.625], "texture": "#2"},
				"west": {"uv": [0, 0, 16, 16], "texture": "#2"},
				"up": {"uv": [0, 0, 1.125, 0], "rotation": 270, "texture": "#2"},
				"down": {"uv": [0, 0, 1.125, 0], "rotation": 90, "texture": "#2"}
			}
		},
		{
			"from": [-1, 13, 4.5],
			"to": [17, 26, 4.5],
			"rotation": {"angle": -22.5, "axis": "x", "origin": [8, 13, 4.5]},
			"faces": {
				"north": {"uv": [0, 0, 16, 16], "texture": "#2"},
				"east": {"uv": [0, 0, 0, 1.625], "texture": "#2"},
				"south": {"uv": [0, 0, 16, 16], "texture": "#2"},
				"west": {"uv": [0, 0, 0, 1.625], "texture": "#2"},
				"up": {"uv": [0, 0, 2.25, 0], "texture": "#2"},
				"down": {"uv": [0, 0, 2.25, 0], "texture": "#2"}
			}
		},
		{
			"from": [0, 13, 3.5],
			"to": [0, 26, 12.5],
			"rotation": {"angle": 22.5, "axis": "z", "origin": [0, 13, 4.5]},
			"faces": {
				"north": {"uv": [0, 0, 0, 1.625], "texture": "#2"},
				"east": {"uv": [0, 0, 16, 16], "texture": "#2"},
				"south": {"uv": [0, 0, 0, 1.625], "texture": "#2"},
				"west": {"uv": [0, 0, 16, 16], "texture": "#2"},
				"up": {"uv": [1.125, 0, 0, 0], "rotation": 270, "texture": "#2"},
				"down": {"uv": [1.125, 0, 0, 0], "rotation": 90, "texture": "#2"}
			}
		},
		{
			"from": [-1, 13, 11.5],
			"to": [17, 26, 11.5],
			"rotation": {"angle": 22.5, "axis": "x", "origin": [8, 13, 11.5]},
			"faces": {
				"north": {"uv": [0, 0, 16, 16], "texture": "#2"},
				"east": {"uv": [0, 0, 0, 1.625], "texture": "#2"},
				"south": {"uv": [0, 0, 16, 16], "texture": "#2"},
				"west": {"uv": [0, 0, 0, 1.625], "texture": "#2"},
				"up": {"uv": [2.25, 0, 0, 0], "texture": "#2"},
				"down": {"uv": [2.25, 0, 0, 0], "texture": "#2"}
			}
		},
		{
			"from": [16.8666, 13.01462, 2.5],
			"to": [18.8666, 16.01462, 4.5],
			"rotation": {"angle": -22.5, "axis": "z", "origin": [17.8666, 13.01462, 3.5]},
			"faces": {
				"north": {"uv": [7.625, 9.125, 7.875, 9.5], "texture": "#1"},
				"east": {"uv": [7.875, 9.125, 8.125, 9.5], "texture": "#1"},
				"south": {"uv": [8.125, 9.125, 8.375, 9.5], "texture": "#1"},
				"west": {"uv": [9.125, 8.625, 9.375, 9], "texture": "#1"},
				"up": {"uv": [7.875, 9.75, 7.625, 9.5], "texture": "#1"},
				"down": {"uv": [8.125, 9.5, 7.875, 9.75], "texture": "#1"}
			}
		},
		{
			"from": [22.00954, 12.09663, 1.5],
			"to": [22.00954, 16.09663, 4.5],
			"rotation": {"angle": 22.5, "axis": "z", "origin": [22.00954, 14.09663, 3]},
			"faces": {
				"north": {"uv": [0, 0, 0, 0.5], "rotation": 180, "texture": "#1"},
				"east": {"uv": [8.625, 6.375, 8.25, 6.875], "rotation": 180, "texture": "#1"},
				"south": {"uv": [0, 0, 0, 0.5], "rotation": 180, "texture": "#1"},
				"west": {"uv": [8.25, 6.375, 8.625, 6.875], "rotation": 180, "texture": "#1"},
				"up": {"uv": [0, 0, 0, 0.375], "rotation": 180, "texture": "#1"},
				"down": {"uv": [0, 0.375, 0, 0], "rotation": 180, "texture": "#1"}
			}
		},
		{
			"from": [22.00954, 12.09663, 11.5],
			"to": [22.00954, 16.09663, 14.5],
			"rotation": {"angle": 22.5, "axis": "z", "origin": [22.00954, 14.09663, 13]},
			"faces": {
				"north": {"uv": [0, 0, 0, 0.5], "rotation": 180, "texture": "#1"},
				"east": {"uv": [8.25, 6.375, 8.625, 6.875], "rotation": 180, "texture": "#1"},
				"south": {"uv": [0, 0, 0, 0.5], "rotation": 180, "texture": "#1"},
				"west": {"uv": [8.625, 6.375, 8.25, 6.875], "rotation": 180, "texture": "#1"},
				"up": {"uv": [0, 0.375, 0, 0], "rotation": 180, "texture": "#1"},
				"down": {"uv": [0, 0, 0, 0.375], "rotation": 180, "texture": "#1"}
			}
		},
		{
			"from": [-6.00954, 12.09663, 1.5],
			"to": [-6.00954, 16.09663, 4.5],
			"rotation": {"angle": -22.5, "axis": "z", "origin": [-6.00954, 14.09663, 3]},
			"faces": {
				"north": {"uv": [0, 0, 0, 0.5], "rotation": 180, "texture": "#1"},
				"east": {"uv": [8.625, 6.375, 8.25, 6.875], "rotation": 180, "texture": "#1"},
				"south": {"uv": [0, 0, 0, 0.5], "rotation": 180, "texture": "#1"},
				"west": {"uv": [8.25, 6.375, 8.625, 6.875], "rotation": 180, "texture": "#1"},
				"up": {"uv": [0, 0, 0, 0.375], "rotation": 180, "texture": "#1"},
				"down": {"uv": [0, 0.375, 0, 0], "rotation": 180, "texture": "#1"}
			}
		},
		{
			"from": [-6.00954, 12.09663, 11.5],
			"to": [-6.00954, 16.09663, 14.5],
			"rotation": {"angle": -22.5, "axis": "z", "origin": [-6.00954, 14.09663, 13]},
			"faces": {
				"north": {"uv": [0, 0, 0, 0.5], "rotation": 180, "texture": "#1"},
				"east": {"uv": [8.25, 6.375, 8.625, 6.875], "rotation": 180, "texture": "#1"},
				"south": {"uv": [0, 0, 0, 0.5], "rotation": 180, "texture": "#1"},
				"west": {"uv": [8.625, 6.375, 8.25, 6.875], "rotation": 180, "texture": "#1"},
				"up": {"uv": [0, 0.375, 0, 0], "rotation": 180, "texture": "#1"},
				"down": {"uv": [0, 0, 0, 0.375], "rotation": 180, "texture": "#1"}
			}
		},
		{
			"from": [-2, 13, 3],
			"to": [18, 15, 5],
			"rotation": {"angle": 0, "axis": "y", "origin": [8, 2, 7.5]},
			"faces": {
				"north": {"uv": [5.75, 1.875, 8.25, 2.125], "texture": "#1"},
				"east": {"uv": [8.125, 9.5, 8.375, 9.75], "texture": "#1"},
				"south": {"uv": [6, 4.5, 8.5, 4.75], "texture": "#1"},
				"west": {"uv": [0, 9.625, 0.25, 9.875], "texture": "#1"},
				"up": {"uv": [8.5, 5, 6, 4.75], "texture": "#1"},
				"down": {"uv": [2.5, 6.5, 0, 6.75], "texture": "#1"}
			}
		},
		{
			"from": [15.8666, 16.01462, 1.5],
			"to": [19.8666, 17.01462, 5.5],
			"rotation": {"angle": -22.5, "axis": "z", "origin": [17.8666, 13.01462, 3.5]},
			"faces": {
				"north": {"uv": [6, 5, 6.5, 5.125], "texture": "#1"},
				"east": {"uv": [9.5, 6.875, 10, 7], "texture": "#1"},
				"south": {"uv": [9.625, 0, 10.125, 0.125], "texture": "#1"},
				"west": {"uv": [9.625, 0.125, 10.125, 0.25], "texture": "#1"},
				"up": {"uv": [1.75, 8.125, 1.25, 7.625], "texture": "#1"},
				"down": {"uv": [8.25, 0, 7.75, 0.5], "texture": "#1"}
			}
		},
		{
			"from": [16.8666, 17.01462, 2.5],
			"to": [18.8666, 18.01462, 4.5],
			"rotation": {"angle": -22.5, "axis": "z", "origin": [17.8666, 13.01462, 3.5]},
			"faces": {
				"north": {"uv": [8.5, 7.75, 8.75, 7.875], "texture": "#1"},
				"east": {"uv": [8.625, 2.875, 8.875, 3], "texture": "#1"},
				"south": {"uv": [0, 9.875, 0.25, 10], "texture": "#1"},
				"west": {"uv": [5.5, 9.875, 5.75, 10], "texture": "#1"},
				"up": {"uv": [1.875, 9.875, 1.625, 9.625], "texture": "#1"},
				"down": {"uv": [2.125, 9.625, 1.875, 9.875], "texture": "#1"}
			}
		},
		{
			"from": [16.8666, 17.01462, 11.5],
			"to": [18.8666, 18.01462, 13.5],
			"rotation": {"angle": -22.5, "axis": "z", "origin": [17.8666, 13.01462, 12.5]},
			"faces": {
				"north": {"uv": [7.25, 10, 7.5, 10.125], "texture": "#1"},
				"east": {"uv": [10, 7.75, 10.25, 7.875], "texture": "#1"},
				"south": {"uv": [10, 7.875, 10.25, 8], "texture": "#1"},
				"west": {"uv": [8, 10, 8.25, 10.125], "texture": "#1"},
				"up": {"uv": [9.875, 2.125, 9.625, 1.875], "texture": "#1"},
				"down": {"uv": [2.375, 9.625, 2.125, 9.875], "texture": "#1"}
			}
		},
		{
			"from": [-2.8666, 17.01462, 2.5],
			"to": [-0.8666, 18.01462, 4.5],
			"rotation": {"angle": 22.5, "axis": "z", "origin": [-1.8666, 13.01462, 3.5]},
			"faces": {
				"north": {"uv": [10, 8, 10.25, 8.125], "texture": "#1"},
				"east": {"uv": [10, 8.125, 10.25, 8.25], "texture": "#1"},
				"south": {"uv": [8.25, 10, 8.5, 10.125], "texture": "#1"},
				"west": {"uv": [10, 8.25, 10.25, 8.375], "texture": "#1"},
				"up": {"uv": [2.625, 9.875, 2.375, 9.625], "texture": "#1"},
				"down": {"uv": [2.875, 9.625, 2.625, 9.875], "texture": "#1"}
			}
		},
		{
			"from": [-2.8666, 17.01462, 11.5],
			"to": [-0.8666, 18.01462, 13.5],
			"rotation": {"angle": 22.5, "axis": "z", "origin": [-1.8666, 13.01462, 12.5]},
			"faces": {
				"north": {"uv": [10, 8.375, 10.25, 8.5], "texture": "#1"},
				"east": {"uv": [8.5, 10, 8.75, 10.125], "texture": "#1"},
				"south": {"uv": [10, 8.5, 10.25, 8.625], "texture": "#1"},
				"west": {"uv": [8.75, 10, 9, 10.125], "texture": "#1"},
				"up": {"uv": [3.75, 9.875, 3.5, 9.625], "texture": "#1"},
				"down": {"uv": [9.875, 3.625, 9.625, 3.875], "texture": "#1"}
			}
		},
		{
			"from": [16, 13, 5],
			"to": [18, 15, 11],
			"rotation": {"angle": 0, "axis": "y", "origin": [5, 2, 8.5]},
			"faces": {
				"north": {"uv": [4, 9.625, 4.25, 9.875], "texture": "#1"},
				"east": {"uv": [7.625, 3.375, 8.375, 3.625], "texture": "#1"},
				"south": {"uv": [4.25, 9.625, 4.5, 9.875], "texture": "#1"},
				"west": {"uv": [7.625, 6.125, 8.375, 6.375], "texture": "#1"},
				"up": {"uv": [8.5, 0.75, 8.25, 0], "texture": "#1"},
				"down": {"uv": [2.25, 8.375, 2, 9.125], "texture": "#1"}
			}
		},
		{
			"from": [15.8666, 16.01462, 10.5],
			"to": [19.8666, 17.01462, 14.5],
			"rotation": {"angle": -22.5, "axis": "z", "origin": [17.8666, 13.01462, 12.5]},
			"faces": {
				"north": {"uv": [9.625, 0.25, 10.125, 0.375], "texture": "#1"},
				"east": {"uv": [9.625, 0.625, 10.125, 0.75], "texture": "#1"},
				"south": {"uv": [9.625, 3.875, 10.125, 4], "texture": "#1"},
				"west": {"uv": [6.25, 9.625, 6.75, 9.75], "texture": "#1"},
				"up": {"uv": [7.875, 8.375, 7.375, 7.875], "texture": "#1"},
				"down": {"uv": [8.375, 7.875, 7.875, 8.375], "texture": "#1"}
			}
		},
		{
			"from": [16.8666, 13.01462, 11.5],
			"to": [18.8666, 16.01462, 13.5],
			"rotation": {"angle": -22.5, "axis": "z", "origin": [17.8666, 13.01462, 12.5]},
			"faces": {
				"north": {"uv": [9.125, 9, 9.375, 9.375], "texture": "#1"},
				"east": {"uv": [0, 9.25, 0.25, 9.625], "texture": "#1"},
				"south": {"uv": [9.25, 0.75, 9.5, 1.125], "texture": "#1"},
				"west": {"uv": [9.25, 1.125, 9.5, 1.5], "texture": "#1"},
				"up": {"uv": [4.75, 9.875, 4.5, 9.625], "texture": "#1"},
				"down": {"uv": [5.75, 9.625, 5.5, 9.875], "texture": "#1"}
			}
		},
		{
			"from": [-2, 13, 11],
			"to": [18, 15, 13],
			"rotation": {"angle": 0, "axis": "y", "origin": [8, 2, 8.5]},
			"faces": {
				"north": {"uv": [2.5, 6.5, 5, 6.75], "texture": "#1"},
				"east": {"uv": [6.75, 9.625, 7, 9.875], "texture": "#1"},
				"south": {"uv": [5, 6.5, 7.5, 6.75], "texture": "#1"},
				"west": {"uv": [7, 9.625, 7.25, 9.875], "texture": "#1"},
				"up": {"uv": [9, 5.25, 6.5, 5], "texture": "#1"},
				"down": {"uv": [9, 5.25, 6.5, 5.5], "texture": "#1"}
			}
		},
		{
			"from": [-2.8666, 13.01462, 11.5],
			"to": [-0.8666, 16.01462, 13.5],
			"rotation": {"angle": 22.5, "axis": "z", "origin": [-1.8666, 13.01462, 12.5]},
			"faces": {
				"north": {"uv": [1.75, 9.25, 2, 9.625], "texture": "#1"},
				"east": {"uv": [9.25, 2.25, 9.5, 2.625], "texture": "#1"},
				"south": {"uv": [2.5, 9.25, 2.75, 9.625], "texture": "#1"},
				"west": {"uv": [9.25, 2.625, 9.5, 3], "texture": "#1"},
				"up": {"uv": [9.875, 8.875, 9.625, 8.625], "texture": "#1"},
				"down": {"uv": [9.875, 8.875, 9.625, 9.125], "texture": "#1"}
			}
		},
		{
			"from": [-3.8666, 16.01462, 10.5],
			"to": [0.1334, 17.01462, 14.5],
			"rotation": {"angle": 22.5, "axis": "z", "origin": [-1.8666, 13.01462, 12.5]},
			"faces": {
				"north": {"uv": [9.625, 7.625, 10.125, 7.75], "texture": "#1"},
				"east": {"uv": [9.625, 9.125, 10.125, 9.25], "texture": "#1"},
				"south": {"uv": [9.625, 9.25, 10.125, 9.375], "texture": "#1"},
				"west": {"uv": [9.375, 9.625, 9.875, 9.75], "texture": "#1"},
				"up": {"uv": [0.5, 8.5, 0, 8], "texture": "#1"},
				"down": {"uv": [1, 8, 0.5, 8.5], "texture": "#1"}
			}
		},
		{
			"from": [-2, 13, 5],
			"to": [0, 15, 11],
			"rotation": {"angle": 0, "axis": "y", "origin": [11, 2, 8.5]},
			"faces": {
				"north": {"uv": [0.25, 9.75, 0.5, 10], "texture": "#1"},
				"east": {"uv": [8.125, 1.25, 8.875, 1.5], "texture": "#1"},
				"south": {"uv": [9.75, 0.75, 10, 1], "texture": "#1"},
				"west": {"uv": [8.125, 1.5, 8.875, 1.75], "texture": "#1"},
				"up": {"uv": [2.5, 9.125, 2.25, 8.375], "texture": "#1"},
				"down": {"uv": [8.625, 2.25, 8.375, 3], "texture": "#1"}
			}
		},
		{
			"from": [-2.8666, 13.01462, 2.5],
			"to": [-0.8666, 16.01462, 4.5],
			"rotation": {"angle": 22.5, "axis": "z", "origin": [-1.8666, 13.01462, 3.5]},
			"faces": {
				"north": {"uv": [9.25, 3, 9.5, 3.375], "texture": "#1"},
				"east": {"uv": [4, 9.25, 4.25, 9.625], "texture": "#1"},
				"south": {"uv": [4.25, 9.25, 4.5, 9.625], "texture": "#1"},
				"west": {"uv": [4.5, 9.25, 4.75, 9.625], "texture": "#1"},
				"up": {"uv": [1.25, 10, 1, 9.75], "texture": "#1"},
				"down": {"uv": [1.5, 9.75, 1.25, 10], "texture": "#1"}
			}
		},
		{
			"from": [-3.8666, 16.01462, 1.5],
			"to": [0.1334, 17.01462, 5.5],
			"rotation": {"angle": 22.5, "axis": "z", "origin": [-1.8666, 13.01462, 3.5]},
			"faces": {
				"north": {"uv": [9.75, 1, 10.25, 1.125], "texture": "#1"},
				"east": {"uv": [9.75, 1.625, 10.25, 1.75], "texture": "#1"},
				"south": {"uv": [9.75, 2.125, 10.25, 2.25], "texture": "#1"},
				"west": {"uv": [9.75, 2.25, 10.25, 2.375], "texture": "#1"},
				"up": {"uv": [8.5, 4.5, 8, 4], "texture": "#1"},
				"down": {"uv": [8.5, 7.375, 8, 7.875], "texture": "#1"}
			}
		},
		{
			"from": [0, 13, 5],
			"to": [16, 14, 11],
			"rotation": {"angle": 0, "axis": "y", "origin": [5, 2, 8.5]},
			"faces": {
				"north": {"uv": [7.5, 1.75, 9.5, 1.875], "texture": "#1"},
				"east": {"uv": [9.25, 1.5, 10, 1.625], "texture": "#1"},
				"south": {"uv": [7.5, 6.875, 9.5, 7], "texture": "#1"},
				"west": {"uv": [4.75, 9.25, 5.5, 9.375], "texture": "#1"},
				"up": {"uv": [6.5, 5.875, 4.5, 5.125], "texture": "#1"},
				"down": {"uv": [7.75, 0, 5.75, 0.75], "texture": "#1"}
			}
		},
		{
			"from": [-7, 2, 2.5],
			"to": [23, 3, 13.5],
			"rotation": {"angle": 0, "axis": "y", "origin": [8, 2, 7.5]},
			"faces": {
				"north": {"uv": [5.75, 2.125, 9.5, 2.25], "texture": "#1"},
				"east": {"uv": [8.25, 1.875, 9.625, 2], "texture": "#1"},
				"south": {"uv": [6.5, 5.75, 10.25, 5.875], "texture": "#1"},
				"west": {"uv": [8.25, 2, 9.625, 2.125], "texture": "#1"},
				"up": {"uv": [3.75, 1.375, 0, 0], "texture": "#1"},
				"down": {"uv": [3.75, 1.375, 0, 2.75], "texture": "#1"}
			}
		},
		{
			"from": [21, 2, 1.5],
			"to": [24, 3, 2.5],
			"rotation": {"angle": 0, "axis": "y", "origin": [17, 2, 5.5]},
			"faces": {
				"north": {"uv": [8.625, 6.75, 9, 6.875], "texture": "#1"},
				"east": {"uv": [0.375, 8.875, 0.5, 9], "texture": "#1"},
				"south": {"uv": [9.75, 5.25, 10.125, 5.375], "texture": "#1"},
				"west": {"uv": [7.125, 9.125, 7.25, 9.25], "texture": "#1"},
				"up": {"uv": [10.125, 6.5, 9.75, 6.375], "texture": "#1"},
				"down": {"uv": [8.75, 9.75, 8.375, 9.875], "texture": "#1"}
			}
		},
		{
			"from": [21, 0, 1.5],
			"to": [24, 1, 4.5],
			"rotation": {"angle": 0, "axis": "y", "origin": [17, 2, 5.5]},
			"faces": {
				"north": {"uv": [8.75, 9.75, 9.125, 9.875], "texture": "#1"},
				"east": {"uv": [9.125, 9.75, 9.5, 9.875], "texture": "#1"},
				"south": {"uv": [9.75, 9.375, 10.125, 9.5], "texture": "#1"},
				"west": {"uv": [9.5, 9.75, 9.875, 9.875], "texture": "#1"},
				"up": {"uv": [9, 6.75, 8.625, 6.375], "texture": "#1"},
				"down": {"uv": [3.875, 8.75, 3.5, 9.125], "texture": "#1"}
			}
		},
		{
			"from": [21, 0, 6.5],
			"to": [24, 1, 9.5],
			"rotation": {"angle": 0, "axis": "y", "origin": [17, 2, 5.5]},
			"faces": {
				"north": {"uv": [9.75, 9.5, 10.125, 9.625], "texture": "#1"},
				"east": {"uv": [0.5, 9.875, 0.875, 10], "texture": "#1"},
				"south": {"uv": [9.875, 1.125, 10.25, 1.25], "texture": "#1"},
				"west": {"uv": [9.875, 1.25, 10.25, 1.375], "texture": "#1"},
				"up": {"uv": [9.125, 4, 8.75, 3.625], "texture": "#1"},
				"down": {"uv": [4.25, 8.75, 3.875, 9.125], "texture": "#1"}
			}
		},
		{
			"from": [21, 0, 11.5],
			"to": [24, 1, 14.5],
			"rotation": {"angle": 0, "axis": "y", "origin": [17, 2, 5.5]},
			"faces": {
				"north": {"uv": [1.5, 9.875, 1.875, 10], "texture": "#1"},
				"east": {"uv": [1.875, 9.875, 2.25, 10], "texture": "#1"},
				"south": {"uv": [9.875, 1.875, 10.25, 2], "texture": "#1"},
				"west": {"uv": [9.875, 2, 10.25, 2.125], "texture": "#1"},
				"up": {"uv": [4.625, 9.125, 4.25, 8.75], "texture": "#1"},
				"down": {"uv": [5, 8.75, 4.625, 9.125], "texture": "#1"}
			}
		},
		{
			"from": [21, 1, 11.5],
			"to": [23.5, 2, 14],
			"rotation": {"angle": 0, "axis": "y", "origin": [17, 2, 5.5]},
			"faces": {
				"north": {"uv": [2.25, 9.875, 2.625, 10], "texture": "#1"},
				"east": {"uv": [9.875, 3.625, 10.25, 3.75], "texture": "#1"},
				"south": {"uv": [9.875, 3.75, 10.25, 3.875], "texture": "#1"},
				"west": {"uv": [4, 9.875, 4.375, 10], "texture": "#1"},
				"up": {"uv": [5.375, 9.125, 5, 8.75], "texture": "#1"},
				"down": {"uv": [5.75, 8.75, 5.375, 9.125], "texture": "#1"}
			}
		},
		{
			"from": [21, 1, 2],
			"to": [23.5, 2, 4.5],
			"rotation": {"angle": 0, "axis": "y", "origin": [17, 2, 10.5]},
			"faces": {
				"north": {"uv": [4.375, 9.875, 4.75, 10], "texture": "#1"},
				"east": {"uv": [6.75, 9.875, 7.125, 10], "texture": "#1"},
				"south": {"uv": [7.125, 9.875, 7.5, 10], "texture": "#1"},
				"west": {"uv": [8.375, 9.875, 8.75, 10], "texture": "#1"},
				"up": {"uv": [6.125, 9.125, 5.75, 8.75], "texture": "#1"},
				"down": {"uv": [6.5, 8.75, 6.125, 9.125], "texture": "#1"}
			}
		},
		{
			"from": [21, 1, 6.75],
			"to": [23.5, 2, 9.25],
			"rotation": {"angle": 0, "axis": "y", "origin": [17, 2, 10.5]},
			"faces": {
				"north": {"uv": [9.875, 8.625, 10.25, 8.75], "texture": "#1"},
				"east": {"uv": [8.75, 9.875, 9.125, 10], "texture": "#1"},
				"south": {"uv": [9.875, 8.75, 10.25, 8.875], "texture": "#1"},
				"west": {"uv": [9.875, 8.875, 10.25, 9], "texture": "#1"},
				"up": {"uv": [6.875, 9.125, 6.5, 8.75], "texture": "#1"},
				"down": {"uv": [7.25, 8.75, 6.875, 9.125], "texture": "#1"}
			}
		},
		{
			"from": [23, 2, 2.5],
			"to": [24, 3, 4.5],
			"rotation": {"angle": 0, "axis": "y", "origin": [17, 2, 5.5]},
			"faces": {
				"north": {"uv": [1.625, 9.5, 1.75, 9.625], "texture": "#1"},
				"east": {"uv": [9, 10, 9.25, 10.125], "texture": "#1"},
				"south": {"uv": [0.5, 9.75, 0.625, 9.875], "texture": "#1"},
				"west": {"uv": [9.25, 10, 9.5, 10.125], "texture": "#1"},
				"up": {"uv": [1.875, 8.375, 1.75, 8.125], "texture": "#1"},
				"down": {"uv": [0.375, 9.25, 0.25, 9.5], "texture": "#1"}
			}
		},
		{
			"from": [21, 2, 13.5],
			"to": [24, 3, 14.5],
			"rotation": {"angle": 0, "axis": "y", "origin": [17, 2, 9.5]},
			"faces": {
				"north": {"uv": [9.875, 9, 10.25, 9.125], "texture": "#1"},
				"east": {"uv": [1.5, 9.75, 1.625, 9.875], "texture": "#1"},
				"south": {"uv": [9.125, 9.875, 9.5, 10], "texture": "#1"},
				"west": {"uv": [3.5, 9.875, 3.625, 10], "texture": "#1"},
				"up": {"uv": [9.875, 10, 9.5, 9.875], "texture": "#1"},
				"down": {"uv": [10.25, 9.625, 9.875, 9.75], "texture": "#1"}
			}
		},
		{
			"from": [23, 2, 11.5],
			"to": [24, 3, 13.5],
			"rotation": {"angle": 0, "axis": "y", "origin": [17, 2, 9.5]},
			"faces": {
				"north": {"uv": [3.5, 10.125, 3.625, 10.25], "texture": "#1"},
				"east": {"uv": [9.5, 10, 9.75, 10.125], "texture": "#1"},
				"south": {"uv": [10.125, 5.625, 10.25, 5.75], "texture": "#1"},
				"west": {"uv": [9.75, 10, 10, 10.125], "texture": "#1"},
				"up": {"uv": [10.125, 10.25, 10, 10], "texture": "#1"},
				"down": {"uv": [0.125, 10.125, 0, 10.375], "texture": "#1"}
			}
		},
		{
			"from": [24, 3, 11.5],
			"to": [24, 7, 14.5],
			"rotation": {"angle": -22.5, "axis": "z", "origin": [24, 3, 12.5]},
			"faces": {
				"north": {"uv": [0, 0, 0, 0.5], "texture": "#1"},
				"east": {"uv": [8.25, 6.375, 8.625, 6.875], "texture": "#1"},
				"south": {"uv": [0, 0, 0, 0.5], "texture": "#1"},
				"west": {"uv": [8.625, 6.375, 8.25, 6.875], "texture": "#1"},
				"up": {"uv": [0, 0.375, 0, 0], "texture": "#1"},
				"down": {"uv": [0, 0, 0, 0.375], "texture": "#1"}
			}
		},
		{
			"from": [21.00092, 3, 14.49908],
			"to": [24.00092, 7, 14.49908],
			"rotation": {"angle": 22.5, "axis": "x", "origin": [22.00092, 3, 14.49908]},
			"faces": {
				"north": {"uv": [8.25, 6.375, 8.625, 6.875], "texture": "#1"},
				"east": {"uv": [0, 0, 0, 0.5], "texture": "#1"},
				"south": {"uv": [8.625, 6.375, 8.25, 6.875], "texture": "#1"},
				"west": {"uv": [0, 0, 0, 0.5], "texture": "#1"},
				"up": {"uv": [0, 0.375, 0, 0], "rotation": 270, "texture": "#1"},
				"down": {"uv": [0, 0, 0, 0.375], "rotation": 90, "texture": "#1"}
			}
		},
		{
			"from": [21.00092, 3, 1.50092],
			"to": [24.00092, 7, 1.50092],
			"rotation": {"angle": -22.5, "axis": "x", "origin": [22.00092, 3, 1.50092]},
			"faces": {
				"north": {"uv": [8.25, 6.375, 8.625, 6.875], "texture": "#1"},
				"east": {"uv": [0, 0, 0, 0.5], "texture": "#1"},
				"south": {"uv": [8.625, 6.375, 8.25, 6.875], "texture": "#1"},
				"west": {"uv": [0, 0, 0, 0.5], "texture": "#1"},
				"up": {"uv": [0, 0.375, 0, 0], "rotation": 270, "texture": "#1"},
				"down": {"uv": [0, 0, 0, 0.375], "rotation": 90, "texture": "#1"}
			}
		},
		{
			"from": [9.00092, 3, 1.50092],
			"to": [12.00092, 7, 1.50092],
			"rotation": {"angle": -22.5, "axis": "x", "origin": [22.00092, 3, 1.50092]},
			"faces": {
				"north": {"uv": [8.25, 6.375, 8.625, 6.875], "texture": "#1"},
				"east": {"uv": [0, 0, 0, 0.5], "texture": "#1"},
				"south": {"uv": [8.625, 6.375, 8.25, 6.875], "texture": "#1"},
				"west": {"uv": [0, 0, 0, 0.5], "texture": "#1"},
				"up": {"uv": [0, 0.375, 0, 0], "rotation": 270, "texture": "#1"},
				"down": {"uv": [0, 0, 0, 0.375], "rotation": 90, "texture": "#1"}
			}
		},
		{
			"from": [3.99908, 3, 1.50092],
			"to": [6.99908, 7, 1.50092],
			"rotation": {"angle": -22.5, "axis": "x", "origin": [-6.00092, 3, 1.50092]},
			"faces": {
				"north": {"uv": [8.625, 6.375, 8.25, 6.875], "texture": "#1"},
				"east": {"uv": [0, 0, 0, 0.5], "texture": "#1"},
				"south": {"uv": [8.25, 6.375, 8.625, 6.875], "texture": "#1"},
				"west": {"uv": [0, 0, 0, 0.5], "texture": "#1"},
				"up": {"uv": [0, 0, 0, 0.375], "rotation": 270, "texture": "#1"},
				"down": {"uv": [0, 0.375, 0, 0], "rotation": 90, "texture": "#1"}
			}
		},
		{
			"from": [3.99908, 3, 14.49908],
			"to": [6.99908, 7, 14.49908],
			"rotation": {"angle": 22.5, "axis": "x", "origin": [-6.00092, 3, 14.49908]},
			"faces": {
				"north": {"uv": [8.625, 6.375, 8.25, 6.875], "texture": "#1"},
				"east": {"uv": [0, 0, 0, 0.5], "texture": "#1"},
				"south": {"uv": [8.25, 6.375, 8.625, 6.875], "texture": "#1"},
				"west": {"uv": [0, 0, 0, 0.5], "texture": "#1"},
				"up": {"uv": [0, 0, 0, 0.375], "rotation": 270, "texture": "#1"},
				"down": {"uv": [0, 0.375, 0, 0], "rotation": 90, "texture": "#1"}
			}
		},
		{
			"from": [9.00092, 3, 14.49908],
			"to": [12.00092, 7, 14.49908],
			"rotation": {"angle": 22.5, "axis": "x", "origin": [22.00092, 3, 14.49908]},
			"faces": {
				"north": {"uv": [8.25, 6.375, 8.625, 6.875], "texture": "#1"},
				"east": {"uv": [0, 0, 0, 0.5], "texture": "#1"},
				"south": {"uv": [8.625, 6.375, 8.25, 6.875], "texture": "#1"},
				"west": {"uv": [0, 0, 0, 0.5], "texture": "#1"},
				"up": {"uv": [0, 0.375, 0, 0], "rotation": 270, "texture": "#1"},
				"down": {"uv": [0, 0, 0, 0.375], "rotation": 90, "texture": "#1"}
			}
		},
		{
			"from": [24, 3, 6.5],
			"to": [24, 7, 9.5],
			"rotation": {"angle": -22.5, "axis": "z", "origin": [24, 3, 12.5]},
			"faces": {
				"north": {"uv": [0, 0, 0, 0.5], "texture": "#1"},
				"east": {"uv": [8.25, 6.375, 8.625, 6.875], "texture": "#1"},
				"south": {"uv": [0, 0, 0, 0.5], "texture": "#1"},
				"west": {"uv": [8.625, 6.375, 8.25, 6.875], "texture": "#1"},
				"up": {"uv": [0, 0.375, 0, 0], "texture": "#1"},
				"down": {"uv": [0, 0, 0, 0.375], "texture": "#1"}
			}
		},
		{
			"from": [24, 3, 1.5],
			"to": [24, 7, 4.5],
			"rotation": {"angle": -22.5, "axis": "z", "origin": [24, 3, 12.5]},
			"faces": {
				"north": {"uv": [0, 0, 0, 0.5], "texture": "#1"},
				"east": {"uv": [8.25, 6.375, 8.625, 6.875], "texture": "#1"},
				"south": {"uv": [0, 0, 0, 0.5], "texture": "#1"},
				"west": {"uv": [8.625, 6.375, 8.25, 6.875], "texture": "#1"},
				"up": {"uv": [0, 0.375, 0, 0], "texture": "#1"},
				"down": {"uv": [0, 0, 0, 0.375], "texture": "#1"}
			}
		},
		{
			"from": [-8, 3, 1.50092],
			"to": [-5, 7, 1.50092],
			"rotation": {"angle": -22.5, "axis": "x", "origin": [-6.00092, 3, 1.50092]},
			"faces": {
				"north": {"uv": [8.625, 6.375, 8.25, 6.875], "texture": "#1"},
				"east": {"uv": [0, 0, 0, 0.5], "texture": "#1"},
				"south": {"uv": [8.25, 6.375, 8.625, 6.875], "texture": "#1"},
				"west": {"uv": [0, 0, 0, 0.5], "texture": "#1"},
				"up": {"uv": [0, 0, 0, 0.375], "rotation": 270, "texture": "#1"},
				"down": {"uv": [0, 0.375, 0, 0], "rotation": 90, "texture": "#1"}
			}
		},
		{
			"from": [-8, 3, 14.49908],
			"to": [-5, 7, 14.49908],
			"rotation": {"angle": 22.5, "axis": "x", "origin": [-6.00092, 3, 14.49908]},
			"faces": {
				"north": {"uv": [8.625, 6.375, 8.25, 6.875], "texture": "#1"},
				"east": {"uv": [0, 0, 0, 0.5], "texture": "#1"},
				"south": {"uv": [8.25, 6.375, 8.625, 6.875], "texture": "#1"},
				"west": {"uv": [0, 0, 0, 0.5], "texture": "#1"},
				"up": {"uv": [0, 0, 0, 0.375], "rotation": 270, "texture": "#1"},
				"down": {"uv": [0, 0.375, 0, 0], "rotation": 90, "texture": "#1"}
			}
		},
		{
			"from": [-8, 3, 11.5],
			"to": [-8, 7, 14.5],
			"rotation": {"angle": 22.5, "axis": "z", "origin": [-8, 3, 12.5]},
			"faces": {
				"north": {"uv": [0, 0, 0, 0.5], "texture": "#1"},
				"east": {"uv": [8.25, 6.375, 8.625, 6.875], "texture": "#1"},
				"south": {"uv": [0, 0, 0, 0.5], "texture": "#1"},
				"west": {"uv": [8.625, 6.375, 8.25, 6.875], "texture": "#1"},
				"up": {"uv": [0, 0.375, 0, 0], "texture": "#1"},
				"down": {"uv": [0, 0, 0, 0.375], "texture": "#1"}
			}
		},
		{
			"from": [-8, 3, 6.5],
			"to": [-8, 7, 9.5],
			"rotation": {"angle": 22.5, "axis": "z", "origin": [-8, 3, 12.5]},
			"faces": {
				"north": {"uv": [0, 0, 0, 0.5], "texture": "#1"},
				"east": {"uv": [8.25, 6.375, 8.625, 6.875], "texture": "#1"},
				"south": {"uv": [0, 0, 0, 0.5], "texture": "#1"},
				"west": {"uv": [8.625, 6.375, 8.25, 6.875], "texture": "#1"},
				"up": {"uv": [0, 0.375, 0, 0], "texture": "#1"},
				"down": {"uv": [0, 0, 0, 0.375], "texture": "#1"}
			}
		},
		{
			"from": [-8, 3, 1.5],
			"to": [-8, 7, 4.5],
			"rotation": {"angle": 22.5, "axis": "z", "origin": [-8, 3, 12.5]},
			"faces": {
				"north": {"uv": [0, 0, 0, 0.5], "texture": "#1"},
				"east": {"uv": [8.25, 6.375, 8.625, 6.875], "texture": "#1"},
				"south": {"uv": [0, 0, 0, 0.5], "texture": "#1"},
				"west": {"uv": [8.625, 6.375, 8.25, 6.875], "texture": "#1"},
				"up": {"uv": [0, 0.375, 0, 0], "texture": "#1"},
				"down": {"uv": [0, 0, 0, 0.375], "texture": "#1"}
			}
		},
		{
			"from": [-6, 3, 3.5],
			"to": [22, 4, 12.5],
			"rotation": {"angle": 0, "axis": "y", "origin": [8, 2, 7.5]},
			"faces": {
				"north": {"uv": [6.75, 5.875, 10.25, 6], "texture": "#1"},
				"east": {"uv": [8.5, 0.625, 9.625, 0.75], "texture": "#1"},
				"south": {"uv": [6.75, 6, 10.25, 6.125], "texture": "#1"},
				"west": {"uv": [8.5, 7.625, 9.625, 7.75], "texture": "#1"},
				"up": {"uv": [3.5, 3.875, 0, 2.75], "texture": "#1"},
				"down": {"uv": [7, 2.75, 3.5, 3.875], "texture": "#1"}
			}
		},
		{
			"from": [16, 8, 3.5],
			"to": [16, 13, 12.5],
			"rotation": {"angle": 0, "axis": "y", "origin": [8, 2, 7.5]},
			"faces": {
				"north": {"uv": [0, 0, 0, 0.625], "texture": "#1"},
				"east": {"uv": [5.75, 1.25, 6.875, 1.875], "texture": "#1"},
				"south": {"uv": [0, 0, 0, 0.625], "texture": "#1"},
				"west": {"uv": [4.5, 5.875, 5.625, 6.5], "texture": "#1"},
				"up": {"uv": [0, 1.125, 0, 0], "texture": "#1"},
				"down": {"uv": [0, 0, 0, 1.125], "texture": "#1"}
			}
		},
		{
			"from": [0, 8, 3.5],
			"to": [0, 13, 12.5],
			"rotation": {"angle": 0, "axis": "y", "origin": [8, 2, 7.5]},
			"faces": {
				"north": {"uv": [0, 0, 0, 0.625], "texture": "#1"},
				"east": {"uv": [5.625, 5.875, 6.75, 6.5], "texture": "#1"},
				"south": {"uv": [0, 0, 0, 0.625], "texture": "#1"},
				"west": {"uv": [6, 3.875, 7.125, 4.5], "texture": "#1"},
				"up": {"uv": [0, 1.125, 0, 0], "texture": "#1"},
				"down": {"uv": [0, 0, 0, 1.125], "texture": "#1"}
			}
		},
		{
			"from": [0, 8, 3.5],
			"to": [16, 8, 12.5],
			"rotation": {"angle": 0, "axis": "y", "origin": [8, 2, 7.5]},
			"faces": {
				"north": {"uv": [0, 0, 2, 0], "texture": "#1"},
				"east": {"uv": [0, 0, 1.125, 0], "texture": "#1"},
				"south": {"uv": [0, 0, 2, 0], "texture": "#1"},
				"west": {"uv": [0, 0, 1.125, 0], "texture": "#1"},
				"up": {"uv": [5.75, 1.125, 3.75, 0], "texture": "#1"},
				"down": {"uv": [5.75, 1.125, 3.75, 2.25], "texture": "#1"}
			}
		},
		{
			"from": [-2, 11, 11.5],
			"to": [18, 13, 12.5],
			"rotation": {"angle": 0, "axis": "y", "origin": [8, 2, 8.5]},
			"faces": {
				"north": {"uv": [2.5, 6.75, 5, 7], "texture": "#1"},
				"east": {"uv": [0, 0, 0, 0.25], "texture": "#1"},
				"south": {"uv": [5, 6.75, 7.5, 7], "texture": "#1"},
				"west": {"uv": [0, 0, 0, 0.25], "texture": "#1"},
				"up": {"uv": [7.5, 9.875, 7.375, 8.75], "texture": "#1"},
				"down": {"uv": [2.5, 0, 0, 0], "texture": "#1"}
			}
		},
		{
			"from": [-4, 6, 11.5],
			"to": [20, 11, 12.5],
			"rotation": {"angle": 0, "axis": "y", "origin": [8, 2, 8.5]},
			"faces": {
				"north": {"uv": [0, 4.5, 3, 5.125], "texture": "#1"},
				"east": {"uv": [0, 0, 0, 0.625], "texture": "#1"},
				"south": {"uv": [3, 4.5, 6, 5.125], "texture": "#1"},
				"west": {"uv": [0, 0, 0, 0.625], "texture": "#1"},
				"up": {"uv": [3, 0, 0, 0], "texture": "#1"},
				"down": {"uv": [3, 0, 0, 0], "texture": "#1"}
			}
		},
		{
			"from": [-6, 4, 11.5],
			"to": [22, 6, 12.5],
			"rotation": {"angle": 0, "axis": "y", "origin": [8, 2, 8.5]},
			"faces": {
				"north": {"uv": [5.75, 0.75, 9.25, 1], "texture": "#1"},
				"east": {"uv": [0, 0, 0, 0.25], "texture": "#1"},
				"south": {"uv": [5.75, 1, 9.25, 1.25], "texture": "#1"},
				"west": {"uv": [0, 0, 0, 0.25], "texture": "#1"},
				"up": {"uv": [3.5, 0, 0, 0], "texture": "#1"},
				"down": {"uv": [3.5, 0, 0, 0], "texture": "#1"}
			}
		},
		{
			"from": [-2, 11, 3.5],
			"to": [18, 13, 4.5],
			"rotation": {"angle": 0, "axis": "y", "origin": [8, 2, 7.5]},
			"faces": {
				"north": {"uv": [7.5, 6.75, 5, 7], "texture": "#1"},
				"east": {"uv": [0, 0, 0, 0.25], "texture": "#1"},
				"south": {"uv": [5, 6.75, 2.5, 7], "texture": "#1"},
				"west": {"uv": [0, 0, 0, 0.25], "texture": "#1"},
				"up": {"uv": [7.5, 9.875, 7.375, 8.75], "texture": "#1"},
				"down": {"uv": [2.5, 0, 0, 0], "texture": "#1"}
			}
		},
		{
			"from": [-4, 6, 3.5],
			"to": [20, 11, 4.5],
			"rotation": {"angle": 0, "axis": "y", "origin": [8, 2, 7.5]},
			"faces": {
				"north": {"uv": [6, 4.5, 3, 5.125], "texture": "#1"},
				"east": {"uv": [0, 0, 0, 0.625], "texture": "#1"},
				"south": {"uv": [3, 4.5, 0, 5.125], "texture": "#1"},
				"west": {"uv": [0, 0, 0, 0.625], "texture": "#1"},
				"up": {"uv": [3, 0, 0, 0], "texture": "#1"},
				"down": {"uv": [3, 0, 0, 0], "texture": "#1"}
			}
		},
		{
			"from": [-6, 4, 3.5],
			"to": [22, 6, 4.5],
			"rotation": {"angle": 0, "axis": "y", "origin": [8, 2, 7.5]},
			"faces": {
				"north": {"uv": [9.25, 1, 5.75, 1.25], "texture": "#1"},
				"east": {"uv": [0, 0, 0, 0.25], "texture": "#1"},
				"south": {"uv": [9.25, 0.75, 5.75, 1], "texture": "#1"},
				"west": {"uv": [0, 0, 0, 0.25], "texture": "#1"},
				"up": {"uv": [3.5, 0, 0, 0], "texture": "#1"},
				"down": {"uv": [3.5, 0, 0, 0], "texture": "#1"}
			}
		},
		{
			"from": [21, 3, 2.5],
			"to": [23, 4, 3.5],
			"rotation": {"angle": 0, "axis": "y", "origin": [17, 2, 5.5]},
			"faces": {
				"north": {"uv": [10.125, 0, 10.375, 0.125], "texture": "#1"},
				"east": {"uv": [5.75, 10.125, 5.875, 10.25], "texture": "#1"},
				"south": {"uv": [0.125, 10.125, 0.375, 10.25], "texture": "#1"},
				"west": {"uv": [5.875, 10.125, 6, 10.25], "texture": "#1"},
				"up": {"uv": [10.375, 0.25, 10.125, 0.125], "texture": "#1"},
				"down": {"uv": [10.375, 0.25, 10.125, 0.375], "texture": "#1"}
			}
		},
		{
			"from": [21.07612, 3.61732, 2.525],
			"to": [23.07612, 14.61732, 4.55],
			"rotation": {"angle": 22.5, "axis": "z", "origin": [22.07612, 3.61732, 3.5]},
			"faces": {
				"north": {"uv": [1.875, 7, 2.125, 8.375], "texture": "#1"},
				"east": {"uv": [2.125, 7, 2.375, 8.375], "texture": "#1"},
				"south": {"uv": [2.375, 7, 2.625, 8.375], "texture": "#1"},
				"west": {"uv": [2.625, 7, 2.875, 8.375], "texture": "#1"},
				"up": {"uv": [10, 2.625, 9.75, 2.375], "texture": "#1"},
				"down": {"uv": [10, 2.625, 9.75, 2.875], "texture": "#1"}
			}
		},
		{
			"from": [21.07612, 3.61732, 7.025],
			"to": [23.07612, 14.61732, 8.975],
			"rotation": {"angle": 22.5, "axis": "z", "origin": [22.07612, 3.61732, 3]},
			"faces": {
				"north": {"uv": [2.875, 7, 3.125, 8.375], "texture": "#1"},
				"east": {"uv": [3.125, 7, 3.375, 8.375], "texture": "#1"},
				"south": {"uv": [3.375, 7, 3.625, 8.375], "texture": "#1"},
				"west": {"uv": [3.625, 7, 3.875, 8.375], "texture": "#1"},
				"up": {"uv": [10, 3.125, 9.75, 2.875], "texture": "#1"},
				"down": {"uv": [10, 3.125, 9.75, 3.375], "texture": "#1"}
			}
		},
		{
			"from": [20.07612, 3.61732, 3.525],
			"to": [21.07612, 14.61732, 12.475],
			"rotation": {"angle": 22.5, "axis": "z", "origin": [22.07612, 3.61732, 3]},
			"faces": {
				"north": {"uv": [0.875, 8.5, 1, 9.875], "texture": "#1"},
				"east": {"uv": [0, 5.125, 1.125, 6.5], "texture": "#1"},
				"south": {"uv": [2.875, 8.75, 3, 10.125], "texture": "#1"},
				"west": {"uv": [1.125, 5.125, 2.25, 6.5], "texture": "#1"},
				"up": {"uv": [7.125, 3.875, 7, 2.75], "texture": "#1"},
				"down": {"uv": [7.375, 8.75, 7.25, 9.875], "texture": "#1"}
			}
		},
		{
			"from": [-5.07612, 3.61732, 3.525],
			"to": [-4.07612, 14.61732, 12.475],
			"rotation": {"angle": -22.5, "axis": "z", "origin": [-6.07612, 3.61732, 3]},
			"faces": {
				"north": {"uv": [3, 8.75, 3.125, 10.125], "texture": "#1"},
				"east": {"uv": [2.25, 5.125, 3.375, 6.5], "texture": "#1"},
				"south": {"uv": [3.125, 8.75, 3.25, 10.125], "texture": "#1"},
				"west": {"uv": [3.375, 5.125, 4.5, 6.5], "texture": "#1"},
				"up": {"uv": [7.5, 9.875, 7.375, 8.75], "texture": "#1"},
				"down": {"uv": [7.625, 8.75, 7.5, 9.875], "texture": "#1"}
			}
		},
		{
			"from": [17.8666, 12.01462, 10.5],
			"to": [19.8666, 15.01462, 14.5],
			"rotation": {"angle": -22.5, "axis": "z", "origin": [17.8666, 13.01462, 12.5]},
			"faces": {
				"north": {"uv": [9.25, 5, 9.5, 5.375], "texture": "#1"},
				"east": {"uv": [8.25, 3.625, 8.75, 4], "texture": "#1"},
				"south": {"uv": [5.5, 9.25, 5.75, 9.625], "texture": "#1"},
				"west": {"uv": [8.25, 7, 8.75, 7.375], "texture": "#1"},
				"up": {"uv": [1.25, 9.375, 1, 8.875], "texture": "#1"},
				"down": {"uv": [9.125, 4, 8.875, 4.5], "texture": "#1"}
			}
		},
		{
			"from": [17.8666, 12.01462, 1.5],
			"to": [19.8666, 15.01462, 5.5],
			"rotation": {"angle": -22.5, "axis": "z", "origin": [17.8666, 13.01462, 3.5]},
			"faces": {
				"north": {"uv": [9.25, 6.125, 9.5, 6.5], "texture": "#1"},
				"east": {"uv": [2.875, 8.375, 3.375, 8.75], "texture": "#1"},
				"south": {"uv": [6.25, 9.25, 6.5, 9.625], "texture": "#1"},
				"west": {"uv": [8.375, 3, 8.875, 3.375], "texture": "#1"},
				"up": {"uv": [8.625, 9.375, 8.375, 8.875], "texture": "#1"},
				"down": {"uv": [8.875, 8.875, 8.625, 9.375], "texture": "#1"}
			}
		},
		{
			"from": [17.8666, 12.01462, 6],
			"to": [19.8666, 15.01462, 10],
			"rotation": {"angle": -22.5, "axis": "z", "origin": [17.8666, 13.01462, 3.5]},
			"faces": {
				"north": {"uv": [6.5, 9.25, 6.75, 9.625], "texture": "#1"},
				"east": {"uv": [3.375, 8.375, 3.875, 8.75], "texture": "#1"},
				"south": {"uv": [6.75, 9.25, 7, 9.625], "texture": "#1"},
				"west": {"uv": [3.875, 8.375, 4.375, 8.75], "texture": "#1"},
				"up": {"uv": [9.125, 9.375, 8.875, 8.875], "texture": "#1"},
				"down": {"uv": [0.625, 9, 0.375, 9.5], "texture": "#1"}
			}
		},
		{
			"from": [-3.8666, 12.01462, 1.5],
			"to": [-1.8666, 15.01462, 5.5],
			"rotation": {"angle": 22.5, "axis": "z", "origin": [-1.8666, 13.01462, 3.5]},
			"faces": {
				"north": {"uv": [7, 9.25, 7.25, 9.625], "texture": "#1"},
				"east": {"uv": [4.375, 8.375, 4.875, 8.75], "texture": "#1"},
				"south": {"uv": [9.375, 0, 9.625, 0.375], "texture": "#1"},
				"west": {"uv": [4.875, 8.375, 5.375, 8.75], "texture": "#1"},
				"up": {"uv": [0.875, 9.5, 0.625, 9], "texture": "#1"},
				"down": {"uv": [1.5, 9, 1.25, 9.5], "texture": "#1"}
			}
		},
		{
			"from": [-3.8666, 12.01462, 6],
			"to": [-1.8666, 15.01462, 10],
			"rotation": {"angle": 22.5, "axis": "z", "origin": [-1.8666, 13.01462, 3.5]},
			"faces": {
				"north": {"uv": [1, 9.375, 1.25, 9.75], "texture": "#1"},
				"east": {"uv": [5.375, 8.375, 5.875, 8.75], "texture": "#1"},
				"south": {"uv": [3.25, 9.375, 3.5, 9.75], "texture": "#1"},
				"west": {"uv": [5.875, 8.375, 6.375, 8.75], "texture": "#1"},
				"up": {"uv": [1.75, 9.5, 1.5, 9], "texture": "#1"},
				"down": {"uv": [9.25, 5, 9, 5.5], "texture": "#1"}
			}
		},
		{
			"from": [-3.8666, 12.01462, 10.5],
			"to": [-1.8666, 15.01462, 14.5],
			"rotation": {"angle": 22.5, "axis": "z", "origin": [-1.8666, 13.01462, 12.5]},
			"faces": {
				"north": {"uv": [9.375, 3.625, 9.625, 4], "texture": "#1"},
				"east": {"uv": [6.375, 8.375, 6.875, 8.75], "texture": "#1"},
				"south": {"uv": [4.75, 9.375, 5, 9.75], "texture": "#1"},
				"west": {"uv": [6.875, 8.375, 7.375, 8.75], "texture": "#1"},
				"up": {"uv": [9.25, 6.625, 9, 6.125], "texture": "#1"},
				"down": {"uv": [9.375, 0, 9.125, 0.5], "texture": "#1"}
			}
		},
		{
			"from": [21.07612, 3.61732, 11.475],
			"to": [23.07612, 14.61732, 13.475],
			"rotation": {"angle": 22.5, "axis": "z", "origin": [22.07612, 3.61732, 12.5]},
			"faces": {
				"north": {"uv": [3.875, 7, 4.125, 8.375], "texture": "#1"},
				"east": {"uv": [4.125, 7, 4.375, 8.375], "texture": "#1"},
				"south": {"uv": [4.375, 7, 4.625, 8.375], "texture": "#1"},
				"west": {"uv": [4.625, 7, 4.875, 8.375], "texture": "#1"},
				"up": {"uv": [3.5, 10, 3.25, 9.75], "texture": "#1"},
				"down": {"uv": [10, 3.375, 9.75, 3.625], "texture": "#1"}
			}
		},
		{
			"from": [-7.07612, 3.61732, 2.525],
			"to": [-5.07612, 14.61732, 4.55],
			"rotation": {"angle": -22.5, "axis": "z", "origin": [-6.07612, 3.61732, 3.5]},
			"faces": {
				"north": {"uv": [4.875, 7, 5.125, 8.375], "texture": "#1"},
				"east": {"uv": [5.125, 7, 5.375, 8.375], "texture": "#1"},
				"south": {"uv": [5.375, 7, 5.625, 8.375], "texture": "#1"},
				"west": {"uv": [5.625, 7, 5.875, 8.375], "texture": "#1"},
				"up": {"uv": [5, 10, 4.75, 9.75], "texture": "#1"},
				"down": {"uv": [5.25, 9.75, 5, 10], "texture": "#1"}
			}
		},
		{
			"from": [-7.07612, 3.61732, 11.475],
			"to": [-5.07612, 14.61732, 13.475],
			"rotation": {"angle": -22.5, "axis": "z", "origin": [-6.07612, 3.61732, 12.5]},
			"faces": {
				"north": {"uv": [5.875, 7, 6.125, 8.375], "texture": "#1"},
				"east": {"uv": [6.125, 7, 6.375, 8.375], "texture": "#1"},
				"south": {"uv": [6.375, 7, 6.625, 8.375], "texture": "#1"},
				"west": {"uv": [6.625, 7, 6.875, 8.375], "texture": "#1"},
				"up": {"uv": [10, 5.25, 9.75, 5], "texture": "#1"},
				"down": {"uv": [5.5, 9.75, 5.25, 10], "texture": "#1"}
			}
		},
		{
			"from": [22, 3, 3.5],
			"to": [23, 4, 4.5],
			"rotation": {"angle": 0, "axis": "y", "origin": [17, 2, 5.5]},
			"faces": {
				"north": {"uv": [6, 10.125, 6.125, 10.25], "texture": "#1"},
				"east": {"uv": [6.125, 10.125, 6.25, 10.25], "texture": "#1"},
				"south": {"uv": [6.25, 10.125, 6.375, 10.25], "texture": "#1"},
				"west": {"uv": [6.375, 10.125, 6.5, 10.25], "texture": "#1"},
				"up": {"uv": [10.25, 6.5, 10.125, 6.375], "texture": "#1"},
				"down": {"uv": [6.625, 10.125, 6.5, 10.25], "texture": "#1"}
			}
		},
		{
			"from": [22, 3, 6.5],
			"to": [23, 4, 9.5],
			"rotation": {"angle": 0, "axis": "y", "origin": [17, 2, 5.5]},
			"faces": {
				"north": {"uv": [6.625, 10.125, 6.75, 10.25], "texture": "#1"},
				"east": {"uv": [9.875, 9.75, 10.25, 9.875], "texture": "#1"},
				"south": {"uv": [10.125, 6.625, 10.25, 6.75], "texture": "#1"},
				"west": {"uv": [9.875, 9.875, 10.25, 10], "texture": "#1"},
				"up": {"uv": [9.125, 0.375, 9, 0], "texture": "#1"},
				"down": {"uv": [2.875, 9.25, 2.75, 9.625], "texture": "#1"}
			}
		},
		{
			"from": [23, 2, 6.5],
			"to": [24, 3, 9.5],
			"rotation": {"angle": 0, "axis": "y", "origin": [17, 2, 5.5]},
			"faces": {
				"north": {"uv": [6.75, 10.125, 6.875, 10.25], "texture": "#1"},
				"east": {"uv": [0, 10, 0.375, 10.125], "texture": "#1"},
				"south": {"uv": [10.125, 6.75, 10.25, 6.875], "texture": "#1"},
				"west": {"uv": [0.375, 10, 0.75, 10.125], "texture": "#1"},
				"up": {"uv": [1, 10.25, 0.875, 9.875], "texture": "#1"},
				"down": {"uv": [2.75, 9.875, 2.625, 10.25], "texture": "#1"}
			}
		},
		{
			"from": [-7.5, 1, 6.75],
			"to": [-5, 2, 9.25],
			"rotation": {"angle": 0, "axis": "y", "origin": [-1, 2, 10.5]},
			"faces": {
				"north": {"uv": [10, 0.5, 10.375, 0.625], "texture": "#1"},
				"east": {"uv": [10, 0.75, 10.375, 0.875], "texture": "#1"},
				"south": {"uv": [10, 0.875, 10.375, 1], "texture": "#1"},
				"west": {"uv": [1, 10, 1.375, 10.125], "texture": "#1"},
				"up": {"uv": [9.125, 7.375, 8.75, 7], "texture": "#1"},
				"down": {"uv": [8, 8.75, 7.625, 9.125], "texture": "#1"}
			}
		},
		{
			"from": [-8, 2, 2.5],
			"to": [-7, 3, 4.5],
			"rotation": {"angle": 0, "axis": "y", "origin": [-1, 2, 5.5]},
			"faces": {
				"north": {"uv": [6.875, 10.125, 7, 10.25], "texture": "#1"},
				"east": {"uv": [0.375, 10.125, 0.625, 10.25], "texture": "#1"},
				"south": {"uv": [10.125, 6.875, 10.25, 7], "texture": "#1"},
				"west": {"uv": [10.125, 0.375, 10.375, 0.5], "texture": "#1"},
				"up": {"uv": [0.75, 10.375, 0.625, 10.125], "texture": "#1"},
				"down": {"uv": [1.125, 10.125, 1, 10.375], "texture": "#1"}
			}
		},
		{
			"from": [-8, 2, 1.5],
			"to": [-5, 3, 2.5],
			"rotation": {"angle": 0, "axis": "y", "origin": [-1, 2, 5.5]},
			"faces": {
				"north": {"uv": [1.375, 10, 1.75, 10.125], "texture": "#1"},
				"east": {"uv": [10.125, 7, 10.25, 7.125], "texture": "#1"},
				"south": {"uv": [10, 1.5, 10.375, 1.625], "texture": "#1"},
				"west": {"uv": [10.125, 7.125, 10.25, 7.25], "texture": "#1"},
				"up": {"uv": [2.125, 10.125, 1.75, 10], "texture": "#1"},
				"down": {"uv": [2.5, 10, 2.125, 10.125], "texture": "#1"}
			}
		},
		{
			"from": [-7.5, 1, 2],
			"to": [-5, 2, 4.5],
			"rotation": {"angle": 0, "axis": "y", "origin": [-1, 2, 10.5]},
			"faces": {
				"north": {"uv": [10, 2.375, 10.375, 2.5], "texture": "#1"},
				"east": {"uv": [10, 2.5, 10.375, 2.625], "texture": "#1"},
				"south": {"uv": [10, 2.625, 10.375, 2.75], "texture": "#1"},
				"west": {"uv": [10, 2.75, 10.375, 2.875], "texture": "#1"},
				"up": {"uv": [9.125, 8.125, 8.75, 7.75], "texture": "#1"},
				"down": {"uv": [8.375, 8.75, 8, 9.125], "texture": "#1"}
			}
		},
		{
			"from": [-8, 0, 1.5],
			"to": [-5, 1, 4.5],
			"rotation": {"angle": 0, "axis": "y", "origin": [-1, 2, 5.5]},
			"faces": {
				"north": {"uv": [10, 2.875, 10.375, 3], "texture": "#1"},
				"east": {"uv": [10, 3, 10.375, 3.125], "texture": "#1"},
				"south": {"uv": [10, 3.125, 10.375, 3.25], "texture": "#1"},
				"west": {"uv": [3.25, 10, 3.625, 10.125], "texture": "#1"},
				"up": {"uv": [9.125, 8.5, 8.75, 8.125], "texture": "#1"},
				"down": {"uv": [9.125, 8.5, 8.75, 8.875], "texture": "#1"}
			}
		},
		{
			"from": [-8, 0, 6.5],
			"to": [-5, 1, 9.5],
			"rotation": {"angle": 0, "axis": "y", "origin": [-1, 2, 5.5]},
			"faces": {
				"north": {"uv": [10, 3.25, 10.375, 3.375], "texture": "#1"},
				"east": {"uv": [10, 3.375, 10.375, 3.5], "texture": "#1"},
				"south": {"uv": [10, 3.5, 10.375, 3.625], "texture": "#1"},
				"west": {"uv": [4, 10, 4.375, 10.125], "texture": "#1"},
				"up": {"uv": [0.375, 9.25, 0, 8.875], "texture": "#1"},
				"down": {"uv": [9.25, 1.25, 8.875, 1.625], "texture": "#1"}
			}
		},
		{
			"from": [-8, 2, 6.5],
			"to": [-7, 3, 9.5],
			"rotation": {"angle": 0, "axis": "y", "origin": [-1, 2, 5.5]},
			"faces": {
				"north": {"uv": [7.25, 10.125, 7.375, 10.25], "texture": "#1"},
				"east": {"uv": [10, 4.125, 10.375, 4.25], "texture": "#1"},
				"south": {"uv": [7.375, 10.125, 7.5, 10.25], "texture": "#1"},
				"west": {"uv": [10, 4.25, 10.375, 4.375], "texture": "#1"},
				"up": {"uv": [2.875, 10.25, 2.75, 9.875], "texture": "#1"},
				"down": {"uv": [3.75, 9.875, 3.625, 10.25], "texture": "#1"}
			}
		},
		{
			"from": [-8, 2, 11.5],
			"to": [-7, 3, 13.5],
			"rotation": {"angle": 0, "axis": "y", "origin": [-1, 2, 9.5]},
			"faces": {
				"north": {"uv": [7.625, 10.125, 7.75, 10.25], "texture": "#1"},
				"east": {"uv": [10.125, 0.625, 10.375, 0.75], "texture": "#1"},
				"south": {"uv": [10.125, 7.625, 10.25, 7.75], "texture": "#1"},
				"west": {"uv": [1.125, 10.125, 1.375, 10.25], "texture": "#1"},
				"up": {"uv": [1.5, 10.375, 1.375, 10.125], "texture": "#1"},
				"down": {"uv": [1.625, 10.125, 1.5, 10.375], "texture": "#1"}
			}
		},
		{
			"from": [-8, 2, 13.5],
			"to": [-5, 3, 14.5],
			"rotation": {"angle": 0, "axis": "y", "origin": [-1, 2, 9.5]},
			"faces": {
				"north": {"uv": [4.375, 10, 4.75, 10.125], "texture": "#1"},
				"east": {"uv": [7.75, 10.125, 7.875, 10.25], "texture": "#1"},
				"south": {"uv": [10, 4.375, 10.375, 4.5], "texture": "#1"},
				"west": {"uv": [7.875, 10.125, 8, 10.25], "texture": "#1"},
				"up": {"uv": [10.375, 4.625, 10, 4.5], "texture": "#1"},
				"down": {"uv": [10.375, 4.625, 10, 4.75], "texture": "#1"}
			}
		},
		{
			"from": [-7.5, 1, 11.5],
			"to": [-5, 2, 14],
			"rotation": {"angle": 0, "axis": "y", "origin": [-1, 2, 5.5]},
			"faces": {
				"north": {"uv": [4.75, 10, 5.125, 10.125], "texture": "#1"},
				"east": {"uv": [10, 4.75, 10.375, 4.875], "texture": "#1"},
				"south": {"uv": [10, 4.875, 10.375, 5], "texture": "#1"},
				"west": {"uv": [10, 5, 10.375, 5.125], "texture": "#1"},
				"up": {"uv": [9.25, 2.625, 8.875, 2.25], "texture": "#1"},
				"down": {"uv": [2.875, 8.875, 2.5, 9.25], "texture": "#1"}
			}
		},
		{
			"from": [-8, 0, 11.5],
			"to": [-5, 1, 14.5],
			"rotation": {"angle": 0, "axis": "y", "origin": [-1, 2, 5.5]},
			"faces": {
				"north": {"uv": [5.125, 10, 5.5, 10.125], "texture": "#1"},
				"east": {"uv": [10, 5.125, 10.375, 5.25], "texture": "#1"},
				"south": {"uv": [10, 5.375, 10.375, 5.5], "texture": "#1"},
				"west": {"uv": [5.5, 10, 5.875, 10.125], "texture": "#1"},
				"up": {"uv": [9.25, 3, 8.875, 2.625], "texture": "#1"},
				"down": {"uv": [9.25, 3, 8.875, 3.375], "texture": "#1"}
			}
		},
		{
			"from": [-7, 3, 6.5],
			"to": [-6, 4, 9.5],
			"rotation": {"angle": 0, "axis": "y", "origin": [-1, 2, 5.5]},
			"faces": {
				"north": {"uv": [8, 10.125, 8.125, 10.25], "texture": "#1"},
				"east": {"uv": [5.875, 10, 6.25, 10.125], "texture": "#1"},
				"south": {"uv": [8.125, 10.125, 8.25, 10.25], "texture": "#1"},
				"west": {"uv": [10, 6.125, 10.375, 6.25], "texture": "#1"},
				"up": {"uv": [7.625, 10.25, 7.5, 9.875], "texture": "#1"},
				"down": {"uv": [0.875, 10, 0.75, 10.375], "texture": "#1"}
			}
		},
		{
			"from": [4.5, 2, 1.5],
			"to": [11.5, 3, 2.5],
			"rotation": {"angle": 0, "axis": "y", "origin": [12.5, 2, 5.5]},
			"faces": {
				"north": {"uv": [8.875, 1.625, 9.75, 1.75], "texture": "#1"},
				"east": {"uv": [8.25, 10.125, 8.375, 10.25], "texture": "#1"},
				"south": {"uv": [9.125, 0.5, 10, 0.625], "texture": "#1"},
				"west": {"uv": [8.375, 10.125, 8.5, 10.25], "texture": "#1"},
				"up": {"uv": [4.875, 9.25, 4, 9.125], "texture": "#1"},
				"down": {"uv": [10, 4.125, 9.125, 4.25], "texture": "#1"}
			}
		},
		{
			"from": [4.5, 0, 1.5],
			"to": [11.5, 1, 4.5],
			"rotation": {"angle": 0, "axis": "y", "origin": [12.5, 2, 5.5]},
			"faces": {
				"north": {"uv": [9.125, 4.25, 10, 4.375], "texture": "#1"},
				"east": {"uv": [6.25, 10, 6.625, 10.125], "texture": "#1"},
				"south": {"uv": [9.125, 4.375, 10, 4.5], "texture": "#1"},
				"west": {"uv": [10, 6.25, 10.375, 6.375], "texture": "#1"},
				"up": {"uv": [7.625, 6.5, 6.75, 6.125], "texture": "#1"},
				"down": {"uv": [8, 4.125, 7.125, 4.5], "texture": "#1"}
			}
		},
		{
			"from": [5, 1, 2],
			"to": [11, 2, 4.5],
			"rotation": {"angle": 0, "axis": "y", "origin": [12.5, 2, 5.5]},
			"faces": {
				"north": {"uv": [9.25, 5.375, 10, 5.5], "texture": "#1"},
				"east": {"uv": [10, 6.5, 10.375, 6.625], "texture": "#1"},
				"south": {"uv": [9.25, 6.5, 10, 6.625], "texture": "#1"},
				"west": {"uv": [6.625, 10, 7, 10.125], "texture": "#1"},
				"up": {"uv": [8.25, 6.875, 7.5, 6.5], "texture": "#1"},
				"down": {"uv": [8.375, 2.25, 7.625, 2.625], "texture": "#1"}
			}
		},
		{
			"from": [4.5, 3, 2.5],
			"to": [11.5, 4, 3.5],
			"rotation": {"angle": 0, "axis": "y", "origin": [12.5, 2, 5.5]},
			"faces": {
				"north": {"uv": [9.125, 4.5, 10, 4.625], "texture": "#1"},
				"east": {"uv": [8.5, 10.125, 8.625, 10.25], "texture": "#1"},
				"south": {"uv": [9.125, 4.625, 10, 4.75], "texture": "#1"},
				"west": {"uv": [8.625, 10.125, 8.75, 10.25], "texture": "#1"},
				"up": {"uv": [10, 4.875, 9.125, 4.75], "texture": "#1"},
				"down": {"uv": [5.75, 9.125, 4.875, 9.25], "texture": "#1"}
			}
		},
		{
			"from": [5.5, 4, 2.5],
			"to": [10.5, 8, 3.5],
			"rotation": {"angle": 0, "axis": "y", "origin": [12.5, 2, 5.5]},
			"faces": {
				"north": {"uv": [7.375, 7.375, 8, 7.875], "texture": "#1"},
				"east": {"uv": [7.25, 2.25, 7.375, 2.75], "texture": "#1"},
				"south": {"uv": [7.5, 1.25, 8.125, 1.75], "texture": "#1"},
				"west": {"uv": [1.75, 7.625, 1.875, 8.125], "texture": "#1"},
				"up": {"uv": [8, 4.125, 7.375, 4], "texture": "#1"},
				"down": {"uv": [8.25, 6.375, 7.625, 6.5], "texture": "#1"}
			}
		},
		{
			"from": [5.5, 5, 1.5],
			"to": [10.5, 6, 3.5],
			"rotation": {"angle": 45, "axis": "z", "origin": [8, 8.5, 2.5]},
			"faces": {
				"north": {"uv": [9.5, 1.375, 10.125, 1.5], "texture": "#1"},
				"east": {"uv": [10.125, 1.375, 10.375, 1.5], "texture": "#1"},
				"south": {"uv": [9.5, 1.75, 10.125, 1.875], "texture": "#1"},
				"west": {"uv": [1.625, 10.125, 1.875, 10.25], "texture": "#1"},
				"up": {"uv": [9, 3.625, 8.375, 3.375], "texture": "#1"},
				"down": {"uv": [9, 6.125, 8.375, 6.375], "texture": "#1"}
			}
		},
		{
			"from": [5.5, 6, 2],
			"to": [10.5, 11, 3.5],
			"rotation": {"angle": 45, "axis": "z", "origin": [8, 8.5, 2.5]},
			"faces": {
				"north": {"uv": [6.875, 1.25, 7.5, 1.875], "texture": "#1"},
				"east": {"uv": [8.625, 2.25, 8.875, 2.875], "texture": "#1"},
				"south": {"uv": [1.25, 7, 1.875, 7.625], "texture": "#1"},
				"west": {"uv": [3.25, 8.75, 3.5, 9.375], "texture": "#1"},
				"up": {"uv": [9.125, 0.625, 8.5, 0.375], "texture": "#1"},
				"down": {"uv": [9.125, 4.5, 8.5, 4.75], "texture": "#1"}
			}
		},
		{
			"from": [5.5, 11, 1.5],
			"to": [10.5, 12, 3.5],
			"rotation": {"angle": 45, "axis": "z", "origin": [8, 8.5, 2.5]},
			"faces": {
				"north": {"uv": [9.5, 5.5, 10.125, 5.625], "texture": "#1"},
				"east": {"uv": [10.125, 1.75, 10.375, 1.875], "texture": "#1"},
				"south": {"uv": [9.5, 5.625, 10.125, 5.75], "texture": "#1"},
				"west": {"uv": [1.875, 10.125, 2.125, 10.25], "texture": "#1"},
				"up": {"uv": [9.125, 5, 8.5, 4.75], "texture": "#1"},
				"down": {"uv": [9.125, 7.375, 8.5, 7.625], "texture": "#1"}
			}
		},
		{
			"from": [10.5, 5, 1.5],
			"to": [11.5, 12, 3.5],
			"rotation": {"angle": 45, "axis": "z", "origin": [8, 8.5, 2.5]},
			"faces": {
				"north": {"uv": [5.75, 9.125, 5.875, 10], "texture": "#1"},
				"east": {"uv": [1, 8, 1.25, 8.875], "texture": "#1"},
				"south": {"uv": [5.875, 9.125, 6, 10], "texture": "#1"},
				"west": {"uv": [1.25, 8.125, 1.5, 9], "texture": "#1"},
				"up": {"uv": [2.25, 10.375, 2.125, 10.125], "texture": "#1"},
				"down": {"uv": [2.375, 10.125, 2.25, 10.375], "texture": "#1"}
			}
		},
		{
			"from": [10.78553, 8.02132, 1.6],
			"to": [14.78553, 11.02132, 3.5],
			"rotation": {"angle": 22.5, "axis": "z", "origin": [11.53553, 10.62132, 2.5]},
			"faces": {
				"north": {"uv": [7.375, 8.375, 7.875, 8.75], "texture": "#1"},
				"east": {"uv": [5, 9.375, 5.25, 9.75], "texture": "#1"},
				"south": {"uv": [7.875, 8.375, 8.375, 8.75], "texture": "#1"},
				"west": {"uv": [5.25, 9.375, 5.5, 9.75], "texture": "#1"},
				"up": {"uv": [8.25, 0.75, 7.75, 0.5], "texture": "#1"},
				"down": {"uv": [9.5, 3.375, 9, 3.625], "texture": "#1"}
			}
		},
		{
			"from": [15.06385, 13.15847, 1.55],
			"to": [17.06385, 16.15847, 3.5],
			"rotation": {"angle": 0, "axis": "y", "origin": [15.56385, 15.15847, 2.55]},
			"faces": {
				"north": {"uv": [8.375, 9.375, 8.625, 9.75], "texture": "#1"},
				"east": {"uv": [8.625, 9.375, 8.875, 9.75], "texture": "#1"},
				"south": {"uv": [9.375, 8.625, 9.625, 9], "texture": "#1"},
				"west": {"uv": [8.875, 9.375, 9.125, 9.75], "texture": "#1"},
				"up": {"uv": [10, 6.375, 9.75, 6.125], "texture": "#1"},
				"down": {"uv": [6.5, 9.75, 6.25, 10], "texture": "#1"}
			}
		},
		{
			"from": [15.06385, 16.15847, 1.625],
			"to": [16.06385, 19.15847, 3.5],
			"rotation": {"angle": 0, "axis": "y", "origin": [15.56385, 15.15847, 2.55]},
			"faces": {
				"north": {"uv": [2.5, 10, 2.625, 10.375], "texture": "#1"},
				"east": {"uv": [9.375, 9, 9.625, 9.375], "texture": "#1"},
				"south": {"uv": [10, 6.875, 10.125, 7.25], "texture": "#1"},
				"west": {"uv": [9.125, 9.375, 9.375, 9.75], "texture": "#1"},
				"up": {"uv": [2.5, 10.375, 2.375, 10.125], "texture": "#1"},
				"down": {"uv": [3, 10.125, 2.875, 10.375], "texture": "#1"}
			}
		},
		{
			"from": [13.41267, 9.88474, 1.575],
			"to": [16.41267, 13.88474, 3.5],
			"rotation": {"angle": -22.5, "axis": "z", "origin": [14.91267, 11.88474, 2.55]},
			"faces": {
				"north": {"uv": [8.375, 7.875, 8.75, 8.375], "texture": "#1"},
				"east": {"uv": [2, 9.125, 2.25, 9.625], "texture": "#1"},
				"south": {"uv": [8.375, 8.375, 8.75, 8.875], "texture": "#1"},
				"west": {"uv": [2.25, 9.125, 2.5, 9.625], "texture": "#1"},
				"up": {"uv": [9.75, 9.625, 9.375, 9.375], "texture": "#1"},
				"down": {"uv": [0.625, 9.5, 0.25, 9.75], "texture": "#1"}
			}
		},
		{
			"from": [1.21447, 8.02132, 1.6],
			"to": [5.21447, 11.02132, 3.5],
			"rotation": {"angle": -22.5, "axis": "z", "origin": [4.46447, 10.62132, 2.5]},
			"faces": {
				"north": {"uv": [0, 8.5, 0.5, 8.875], "texture": "#1"},
				"east": {"uv": [0.625, 9.5, 0.875, 9.875], "texture": "#1"},
				"south": {"uv": [8.5, 0, 9, 0.375], "texture": "#1"},
				"west": {"uv": [9.5, 0.75, 9.75, 1.125], "texture": "#1"},
				"up": {"uv": [9.5, 5.75, 9, 5.5], "texture": "#1"},
				"down": {"uv": [9.5, 6.625, 9, 6.875], "texture": "#1"}
			}
		},
		{
			"from": [-0.41267, 9.88474, 1.575],
			"to": [2.58733, 13.88474, 3.5],
			"rotation": {"angle": 22.5, "axis": "z", "origin": [1.08733, 11.88474, 2.55]},
			"faces": {
				"north": {"uv": [0.5, 8.5, 0.875, 9], "texture": "#1"},
				"east": {"uv": [3.5, 9.125, 3.75, 9.625], "texture": "#1"},
				"south": {"uv": [8.5, 4, 8.875, 4.5], "texture": "#1"},
				"west": {"uv": [9.125, 3.625, 9.375, 4.125], "texture": "#1"},
				"up": {"uv": [9.875, 1.375, 9.5, 1.125], "texture": "#1"},
				"down": {"uv": [1.625, 9.5, 1.25, 9.75], "texture": "#1"}
			}
		},
		{
			"from": [-1.06385, 13.15847, 1.55],
			"to": [0.93615, 16.15847, 3.5],
			"rotation": {"angle": 0, "axis": "y", "origin": [0.43615, 15.15847, 2.55]},
			"faces": {
				"north": {"uv": [9.5, 2.125, 9.75, 2.5], "texture": "#1"},
				"east": {"uv": [9.5, 2.5, 9.75, 2.875], "texture": "#1"},
				"south": {"uv": [9.5, 2.875, 9.75, 3.25], "texture": "#1"},
				"west": {"uv": [9.5, 3.25, 9.75, 3.625], "texture": "#1"},
				"up": {"uv": [6.75, 10, 6.5, 9.75], "texture": "#1"},
				"down": {"uv": [7.875, 9.75, 7.625, 10], "texture": "#1"}
			}
		},
		{
			"from": [-0.06385, 16.15847, 1.625],
			"to": [0.93615, 19.15847, 3.5],
			"rotation": {"angle": 0, "axis": "y", "origin": [0.43615, 15.15847, 2.55]},
			"faces": {
				"north": {"uv": [7, 10, 7.125, 10.375], "texture": "#1"},
				"east": {"uv": [9.5, 5, 9.75, 5.375], "texture": "#1"},
				"south": {"uv": [7.125, 10, 7.25, 10.375], "texture": "#1"},
				"west": {"uv": [9.5, 6.125, 9.75, 6.5], "texture": "#1"},
				"up": {"uv": [3.125, 10.375, 3, 10.125], "texture": "#1"},
				"down": {"uv": [3.25, 10.125, 3.125, 10.375], "texture": "#1"}
			}
		},
		{
			"from": [4.5, 5, 1.5],
			"to": [5.5, 12, 3.5],
			"rotation": {"angle": 45, "axis": "z", "origin": [8, 8.5, 2.5]},
			"faces": {
				"north": {"uv": [6, 9.125, 6.125, 10], "texture": "#1"},
				"east": {"uv": [1.5, 8.125, 1.75, 9], "texture": "#1"},
				"south": {"uv": [6.125, 9.125, 6.25, 10], "texture": "#1"},
				"west": {"uv": [1.75, 8.375, 2, 9.25], "texture": "#1"},
				"up": {"uv": [3.375, 10.375, 3.25, 10.125], "texture": "#1"},
				"down": {"uv": [3.5, 10.125, 3.375, 10.375], "texture": "#1"}
			}
		},
		{
			"from": [5, 1, 11.5],
			"to": [11, 2, 14],
			"rotation": {"angle": 0, "axis": "y", "origin": [12.5, 2, 10.5]},
			"faces": {
				"north": {"uv": [9.375, 0.375, 10.125, 0.5], "texture": "#1"},
				"east": {"uv": [10, 7.25, 10.375, 7.375], "texture": "#1"},
				"south": {"uv": [9.375, 4, 10.125, 4.125], "texture": "#1"},
				"west": {"uv": [10, 7.375, 10.375, 7.5], "texture": "#1"},
				"up": {"uv": [8.375, 3, 7.625, 2.625], "texture": "#1"},
				"down": {"uv": [8.375, 3, 7.625, 3.375], "texture": "#1"}
			}
		},
		{
			"from": [4.5, 2, 13.5],
			"to": [11.5, 3, 14.5],
			"rotation": {"angle": 0, "axis": "y", "origin": [12.5, 2, 10.5]},
			"faces": {
				"north": {"uv": [9.125, 4.875, 10, 5], "texture": "#1"},
				"east": {"uv": [8.75, 10.125, 8.875, 10.25], "texture": "#1"},
				"south": {"uv": [6.25, 9.125, 7.125, 9.25], "texture": "#1"},
				"west": {"uv": [8.875, 10.125, 9, 10.25], "texture": "#1"},
				"up": {"uv": [10, 7.125, 9.125, 7], "texture": "#1"},
				"down": {"uv": [10, 7.125, 9.125, 7.25], "texture": "#1"}
			}
		},
		{
			"from": [4.5, 3, 12.55],
			"to": [11.5, 4, 13.55],
			"rotation": {"angle": 0, "axis": "y", "origin": [12.5, 2, 10.5]},
			"faces": {
				"north": {"uv": [9.125, 7.25, 10, 7.375], "texture": "#1"},
				"east": {"uv": [9, 10.125, 9.125, 10.25], "texture": "#1"},
				"south": {"uv": [9.125, 7.375, 10, 7.5], "texture": "#1"},
				"west": {"uv": [9.125, 10.125, 9.25, 10.25], "texture": "#1"},
				"up": {"uv": [10, 7.625, 9.125, 7.5], "texture": "#1"},
				"down": {"uv": [10, 7.75, 9.125, 7.875], "texture": "#1"}
			}
		},
		{
			"from": [5.5, 4, 12.55],
			"to": [10.5, 12, 13.55],
			"rotation": {"angle": 0, "axis": "y", "origin": [12.5, 2, 10.5]},
			"faces": {
				"north": {"uv": [0, 7, 0.625, 8], "texture": "#1"},
				"east": {"uv": [3.75, 9.125, 3.875, 10.125], "texture": "#1"},
				"south": {"uv": [0.625, 7, 1.25, 8], "texture": "#1"},
				"west": {"uv": [3.875, 9.125, 4, 10.125], "texture": "#1"},
				"up": {"uv": [10.125, 6.75, 9.5, 6.625], "texture": "#1"},
				"down": {"uv": [10.125, 6.75, 9.5, 6.875], "texture": "#1"}
			}
		},
		{
			"from": [4.5, 12, 12.55],
			"to": [11.5, 13, 13.55],
			"rotation": {"angle": 0, "axis": "y", "origin": [12.5, 2, 10.5]},
			"faces": {
				"north": {"uv": [9.125, 7.875, 10, 8], "texture": "#1"},
				"east": {"uv": [10.125, 9.125, 10.25, 9.25], "texture": "#1"},
				"south": {"uv": [9.125, 8, 10, 8.125], "texture": "#1"},
				"west": {"uv": [9.25, 10.125, 9.375, 10.25], "texture": "#1"},
				"up": {"uv": [10, 8.25, 9.125, 8.125], "texture": "#1"},
				"down": {"uv": [10, 8.25, 9.125, 8.375], "texture": "#1"}
			}
		},
		{
			"from": [4.5, 0, 11.5],
			"to": [11.5, 1, 14.5],
			"rotation": {"angle": 0, "axis": "y", "origin": [12.5, 2, 10.5]},
			"faces": {
				"north": {"uv": [9.125, 8.375, 10, 8.5], "texture": "#1"},
				"east": {"uv": [10, 7.5, 10.375, 7.625], "texture": "#1"},
				"south": {"uv": [9.125, 8.5, 10, 8.625], "texture": "#1"},
				"west": {"uv": [7.625, 10, 8, 10.125], "texture": "#1"},
				"up": {"uv": [8.25, 4, 7.375, 3.625], "texture": "#1"},
				"down": {"uv": [8.25, 7, 7.375, 7.375], "texture": "#1"}
			}
		},
		{
			"from": [-7.07612, 3.61732, 7.025],
			"to": [-5.07612, 14.61732, 8.975],
			"rotation": {"angle": -22.5, "axis": "z", "origin": [-6.07612, 3.61732, 3]},
			"faces": {
				"north": {"uv": [6.875, 7, 7.125, 8.375], "texture": "#1"},
				"east": {"uv": [7.125, 2.75, 7.375, 4.125], "texture": "#1"},
				"south": {"uv": [7.125, 7, 7.375, 8.375], "texture": "#1"},
				"west": {"uv": [7.375, 2.25, 7.625, 3.625], "texture": "#1"},
				"up": {"uv": [8.125, 10, 7.875, 9.75], "texture": "#1"},
				"down": {"uv": [8.375, 9.75, 8.125, 10], "texture": "#1"}
			}
		},
		{
			"from": [21, 3, 12.5],
			"to": [23, 4, 13.5],
			"rotation": {"angle": 0, "axis": "y", "origin": [17, 2, 9.5]},
			"faces": {
				"north": {"uv": [3.75, 10.125, 4, 10.25], "texture": "#1"},
				"east": {"uv": [10.125, 9.25, 10.25, 9.375], "texture": "#1"},
				"south": {"uv": [10.125, 3.875, 10.375, 4], "texture": "#1"},
				"west": {"uv": [9.375, 10.125, 9.5, 10.25], "texture": "#1"},
				"up": {"uv": [4.25, 10.25, 4, 10.125], "texture": "#1"},
				"down": {"uv": [10.375, 4, 10.125, 4.125], "texture": "#1"}
			}
		},
		{
			"from": [22, 3, 11.5],
			"to": [23, 4, 12.5],
			"rotation": {"angle": 0, "axis": "y", "origin": [17, 2, 9.5]},
			"faces": {
				"north": {"uv": [10.125, 9.375, 10.25, 9.5], "texture": "#1"},
				"east": {"uv": [9.5, 10.125, 9.625, 10.25], "texture": "#1"},
				"south": {"uv": [10.125, 9.5, 10.25, 9.625], "texture": "#1"},
				"west": {"uv": [9.625, 10.125, 9.75, 10.25], "texture": "#1"},
				"up": {"uv": [9.875, 10.25, 9.75, 10.125], "texture": "#1"},
				"down": {"uv": [10, 10.125, 9.875, 10.25], "texture": "#1"}
			}
		},
		{
			"from": [-7, 3, 2.5],
			"to": [-5, 4, 3.5],
			"rotation": {"angle": 0, "axis": "y", "origin": [-1, 2, 5.5]},
			"faces": {
				"north": {"uv": [4.25, 10.125, 4.5, 10.25], "texture": "#1"},
				"east": {"uv": [10.125, 10, 10.25, 10.125], "texture": "#1"},
				"south": {"uv": [4.5, 10.125, 4.75, 10.25], "texture": "#1"},
				"west": {"uv": [10.125, 10.125, 10.25, 10.25], "texture": "#1"},
				"up": {"uv": [5, 10.25, 4.75, 10.125], "texture": "#1"},
				"down": {"uv": [5.25, 10.125, 5, 10.25], "texture": "#1"}
			}
		},
		{
			"from": [-7, 3, 3.5],
			"to": [-6, 4, 4.5],
			"rotation": {"angle": 0, "axis": "y", "origin": [-1, 2, 5.5]},
			"faces": {
				"north": {"uv": [0.125, 10.25, 0.25, 10.375], "texture": "#1"},
				"east": {"uv": [0.25, 10.25, 0.375, 10.375], "texture": "#1"},
				"south": {"uv": [0.375, 10.25, 0.5, 10.375], "texture": "#1"},
				"west": {"uv": [0.5, 10.25, 0.625, 10.375], "texture": "#1"},
				"up": {"uv": [1, 10.375, 0.875, 10.25], "texture": "#1"},
				"down": {"uv": [10.375, 1, 10.25, 1.125], "texture": "#1"}
			}
		},
		{
			"from": [-7, 3, 12.5],
			"to": [-5, 4, 13.5],
			"rotation": {"angle": 0, "axis": "y", "origin": [-1, 2, 9.5]},
			"faces": {
				"north": {"uv": [5.25, 10.125, 5.5, 10.25], "texture": "#1"},
				"east": {"uv": [1.125, 10.25, 1.25, 10.375], "texture": "#1"},
				"south": {"uv": [10.125, 5.25, 10.375, 5.375], "texture": "#1"},
				"west": {"uv": [10.25, 1.125, 10.375, 1.25], "texture": "#1"},
				"up": {"uv": [5.75, 10.25, 5.5, 10.125], "texture": "#1"},
				"down": {"uv": [10.375, 5.5, 10.125, 5.625], "texture": "#1"}
			}
		},
		{
			"from": [-7, 3, 11.5],
			"to": [-6, 4, 12.5],
			"rotation": {"angle": 0, "axis": "y", "origin": [-1, 2, 9.5]},
			"faces": {
				"north": {"uv": [1.25, 10.25, 1.375, 10.375], "texture": "#1"},
				"east": {"uv": [10.25, 1.25, 10.375, 1.375], "texture": "#1"},
				"south": {"uv": [1.625, 10.25, 1.75, 10.375], "texture": "#1"},
				"west": {"uv": [10.25, 1.625, 10.375, 1.75], "texture": "#1"},
				"up": {"uv": [1.875, 10.375, 1.75, 10.25], "texture": "#1"},
				"down": {"uv": [2, 10.25, 1.875, 10.375], "texture": "#1"}
			}
		}
	],
	"gui_light": "front",
	"display": {
		"thirdperson_righthand": {
			"rotation": [75, 45, 0],
			"translation": [0, 2.5, 0],
			"scale": [0.375, 0.375, 0.375]
		},
		"thirdperson_lefthand": {
			"rotation": [75, 45, 0],
			"translation": [0, 2.5, 0],
			"scale": [0.375, 0.375, 0.375]
		},
		"firstperson_righthand": {
			"rotation": [0, 45, 0],
			"scale": [0.4, 0.4, 0.4]
		},
		"firstperson_lefthand": {
			"rotation": [0, 225, 0],
			"scale": [0.4, 0.4, 0.4]
		},
		"ground": {
			"translation": [0, 3, 0],
			"scale": [0.25, 0.25, 0.25]
		},
		"gui": {
			"rotation": [30, 225, 0],
			"translation": [0.75, -0.5, 0],
			"scale": [0.625, 0.625, 0.625]
		},
		"fixed": {
			"scale": [0.5, 0.5, 0.5]
		}
	},
	"groups": [
		{
			"name": "chest_bottom",
			"origin": [0, 2.29121, 7.33535],
			"color": 0,
			"nbt": "{}",
			"children": [
				{
					"name": "light",
					"origin": [0, 19.00522, 8],
					"color": 0,
					"nbt": "{}",
					"children": [0, 1, 2, 3]
				},
				{
					"name": "chest_top",
					"origin": [0, 13.34017, 8],
					"color": 0,
					"nbt": "{}",
					"children": [4, 5, 6, 7, 8, 9, 10, 11, 12, 13, 14, 15, 16, 17, 18, 19, 20, 21, 22, 23, 24]
				},
				25,
				26,
				27,
				28,
				29,
				30,
				31,
				32,
				33,
				34,
				35,
				36,
				37,
				38,
				39,
				40,
				41,
				42,
				43,
				44,
				45,
				46,
				47,
				48,
				49,
				50,
				51,
				52,
				53,
				54,
				55,
				56,
				57,
				58,
				59,
				60,
				61,
				62,
				63,
				64,
				65,
				66,
				67,
				68,
				69,
				70,
				71,
				72,
				73,
				74,
				75,
				76,
				77,
				78,
				79,
				80,
				81,
				82,
				83,
				84,
				85,
				86,
				87,
				88,
				89,
				90,
				91,
				92,
				93,
				94,
				95,
				96,
				97,
				98,
				99,
				100,
				101,
				102,
				103,
				104,
				105,
				106,
				107,
				108,
				109,
				110,
				111,
				112,
				113,
				114,
				115,
				116,
				117,
				118,
				119
			]
		}
	]
}