{
	"credit": "Made with Blockbench",
	"texture_size": [64, 64],
	"textures": {
		"0": "custom/entity/mob/duality"
	},
	"elements": [
		{
			"from": [5.06857, 4.37577, 14.39259],
			"to": [10.55429, 7.11863, 14.48688],
			"rotation": {"angle": -22.5, "axis": "x", "origin": [7.81143, 7.276, 14.96589]},
			"faces": {
				"north": {"uv": [9.07813, 3.75, 8.57813, 4], "rotation": 180, "texture": "#0"},
				"east": {"uv": [0, 0, 0.25, 0], "rotation": 270, "texture": "#0"},
				"south": {"uv": [9.07813, 4, 8.57813, 3.75], "texture": "#0"},
				"west": {"uv": [0, 0, 0.25, 0], "rotation": 90, "texture": "#0"},
				"up": {"uv": [0, 0, 0.5, 0], "rotation": 180, "texture": "#0"},
				"down": {"uv": [0, 0, 0.5, 0], "texture": "#0"}
			}
		},
		{
			"from": [6.61143, 5.04995, 12.82556],
			"to": [9.01143, 6.42138, 14.8827],
			"rotation": {"angle": -22.5, "axis": "x", "origin": [7.81143, 5.73567, 13.51127]},
			"faces": {
				"north": {"uv": [10.15625, 8.5625, 9.9375, 8.6875], "rotation": 180, "texture": "#0"},
				"east": {"uv": [1.0625, 10.0625, 1.1875, 10.25], "rotation": 270, "texture": "#0"},
				"west": {"uv": [1.1875, 10.0625, 1.3125, 10.25], "rotation": 90, "texture": "#0"},
				"up": {"uv": [9.64063, 4.23438, 9.85938, 4.42188], "rotation": 180, "texture": "#0"},
				"down": {"uv": [9.64063, 4.42188, 9.85938, 4.60938], "texture": "#0"}
			}
		},
		{
			"from": [6.62857, 2.57775, 9.18198],
			"to": [9.37143, 8.74918, 11.23912],
			"rotation": {"angle": 0, "axis": "y", "origin": [8, 6.34918, 10.21055]},
			"faces": {
				"north": {"uv": [8.4375, 6.1875, 8.6875, 6.75], "texture": "#0"},
				"east": {"uv": [5.04688, 8.75, 4.85938, 9.3125], "texture": "#0"},
				"south": {"uv": [6.60938, 8.4375, 6.85938, 9], "texture": "#0"},
				"west": {"uv": [4.85938, 8.75, 5.04688, 9.3125], "texture": "#0"},
				"down": {"uv": [5.04688, 9.15625, 4.85938, 9.3125], "texture": "#0"}
			}
		},
		{
			"from": [5.94286, 2.40632, 8.32483],
			"to": [7.31429, 7.37775, 9.69626],
			"rotation": {"angle": 22.5, "axis": "x", "origin": [6.62857, 4.97775, 9.35341]},
			"faces": {
				"north": {"uv": [1, 6.9375, 1.125, 7.39063], "texture": "#0"},
				"east": {"uv": [2.1875, 9.375, 2.3125, 9.82813], "texture": "#0"},
				"south": {"uv": [9.4375, 8.0625, 9.5625, 8.51563], "texture": "#0"},
				"west": {"uv": [9.45313, 3.875, 9.57813, 4.32813], "texture": "#0"},
				"up": {"uv": [8.9375, 7.5625, 8.8125, 7.4375], "texture": "#0"},
				"down": {"uv": [8.9375, 7.5625, 8.8125, 7.4375], "texture": "#0"}
			}
		},
		{
			"from": [8.68571, 2.40632, 8.32483],
			"to": [10.05714, 7.37775, 9.69626],
			"rotation": {"angle": 22.5, "axis": "x", "origin": [9.37143, 4.97775, 9.35341]},
			"faces": {
				"north": {"uv": [9.5, 0.1875, 9.625, 0.64063], "texture": "#0"},
				"east": {"uv": [2.57813, 9.5, 2.70313, 9.95313], "texture": "#0"},
				"south": {"uv": [2.98438, 9.5, 3.10938, 9.95313], "texture": "#0"},
				"west": {"uv": [3.10938, 9.5, 3.23438, 9.95313], "texture": "#0"},
				"up": {"uv": [9.57813, 2.15625, 9.45313, 2.03125], "texture": "#0"},
				"down": {"uv": [9.57813, 2.15625, 9.45313, 2.03125], "texture": "#0"}
			}
		},
		{
			"from": [6.64571, 2.47121, 9.67496],
			"to": [9.35429, 7.27121, 11.73211],
			"rotation": {"angle": -22.5, "axis": "x", "origin": [8, 6.24264, 10.70354]},
			"faces": {
				"east": {"uv": [4.35938, 9.1875, 4.17188, 9.625], "texture": "#0"},
				"south": {"uv": [4.42188, 8.75, 4.67188, 9.1875], "texture": "#0"},
				"west": {"uv": [4.17188, 9.1875, 4.35938, 9.625], "texture": "#0"},
				"down": {"uv": [4.42188, 9.03125, 4.67188, 9.1875], "texture": "#0"}
			}
		},
		{
			"from": [6.98857, 2.47121, 11.73211],
			"to": [9.01143, 7.27121, 12.41782],
			"rotation": {"angle": -22.5, "axis": "x", "origin": [7.65714, 6.24264, 10.70354]},
			"faces": {
				"east": {"uv": [4.375, 7.375, 4.3125, 7.8125], "texture": "#0"},
				"south": {"uv": [9.20313, 9.125, 9.39063, 9.5625], "texture": "#0"},
				"west": {"uv": [4.3125, 7.375, 4.375, 7.8125], "texture": "#0"},
				"down": {"uv": [4.375, 7.6875, 4.3125, 7.8125], "texture": "#0"}
			}
		},
		{
			"from": [5.25714, 7.1048, 5.91],
			"to": [10.74286, 9.84766, 12.76714],
			"rotation": {"angle": 0, "axis": "y", "origin": [8, 7.79051, 7.28142]},
			"faces": {
				"north": {"uv": [7.4375, 4.8125, 7.9375, 5.0625], "texture": "#0"},
				"east": {"uv": [8.1875, 1.125, 8.8125, 1.375], "texture": "#0"},
				"south": {"uv": [8.46875, 7.5625, 8.96875, 7.8125], "texture": "#0"},
				"west": {"uv": [8.25, 0, 8.875, 0.25], "texture": "#0"},
				"down": {"uv": [3.0625, 6.625, 2.5625, 7.25], "texture": "#0"}
			}
		},
		{
			"from": [5.25714, 9.84766, 5.22428],
			"to": [10.74286, 14.64766, 13.45285],
			"rotation": {"angle": 0, "axis": "y", "origin": [8, 10.53337, 6.59571]},
			"faces": {
				"north": {"uv": [6.9375, 4.625, 7.4375, 5.0625], "texture": "#0"},
				"east": {"uv": [3.125, 6.4375, 3.875, 6.875], "texture": "#0"},
				"south": {"uv": [7.125, 0, 7.625, 0.4375], "texture": "#0"},
				"west": {"uv": [3.875, 6.4375, 4.625, 6.875], "texture": "#0"},
				"up": {"uv": [5.125, 6.6875, 4.625, 5.9375], "texture": "#0"},
				"down": {"uv": [5.625, 5.9375, 5.125, 6.6875], "texture": "#0"}
			}
		},
		{
			"from": [5.94286, 5.04766, 4.53857],
			"to": [10.05714, 17.39051, 6.59571],
			"rotation": {"angle": -22.5, "axis": "x", "origin": [8, 7.44766, 5.22428]},
			"faces": {
				"north": {"uv": [2.375, 5.1875, 2.75, 6.3125], "texture": "#0"},
				"east": {"uv": [5.9375, 7.125, 6.125, 8.25], "texture": "#0"},
				"south": {"uv": [2.75, 5.5, 3.125, 6.625], "texture": "#0"},
				"west": {"uv": [5.9375, 7.125, 6.125, 8.25], "texture": "#0"},
				"up": {"uv": [9.625, 7.25, 9.25, 7.0625], "texture": "#0"},
				"down": {"uv": [9.6875, 2.5625, 9.3125, 2.75], "texture": "#0"}
			}
		},
		{
			"from": [-2.28571, 0.93337, 1.76142],
			"to": [8, 24.93337, 1.79571],
			"rotation": {"angle": -22.5, "axis": "x", "origin": [8, 7.44766, 5.22428]},
			"faces": {
				"north": {"uv": [3.125, 0, 4.0625, 2.1875], "texture": "#0"},
				"east": {"uv": [0, 0, 0, 2.1875], "texture": "#0"},
				"south": {"uv": [4.0625, 0, 3.125, 2.1875], "texture": "#0"},
				"west": {"uv": [0, 0, 0, 2.1875], "texture": "#0"},
				"up": {"uv": [0.9375, 0, 0, 0], "texture": "#0"},
				"down": {"uv": [0.9375, 0, 0, 0], "texture": "#0"}
			}
		},
		{
			"from": [6.62857, 10.53337, 6.59571],
			"to": [9.37143, 17.39051, 8.65285],
			"rotation": {"angle": -22.5, "axis": "x", "origin": [8, 7.44766, 5.22428]},
			"faces": {
				"east": {"uv": [7.82813, 8.4375, 7.64063, 9.0625], "texture": "#0"},
				"south": {"uv": [3.04688, 8.375, 3.29688, 9], "texture": "#0"},
				"west": {"uv": [7.64063, 8.4375, 7.82813, 9.0625], "texture": "#0"},
				"up": {"uv": [9.75, 6.375, 9.5, 6.1875], "texture": "#0"}
			}
		},
		{
			"from": [5.96, 5.4955, 6.09715],
			"to": [10.04, 8.23836, 8.1543],
			"rotation": {"angle": -45, "axis": "x", "origin": [8, 7.20979, 6.44001]},
			"faces": {
				"north": {"uv": [6.25, 2.5, 6.625, 2.75], "texture": "#0"},
				"east": {"uv": [9.53125, 5.875, 9.71875, 6.125], "texture": "#0"},
				"west": {"uv": [9.53125, 7.4375, 9.71875, 7.6875], "texture": "#0"},
				"down": {"uv": [8.40625, 9.3125, 8.03125, 9.5], "texture": "#0"}
			}
		},
		{
			"from": [2.98761, 11.20761, 9.74598],
			"to": [7.22886, 13.13546, 11.67383],
			"rotation": {"angle": -22.5, "axis": "z", "origin": [6.07216, 12.17153, 10.7099]},
			"faces": {
				"north": {"uv": [7.125, 0.4375, 7.8125, 0.75], "texture": "#0"},
				"east": {"uv": [6.10938, 8.75, 6.42188, 9.0625], "texture": "#0"},
				"south": {"uv": [7.125, 0.75, 7.8125, 1.0625], "texture": "#0"},
				"west": {"uv": [0.5625, 8.8125, 0.875, 9.125], "texture": "#0"},
				"up": {"uv": [7.8125, 1.375, 7.125, 1.0625], "texture": "#0"},
				"down": {"uv": [7.8125, 1.375, 7.125, 1.6875], "texture": "#0"}
			}
		},
		{
			"from": [2.98761, 10.43647, 10.13155],
			"to": [7.22886, 11.20761, 11.67383],
			"rotation": {"angle": -22.5, "axis": "z", "origin": [6.07216, 12.17153, 10.7099]},
			"faces": {
				"north": {"uv": [6.8125, 2.375, 7.5, 2.5], "texture": "#0"},
				"east": {"uv": [7.6875, 6.0625, 7.9375, 6.1875], "texture": "#0"},
				"south": {"uv": [9, 8.6875, 9.6875, 8.8125], "texture": "#0"},
				"west": {"uv": [9.76563, 4.60938, 10.01563, 4.73438], "texture": "#0"},
				"down": {"uv": [8.70313, 4.5625, 8.01563, 4.8125], "texture": "#0"}
			}
		},
		{
			"from": [8.77114, 10.43647, 10.13155],
			"to": [13.01239, 11.20761, 11.67383],
			"rotation": {"angle": 22.5, "axis": "z", "origin": [9.92784, 12.17153, 10.7099]},
			"faces": {
				"north": {"uv": [9.0625, 6.9375, 9.75, 7.0625], "texture": "#0"},
				"east": {"uv": [9.78125, 7.9375, 10.03125, 8.0625], "texture": "#0"},
				"south": {"uv": [9.75, 6.9375, 9.0625, 7.0625], "texture": "#0"},
				"west": {"uv": [10.03125, 7.9375, 9.78125, 8.0625], "texture": "#0"},
				"down": {"uv": [8.875, 0.875, 8.1875, 1.125], "texture": "#0"}
			}
		},
		{
			"from": [8.77114, 11.20761, 9.74598],
			"to": [13.01239, 13.13546, 11.67383],
			"rotation": {"angle": 22.5, "axis": "z", "origin": [9.92784, 12.17153, 10.7099]},
			"faces": {
				"north": {"uv": [7.3125, 1.6875, 8, 2], "texture": "#0"},
				"east": {"uv": [1.95313, 8.8125, 2.26563, 9.125], "texture": "#0"},
				"south": {"uv": [7.3125, 2, 8, 2.3125], "texture": "#0"},
				"west": {"uv": [5.5, 8.8125, 5.8125, 9.125], "texture": "#0"},
				"up": {"uv": [8, 5.375, 7.3125, 5.0625], "texture": "#0"},
				"down": {"uv": [8.0625, 3.125, 7.375, 3.4375], "texture": "#0"}
			}
		},
		{
			"from": [11.08455, 7.80256, 6.80843],
			"to": [11.10624, 15.8995, 14.90538],
			"rotation": {"angle": 22.5, "axis": "z", "origin": [9.92784, 12.17153, 10.7099]},
			"faces": {
				"north": {"uv": [0, 0, 0, 1.3125], "texture": "#0"},
				"east": {"uv": [4.0625, 2.75, 5.375, 4.0625], "texture": "#0"},
				"south": {"uv": [0, 0, 0, 1.3125], "texture": "#0"},
				"west": {"uv": [5.375, 2.75, 4.0625, 4.0625], "texture": "#0"},
				"up": {"uv": [0, 1.3125, 0, 0], "texture": "#0"},
				"down": {"uv": [0, 0, 0, 1.3125], "texture": "#0"}
			}
		},
		{
			"from": [12.21021, 12.92706, 9.74598],
			"to": [14.13805, 16.01161, 11.67383],
			"rotation": {"angle": 22.5, "axis": "z", "origin": [13.84887, 15.04769, 10.8063]},
			"faces": {
				"north": {"uv": [0.32813, 8.3125, 0.64063, 8.8125], "texture": "#0"},
				"east": {"uv": [0.64063, 8.3125, 0.95313, 8.8125], "texture": "#0"},
				"south": {"uv": [5.5, 8.3125, 5.8125, 8.8125], "texture": "#0"},
				"west": {"uv": [8.34375, 3.25, 8.65625, 3.75], "texture": "#0"},
				"up": {"uv": [9.21875, 0.5, 8.90625, 0.1875], "texture": "#0"},
				"down": {"uv": [9.21875, 0.5, 8.90625, 0.8125], "texture": "#0"}
			}
		},
		{
			"from": [14.13805, 12.92706, 10.13155],
			"to": [14.90919, 15.24047, 11.67383],
			"rotation": {"angle": 22.5, "axis": "z", "origin": [13.84887, 15.04769, 10.8063]},
			"faces": {
				"north": {"uv": [9.5, 0.64063, 9.625, 1.01563], "texture": "#0"},
				"east": {"uv": [5.8125, 8.9375, 6.0625, 9.3125], "texture": "#0"},
				"south": {"uv": [9.625, 0.64063, 9.5, 1.01563], "texture": "#0"},
				"up": {"uv": [2.28125, 10.07813, 2.15625, 9.82813], "texture": "#0"},
				"down": {"uv": [2.28125, 9.82813, 2.15625, 10.07813], "texture": "#0"}
			}
		},
		{
			"from": [1.86195, 12.92706, 9.74598],
			"to": [3.78979, 17.16832, 11.67383],
			"rotation": {"angle": -22.5, "axis": "z", "origin": [2.15113, 15.04769, 10.8063]},
			"faces": {
				"north": {"uv": [5.625, 7.125, 5.9375, 7.8125], "texture": "#0"},
				"east": {"uv": [2.5, 7.25, 2.8125, 7.9375], "texture": "#0"},
				"south": {"uv": [3.375, 7.375, 3.6875, 8.0625], "texture": "#0"},
				"west": {"uv": [7.375, 3.4375, 7.6875, 4.125], "texture": "#0"},
				"up": {"uv": [9.21875, 1.125, 8.90625, 0.8125], "texture": "#0"},
				"down": {"uv": [7.17188, 8.9375, 6.85938, 9.25], "texture": "#0"}
			}
		},
		{
			"from": [1.09081, 12.92706, 10.13155],
			"to": [1.86195, 17.16832, 11.67383],
			"rotation": {"angle": -22.5, "axis": "z", "origin": [2.15113, 15.04769, 10.8063]},
			"faces": {
				"north": {"uv": [6.73438, 9, 6.85938, 9.6875], "texture": "#0"},
				"south": {"uv": [6.25, 9.0625, 6.375, 9.75], "texture": "#0"},
				"west": {"uv": [8.21875, 7.5625, 8.46875, 8.25], "texture": "#0"},
				"up": {"uv": [9.95313, 4.0625, 9.82813, 3.8125], "texture": "#0"},
				"down": {"uv": [9.96875, 2.90625, 9.84375, 3.15625], "texture": "#0"}
			}
		},
		{
			"from": [2.54874, 16.37981, 9.76526],
			"to": [4.47658, 20.62106, 11.64491],
			"rotation": {"angle": 0, "axis": "y", "origin": [2.83792, 18.50043, 10.8063]},
			"faces": {
				"north": {"uv": [3.6875, 7.375, 4, 8.0625], "texture": "#0"},
				"east": {"uv": [2, 7.4375, 2.29688, 8.125], "texture": "#0"},
				"south": {"uv": [4, 7.375, 4.3125, 8.0625], "texture": "#0"},
				"west": {"uv": [7.4375, 4.125, 7.73438, 4.8125], "texture": "#0"},
				"up": {"uv": [0.875, 9.42188, 0.5625, 9.125], "texture": "#0"},
				"down": {"uv": [9.4375, 2.8125, 9.125, 3.10938], "texture": "#0"}
			}
		},
		{
			"from": [1.7776, 16.37981, 10.15083],
			"to": [2.54874, 20.62106, 11.64491],
			"rotation": {"angle": 0, "axis": "y", "origin": [2.83792, 18.50043, 10.8063]},
			"faces": {
				"north": {"uv": [8.95313, 9.125, 9.07813, 9.8125], "texture": "#0"},
				"south": {"uv": [9.07813, 9.125, 9.20313, 9.8125], "texture": "#0"},
				"west": {"uv": [6.96875, 8.25, 7.20313, 8.9375], "texture": "#0"},
				"up": {"uv": [8.90625, 10.10938, 8.78125, 9.875], "texture": "#0"}
			}
		},
		{
			"from": [-1.69252, 8.28286, 10.90269],
			"to": [7.9467, 31.80256, 10.92197],
			"shade": false,
			"rotation": {"angle": 0, "axis": "y", "origin": [2.83792, 18.50043, 10.8063]},
			"faces": {
				"north": {"uv": [0, 0, 1.5625, 3.8125], "texture": "#0"},
				"east": {"uv": [0, 0, 0, 3.8125], "texture": "#0"},
				"south": {"uv": [1.5625, 0, 0, 3.8125], "texture": "#0"},
				"west": {"uv": [0, 0, 0, 3.8125], "texture": "#0"},
				"up": {"uv": [1.5625, 0, 0, 0], "texture": "#0"},
				"down": {"uv": [1.5625, 0, 0, 0], "texture": "#0"}
			}
		},
		{
			"from": [1.7776, 20.62106, 10.5364],
			"to": [2.54874, 22.16334, 11.64491],
			"rotation": {"angle": 0, "axis": "y", "origin": [2.83792, 20.81385, 10.8063]},
			"faces": {
				"north": {"uv": [9.84375, 3.15625, 9.96875, 3.40625], "texture": "#0"},
				"south": {"uv": [9.84375, 4.9375, 9.96875, 5.1875], "texture": "#0"},
				"west": {"uv": [9.45313, 4.32813, 9.64063, 4.57813], "texture": "#0"},
				"up": {"uv": [7.4375, 5.5625, 7.3125, 5.375], "texture": "#0"}
			}
		},
		{
			"from": [2.54874, 20.62106, 10.15083],
			"to": [4.47658, 22.93448, 11.64491],
			"rotation": {"angle": 0, "axis": "y", "origin": [2.83792, 20.81385, 10.8063]},
			"faces": {
				"north": {"uv": [2, 5.875, 2.3125, 6.25], "texture": "#0"},
				"east": {"uv": [7.54688, 9.0625, 7.78125, 9.4375], "texture": "#0"},
				"south": {"uv": [6.0625, 5.5625, 6.375, 5.9375], "texture": "#0"},
				"west": {"uv": [5.5, 9.125, 5.73438, 9.5], "texture": "#0"},
				"up": {"uv": [3.375, 8.04688, 3.0625, 7.8125], "texture": "#0"}
			}
		},
		{
			"from": [3.31988, 22.93448, 10.5364],
			"to": [4.47658, 25.24789, 11.64491],
			"rotation": {"angle": 0, "axis": "y", "origin": [2.83792, 23.12726, 10.8063]},
			"faces": {
				"north": {"uv": [3.67188, 9.3125, 3.85938, 9.6875], "texture": "#0"},
				"east": {"uv": [4.54688, 9.3125, 4.73438, 9.6875], "texture": "#0"},
				"south": {"uv": [4.73438, 9.3125, 4.92188, 9.6875], "texture": "#0"},
				"west": {"uv": [5.73438, 9.3125, 5.92188, 9.6875], "texture": "#0"},
				"up": {"uv": [8, 1.6875, 7.8125, 1.5], "texture": "#0"}
			}
		},
		{
			"from": [3.70545, 25.24789, 10.92197],
			"to": [4.47658, 27.5613, 11.64491],
			"rotation": {"angle": 0, "axis": "y", "origin": [2.83792, 25.44067, 10.8063]},
			"faces": {
				"north": {"uv": [9.51563, 9.5, 9.64063, 9.875], "texture": "#0"},
				"east": {"uv": [9.39063, 9.5, 9.51563, 9.875], "texture": "#0"},
				"south": {"uv": [9.51563, 9.5, 9.64063, 9.875], "texture": "#0"},
				"west": {"uv": [1.57813, 9.53125, 1.70313, 9.90625], "texture": "#0"},
				"up": {"uv": [10.14063, 4.6875, 10.01563, 4.5625], "texture": "#0"}
			}
		}
	],
	"gui_light": "front",
	"display": {
		"thirdperson_righthand": {
			"rotation": [75, 45, 0],
			"translation": [0, 2.5, 0],
			"scale": [0.375, 0.375, 0.375]
		},
		"thirdperson_lefthand": {
			"rotation": [75, 45, 0],
			"translation": [0, 2.5, 0],
			"scale": [0.375, 0.375, 0.375]
		},
		"firstperson_righthand": {
			"rotation": [0, 45, 0],
			"scale": [0.4, 0.4, 0.4]
		},
		"firstperson_lefthand": {
			"rotation": [0, 225, 0],
			"scale": [0.4, 0.4, 0.4]
		},
		"ground": {
			"translation": [0, 3, 0],
			"scale": [0.25, 0.25, 0.25]
		},
		"gui": {
			"rotation": [30, 135, 0],
			"translation": [-1, -2.25, 0],
			"scale": [0.79, 0.79, 0.79]
		},
		"head": {
			"rotation": [0, 180, 0]
		},
		"fixed": {
			"scale": [0.5, 0.5, 0.5]
		}
	},
	"groups": [
		{
			"name": "group",
			"origin": [8, 12.20979, 4.44001],
			"color": 0,
			"nbt": "{}",
			"children": [0, 1, 2, 3, 4, 5, 6, 7, 8, 9, 10, 11, 12]
		},
		{
			"name": "group",
			"origin": [2.83792, 21.44067, 10.8063],
			"color": 0,
			"nbt": "{}",
			"children": [13, 14, 15, 16, 17, 18, 19, 20, 21, 22, 23, 24, 25, 26, 27, 28]
		}
	]
}