{
	"credit": "Made with Blockbench",
	"texture_size": [64, 64],
	"textures": {
		"0": "custom/entity/mob/hollow"
	},
	"elements": [
		{
			"from": [12.98107, 7.2701, 11.16051],
			"to": [12.98107, 11.45116, 15.34157],
			"rotation": {"angle": 22.5, "axis": "y", "origin": [12.98107, 9.36063, 13.25104]},
			"faces": {
				"north": {"uv": [0, 0, 0, 0.6875], "texture": "#0"},
				"east": {"uv": [5.25, 5.375, 5.9375, 6.0625], "texture": "#0"},
				"south": {"uv": [0, 0, 0, 0.6875], "texture": "#0"},
				"west": {"uv": [5.9375, 5.375, 5.25, 6.0625], "texture": "#0"},
				"up": {"uv": [0, 0.6875, 0, 0], "texture": "#0"},
				"down": {"uv": [0, 0, 0, 0.6875], "texture": "#0"}
			}
		},
		{
			"from": [3.01893, 7.2701, 11.16051],
			"to": [3.01893, 11.45116, 15.34157],
			"rotation": {"angle": -22.5, "axis": "y", "origin": [3.01893, 9.36063, 13.25104]},
			"faces": {
				"north": {"uv": [0, 0, 0, 0.6875], "texture": "#0"},
				"east": {"uv": [0.6875, 5.4375, 1.375, 6.125], "texture": "#0"},
				"south": {"uv": [0, 0, 0, 0.6875], "texture": "#0"},
				"west": {"uv": [1.375, 5.4375, 0.6875, 6.125], "texture": "#0"},
				"up": {"uv": [0, 0.6875, 0, 0], "texture": "#0"},
				"down": {"uv": [0, 0, 0, 0.6875], "texture": "#0"}
			}
		},
		{
			"from": [6.60631, 8.66379, 5.04805],
			"to": [9.39369, 11.45116, 11.31964],
			"rotation": {"angle": 0, "axis": "y", "origin": [8, 5.70221, 7.487]},
			"faces": {
				"north": {"uv": [8.9375, 0.4375, 9.375, 0.875], "texture": "#0"},
				"east": {"uv": [1.375, 6, 2.375, 6.4375], "texture": "#0"},
				"south": {"uv": [8.8125, 8.9375, 9.25, 9.375], "texture": "#0"},
				"west": {"uv": [6.0625, 2.375, 7.0625, 2.8125], "texture": "#0"},
				"up": {"uv": [5.375, 7.0625, 4.9375, 6.0625], "texture": "#0"},
				"down": {"uv": [5.8125, 6.0625, 5.375, 7.0625], "texture": "#0"}
			}
		},
		{
			"from": [3.81894, 11.45116, 5.04805],
			"to": [12.18106, 13.54169, 5.04805],
			"rotation": {"angle": -45, "axis": "x", "origin": [8, 11.45116, 5.04805]},
			"faces": {
				"north": {"uv": [7.6875, 0.3125, 6.3125, 0.625], "texture": "#0"},
				"east": {"uv": [0, 0, 0, 0.3125], "texture": "#0"},
				"south": {"uv": [6.3125, 0.3125, 7.6875, 0.625], "texture": "#0"},
				"west": {"uv": [0, 0, 0, 0.3125], "texture": "#0"},
				"up": {"uv": [1.375, 0, 0, 0], "texture": "#0"},
				"down": {"uv": [1.375, 0, 0, 0], "texture": "#0"}
			}
		},
		{
			"from": [3.81894, 11.45116, 11.31894],
			"to": [12.18106, 16.32906, 11.31894],
			"rotation": {"angle": 22.5, "axis": "x", "origin": [8, 11.45116, 11.31894]},
			"faces": {
				"north": {"uv": [1.375, 0.8125, 0, 1.625], "texture": "#0"},
				"east": {"uv": [0, 0, 0, 0.8125], "texture": "#0"},
				"south": {"uv": [0, 0.8125, 1.375, 1.625], "texture": "#0"},
				"west": {"uv": [0, 0, 0, 0.8125], "texture": "#0"},
				"up": {"uv": [1.375, 0, 0, 0], "texture": "#0"},
				"down": {"uv": [1.375, 0, 0, 0], "texture": "#0"}
			}
		},
		{
			"from": [6.60631, 7.2701, 5.34421],
			"to": [9.39369, 10.05747, 11.31964],
			"rotation": {"angle": 22.5, "axis": "x", "origin": [8, 10.05747, 8.18385]},
			"faces": {
				"north": {"uv": [1.875, 9, 2.3125, 9.4375], "texture": "#0"},
				"east": {"uv": [6.0625, 2.8125, 7.0625, 3.25], "texture": "#0"},
				"south": {"uv": [9, 4.6875, 9.4375, 5.125], "texture": "#0"},
				"west": {"uv": [0, 6.125, 1, 6.5625], "texture": "#0"},
				"up": {"uv": [2.8125, 7.125, 2.375, 6.125], "texture": "#0"},
				"down": {"uv": [3.25, 6.125, 2.8125, 7.125], "texture": "#0"}
			}
		},
		{
			"from": [6.60631, 5.87642, 5.34421],
			"to": [9.39369, 7.2701, 5.34421],
			"rotation": {"angle": 22.5, "axis": "x", "origin": [8, 10.05747, 8.18385]},
			"faces": {
				"north": {"uv": [9.25, 8.75, 9.6875, 9], "texture": "#0"},
				"east": {"uv": [0, 0, 0, 0.25], "texture": "#0"},
				"south": {"uv": [9.6875, 8.75, 9.25, 9], "texture": "#0"},
				"west": {"uv": [0, 0, 0, 0.25], "texture": "#0"},
				"up": {"uv": [0.4375, 0, 0, 0], "texture": "#0"},
				"down": {"uv": [0.4375, 0, 0, 0], "texture": "#0"}
			}
		},
		{
			"from": [9.37626, 5.87642, 5.34421],
			"to": [9.37626, 7.2701, 7.43474],
			"rotation": {"angle": 22.5, "axis": "x", "origin": [8, 10.05747, 8.18385]},
			"faces": {
				"north": {"uv": [0, 0, 0, 0.25], "texture": "#0"},
				"east": {"uv": [3.6875, 4.125, 4, 4.375], "texture": "#0"},
				"south": {"uv": [0, 0, 0, 0.25], "texture": "#0"},
				"west": {"uv": [4, 4.125, 3.6875, 4.375], "texture": "#0"},
				"up": {"uv": [0, 0.3125, 0, 0], "texture": "#0"},
				"down": {"uv": [0, 0, 0, 0.3125], "texture": "#0"}
			}
		},
		{
			"from": [6.62374, 5.87642, 5.34421],
			"to": [6.62374, 7.2701, 7.43474],
			"rotation": {"angle": 22.5, "axis": "x", "origin": [8, 10.05747, 8.18385]},
			"faces": {
				"north": {"uv": [0, 0, 0, 0.25], "texture": "#0"},
				"east": {"uv": [5.25, 5.6875, 4.9375, 5.9375], "texture": "#0"},
				"south": {"uv": [0, 0, 0, 0.25], "texture": "#0"},
				"west": {"uv": [4.9375, 5.6875, 5.25, 5.9375], "texture": "#0"},
				"up": {"uv": [0, 0.3125, 0, 0], "texture": "#0"},
				"down": {"uv": [0, 0, 0, 0.3125], "texture": "#0"}
			}
		},
		{
			"from": [9.39369, 7.2701, 5.04805],
			"to": [12.18106, 11.45116, 11.31964],
			"rotation": {"angle": 0, "axis": "y", "origin": [8, 5.70221, 7.487]},
			"faces": {
				"north": {"uv": [5.6875, 8.375, 6.125, 9.0625], "texture": "#0"},
				"east": {"uv": [2, 1.625, 3, 2.3125], "texture": "#0"},
				"south": {"uv": [8.375, 7.625, 8.8125, 8.3125], "texture": "#0"},
				"west": {"uv": [2, 2.3125, 3, 3], "texture": "#0"},
				"up": {"uv": [6.25, 7.125, 5.8125, 6.125], "texture": "#0"},
				"down": {"uv": [6.6875, 0.6875, 6.25, 1.6875], "texture": "#0"}
			}
		},
		{
			"from": [12.22417, 7.22345, -1.11944],
			"to": [12.22417, 11.4045, 5.15214],
			"rotation": {"angle": -22.5, "axis": "y", "origin": [12.18106, 9.36063, 5.04805]},
			"faces": {
				"north": {"uv": [0, 0, 0, 0.6875], "texture": "#0"},
				"east": {"uv": [4.375, 0.6875, 3.375, 1.375], "texture": "#0"},
				"south": {"uv": [0, 0, 0, 0.6875], "texture": "#0"},
				"west": {"uv": [3.375, 0.6875, 4.375, 1.375], "texture": "#0"},
				"up": {"uv": [0, 1, 0, 0], "texture": "#0"},
				"down": {"uv": [0, 0, 0, 1], "texture": "#0"}
			}
		},
		{
			"from": [12.22353, 7.2701, 5.03921],
			"to": [12.22353, 11.45116, 11.3108],
			"rotation": {"angle": -22.5, "axis": "y", "origin": [12.18042, 9.4073, 11.20671]},
			"faces": {
				"north": {"uv": [0, 0, 0, 0.6875], "texture": "#0"},
				"east": {"uv": [0, 2.4375, 1, 3.125], "texture": "#0"},
				"south": {"uv": [0, 0, 0, 0.6875], "texture": "#0"},
				"west": {"uv": [1, 2.4375, 0, 3.125], "texture": "#0"},
				"up": {"uv": [0, 1, 0, 0], "texture": "#0"},
				"down": {"uv": [0, 0, 0, 1], "texture": "#0"}
			}
		},
		{
			"from": [3.77647, 7.2701, 5.03921],
			"to": [3.77647, 11.45116, 11.3108],
			"rotation": {"angle": 22.5, "axis": "y", "origin": [3.81958, 9.4073, 11.20671]},
			"faces": {
				"north": {"uv": [0, 0, 0, 0.6875], "texture": "#0"},
				"east": {"uv": [3, 3, 2, 3.6875], "texture": "#0"},
				"south": {"uv": [0, 0, 0, 0.6875], "texture": "#0"},
				"west": {"uv": [2, 3, 3, 3.6875], "texture": "#0"},
				"up": {"uv": [0, 1, 0, 0], "texture": "#0"},
				"down": {"uv": [0, 0, 0, 1], "texture": "#0"}
			}
		},
		{
			"from": [3.77583, 7.22345, -1.11944],
			"to": [3.77583, 11.4045, 5.15214],
			"rotation": {"angle": 22.5, "axis": "y", "origin": [3.81894, 9.36063, 5.04805]},
			"faces": {
				"north": {"uv": [0, 0, 0, 0.6875], "texture": "#0"},
				"east": {"uv": [4.375, 0.6875, 3.375, 1.375], "texture": "#0"},
				"south": {"uv": [0, 0, 0, 0.6875], "texture": "#0"},
				"west": {"uv": [3.375, 0.6875, 4.375, 1.375], "texture": "#0"},
				"up": {"uv": [0, 1, 0, 0], "texture": "#0"},
				"down": {"uv": [0, 0, 0, 1], "texture": "#0"}
			}
		},
		{
			"from": [3.81894, 10.70205, 2.26068],
			"to": [4.51579, 11.3989, 5.7449],
			"rotation": {"angle": 22.5, "axis": "y", "origin": [4.16736, 11.10274, 5.04805]},
			"faces": {
				"north": {"uv": [7.375, 1.1875, 7.5, 1.3125], "texture": "#0"},
				"east": {"uv": [9.3125, 4.25, 9.875, 4.375], "texture": "#0"},
				"south": {"uv": [7.5, 2.8125, 7.625, 2.9375], "texture": "#0"},
				"west": {"uv": [9.3125, 4.375, 9.875, 4.5], "texture": "#0"},
				"up": {"uv": [7.8125, 0.5625, 7.6875, 0], "texture": "#0"},
				"down": {"uv": [0.5625, 7.8125, 0.4375, 8.375], "texture": "#0"}
			}
		},
		{
			"from": [2.77879, 10.7369, 0.51567],
			"to": [3.47563, 11.38148, 2.60619],
			"rotation": {"angle": 0, "axis": "y", "origin": [3.12721, 11.10274, 1.90935]},
			"faces": {
				"north": {"uv": [7.625, 2.8125, 7.75, 2.9375], "texture": "#0"},
				"east": {"uv": [8.5625, 4.5625, 8.875, 4.6875], "texture": "#0"},
				"south": {"uv": [3, 7.6875, 3.125, 7.8125], "texture": "#0"},
				"west": {"uv": [0.75, 8.8125, 1.0625, 8.9375], "texture": "#0"},
				"up": {"uv": [6.25, 8, 6.125, 7.6875], "texture": "#0"},
				"down": {"uv": [7.8125, 7.1875, 7.6875, 7.5], "texture": "#0"}
			}
		},
		{
			"from": [4.16736, 9.30837, 2.26068],
			"to": [4.86421, 10.00521, 5.7449],
			"rotation": {"angle": 22.5, "axis": "y", "origin": [4.51579, 9.70905, 5.04805]},
			"faces": {
				"north": {"uv": [3.125, 7.6875, 3.25, 7.8125], "texture": "#0"},
				"east": {"uv": [9.3125, 4.5, 9.875, 4.625], "texture": "#0"},
				"south": {"uv": [7.75, 3.9375, 7.875, 4.0625], "texture": "#0"},
				"west": {"uv": [7.1875, 9.3125, 7.75, 9.4375], "texture": "#0"},
				"up": {"uv": [3.5625, 8.375, 3.4375, 7.8125], "texture": "#0"},
				"down": {"uv": [3.6875, 7.8125, 3.5625, 8.375], "texture": "#0"}
			}
		},
		{
			"from": [3.12721, 9.34321, 0.51567],
			"to": [3.82405, 9.98779, 2.60619],
			"rotation": {"angle": 0, "axis": "y", "origin": [3.47563, 9.70905, 1.90935]},
			"faces": {
				"north": {"uv": [6.125, 8, 6.25, 8.125], "texture": "#0"},
				"east": {"uv": [3.75, 8.8125, 4.0625, 8.9375], "texture": "#0"},
				"south": {"uv": [2.8125, 8.1875, 2.9375, 8.3125], "texture": "#0"},
				"west": {"uv": [0.75, 8.9375, 1.0625, 9.0625], "texture": "#0"},
				"up": {"uv": [7.9375, 7.5, 7.8125, 7.1875], "texture": "#0"},
				"down": {"uv": [2.9375, 7.875, 2.8125, 8.1875], "texture": "#0"}
			}
		},
		{
			"from": [4.51579, 7.21784, 2.26068],
			"to": [5.21263, 7.91468, 5.7449],
			"rotation": {"angle": 22.5, "axis": "y", "origin": [4.86421, 7.61852, 5.04805]},
			"faces": {
				"north": {"uv": [8.3125, 5.25, 8.4375, 5.375], "texture": "#0"},
				"east": {"uv": [9.375, 0.4375, 9.9375, 0.5625], "texture": "#0"},
				"south": {"uv": [8.3125, 5.375, 8.4375, 5.5], "texture": "#0"},
				"west": {"uv": [9.375, 0.5625, 9.9375, 0.6875], "texture": "#0"},
				"up": {"uv": [1.3125, 9.75, 1.1875, 9.1875], "texture": "#0"},
				"down": {"uv": [1.4375, 9.1875, 1.3125, 9.75], "texture": "#0"}
			}
		},
		{
			"from": [3.47563, 7.25268, 0.51567],
			"to": [4.17247, 7.89726, 2.60619],
			"rotation": {"angle": 0, "axis": "y", "origin": [3.82405, 7.61852, 1.90935]},
			"faces": {
				"north": {"uv": [8.375, 6.375, 8.5, 6.5], "texture": "#0"},
				"east": {"uv": [8.9375, 0.875, 9.25, 1], "texture": "#0"},
				"south": {"uv": [8.5, 1.5625, 8.625, 1.6875], "texture": "#0"},
				"west": {"uv": [8.9375, 1, 9.25, 1.125], "texture": "#0"},
				"up": {"uv": [2, 8.25, 1.875, 7.9375], "texture": "#0"},
				"down": {"uv": [2.125, 7.9375, 2, 8.25], "texture": "#0"}
			}
		},
		{
			"from": [11.82753, 7.25268, 0.51567],
			"to": [12.52437, 7.89726, 2.60619],
			"rotation": {"angle": 0, "axis": "y", "origin": [12.17595, 7.61852, 1.90935]},
			"faces": {
				"north": {"uv": [8.5, 6.375, 8.375, 6.5], "texture": "#0"},
				"east": {"uv": [9.25, 1, 8.9375, 1.125], "texture": "#0"},
				"south": {"uv": [8.625, 1.5625, 8.5, 1.6875], "texture": "#0"},
				"west": {"uv": [9.25, 0.875, 8.9375, 1], "texture": "#0"},
				"up": {"uv": [1.875, 8.25, 2, 7.9375], "texture": "#0"},
				"down": {"uv": [2, 7.9375, 2.125, 8.25], "texture": "#0"}
			}
		},
		{
			"from": [10.78737, 7.21784, 2.26068],
			"to": [11.48421, 7.91468, 5.7449],
			"rotation": {"angle": -22.5, "axis": "y", "origin": [11.13579, 7.61852, 5.04805]},
			"faces": {
				"north": {"uv": [8.4375, 5.25, 8.3125, 5.375], "texture": "#0"},
				"east": {"uv": [9.9375, 0.5625, 9.375, 0.6875], "texture": "#0"},
				"south": {"uv": [8.4375, 5.375, 8.3125, 5.5], "texture": "#0"},
				"west": {"uv": [9.9375, 0.4375, 9.375, 0.5625], "texture": "#0"},
				"up": {"uv": [1.1875, 9.75, 1.3125, 9.1875], "texture": "#0"},
				"down": {"uv": [1.3125, 9.1875, 1.4375, 9.75], "texture": "#0"}
			}
		},
		{
			"from": [11.13579, 9.30837, 2.26068],
			"to": [11.83264, 10.00521, 5.7449],
			"rotation": {"angle": -22.5, "axis": "y", "origin": [11.48421, 9.70905, 5.04805]},
			"faces": {
				"north": {"uv": [3.25, 7.6875, 3.125, 7.8125], "texture": "#0"},
				"east": {"uv": [7.75, 9.3125, 7.1875, 9.4375], "texture": "#0"},
				"south": {"uv": [7.875, 3.9375, 7.75, 4.0625], "texture": "#0"},
				"west": {"uv": [9.875, 4.5, 9.3125, 4.625], "texture": "#0"},
				"up": {"uv": [3.4375, 8.375, 3.5625, 7.8125], "texture": "#0"},
				"down": {"uv": [3.5625, 7.8125, 3.6875, 8.375], "texture": "#0"}
			}
		},
		{
			"from": [12.17595, 9.34321, 0.51567],
			"to": [12.87279, 9.98779, 2.60619],
			"rotation": {"angle": 0, "axis": "y", "origin": [12.52437, 9.70905, 1.90935]},
			"faces": {
				"north": {"uv": [6.25, 8, 6.125, 8.125], "texture": "#0"},
				"east": {"uv": [1.0625, 8.9375, 0.75, 9.0625], "texture": "#0"},
				"south": {"uv": [2.9375, 8.1875, 2.8125, 8.3125], "texture": "#0"},
				"west": {"uv": [4.0625, 8.8125, 3.75, 8.9375], "texture": "#0"},
				"up": {"uv": [7.8125, 7.5, 7.9375, 7.1875], "texture": "#0"},
				"down": {"uv": [2.8125, 7.875, 2.9375, 8.1875], "texture": "#0"}
			}
		},
		{
			"from": [12.52437, 10.7369, 0.51567],
			"to": [13.22121, 11.38148, 2.60619],
			"rotation": {"angle": 0, "axis": "y", "origin": [12.87279, 11.10274, 1.90935]},
			"faces": {
				"north": {"uv": [7.75, 2.8125, 7.625, 2.9375], "texture": "#0"},
				"east": {"uv": [1.0625, 8.8125, 0.75, 8.9375], "texture": "#0"},
				"south": {"uv": [3.125, 7.6875, 3, 7.8125], "texture": "#0"},
				"west": {"uv": [8.875, 4.5625, 8.5625, 4.6875], "texture": "#0"},
				"up": {"uv": [6.125, 8, 6.25, 7.6875], "texture": "#0"},
				"down": {"uv": [7.6875, 7.1875, 7.8125, 7.5], "texture": "#0"}
			}
		},
		{
			"from": [11.48421, 10.70205, 2.26068],
			"to": [12.18106, 11.3989, 5.7449],
			"rotation": {"angle": -22.5, "axis": "y", "origin": [11.83264, 11.10274, 5.04805]},
			"faces": {
				"north": {"uv": [7.5, 1.1875, 7.375, 1.3125], "texture": "#0"},
				"east": {"uv": [9.875, 4.375, 9.3125, 4.5], "texture": "#0"},
				"south": {"uv": [7.625, 2.8125, 7.5, 2.9375], "texture": "#0"},
				"west": {"uv": [9.875, 4.25, 9.3125, 4.375], "texture": "#0"},
				"up": {"uv": [7.6875, 0.5625, 7.8125, 0], "texture": "#0"},
				"down": {"uv": [0.4375, 7.8125, 0.5625, 8.375], "texture": "#0"}
			}
		},
		{
			"from": [3.81894, 7.2701, 5.04805],
			"to": [6.60631, 11.45116, 11.31964],
			"rotation": {"angle": 0, "axis": "y", "origin": [8, 5.70221, 7.487]},
			"faces": {
				"north": {"uv": [8.375, 8.3125, 8.8125, 9], "texture": "#0"},
				"east": {"uv": [4, 1.375, 5, 2.0625], "texture": "#0"},
				"south": {"uv": [8.4375, 3.1875, 8.875, 3.875], "texture": "#0"},
				"west": {"uv": [4, 2.0625, 5, 2.75], "texture": "#0"},
				"up": {"uv": [6.6875, 7.125, 6.25, 6.125], "texture": "#0"},
				"down": {"uv": [4.375, 6.375, 3.9375, 7.375], "texture": "#0"}
			}
		},
		{
			"from": [4.65387, 4.14294, 5.11826],
			"to": [6.64482, 10.16598, 9.13362],
			"rotation": {"angle": 0, "axis": "y", "origin": [8, -7.90313, 7.12594]},
			"faces": {
				"north": {"uv": [7.5, 1.8125, 7.8125, 2.8125], "texture": "#0"},
				"east": {"uv": [3, 4.125, 3.6875, 5.125], "texture": "#0"},
				"south": {"uv": [7.1875, 7.5, 7.5, 8.5], "texture": "#0"},
				"west": {"uv": [4.375, 0, 5.0625, 1], "texture": "#0"},
				"up": {"uv": [7.5, 9.1875, 7.1875, 8.5], "texture": "#0"},
				"down": {"uv": [8.875, 3.875, 8.5625, 4.5625], "texture": "#0"}
			}
		},
		{
			"from": [6.67828, 5.48078, 9.13336],
			"to": [9.35518, 5.48078, 11.81027],
			"rotation": {"angle": 45, "axis": "x", "origin": [8.01673, 5.48078, 9.13336]},
			"faces": {
				"north": {"uv": [0, 0, 0.4375, 0], "texture": "#0"},
				"east": {"uv": [0, 0, 0.4375, 0], "texture": "#0"},
				"south": {"uv": [0, 0, 0.4375, 0], "texture": "#0"},
				"west": {"uv": [0, 0, 0.4375, 0], "texture": "#0"},
				"up": {"uv": [1.8125, 5.9375, 1.375, 5.5], "texture": "#0"},
				"down": {"uv": [1.8125, 5.5, 1.375, 5.9375], "texture": "#0"}
			}
		},
		{
			"from": [6.66155, 8.45546, 9.226],
			"to": [9.33845, 8.45546, 11.9029],
			"rotation": {"angle": -45, "axis": "x", "origin": [8, 8.45546, 9.226]},
			"faces": {
				"north": {"uv": [0, 0, 0.4375, 0], "texture": "#0"},
				"east": {"uv": [0, 0, 0.4375, 0], "texture": "#0"},
				"south": {"uv": [0, 0, 0.4375, 0], "texture": "#0"},
				"west": {"uv": [0, 0, 0.4375, 0], "texture": "#0"},
				"up": {"uv": [1.8125, 5.9375, 1.375, 5.5], "texture": "#0"},
				"down": {"uv": [1.8125, 5.5, 1.375, 5.9375], "texture": "#0"}
			}
		},
		{
			"from": [9.35518, 4.41063, 9.13362],
			"to": [9.35518, 7.08754, 11.81052],
			"rotation": {"angle": 22.5, "axis": "y", "origin": [9.35518, 5.74908, 9.13362]},
			"faces": {
				"north": {"uv": [0, 0, 0, 0.4375], "texture": "#0"},
				"east": {"uv": [9.125, 1.5625, 8.6875, 2], "texture": "#0"},
				"south": {"uv": [0, 0, 0, 0.4375], "texture": "#0"},
				"west": {"uv": [8.6875, 1.5625, 9.125, 2], "texture": "#0"},
				"up": {"uv": [0, 0.4375, 0, 0], "texture": "#0"},
				"down": {"uv": [0, 0, 0, 0.4375], "texture": "#0"}
			}
		},
		{
			"from": [6.64482, 4.41063, 9.13362],
			"to": [6.64482, 7.08754, 11.81052],
			"rotation": {"angle": -22.5, "axis": "y", "origin": [6.64482, 5.74908, 9.13362]},
			"faces": {
				"north": {"uv": [0, 0, 0, 0.4375], "texture": "#0"},
				"east": {"uv": [9.125, 1.5625, 8.6875, 2], "texture": "#0"},
				"south": {"uv": [0, 0, 0, 0.4375], "texture": "#0"},
				"west": {"uv": [8.6875, 1.5625, 9.125, 2], "texture": "#0"},
				"up": {"uv": [0, 0.4375, 0, 0], "texture": "#0"},
				"down": {"uv": [0, 0, 0, 0.4375], "texture": "#0"}
			}
		},
		{
			"from": [6.64482, 7.08754, 9.13362],
			"to": [6.64482, 9.76444, 11.81052],
			"rotation": {"angle": -22.5, "axis": "y", "origin": [6.64482, 8.42599, 9.13362]},
			"faces": {
				"north": {"uv": [0, 0, 0, 0.4375], "texture": "#0"},
				"east": {"uv": [8.6875, 2, 9.125, 2.4375], "texture": "#0"},
				"south": {"uv": [0, 0, 0, 0.4375], "texture": "#0"},
				"west": {"uv": [9.125, 2, 8.6875, 2.4375], "texture": "#0"},
				"up": {"uv": [0, 0.4375, 0, 0], "texture": "#0"},
				"down": {"uv": [0, 0, 0, 0.4375], "texture": "#0"}
			}
		},
		{
			"from": [9.35518, 7.08754, 9.13362],
			"to": [9.35518, 9.76444, 11.81052],
			"rotation": {"angle": 22.5, "axis": "y", "origin": [9.35518, 8.42599, 9.13362]},
			"faces": {
				"north": {"uv": [0, 0, 0, 0.4375], "texture": "#0"},
				"east": {"uv": [8.6875, 2, 9.125, 2.4375], "texture": "#0"},
				"south": {"uv": [0, 0, 0, 0.4375], "texture": "#0"},
				"west": {"uv": [9.125, 2, 8.6875, 2.4375], "texture": "#0"},
				"up": {"uv": [0, 0.4375, 0, 0], "texture": "#0"},
				"down": {"uv": [0, 0, 0, 0.4375], "texture": "#0"}
			}
		},
		{
			"from": [6.64482, 4.14294, 5.78749],
			"to": [9.35518, 5.48139, 9.13362],
			"rotation": {"angle": 0, "axis": "y", "origin": [8, 5.14678, 7.12594]},
			"faces": {
				"north": {"uv": [9.25, 9.25, 9.6875, 9.5], "texture": "#0"},
				"east": {"uv": [2.375, 1.375, 2.9375, 1.625], "texture": "#0"},
				"south": {"uv": [9.3125, 2.875, 9.75, 3.125], "texture": "#0"},
				"west": {"uv": [7.8125, 5.9375, 8.375, 6.1875], "texture": "#0"},
				"up": {"uv": [3.6875, 5.6875, 3.25, 5.125], "texture": "#0"},
				"down": {"uv": [8.9375, 0.6875, 8.5, 1.25], "texture": "#0"}
			}
		},
		{
			"from": [6.64482, 4.14294, 4.58288],
			"to": [9.35518, 6.15062, 8.8492],
			"rotation": {"angle": -22.5, "axis": "x", "origin": [8, 5.14678, 7.12594]},
			"faces": {
				"north": {"uv": [5.375, 3.375, 5.8125, 3.6875], "texture": "#0"},
				"east": {"uv": [8.5, 1.25, 9.25, 1.5625], "texture": "#0"},
				"south": {"uv": [7.875, 4.8125, 8.3125, 5.125], "texture": "#0"},
				"west": {"uv": [8.5, 5.25, 9.25, 5.5625], "texture": "#0"},
				"up": {"uv": [2.5625, 7.875, 2.125, 7.125], "texture": "#0"},
				"down": {"uv": [3, 7.125, 2.5625, 7.875], "texture": "#0"}
			}
		},
		{
			"from": [6.64482, 6.15062, 4.58288],
			"to": [9.35518, 7.48907, 4.58288],
			"rotation": {"angle": -22.5, "axis": "x", "origin": [8, 5.14678, 7.12594]},
			"faces": {
				"north": {"uv": [9.3125, 3.125, 9.75, 3.375], "texture": "#0"},
				"east": {"uv": [0, 0, 0, 0.25], "texture": "#0"},
				"south": {"uv": [9.75, 3.125, 9.3125, 3.375], "texture": "#0"},
				"west": {"uv": [0, 0, 0, 0.25], "texture": "#0"},
				"up": {"uv": [0.4375, 0, 0, 0], "texture": "#0"},
				"down": {"uv": [0.4375, 0, 0, 0], "texture": "#0"}
			}
		},
		{
			"from": [9.33845, 6.15062, 4.58288],
			"to": [9.33845, 7.48907, 5.92133],
			"rotation": {"angle": -22.5, "axis": "x", "origin": [8, 5.14678, 7.12594]},
			"faces": {
				"north": {"uv": [0, 0, 0, 0.25], "texture": "#0"},
				"east": {"uv": [1, 6.125, 1.25, 6.375], "texture": "#0"},
				"south": {"uv": [0, 0, 0, 0.25], "texture": "#0"},
				"west": {"uv": [1.25, 6.125, 1, 6.375], "texture": "#0"},
				"up": {"uv": [0, 0.25, 0, 0], "texture": "#0"},
				"down": {"uv": [0, 0, 0, 0.25], "texture": "#0"}
			}
		},
		{
			"from": [9.35518, 4.14294, 5.11826],
			"to": [11.34613, 10.16598, 9.13362],
			"rotation": {"angle": 0, "axis": "y", "origin": [8, -7.90313, 7.12594]},
			"faces": {
				"north": {"uv": [6.5625, 7.4375, 6.875, 8.4375], "texture": "#0"},
				"east": {"uv": [4, 2.75, 4.6875, 3.75], "texture": "#0"},
				"south": {"uv": [6.875, 7.4375, 7.1875, 8.4375], "texture": "#0"},
				"west": {"uv": [4, 3.75, 4.6875, 4.75], "texture": "#0"},
				"up": {"uv": [3, 5.0625, 2.6875, 4.375], "texture": "#0"},
				"down": {"uv": [3.3125, 8.5, 3, 9.1875], "texture": "#0"}
			}
		},
		{
			"from": [11.34613, 4.14294, 1.1029],
			"to": [11.34613, 8.1583, 5.11826],
			"rotation": {"angle": -22.5, "axis": "y", "origin": [11.34613, 6.15062, 5.11826]},
			"faces": {
				"north": {"uv": [0, 0, 0, 0.6875], "texture": "#0"},
				"east": {"uv": [6.625, 5.4375, 5.9375, 6.125], "texture": "#0"},
				"south": {"uv": [0, 0, 0, 0.6875], "texture": "#0"},
				"west": {"uv": [5.9375, 5.4375, 6.625, 6.125], "texture": "#0"},
				"up": {"uv": [0, 0.6875, 0, 0], "texture": "#0"},
				"down": {"uv": [0, 0, 0, 0.6875], "texture": "#0"}
			}
		},
		{
			"from": [11.34552, 5.48139, 5.11801],
			"to": [11.34552, 9.49675, 9.13336],
			"rotation": {"angle": -45, "axis": "y", "origin": [11.34552, 7.48907, 9.13336]},
			"faces": {
				"north": {"uv": [0, 0, 0, 0.6875], "texture": "#0"},
				"east": {"uv": [4.25, 5.6875, 4.9375, 6.375], "texture": "#0"},
				"south": {"uv": [0, 0, 0, 0.6875], "texture": "#0"},
				"west": {"uv": [4.9375, 5.6875, 4.25, 6.375], "texture": "#0"},
				"up": {"uv": [0, 0.6875, 0, 0], "texture": "#0"},
				"down": {"uv": [0, 0, 0, 0.6875], "texture": "#0"}
			}
		},
		{
			"from": [4.65448, 5.48139, 5.11801],
			"to": [4.65448, 9.49675, 9.13336],
			"rotation": {"angle": 45, "axis": "y", "origin": [4.65448, 7.48907, 9.13336]},
			"faces": {
				"north": {"uv": [0, 0, 0, 0.6875], "texture": "#0"},
				"east": {"uv": [4.25, 5.6875, 4.9375, 6.375], "texture": "#0"},
				"south": {"uv": [0, 0, 0, 0.6875], "texture": "#0"},
				"west": {"uv": [4.9375, 5.6875, 4.25, 6.375], "texture": "#0"},
				"up": {"uv": [0, 0.6875, 0, 0], "texture": "#0"},
				"down": {"uv": [0, 0, 0, 0.6875], "texture": "#0"}
			}
		},
		{
			"from": [6.66155, 6.15062, 4.58288],
			"to": [6.66155, 7.48907, 5.92133],
			"rotation": {"angle": -22.5, "axis": "x", "origin": [8, 5.14678, 7.12594]},
			"faces": {
				"north": {"uv": [0, 0, 0, 0.25], "texture": "#0"},
				"east": {"uv": [1.6875, 7.6875, 1.4375, 7.9375], "texture": "#0"},
				"south": {"uv": [0, 0, 0, 0.25], "texture": "#0"},
				"west": {"uv": [1.4375, 7.6875, 1.6875, 7.9375], "texture": "#0"},
				"up": {"uv": [0, 0.25, 0, 0], "texture": "#0"},
				"down": {"uv": [0, 0, 0, 0.25], "texture": "#0"}
			}
		},
		{
			"from": [4.65387, 4.14294, 1.1029],
			"to": [4.65387, 8.1583, 5.11826],
			"rotation": {"angle": 22.5, "axis": "y", "origin": [4.65387, 6.15062, 5.11826]},
			"faces": {
				"north": {"uv": [0, 0, 0, 0.6875], "texture": "#0"},
				"east": {"uv": [6.625, 5.4375, 5.9375, 6.125], "texture": "#0"},
				"south": {"uv": [0, 0, 0, 0.6875], "texture": "#0"},
				"west": {"uv": [5.9375, 5.4375, 6.625, 6.125], "texture": "#0"},
				"up": {"uv": [0, 0.6875, 0, 0], "texture": "#0"},
				"down": {"uv": [0, 0, 0, 0.6875], "texture": "#0"}
			}
		},
		{
			"from": [4.3723, 5.48139, 3.33463],
			"to": [5.04152, 6.15062, 5.3423],
			"rotation": {"angle": 22.5, "axis": "y", "origin": [4.70691, 5.8662, 4.67308]},
			"faces": {
				"north": {"uv": [8.8125, 0.5625, 8.9375, 0.6875], "texture": "#0"},
				"east": {"uv": [0, 9.4375, 0.3125, 9.5625], "texture": "#0"},
				"south": {"uv": [9, 5.125, 9.125, 5.25], "texture": "#0"},
				"west": {"uv": [9.4375, 4.625, 9.75, 4.75], "texture": "#0"},
				"up": {"uv": [5.6875, 9.0625, 5.5625, 8.75], "texture": "#0"},
				"down": {"uv": [3.75, 9.25, 3.625, 9.5625], "texture": "#0"}
			}
		},
		{
			"from": [3.88556, 5.51485, 1.55688],
			"to": [4.55479, 6.13389, 3.56456],
			"rotation": {"angle": 0, "axis": "y", "origin": [4.22018, 5.8662, 2.89533]},
			"faces": {
				"north": {"uv": [2.75, 9.0625, 2.875, 9.1875], "texture": "#0"},
				"east": {"uv": [9.4375, 4.75, 9.75, 4.875], "texture": "#0"},
				"south": {"uv": [2.875, 9.0625, 3, 9.1875], "texture": "#0"},
				"west": {"uv": [9.4375, 4.875, 9.75, 5], "texture": "#0"},
				"up": {"uv": [7.875, 9.625, 7.75, 9.3125], "texture": "#0"},
				"down": {"uv": [5.1875, 9.4375, 5.0625, 9.75], "texture": "#0"}
			}
		},
		{
			"from": [4.3723, 4.14294, 3.15059],
			"to": [5.04152, 4.81217, 5.15827],
			"rotation": {"angle": 0, "axis": "y", "origin": [4.70691, 4.52775, 4.48904]},
			"faces": {
				"north": {"uv": [5.875, 9.0625, 6, 9.1875], "texture": "#0"},
				"east": {"uv": [9.4375, 5, 9.75, 5.125], "texture": "#0"},
				"south": {"uv": [6, 9.0625, 6.125, 9.1875], "texture": "#0"},
				"west": {"uv": [9.4375, 6.3125, 9.75, 6.4375], "texture": "#0"},
				"up": {"uv": [5.3125, 9.75, 5.1875, 9.4375], "texture": "#0"},
				"down": {"uv": [5.4375, 9.4375, 5.3125, 9.75], "texture": "#0"}
			}
		},
		{
			"from": [4.7475, 4.1764, 1.57553],
			"to": [5.41673, 4.79544, 3.58321],
			"rotation": {"angle": -45, "axis": "y", "origin": [5.08212, 4.52775, 2.91398]},
			"faces": {
				"north": {"uv": [9.0625, 7.5, 9.1875, 7.625], "texture": "#0"},
				"east": {"uv": [9.4375, 6.4375, 9.75, 6.5625], "texture": "#0"},
				"south": {"uv": [9.125, 5.125, 9.25, 5.25], "texture": "#0"},
				"west": {"uv": [9.4375, 6.5625, 9.75, 6.6875], "texture": "#0"},
				"up": {"uv": [7.3125, 9.75, 7.1875, 9.4375], "texture": "#0"},
				"down": {"uv": [7.4375, 9.4375, 7.3125, 9.75], "texture": "#0"}
			}
		},
		{
			"from": [10.58327, 4.1764, 1.57553],
			"to": [11.2525, 4.79544, 3.58321],
			"rotation": {"angle": 45, "axis": "y", "origin": [10.91788, 4.52775, 2.91398]},
			"faces": {
				"north": {"uv": [9.1875, 7.5, 9.0625, 7.625], "texture": "#0"},
				"east": {"uv": [9.75, 6.5625, 9.4375, 6.6875], "texture": "#0"},
				"south": {"uv": [9.25, 5.125, 9.125, 5.25], "texture": "#0"},
				"west": {"uv": [9.75, 6.4375, 9.4375, 6.5625], "texture": "#0"},
				"up": {"uv": [7.1875, 9.75, 7.3125, 9.4375], "texture": "#0"},
				"down": {"uv": [7.3125, 9.4375, 7.4375, 9.75], "texture": "#0"}
			}
		},
		{
			"from": [10.95848, 4.14294, 3.15059],
			"to": [11.6277, 4.81217, 5.15827],
			"rotation": {"angle": 0, "axis": "y", "origin": [11.29309, 4.52775, 4.48904]},
			"faces": {
				"north": {"uv": [6, 9.0625, 5.875, 9.1875], "texture": "#0"},
				"east": {"uv": [9.75, 6.3125, 9.4375, 6.4375], "texture": "#0"},
				"south": {"uv": [6.125, 9.0625, 6, 9.1875], "texture": "#0"},
				"west": {"uv": [9.75, 5, 9.4375, 5.125], "texture": "#0"},
				"up": {"uv": [5.1875, 9.75, 5.3125, 9.4375], "texture": "#0"},
				"down": {"uv": [5.3125, 9.4375, 5.4375, 9.75], "texture": "#0"}
			}
		},
		{
			"from": [10.95848, 5.48139, 3.33463],
			"to": [11.6277, 6.15062, 5.3423],
			"rotation": {"angle": -22.5, "axis": "y", "origin": [11.29309, 5.8662, 4.67308]},
			"faces": {
				"north": {"uv": [8.9375, 0.5625, 8.8125, 0.6875], "texture": "#0"},
				"east": {"uv": [9.75, 4.625, 9.4375, 4.75], "texture": "#0"},
				"south": {"uv": [9.125, 5.125, 9, 5.25], "texture": "#0"},
				"west": {"uv": [0.3125, 9.4375, 0, 9.5625], "texture": "#0"},
				"up": {"uv": [5.5625, 9.0625, 5.6875, 8.75], "texture": "#0"},
				"down": {"uv": [3.625, 9.25, 3.75, 9.5625], "texture": "#0"}
			}
		},
		{
			"from": [11.44521, 5.51485, 1.55688],
			"to": [12.11444, 6.13389, 3.56456],
			"rotation": {"angle": 0, "axis": "y", "origin": [11.77982, 5.8662, 2.89533]},
			"faces": {
				"north": {"uv": [2.875, 9.0625, 2.75, 9.1875], "texture": "#0"},
				"east": {"uv": [9.75, 4.875, 9.4375, 5], "texture": "#0"},
				"south": {"uv": [3, 9.0625, 2.875, 9.1875], "texture": "#0"},
				"west": {"uv": [9.75, 4.75, 9.4375, 4.875], "texture": "#0"},
				"up": {"uv": [7.75, 9.625, 7.875, 9.3125], "texture": "#0"},
				"down": {"uv": [5.0625, 9.4375, 5.1875, 9.75], "texture": "#0"}
			}
		}
	],
	"gui_light": "front",
	"display": {
		"thirdperson_righthand": {
			"rotation": [75, 45, 0],
			"translation": [0, 2.5, 0],
			"scale": [0.375, 0.375, 0.375]
		},
		"thirdperson_lefthand": {
			"rotation": [75, 45, 0],
			"translation": [0, 2.5, 0],
			"scale": [0.375, 0.375, 0.375]
		},
		"firstperson_righthand": {
			"rotation": [0, 45, 0],
			"scale": [0.4, 0.4, 0.4]
		},
		"firstperson_lefthand": {
			"rotation": [0, 225, 0],
			"scale": [0.4, 0.4, 0.4]
		},
		"ground": {
			"translation": [0, 3, 0],
			"scale": [0.25, 0.25, 0.25]
		},
		"gui": {
			"rotation": [30, 135, 0],
			"translation": [0.5, -1.25, 0],
			"scale": [1.17, 1.17, 0.82]
		},
		"head": {
			"rotation": [0, 180, 0]
		},
		"fixed": {
			"scale": [0.5, 0.5, 0.5]
		}
	},
	"groups": [
		{
			"name": "group",
			"origin": [8, 5.70221, 7.487],
			"color": 0,
			"children": [0, 1, 2, 3, 4, 5, 6, 7, 8, 9, 10, 11, 12, 13, 14, 15, 16, 17, 18, 19, 20, 21, 22, 23, 24, 25, 26]
		},
		{
			"name": "group",
			"origin": [16.39961, 11.55411, -1.46815],
			"color": 0,
			"children": [27, 28, 29, 30, 31, 32, 33, 34, 35, 36, 37, 38, 39, 40, 41, 42, 43, 44, 45, 46, 47, 48, 49, 50, 51]
		}
	]
}