{
	"credit": "Made with Blockbench",
	"textures": {
		"0": "custom/entity/mob/plate_library3",
		"1": "custom/entity/mob/plate_library",
		"2": "custom/entity/mob/plate_library2"
	},
	"elements": [
		{
			"from": [14.20589, 7.925, -3.5875],
			"to": [19.00589, 12.725, 3.2],
			"rotation": {"angle": 45, "axis": "y", "origin": [16.60589, 10.325, 0.8]},
			"faces": {
				"north": {"uv": [8.875, 12, 10.875, 14], "texture": "#0"},
				"east": {"uv": [0, 12, 2.875, 14], "texture": "#0"},
				"south": {"uv": [12, 10, 14, 12], "texture": "#0"},
				"west": {"uv": [12, 0, 14.875, 2], "texture": "#0"},
				"up": {"uv": [4.875, 14.875, 2.875, 12], "texture": "#0"},
				"down": {"uv": [6.875, 12, 4.875, 14.875], "texture": "#0"}
			}
		},
		{
			"from": [15.2, 8, 0.8],
			"to": [20, 12.8, 15.2],
			"rotation": {"angle": 0, "axis": "y", "origin": [8, 10.4, 8]},
			"faces": {
				"north": {"uv": [8.875, 12, 6.875, 14], "texture": "#0"},
				"east": {"uv": [12, 0, 6, 2], "texture": "#0"},
				"south": {"uv": [14, 2, 12, 4], "texture": "#0"},
				"up": {"uv": [8, 4, 6, 10], "texture": "#0"},
				"down": {"uv": [10, 10, 8, 4], "texture": "#0"}
			}
		},
		{
			"from": [14.20589, 7.925, 12.8],
			"to": [19.00589, 12.725, 19.5875],
			"rotation": {"angle": -45, "axis": "y", "origin": [16.60589, 10.325, 15.2]},
			"faces": {
				"north": {"uv": [14, 10, 12, 12], "texture": "#0"},
				"east": {"uv": [2.875, 12, 0, 14], "texture": "#0"},
				"south": {"uv": [10.875, 12, 8.875, 14], "texture": "#0"},
				"west": {"uv": [14.875, 0, 12, 2], "texture": "#0"},
				"up": {"uv": [4.875, 12, 2.875, 14.875], "texture": "#0"},
				"down": {"uv": [6.875, 14.875, 4.875, 12], "texture": "#0"}
			}
		},
		{
			"from": [-3.00589, 7.925, -3.5875],
			"to": [1.79411, 12.725, 3.2],
			"rotation": {"angle": -45, "axis": "y", "origin": [-0.60589, 10.325, 0.8]},
			"faces": {
				"north": {"uv": [10.875, 12, 8.875, 14], "texture": "#0"},
				"east": {"uv": [14.875, 0, 12, 2], "texture": "#0"},
				"south": {"uv": [14, 10, 12, 12], "texture": "#0"},
				"west": {"uv": [2.875, 12, 0, 14], "texture": "#0"},
				"up": {"uv": [2.875, 14.875, 4.875, 12], "texture": "#0"},
				"down": {"uv": [4.875, 12, 6.875, 14.875], "texture": "#0"}
			}
		},
		{
			"from": [-4, 8, 0.8],
			"to": [0.8, 12.8, 15.2],
			"rotation": {"angle": 0, "axis": "y", "origin": [8, 10.4, 8]},
			"faces": {
				"north": {"uv": [6.875, 12, 8.875, 14], "texture": "#0"},
				"south": {"uv": [12, 2, 14, 4], "texture": "#0"},
				"west": {"uv": [6, 0, 12, 2], "texture": "#0"},
				"up": {"uv": [6, 4, 8, 10], "texture": "#0"},
				"down": {"uv": [8, 10, 10, 4], "texture": "#0"}
			}
		},
		{
			"from": [0.8, 8, 15.2],
			"to": [15.2, 12.8, 20],
			"rotation": {"angle": 0, "axis": "y", "origin": [8, 10.4, 8]},
			"faces": {
				"east": {"uv": [8.875, 12, 6.875, 14], "texture": "#0"},
				"south": {"uv": [12, 0, 6, 2], "texture": "#0"},
				"west": {"uv": [14, 2, 12, 4], "texture": "#0"},
				"up": {"uv": [8, 4, 6, 10], "rotation": 90, "texture": "#0"},
				"down": {"uv": [10, 10, 8, 4], "rotation": 270, "texture": "#0"}
			}
		},
		{
			"from": [0.8, 8, -4],
			"to": [15.2, 12.8, 0.8],
			"rotation": {"angle": 0, "axis": "y", "origin": [8, 10.4, 8]},
			"faces": {
				"north": {"uv": [6, 0, 12, 2], "texture": "#0"},
				"east": {"uv": [6.875, 12, 8.875, 14], "texture": "#0"},
				"west": {"uv": [12, 2, 14, 4], "texture": "#0"},
				"up": {"uv": [6, 4, 8, 10], "rotation": 90, "texture": "#0"},
				"down": {"uv": [8, 10, 10, 4], "rotation": 270, "texture": "#0"}
			}
		},
		{
			"from": [-3.00589, 7.925, 12.8],
			"to": [1.79411, 12.725, 19.5875],
			"rotation": {"angle": 45, "axis": "y", "origin": [-0.60589, 10.325, 15.2]},
			"faces": {
				"north": {"uv": [12, 10, 14, 12], "texture": "#0"},
				"east": {"uv": [12, 0, 14.875, 2], "texture": "#0"},
				"south": {"uv": [8.875, 12, 10.875, 14], "texture": "#0"},
				"west": {"uv": [0, 12, 2.875, 14], "texture": "#0"},
				"up": {"uv": [2.875, 12, 4.875, 14.875], "texture": "#0"},
				"down": {"uv": [4.875, 14.875, 6.875, 12], "texture": "#0"}
			}
		},
		{
			"from": [0.8, 8, 0.8],
			"to": [15.2, 12.8, 15.2],
			"rotation": {"angle": 0, "axis": "y", "origin": [8, 8, 8]},
			"faces": {
				"up": {"uv": [6, 6, 0, 0], "texture": "#0"},
				"down": {"uv": [6, 6, 0, 12], "texture": "#0"}
			}
		},
		{
			"from": [-4, 13.1, -4],
			"to": [20, 13.1375, 20],
			"rotation": {"angle": 0, "axis": "y", "origin": [8, 8, 7.4]},
			"faces": {
				"north": {"uv": [0, 0, 16, 0], "texture": "#1"},
				"east": {"uv": [0, 0, 16, 0], "texture": "#1"},
				"south": {"uv": [0, 0, 16, 0], "texture": "#1"},
				"west": {"uv": [0, 0, 16, 0], "texture": "#1"},
				"up": {"uv": [0, 0, 16, 16], "texture": "#1"},
				"down": {"uv": [0, 16, 16, 0], "texture": "#1"}
			}
		},
		{
			"from": [-4, 14.4, -4],
			"to": [20, 14.4375, 20],
			"rotation": {"angle": 0, "axis": "y", "origin": [8, 8, 7.4]},
			"faces": {
				"north": {"uv": [0, 0, 16, 0], "texture": "#2"},
				"east": {"uv": [0, 0, 16, 0], "texture": "#2"},
				"south": {"uv": [0, 0, 16, 0], "texture": "#2"},
				"west": {"uv": [0, 0, 16, 0], "texture": "#2"},
				"up": {"uv": [0, 0, 16, 16], "texture": "#2"},
				"down": {"uv": [0, 16, 16, 0], "texture": "#2"}
			}
		},
		{
			"from": [-4, 18.4, -4],
			"to": [20, 18.4375, 20],
			"rotation": {"angle": 0, "axis": "y", "origin": [8, 8, 7.4]},
			"faces": {
				"north": {"uv": [0, 0, 16, 0], "texture": "#2"},
				"east": {"uv": [0, 0, 16, 0], "texture": "#2"},
				"south": {"uv": [0, 0, 16, 0], "texture": "#2"},
				"west": {"uv": [0, 0, 16, 0], "texture": "#2"},
				"up": {"uv": [0, 0, 16, 16], "texture": "#2"},
				"down": {"uv": [0, 16, 16, 0], "texture": "#2"}
			}
		},
		{
			"from": [-4, 23.4, -4],
			"to": [20, 23.4375, 20],
			"rotation": {"angle": 0, "axis": "y", "origin": [8, 8, 7.4]},
			"faces": {
				"north": {"uv": [0, 0, 16, 0], "texture": "#2"},
				"east": {"uv": [0, 0, 16, 0], "texture": "#2"},
				"south": {"uv": [0, 0, 16, 0], "texture": "#2"},
				"west": {"uv": [0, 0, 16, 0], "texture": "#2"},
				"up": {"uv": [0, 0, 16, 16], "texture": "#2"},
				"down": {"uv": [0, 16, 16, 0], "texture": "#2"}
			}
		}
	],
	"gui_light": "front",
	"display": {
		"thirdperson_righthand": {
			"rotation": [75, 45, 0],
			"translation": [0, 2.5, 0],
			"scale": [0.375, 0.375, 0.375]
		},
		"thirdperson_lefthand": {
			"rotation": [75, 45, 0],
			"translation": [0, 2.5, 0],
			"scale": [0.375, 0.375, 0.375]
		},
		"firstperson_righthand": {
			"rotation": [0, 45, 0],
			"scale": [0.4, 0.4, 0.4]
		},
		"firstperson_lefthand": {
			"rotation": [0, 225, 0],
			"scale": [0.4, 0.4, 0.4]
		},
		"ground": {
			"translation": [0, 3, 0],
			"scale": [0.25, 0.25, 0.25]
		},
		"gui": {
			"rotation": [30, 225, 0],
			"translation": [0, -3.25, 0],
			"scale": [0.625, 0.625, 0.625]
		},
		"head": {
			"rotation": [0, 180, 0]
		},
		"fixed": {
			"scale": [0.5, 0.5, 0.5]
		}
	}
}