{
	"credit": "Made with Blockbench",
	"texture_size": [64, 64],
	"textures": {
		"4": "custom/other/seed",
		"particle": "custom/other/seed"
	},
	"elements": [
		{
			"from": [3.5, 0.75, 3.5],
			"to": [12.5, 15.75, 8.5],
			"rotation": {"angle": 0, "axis": "y", "origin": [8.43052, 4.25, 8]},
			"faces": {
				"north": {"uv": [4.5, 3.5, 2.25, 7.25], "texture": "#4"},
				"east": {"uv": [3, 7.25, 1.75, 11], "texture": "#4"},
				"south": {"uv": [2.25, 3.5, 0, 7.25], "texture": "#4"},
				"west": {"uv": [4.25, 7.25, 3, 11], "texture": "#4"},
				"up": {"uv": [11.75, 0, 9.5, 1.25], "texture": "#4"},
				"down": {"uv": [11.75, 2.5, 9.5, 1.25], "texture": "#4"}
			}
		},
		{
			"from": [5.5, 2.75, 2.5],
			"to": [10.5, 13.75, 3.5],
			"rotation": {"angle": 0, "axis": "y", "origin": [8.43052, 4.25, 8]},
			"faces": {
				"north": {"uv": [9.5, 0, 8.25, 2.75], "texture": "#4"},
				"east": {"uv": [4.5, 7.25, 4.25, 10], "texture": "#4"},
				"south": {"uv": [9.25, 7, 8, 9.75], "texture": "#4"},
				"west": {"uv": [0.25, 11, 0, 13.75], "texture": "#4"},
				"up": {"uv": [12, 7, 10.75, 7.25], "texture": "#4"},
				"down": {"uv": [1.5, 11.25, 0.25, 11], "texture": "#4"}
			}
		},
		{
			"from": [4.5, 15.25, 1.5],
			"to": [11.5, 15.25, 12.5],
			"rotation": {"angle": 45, "axis": "x", "origin": [8, 15.25, 12.5]},
			"faces": {
				"north": {"uv": [1.75, 0, 0, 0], "texture": "#4"},
				"east": {"uv": [2.75, 0, 0, 0], "texture": "#4"},
				"south": {"uv": [1.75, 0, 0, 0], "texture": "#4"},
				"west": {"uv": [2.75, 0, 0, 0], "texture": "#4"},
				"up": {"uv": [1.75, 7.25, 0, 10], "texture": "#4"},
				"down": {"uv": [1.75, 10, 0, 7.25], "texture": "#4"}
			}
		},
		{
			"from": [4.5, 15.25, 5.5],
			"to": [11.5, 15.25, 12.5],
			"rotation": {"angle": 22.5, "axis": "x", "origin": [8, 15.25, 12.5]},
			"faces": {
				"north": {"uv": [1.75, 0, 0, 0], "texture": "#4"},
				"east": {"uv": [1.75, 0, 0, 0], "texture": "#4"},
				"south": {"uv": [1.75, 0, 0, 0], "texture": "#4"},
				"west": {"uv": [1.75, 0, 0, 0], "texture": "#4"},
				"up": {"uv": [11, 9, 9.25, 10.75], "texture": "#4"},
				"down": {"uv": [11, 10.75, 9.25, 9], "texture": "#4"}
			}
		},
		{
			"from": [11.499, 1.25, 1.5],
			"to": [11.499, 15.25, 12.5],
			"rotation": {"angle": -45, "axis": "y", "origin": [11.499, 11.75, 12.5]},
			"faces": {
				"north": {"uv": [0, 0, 0, 3.5], "texture": "#4"},
				"east": {"uv": [2.75, 0, 5.5, 3.5], "texture": "#4"},
				"south": {"uv": [0, 0, 0, 3.5], "texture": "#4"},
				"west": {"uv": [5.5, 0, 2.75, 3.5], "texture": "#4"},
				"up": {"uv": [0, 0, 0, 2.75], "texture": "#4"},
				"down": {"uv": [0, 2.75, 0, 0], "texture": "#4"}
			}
		},
		{
			"from": [11.499, 1.25, 5.5],
			"to": [11.499, 15.25, 12.5],
			"rotation": {"angle": -22.5, "axis": "y", "origin": [11.499, 11.75, 12.5]},
			"faces": {
				"north": {"uv": [0, 0, 0, 3.5], "texture": "#4"},
				"east": {"uv": [5.5, 0, 7.25, 3.5], "texture": "#4"},
				"south": {"uv": [0, 0, 0, 3.5], "texture": "#4"},
				"west": {"uv": [7.25, 0, 5.5, 3.5], "texture": "#4"},
				"up": {"uv": [0, 0, 0, 1.75], "texture": "#4"},
				"down": {"uv": [0, 1.75, 0, 0], "texture": "#4"}
			}
		},
		{
			"from": [4.499, 1.25, 1.5],
			"to": [11.499, 1.25, 12.5],
			"rotation": {"angle": -45, "axis": "x", "origin": [7.999, 1.25, 12.5]},
			"faces": {
				"north": {"uv": [0, 0, 1.75, 0], "texture": "#4"},
				"east": {"uv": [0, 0, 2.75, 0], "texture": "#4"},
				"south": {"uv": [0, 0, 1.75, 0], "texture": "#4"},
				"west": {"uv": [0, 0, 2.75, 0], "texture": "#4"},
				"up": {"uv": [0, 7.25, 1.75, 10], "texture": "#4"},
				"down": {"uv": [0, 10, 1.75, 7.25], "texture": "#4"}
			}
		},
		{
			"from": [4.499, 1.25, 5.5],
			"to": [11.499, 1.25, 12.5],
			"rotation": {"angle": -22.5, "axis": "x", "origin": [7.999, 1.25, 12.5]},
			"faces": {
				"north": {"uv": [0, 0, 1.75, 0], "texture": "#4"},
				"east": {"uv": [0, 0, 1.75, 0], "texture": "#4"},
				"south": {"uv": [0, 0, 1.75, 0], "texture": "#4"},
				"west": {"uv": [0, 0, 1.75, 0], "texture": "#4"},
				"up": {"uv": [9.25, 9, 11, 10.75], "texture": "#4"},
				"down": {"uv": [9.25, 10.75, 11, 9], "texture": "#4"}
			}
		},
		{
			"from": [4.5, 1.25, 5.5],
			"to": [4.5, 15.25, 12.5],
			"rotation": {"angle": 22.5, "axis": "y", "origin": [4.5, 4.75, 12.5]},
			"faces": {
				"north": {"uv": [0, 3.5, 0, 0], "texture": "#4"},
				"east": {"uv": [5.5, 3.5, 7.25, 0], "texture": "#4"},
				"south": {"uv": [0, 3.5, 0, 0], "texture": "#4"},
				"west": {"uv": [7.25, 3.5, 5.5, 0], "texture": "#4"},
				"up": {"uv": [0, 0, 0, 1.75], "texture": "#4"},
				"down": {"uv": [0, 1.75, 0, 0], "texture": "#4"}
			}
		},
		{
			"from": [4.5, 1.25, 1.5],
			"to": [4.5, 15.25, 12.5],
			"rotation": {"angle": 45, "axis": "y", "origin": [4.5, 4.75, 12.5]},
			"faces": {
				"north": {"uv": [0, 3.5, 0, 0], "texture": "#4"},
				"east": {"uv": [2.75, 3.5, 5.5, 0], "texture": "#4"},
				"south": {"uv": [0, 3.5, 0, 0], "texture": "#4"},
				"west": {"uv": [5.5, 3.5, 2.75, 0], "texture": "#4"},
				"up": {"uv": [0, 0, 0, 2.75], "texture": "#4"},
				"down": {"uv": [0, 2.75, 0, 0], "texture": "#4"}
			}
		},
		{
			"from": [4.5, 1.25, 8.5],
			"to": [11.5, 15.25, 12.5],
			"rotation": {"angle": 0, "axis": "y", "origin": [8.43052, 4.25, 8]},
			"faces": {
				"north": {"uv": [6.25, 7, 4.5, 10.5], "texture": "#4"},
				"east": {"uv": [8.25, 0, 7.25, 3.5], "texture": "#4"},
				"south": {"uv": [8, 3.5, 6.25, 7], "texture": "#4"},
				"west": {"uv": [9, 3.5, 8, 7], "texture": "#4"},
				"up": {"uv": [8, 9.75, 6.25, 10.75], "texture": "#4"},
				"down": {"uv": [1.75, 11, 0, 10], "texture": "#4"}
			}
		},
		{
			"from": [10.88367, -4.59852, 10],
			"to": [10.88367, 4.40148, 16],
			"rotation": {"angle": 22.5, "axis": "z", "origin": [8.43052, 4.25, 8]},
			"faces": {
				"north": {"uv": [0, 0, 0, 2.25], "texture": "#4"},
				"east": {"uv": [10.5, 2.75, 9, 5], "texture": "#4"},
				"south": {"uv": [0, 0, 0, 2.25], "texture": "#4"},
				"west": {"uv": [10.75, 5, 9.25, 7.25], "texture": "#4"},
				"up": {"uv": [0, 0, 0, 1.5], "texture": "#4"},
				"down": {"uv": [0, 1.5, 0, 0], "texture": "#4"}
			}
		},
		{
			"from": [3.5, 0.25, 8.5],
			"to": [7.5, 4.25, 13.5],
			"rotation": {"angle": 0, "axis": "y", "origin": [8.43052, 4.25, 8]},
			"faces": {
				"north": {"uv": [9.5, 10.75, 8.5, 11.75], "texture": "#4"},
				"east": {"uv": [9.25, 9.75, 8, 10.75], "texture": "#4"},
				"south": {"uv": [8.5, 10.75, 7.5, 11.75], "texture": "#4"},
				"west": {"uv": [11.75, 2.5, 10.5, 3.5], "texture": "#4"},
				"up": {"uv": [11.5, 3.5, 10.5, 4.75], "texture": "#4"},
				"down": {"uv": [5.25, 11.75, 4.25, 10.5], "texture": "#4"}
			}
		},
		{
			"from": [2.5, -1.75, 5.5],
			"to": [6.5, 2.25, 10.5],
			"rotation": {"angle": 0, "axis": "y", "origin": [8.43052, 4.25, 8]},
			"faces": {
				"north": {"uv": [11.5, 10.75, 10.5, 11.75], "texture": "#4"},
				"east": {"uv": [12, 4.75, 10.75, 5.75], "texture": "#4"},
				"south": {"uv": [10.5, 10.75, 9.5, 11.75], "texture": "#4"},
				"west": {"uv": [6.5, 10.75, 5.25, 11.75], "texture": "#4"},
				"up": {"uv": [11.75, 5.75, 10.75, 7], "texture": "#4"},
				"down": {"uv": [7.5, 12, 6.5, 10.75], "texture": "#4"}
			}
		}
	],
	"gui_light": "front",
	"display": {
		"thirdperson_righthand": {
			"rotation": [75, 45, 0],
			"translation": [0, 2.5, 0],
			"scale": [0.375, 0.375, 0.375]
		},
		"thirdperson_lefthand": {
			"rotation": [75, 45, 0],
			"translation": [0, 2.5, 0],
			"scale": [0.375, 0.375, 0.375]
		},
		"firstperson_righthand": {
			"rotation": [0, 45, 0],
			"scale": [0.4, 0.4, 0.4]
		},
		"firstperson_lefthand": {
			"rotation": [0, 225, 0],
			"scale": [0.4, 0.4, 0.4]
		},
		"ground": {
			"translation": [0, 3, 0],
			"scale": [0.25, 0.25, 0.25]
		},
		"gui": {
			"rotation": [150.12, 35.74, -158.14],
			"translation": [0, -0.75, 0],
			"scale": [0.625, 0.625, 0.625]
		},
		"head": {
			"rotation": [48.36, 37.26, -29.73]
		},
		"fixed": {
			"scale": [0.5, 0.5, 0.5]
		}
	},
	"groups": [
		{
			"name": "seed",
			"origin": [3.5, 0.75, 3.5],
			"color": 0,
			"nbt": "{}",
			"children": [0, 1, 2, 3, 4, 5, 6, 7, 8, 9, 10, 11, 12, 13]
		}
	]
}