{
	"credit": "Made with Blockbench",
	"textures": {
		"0": "custom/entity/mob/shammas"
	},
	"elements": [
		{
			"from": [6.44331, 9.69068, 6.41389],
			"to": [9.55669, 10.20958, 6.93279],
			"rotation": {"angle": -22.5, "axis": "x", "origin": [8, 7.98419, 8.07599]},
			"faces": {
				"north": {"uv": [7.25, 4.4375, 7.59375, 4.5], "texture": "#0"},
				"east": {"uv": [7.15625, 4, 7.21875, 4.0625], "texture": "#0"},
				"south": {"uv": [5.96875, 8.1875, 6.3125, 8.25], "texture": "#0"},
				"west": {"uv": [7.8125, 4.4375, 7.875, 4.5], "texture": "#0"},
				"up": {"uv": [8.8125, 7.90625, 8.46875, 7.84375], "texture": "#0"},
				"down": {"uv": [9.15625, 8.28125, 8.8125, 8.34375], "texture": "#0"}
			}
		},
		{
			"from": [9.55669, 6.57731, 6.41389],
			"to": [10.07559, 9.69068, 6.93279],
			"rotation": {"angle": -22.5, "axis": "x", "origin": [8, 7.98419, 8.07599]},
			"faces": {
				"north": {"uv": [6.65625, 10.15625, 6.71875, 10.5], "texture": "#0"},
				"east": {"uv": [3.125, 10.40625, 3.1875, 10.75], "texture": "#0"},
				"south": {"uv": [5.59375, 10.40625, 5.65625, 10.75], "texture": "#0"},
				"west": {"uv": [4.5, 10.53125, 4.5625, 10.875], "texture": "#0"},
				"up": {"uv": [8.40625, 3.09375, 8.34375, 3.03125], "texture": "#0"},
				"down": {"uv": [8.53125, 3.90625, 8.46875, 3.96875], "texture": "#0"}
			}
		},
		{
			"from": [6.70276, 9.69068, 8.48947],
			"to": [7.74055, 10.20958, 9.52727],
			"rotation": {"angle": -22.5, "axis": "x", "origin": [8, 7.98419, 8.07599]},
			"faces": {
				"north": {"uv": [3.125, 7.1875, 3.25, 7.25], "texture": "#0"},
				"east": {"uv": [8.96875, 6.46875, 9.09375, 6.53125], "texture": "#0"},
				"south": {"uv": [9.15625, 8.28125, 9.28125, 8.34375], "texture": "#0"},
				"west": {"uv": [5.21875, 9.1875, 5.34375, 9.25], "texture": "#0"},
				"up": {"uv": [11.78125, 4, 11.65625, 3.875], "texture": "#0"},
				"down": {"uv": [4.0625, 11.65625, 3.9375, 11.78125], "texture": "#0"}
			}
		},
		{
			"from": [9.55669, 6.57731, 6.93279],
			"to": [10.07559, 9.69068, 7.97058],
			"rotation": {"angle": -22.5, "axis": "x", "origin": [8, 7.98419, 8.07599]},
			"faces": {
				"north": {"uv": [3.9375, 9.28125, 4, 9.625], "texture": "#0"},
				"east": {"uv": [0.34375, 11.34375, 0.46875, 11.6875], "texture": "#0"},
				"south": {"uv": [3.9375, 9.625, 4, 9.96875], "texture": "#0"},
				"west": {"uv": [10.03125, 11.34375, 10.15625, 11.6875], "texture": "#0"},
				"up": {"uv": [4.40625, 7.75, 4.34375, 7.625], "texture": "#0"},
				"down": {"uv": [5.96875, 8.75, 5.90625, 8.875], "texture": "#0"}
			}
		},
		{
			"from": [5.92441, 6.57731, 6.93279],
			"to": [6.44331, 9.69068, 7.97058],
			"rotation": {"angle": -22.5, "axis": "x", "origin": [8, 7.98419, 8.07599]},
			"faces": {
				"north": {"uv": [6.65625, 9.8125, 6.71875, 10.15625], "texture": "#0"},
				"east": {"uv": [10.15625, 11.34375, 10.28125, 11.6875], "texture": "#0"},
				"south": {"uv": [4.15625, 10.03125, 4.21875, 10.375], "texture": "#0"},
				"west": {"uv": [1.6875, 11.375, 1.8125, 11.71875], "texture": "#0"},
				"up": {"uv": [0.71875, 10.59375, 0.65625, 10.46875], "texture": "#0"},
				"down": {"uv": [9.03125, 10.5625, 8.96875, 10.6875], "texture": "#0"}
			}
		},
		{
			"from": [5.92441, 6.57731, 6.41389],
			"to": [6.44331, 9.69068, 6.93279],
			"rotation": {"angle": -22.5, "axis": "x", "origin": [8, 7.98419, 8.07599]},
			"faces": {
				"north": {"uv": [4.34375, 7.28125, 4.40625, 7.625], "texture": "#0"},
				"east": {"uv": [7.09375, 8.28125, 7.15625, 8.625], "texture": "#0"},
				"south": {"uv": [5.90625, 8.40625, 5.96875, 8.75], "texture": "#0"},
				"west": {"uv": [7.09375, 8.625, 7.15625, 8.96875], "texture": "#0"},
				"up": {"uv": [1.71875, 6.09375, 1.65625, 6.03125], "texture": "#0"},
				"down": {"uv": [6.125, 2.125, 6.0625, 2.1875], "texture": "#0"}
			}
		},
		{
			"from": [6.44331, 6.05841, 6.41389],
			"to": [9.55669, 6.57731, 6.93279],
			"rotation": {"angle": -22.5, "axis": "x", "origin": [8, 7.98419, 8.07599]},
			"faces": {
				"north": {"uv": [4.875, 9.1875, 5.21875, 9.25], "texture": "#0"},
				"east": {"uv": [7.15625, 7.84375, 7.21875, 7.90625], "texture": "#0"},
				"south": {"uv": [9.53125, 4.03125, 9.875, 4.09375], "texture": "#0"},
				"west": {"uv": [6.3125, 8.1875, 6.375, 8.25], "texture": "#0"},
				"up": {"uv": [10.21875, 4.09375, 9.875, 4.03125], "texture": "#0"},
				"down": {"uv": [10.21875, 4.34375, 9.875, 4.40625], "texture": "#0"}
			}
		},
		{
			"from": [6.44331, 6.57731, 6.67334],
			"to": [9.55669, 9.69068, 6.67334],
			"rotation": {"angle": -22.5, "axis": "x", "origin": [8, 7.98419, 8.07599]},
			"faces": {
				"north": {"uv": [10.875, 7, 11.21875, 7.34375], "texture": "#0"},
				"east": {"uv": [0, 0, 0, 0.34375], "texture": "#0"},
				"south": {"uv": [10.875, 7.34375, 11.21875, 7.6875], "texture": "#0"},
				"west": {"uv": [0, 0, 0, 0.34375], "texture": "#0"},
				"up": {"uv": [0.34375, 0, 0, 0], "texture": "#0"},
				"down": {"uv": [0.34375, 0, 0, 0], "texture": "#0"}
			}
		},
		{
			"from": [6.44331, 6.05841, 6.93279],
			"to": [9.55669, 10.20958, 7.97058],
			"rotation": {"angle": -22.5, "axis": "x", "origin": [8, 7.98419, 8.07599]},
			"faces": {
				"north": {"uv": [8.28125, 10.5625, 8.625, 11], "texture": "#0"},
				"east": {"uv": [4.21875, 7.28125, 4.34375, 7.71875], "texture": "#0"},
				"south": {"uv": [8.625, 10.5625, 8.96875, 11], "texture": "#0"},
				"west": {"uv": [11.25, 9.375, 11.375, 9.8125], "texture": "#0"},
				"up": {"uv": [11.6875, 7.8125, 11.34375, 7.6875], "texture": "#0"},
				"down": {"uv": [10.03125, 11.34375, 9.6875, 11.46875], "texture": "#0"}
			}
		},
		{
			"from": [6.44331, 6.57731, 7.97058],
			"to": [9.55669, 9.69068, 11.08396],
			"rotation": {"angle": -22.5, "axis": "x", "origin": [8, 7.98419, 8.07599]},
			"faces": {
				"north": {"uv": [10.75, 8.90625, 11.09375, 9.25], "texture": "#0"},
				"east": {"uv": [9.25, 10.75, 9.59375, 11.09375], "texture": "#0"},
				"south": {"uv": [9.59375, 10.75, 9.9375, 11.09375], "texture": "#0"},
				"west": {"uv": [9.9375, 10.78125, 10.28125, 11.125], "texture": "#0"},
				"up": {"uv": [10.625, 11.125, 10.28125, 10.78125], "texture": "#0"},
				"down": {"uv": [2.65625, 10.84375, 2.3125, 11.1875], "texture": "#0"}
			}
		},
		{
			"from": [6.44331, 5.02062, 8.48947],
			"to": [9.55669, 5.53951, 9.52727],
			"rotation": {"angle": -22.5, "axis": "x", "origin": [8, 7.98419, 8.07599]},
			"faces": {
				"north": {"uv": [5.71875, 2.125, 6.0625, 2.1875], "texture": "#0"},
				"east": {"uv": [9.28125, 8.28125, 9.40625, 8.34375], "texture": "#0"},
				"south": {"uv": [1.3125, 6.03125, 1.65625, 6.09375], "texture": "#0"},
				"west": {"uv": [8.34375, 9.71875, 8.46875, 9.78125], "texture": "#0"},
				"up": {"uv": [7.78125, 11.5, 7.4375, 11.375], "texture": "#0"},
				"down": {"uv": [11.71875, 9.375, 11.375, 9.5], "texture": "#0"}
			}
		},
		{
			"from": [5.92441, 5.53951, 8.48947],
			"to": [6.44331, 7.6151, 9.52727],
			"rotation": {"angle": -22.5, "axis": "x", "origin": [8, 7.98419, 8.07599]},
			"faces": {
				"north": {"uv": [3.125, 9.875, 3.1875, 10.09375], "texture": "#0"},
				"east": {"uv": [11.53125, 2.9375, 11.65625, 3.15625], "texture": "#0"},
				"south": {"uv": [8.28125, 10.25, 8.34375, 10.46875], "texture": "#0"},
				"west": {"uv": [11.53125, 3.9375, 11.65625, 4.15625], "texture": "#0"},
				"up": {"uv": [0.71875, 10.46875, 0.65625, 10.34375], "texture": "#0"},
				"down": {"uv": [4.21875, 10.375, 4.15625, 10.5], "texture": "#0"}
			}
		},
		{
			"from": [9.55669, 5.53951, 8.48947],
			"to": [10.07559, 7.6151, 9.52727],
			"rotation": {"angle": -22.5, "axis": "x", "origin": [8, 7.98419, 8.07599]},
			"faces": {
				"north": {"uv": [2.78125, 6.75, 2.84375, 6.96875], "texture": "#0"},
				"east": {"uv": [8.4375, 3.6875, 8.5625, 3.90625], "texture": "#0"},
				"south": {"uv": [7.53125, 9.125, 7.59375, 9.34375], "texture": "#0"},
				"west": {"uv": [3.5, 9.0625, 3.625, 9.28125], "texture": "#0"},
				"up": {"uv": [7.15625, 9.09375, 7.09375, 8.96875], "texture": "#0"},
				"down": {"uv": [10.375, 4.25, 10.3125, 4.375], "texture": "#0"}
			}
		}
	],
	"gui_light": "front",
	"display": {
		"thirdperson_righthand": {
			"rotation": [75, 45, 0],
			"translation": [0, 2.5, 0],
			"scale": [0.375, 0.375, 0.375]
		},
		"thirdperson_lefthand": {
			"rotation": [75, 45, 0],
			"translation": [0, 2.5, 0],
			"scale": [0.375, 0.375, 0.375]
		},
		"firstperson_righthand": {
			"rotation": [0, 45, 0],
			"scale": [0.4, 0.4, 0.4]
		},
		"firstperson_lefthand": {
			"rotation": [0, 225, 0],
			"scale": [0.4, 0.4, 0.4]
		},
		"ground": {
			"translation": [0, 3, 0],
			"scale": [0.25, 0.25, 0.25]
		},
		"gui": {
			"rotation": [30, 135, 0],
			"translation": [-0.5, -1, 0],
			"scale": [2, 2, 2]
		},
		"head": {
			"rotation": [0, 180, 0]
		},
		"fixed": {
			"scale": [0.5, 0.5, 0.5]
		}
	}
}