{
	"credit": "Made with Blockbench",
	"texture_size": [64, 64],
	"textures": {
		"1": "custom/other/voidball"
	},
	"elements": [
		{
			"from": [9, 9, 13],
			"to": [7, 7, 12],
			"rotation": {"angle": 0, "axis": "y", "origin": [8, 6, 8]},
			"faces": {
				"north": {"uv": [8, 4.5, 8.5, 5], "texture": "#1"},
				"east": {"uv": [6, 5, 6.75, 5.5], "texture": "#1"},
				"south": {"uv": [5, 8, 5.5, 8.5], "texture": "#1"},
				"west": {"uv": [6, 5.5, 6.75, 6], "texture": "#1"},
				"up": {"uv": [8.5, 3.75, 8, 3], "texture": "#1"},
				"down": {"uv": [8.5, 3.75, 8, 4.5], "texture": "#1"}
			}
		},
		{
			"from": [12, 12, 12],
			"to": [4, 4, 4],
			"rotation": {"angle": 0, "axis": "y", "origin": [8, 6, 8]},
			"faces": {
				"north": {"uv": [3, 6, 5, 8], "texture": "#1"},
				"east": {"uv": [6, 3, 8, 5], "texture": "#1"},
				"south": {"uv": [5, 6, 7, 8], "texture": "#1"},
				"west": {"uv": [7, 5, 9, 7], "texture": "#1"},
				"up": {"uv": [9, 9, 7, 7], "texture": "#1"},
				"down": {"uv": [5, 8, 3, 10], "texture": "#1"}
			}
		},
		{
			"from": [14, 14, 14],
			"to": [2, 2, 2],
			"rotation": {"angle": 0, "axis": "y", "origin": [8, 6, 8]},
			"faces": {
				"north": {"uv": [0, 0, 3, 3], "texture": "#1"},
				"east": {"uv": [0, 3, 3, 6], "texture": "#1"},
				"south": {"uv": [3, 0, 6, 3], "texture": "#1"},
				"west": {"uv": [3, 3, 6, 6], "texture": "#1"},
				"up": {"uv": [3, 9, 0, 6], "texture": "#1"},
				"down": {"uv": [9, 0, 6, 3], "texture": "#1"}
			}
		}
	],
	"gui_light": "front",
	"display": {
		"thirdperson_righthand": {
			"rotation": [75, 45, 0],
			"translation": [0, 2.5, 0],
			"scale": [0.375, 0.375, 0.375]
		},
		"thirdperson_lefthand": {
			"rotation": [75, 45, 0],
			"translation": [0, 2.5, 0],
			"scale": [0.375, 0.375, 0.375]
		},
		"firstperson_righthand": {
			"rotation": [0, 45, 0],
			"scale": [0.4, 0.4, 0.4]
		},
		"firstperson_lefthand": {
			"rotation": [0, 225, 0],
			"scale": [0.4, 0.4, 0.4]
		},
		"ground": {
			"translation": [0, 3, 0],
			"scale": [0.25, 0.25, 0.25]
		},
		"gui": {
			"rotation": [-24.11, -30.28, -34.98],
			"scale": [0.75, 0.75, 0.75]
		},
		"head": {
			"rotation": [-48.11, -32.85, -37.75]
		},
		"fixed": {
			"scale": [0.5, 0.5, 0.5]
		}
	}
}