{
	"credit": "Made with Blockbench",
	"textures": {
		"4": "custom/ranged/swordvolley",
		"particle": "custom/ranged/swordvolley"
	},
	"elements": [
		{
			"name": "swordvolley_1",
			"from": [7.8825, 7.7825, -1.89625],
			"to": [8.1175, 8.2175, 1.58375],
			"rotation": {"angle": 0, "axis": "z", "origin": [13, 7, 8]},
			"faces": {
				"north": {"uv": [6.5, 5.375, 6.625, 5.25], "rotation": 90, "texture": "#4"},
				"east": {"uv": [6.625, 6.25, 6.5, 5.25], "rotation": 270, "texture": "#4"},
				"south": {"uv": [6.5, 6.25, 6.625, 6.125], "rotation": 90, "texture": "#4"},
				"west": {"uv": [6.5, 6.25, 6.625, 5.25], "rotation": 90, "texture": "#4"},
				"up": {"uv": [6.625, 5.25, 6.5, 6.25], "texture": "#4"},
				"down": {"uv": [6.625, 5.25, 6.5, 6.25], "rotation": 180, "texture": "#4"}
			}
		},
		{
			"name": "swordvolley_2",
			"from": [7.8825, 8.2175, -0.15625],
			"to": [8.1175, 8.6525, 3.32375],
			"rotation": {"angle": 0, "axis": "z", "origin": [13, 7, 8]},
			"faces": {
				"north": {"uv": [6.375, 5.875, 6.5, 5.75], "rotation": 90, "texture": "#4"},
				"east": {"uv": [6.5, 6.75, 6.375, 5.75], "rotation": 270, "texture": "#4"},
				"south": {"uv": [6.375, 6.75, 6.5, 6.625], "rotation": 90, "texture": "#4"},
				"west": {"uv": [6.375, 6.75, 6.5, 5.75], "rotation": 90, "texture": "#4"},
				"up": {"uv": [6.5, 5.75, 6.375, 6.75], "texture": "#4"},
				"down": {"uv": [6.5, 5.75, 6.375, 6.75], "rotation": 180, "texture": "#4"}
			}
		},
		{
			"name": "swordvolley_3",
			"from": [7.8825, 7.3475, -0.15625],
			"to": [8.1175, 7.7825, 3.32375],
			"rotation": {"angle": 0, "axis": "z", "origin": [13, 7, 8]},
			"faces": {
				"north": {"uv": [6.625, 5.875, 6.75, 5.75], "rotation": 90, "texture": "#4"},
				"east": {"uv": [6.75, 6.75, 6.625, 5.75], "rotation": 270, "texture": "#4"},
				"south": {"uv": [6.625, 6.75, 6.75, 6.625], "rotation": 90, "texture": "#4"},
				"west": {"uv": [6.625, 6.75, 6.75, 5.75], "rotation": 90, "texture": "#4"},
				"up": {"uv": [6.75, 5.75, 6.625, 6.75], "texture": "#4"},
				"down": {"uv": [6.75, 5.75, 6.625, 6.75], "rotation": 180, "texture": "#4"}
			}
		},
		{
			"name": "swordvolley_5",
			"from": [7.8825, 8.6525, 2.88875],
			"to": [8.1175, 9.0875, 4.19375],
			"rotation": {"angle": 0, "axis": "z", "origin": [13, 7, 8]},
			"faces": {
				"north": {"uv": [6.25, 6.75, 6.375, 6.625], "rotation": 90, "texture": "#4"},
				"east": {"uv": [6.375, 7, 6.25, 6.625], "rotation": 270, "texture": "#4"},
				"south": {"uv": [6.25, 7, 6.375, 6.875], "rotation": 90, "texture": "#4"},
				"west": {"uv": [6.25, 7, 6.375, 6.625], "rotation": 90, "texture": "#4"},
				"up": {"uv": [6.375, 6.625, 6.25, 7], "texture": "#4"},
				"down": {"uv": [6.375, 6.625, 6.25, 7], "rotation": 180, "texture": "#4"}
			}
		},
		{
			"name": "swordvolley_6",
			"from": [7.8825, 6.9125, 2.88875],
			"to": [8.1175, 7.3475, 4.19375],
			"rotation": {"angle": 0, "axis": "z", "origin": [13, 7, 8]},
			"faces": {
				"north": {"uv": [6.75, 6.75, 6.875, 6.625], "rotation": 90, "texture": "#4"},
				"east": {"uv": [6.875, 7, 6.75, 6.625], "rotation": 270, "texture": "#4"},
				"south": {"uv": [6.75, 7, 6.875, 6.875], "rotation": 90, "texture": "#4"},
				"west": {"uv": [6.75, 7, 6.875, 6.625], "rotation": 90, "texture": "#4"},
				"up": {"uv": [6.875, 6.625, 6.75, 7], "texture": "#4"},
				"down": {"uv": [6.875, 6.625, 6.75, 7], "rotation": 180, "texture": "#4"}
			}
		},
		{
			"name": "swordvolley_7",
			"from": [7.8825, 7.7825, 3.32375],
			"to": [8.1175, 8.2175, 3.75875],
			"rotation": {"angle": 0, "axis": "z", "origin": [13, 7, 8]},
			"faces": {
				"north": {"uv": [6.5, 6.875, 6.625, 6.75], "rotation": 90, "texture": "#4"},
				"east": {"uv": [6.625, 6.875, 6.5, 6.75], "rotation": 270, "texture": "#4"},
				"south": {"uv": [6.5, 6.875, 6.625, 6.75], "rotation": 90, "texture": "#4"},
				"west": {"uv": [6.5, 6.875, 6.625, 6.75], "rotation": 90, "texture": "#4"},
				"up": {"uv": [6.625, 6.75, 6.5, 6.875], "texture": "#4"},
				"down": {"uv": [6.625, 6.75, 6.5, 6.875], "rotation": 180, "texture": "#4"}
			}
		},
		{
			"name": "swordvolley_11",
			"from": [7.8825, 8.2175, 4.19375],
			"to": [8.1175, 8.6525, 4.62875],
			"rotation": {"angle": 0, "axis": "z", "origin": [13, 7, 8]},
			"faces": {
				"north": {"uv": [6.375, 7.125, 6.5, 7], "rotation": 90, "texture": "#4"},
				"east": {"uv": [6.5, 7.125, 6.375, 7], "rotation": 270, "texture": "#4"},
				"south": {"uv": [6.375, 7.125, 6.5, 7], "rotation": 90, "texture": "#4"},
				"west": {"uv": [6.375, 7.125, 6.5, 7], "rotation": 90, "texture": "#4"},
				"up": {"uv": [6.5, 7, 6.375, 7.125], "texture": "#4"},
				"down": {"uv": [6.5, 7, 6.375, 7.125], "rotation": 180, "texture": "#4"}
			}
		},
		{
			"name": "swordvolley_12",
			"from": [7.8825, 7.3475, 4.19375],
			"to": [8.1175, 7.7825, 4.62875],
			"rotation": {"angle": 0, "axis": "z", "origin": [13, 7, 8]},
			"faces": {
				"north": {"uv": [6.625, 7.125, 6.75, 7], "rotation": 90, "texture": "#4"},
				"east": {"uv": [6.75, 7.125, 6.625, 7], "rotation": 270, "texture": "#4"},
				"south": {"uv": [6.625, 7.125, 6.75, 7], "rotation": 90, "texture": "#4"},
				"west": {"uv": [6.625, 7.125, 6.75, 7], "rotation": 90, "texture": "#4"},
				"up": {"uv": [6.75, 7, 6.625, 7.125], "texture": "#4"},
				"down": {"uv": [6.75, 7, 6.625, 7.125], "rotation": 180, "texture": "#4"}
			}
		},
		{
			"name": "swordvolley_15",
			"from": [7.8825, 8.6525, 4.62875],
			"to": [8.1175, 9.0875, 5.06375],
			"rotation": {"angle": 0, "axis": "z", "origin": [13, 7, 8]},
			"faces": {
				"north": {"uv": [6.25, 7.25, 6.375, 7.125], "rotation": 90, "texture": "#4"},
				"east": {"uv": [6.375, 7.25, 6.25, 7.125], "rotation": 270, "texture": "#4"},
				"south": {"uv": [6.25, 7.25, 6.375, 7.125], "rotation": 90, "texture": "#4"},
				"west": {"uv": [6.25, 7.25, 6.375, 7.125], "rotation": 90, "texture": "#4"},
				"up": {"uv": [6.375, 7.125, 6.25, 7.25], "texture": "#4"},
				"down": {"uv": [6.375, 7.125, 6.25, 7.25], "rotation": 180, "texture": "#4"}
			}
		},
		{
			"name": "swordvolley_16",
			"from": [7.8825, 6.9125, 4.62875],
			"to": [8.1175, 7.3475, 5.06375],
			"rotation": {"angle": 0, "axis": "z", "origin": [13, 7, 8]},
			"faces": {
				"north": {"uv": [6.75, 7.25, 6.875, 7.125], "rotation": 90, "texture": "#4"},
				"east": {"uv": [6.875, 7.25, 6.75, 7.125], "rotation": 270, "texture": "#4"},
				"south": {"uv": [6.75, 7.25, 6.875, 7.125], "rotation": 90, "texture": "#4"},
				"west": {"uv": [6.75, 7.25, 6.875, 7.125], "rotation": 90, "texture": "#4"},
				"up": {"uv": [6.875, 7.125, 6.75, 7.25], "texture": "#4"},
				"down": {"uv": [6.875, 7.125, 6.75, 7.25], "rotation": 180, "texture": "#4"}
			}
		},
		{
			"name": "swordvolley_26",
			"from": [7.8825, 7.7825, 11.15375],
			"to": [8.1175, 8.2175, 11.58875],
			"rotation": {"angle": 0, "axis": "z", "origin": [13, 7, 8]},
			"faces": {
				"north": {"uv": [6.5, 9.125, 6.625, 9], "rotation": 90, "texture": "#4"},
				"east": {"uv": [6.625, 9.125, 6.5, 9], "rotation": 270, "texture": "#4"},
				"south": {"uv": [6.5, 9.125, 6.625, 9], "rotation": 90, "texture": "#4"},
				"west": {"uv": [6.5, 9.125, 6.625, 9], "rotation": 90, "texture": "#4"},
				"up": {"uv": [6.625, 9, 6.5, 9.125], "texture": "#4"},
				"down": {"uv": [6.625, 9, 6.5, 9.125], "rotation": 180, "texture": "#4"}
			}
		},
		{
			"name": "swordvolley_32",
			"from": [7.8825, 7.3475, 12.89375],
			"to": [8.1175, 8.6525, 13.32875],
			"rotation": {"angle": 0, "axis": "z", "origin": [13, 7, 8]},
			"faces": {
				"north": {"uv": [6.375, 9.625, 6.75, 9.5], "rotation": 90, "texture": "#4"},
				"east": {"uv": [6.75, 9.625, 6.375, 9.5], "rotation": 270, "texture": "#4"},
				"south": {"uv": [6.375, 9.625, 6.75, 9.5], "rotation": 90, "texture": "#4"},
				"west": {"uv": [6.375, 9.625, 6.75, 9.5], "rotation": 90, "texture": "#4"},
				"up": {"uv": [6.5, 9.5, 6.375, 9.625], "texture": "#4"},
				"down": {"uv": [6.75, 9.5, 6.625, 9.625], "rotation": 180, "texture": "#4"}
			}
		},
		{
			"name": "swordvolley_19",
			"from": [7.6825, 8.6525, 5.06375],
			"to": [8.3175, 9.0875, 5.93375],
			"rotation": {"angle": 0, "axis": "z", "origin": [13, 7, 8]},
			"faces": {
				"north": {"uv": [9.375, 7.375, 9.5, 7.25], "rotation": 90, "texture": "#4"},
				"east": {"uv": [9.5, 7.5, 9.375, 7.25], "rotation": 270, "texture": "#4"},
				"south": {"uv": [9.375, 7.5, 9.5, 7.375], "rotation": 90, "texture": "#4"},
				"west": {"uv": [9.375, 7.5, 9.5, 7.25], "rotation": 90, "texture": "#4"},
				"up": {"uv": [9.5, 7.25, 9.375, 7.5], "texture": "#4"},
				"down": {"uv": [9.5, 7.25, 9.375, 7.5], "rotation": 180, "texture": "#4"}
			}
		},
		{
			"name": "swordvolley_20",
			"from": [7.6825, 6.9125, 5.06375],
			"to": [8.3175, 7.3475, 5.93375],
			"rotation": {"angle": 0, "axis": "z", "origin": [13, 7, 8]},
			"faces": {
				"north": {"uv": [9.875, 7.375, 10, 7.25], "rotation": 90, "texture": "#4"},
				"east": {"uv": [10, 7.5, 9.875, 7.25], "rotation": 270, "texture": "#4"},
				"south": {"uv": [9.875, 7.5, 10, 7.375], "rotation": 90, "texture": "#4"},
				"west": {"uv": [9.875, 7.5, 10, 7.25], "rotation": 90, "texture": "#4"},
				"up": {"uv": [10, 7.25, 9.875, 7.5], "texture": "#4"},
				"down": {"uv": [10, 7.25, 9.875, 7.5], "rotation": 180, "texture": "#4"}
			}
		},
		{
			"name": "swordvolley_23",
			"from": [7.6825, 7.7825, 7.67375],
			"to": [8.3175, 8.2175, 11.15375],
			"rotation": {"angle": 0, "axis": "z", "origin": [13, 7, 8]},
			"faces": {
				"north": {"uv": [9.625, 8.125, 9.75, 8], "rotation": 90, "texture": "#4"},
				"east": {"uv": [9.75, 9, 9.625, 8], "rotation": 270, "texture": "#4"},
				"south": {"uv": [9.625, 9, 9.75, 8.875], "rotation": 90, "texture": "#4"},
				"west": {"uv": [9.625, 9, 9.75, 8], "rotation": 90, "texture": "#4"},
				"up": {"uv": [9.75, 8, 9.625, 9], "texture": "#4"},
				"down": {"uv": [9.75, 8, 9.625, 9], "rotation": 180, "texture": "#4"}
			}
		},
		{
			"name": "swordvolley_24",
			"from": [7.6825, 8.2175, 8.54375],
			"to": [8.3175, 8.6525, 11.58875],
			"rotation": {"angle": 0, "axis": "z", "origin": [13, 7, 8]},
			"faces": {
				"north": {"uv": [9.5, 8.375, 9.625, 8.25], "rotation": 90, "texture": "#4"},
				"east": {"uv": [9.625, 9.125, 9.5, 8.25], "rotation": 270, "texture": "#4"},
				"south": {"uv": [9.5, 9.125, 9.625, 9], "rotation": 90, "texture": "#4"},
				"west": {"uv": [9.5, 9.125, 9.625, 8.25], "rotation": 90, "texture": "#4"},
				"up": {"uv": [9.625, 8.25, 9.5, 9.125], "texture": "#4"},
				"down": {"uv": [9.625, 8.25, 9.5, 9.125], "rotation": 180, "texture": "#4"}
			}
		},
		{
			"name": "swordvolley_25",
			"from": [7.6825, 7.3475, 8.54375],
			"to": [8.3175, 7.7825, 11.58875],
			"rotation": {"angle": 0, "axis": "z", "origin": [13, 7, 8]},
			"faces": {
				"north": {"uv": [9.75, 8.375, 9.875, 8.25], "rotation": 90, "texture": "#4"},
				"east": {"uv": [9.875, 9.125, 9.75, 8.25], "rotation": 270, "texture": "#4"},
				"south": {"uv": [9.75, 9.125, 9.875, 9], "rotation": 90, "texture": "#4"},
				"west": {"uv": [9.75, 9.125, 9.875, 8.25], "rotation": 90, "texture": "#4"},
				"up": {"uv": [9.875, 8.25, 9.75, 9.125], "texture": "#4"},
				"down": {"uv": [9.875, 8.25, 9.75, 9.125], "rotation": 180, "texture": "#4"}
			}
		},
		{
			"name": "swordvolley_29",
			"from": [7.6825, 8.6525, 11.58875],
			"to": [8.3175, 9.0875, 12.89375],
			"rotation": {"angle": 0, "axis": "z", "origin": [13, 7, 8]},
			"faces": {
				"north": {"uv": [9.375, 9.25, 9.5, 9.125], "rotation": 90, "texture": "#4"},
				"east": {"uv": [9.5, 9.5, 9.375, 9.125], "rotation": 270, "texture": "#4"},
				"south": {"uv": [9.375, 9.5, 9.5, 9.375], "rotation": 90, "texture": "#4"},
				"west": {"uv": [9.375, 9.5, 9.5, 9.125], "rotation": 90, "texture": "#4"},
				"up": {"uv": [9.5, 9.125, 9.375, 9.5], "texture": "#4"},
				"down": {"uv": [9.5, 9.125, 9.375, 9.5], "rotation": 180, "texture": "#4"}
			}
		},
		{
			"name": "swordvolley_30",
			"from": [7.6825, 6.9125, 11.58875],
			"to": [8.3175, 7.3475, 12.89375],
			"rotation": {"angle": 0, "axis": "z", "origin": [13, 7, 8]},
			"faces": {
				"north": {"uv": [9.875, 9.25, 10, 9.125], "rotation": 90, "texture": "#4"},
				"east": {"uv": [10, 9.5, 9.875, 9.125], "rotation": 270, "texture": "#4"},
				"south": {"uv": [9.875, 9.5, 10, 9.375], "rotation": 90, "texture": "#4"},
				"west": {"uv": [9.875, 9.5, 10, 9.125], "rotation": 90, "texture": "#4"},
				"up": {"uv": [10, 9.125, 9.875, 9.5], "texture": "#4"},
				"down": {"uv": [10, 9.125, 9.875, 9.5], "rotation": 180, "texture": "#4"}
			}
		},
		{
			"name": "swordvolley_37",
			"from": [7.6825, 8.2175, 14.19875],
			"to": [8.3175, 8.6525, 14.63375],
			"rotation": {"angle": 0, "axis": "z", "origin": [13, 7, 8]},
			"faces": {
				"north": {"uv": [9.5, 10, 9.625, 9.875], "rotation": 90, "texture": "#4"},
				"east": {"uv": [9.625, 10, 9.5, 9.875], "rotation": 270, "texture": "#4"},
				"south": {"uv": [9.5, 10, 9.625, 9.875], "rotation": 90, "texture": "#4"},
				"west": {"uv": [9.5, 10, 9.625, 9.875], "rotation": 90, "texture": "#4"},
				"up": {"uv": [9.625, 9.875, 9.5, 10], "texture": "#4"},
				"down": {"uv": [9.625, 9.875, 9.5, 10], "rotation": 180, "texture": "#4"}
			}
		},
		{
			"name": "swordvolley_38",
			"from": [7.6825, 7.3475, 14.19875],
			"to": [8.3175, 7.7825, 14.63375],
			"rotation": {"angle": 0, "axis": "z", "origin": [13, 7, 8]},
			"faces": {
				"north": {"uv": [9.75, 10, 9.875, 9.875], "rotation": 90, "texture": "#4"},
				"east": {"uv": [9.875, 10, 9.75, 9.875], "rotation": 270, "texture": "#4"},
				"south": {"uv": [9.75, 10, 9.875, 9.875], "rotation": 90, "texture": "#4"},
				"west": {"uv": [9.75, 10, 9.875, 9.875], "rotation": 90, "texture": "#4"},
				"up": {"uv": [9.875, 9.875, 9.75, 10], "texture": "#4"},
				"down": {"uv": [9.875, 9.875, 9.75, 10], "rotation": 180, "texture": "#4"}
			}
		},
		{
			"name": "swordvolley_39",
			"from": [7.6825, 7.7825, 14.63375],
			"to": [8.3175, 8.2175, 15.50375],
			"rotation": {"angle": 0, "axis": "z", "origin": [13, 7, 8]},
			"faces": {
				"north": {"uv": [9.625, 10.125, 9.75, 10], "rotation": 90, "texture": "#4"},
				"east": {"uv": [9.75, 10.25, 9.625, 10], "rotation": 270, "texture": "#4"},
				"south": {"uv": [9.625, 10.25, 9.75, 10.125], "rotation": 90, "texture": "#4"},
				"west": {"uv": [9.625, 10.25, 9.75, 10], "rotation": 90, "texture": "#4"},
				"up": {"uv": [9.75, 10, 9.625, 10.25], "texture": "#4"},
				"down": {"uv": [9.75, 10, 9.625, 10.25], "rotation": 180, "texture": "#4"}
			}
		},
		{
			"name": "swordvolley_4",
			"from": [7.7825, 7.7825, 1.58375],
			"to": [8.2175, 8.2175, 3.32375],
			"rotation": {"angle": 0, "axis": "z", "origin": [13, 7, 8]},
			"faces": {
				"north": {"uv": [8, 6.375, 8.125, 6.25], "rotation": 90, "texture": "#4"},
				"east": {"uv": [8.125, 6.75, 8, 6.25], "rotation": 270, "texture": "#4"},
				"south": {"uv": [8, 6.75, 8.125, 6.625], "rotation": 90, "texture": "#4"},
				"west": {"uv": [8, 6.75, 8.125, 6.25], "rotation": 90, "texture": "#4"},
				"up": {"uv": [8.125, 6.25, 8, 6.75], "texture": "#4"},
				"down": {"uv": [8.125, 6.25, 8, 6.75], "rotation": 180, "texture": "#4"}
			}
		},
		{
			"name": "swordvolley_8",
			"from": [7.7825, 8.2175, 3.32375],
			"to": [8.2175, 8.6525, 4.19375],
			"rotation": {"angle": 0, "axis": "z", "origin": [13, 7, 8]},
			"faces": {
				"north": {"uv": [7.875, 6.875, 8, 6.75], "rotation": 90, "texture": "#4"},
				"east": {"uv": [8, 7, 7.875, 6.75], "rotation": 270, "texture": "#4"},
				"south": {"uv": [7.875, 7, 8, 6.875], "rotation": 90, "texture": "#4"},
				"west": {"uv": [7.875, 7, 8, 6.75], "rotation": 90, "texture": "#4"},
				"up": {"uv": [8, 6.75, 7.875, 7], "texture": "#4"},
				"down": {"uv": [8, 6.75, 7.875, 7], "rotation": 180, "texture": "#4"}
			}
		},
		{
			"name": "swordvolley_9",
			"from": [7.7825, 7.3475, 3.32375],
			"to": [8.2175, 7.7825, 4.19375],
			"rotation": {"angle": 0, "axis": "z", "origin": [13, 7, 8]},
			"faces": {
				"north": {"uv": [8.125, 6.875, 8.25, 6.75], "rotation": 90, "texture": "#4"},
				"east": {"uv": [8.25, 7, 8.125, 6.75], "rotation": 270, "texture": "#4"},
				"south": {"uv": [8.125, 7, 8.25, 6.875], "rotation": 90, "texture": "#4"},
				"west": {"uv": [8.125, 7, 8.25, 6.75], "rotation": 90, "texture": "#4"},
				"up": {"uv": [8.25, 6.75, 8.125, 7], "texture": "#4"},
				"down": {"uv": [8.25, 6.75, 8.125, 7], "rotation": 180, "texture": "#4"}
			}
		},
		{
			"name": "swordvolley_10",
			"from": [7.7825, 7.7825, 3.75875],
			"to": [8.2175, 8.2175, 7.67375],
			"rotation": {"angle": 0, "axis": "z", "origin": [13, 7, 8]},
			"faces": {
				"north": {"uv": [8, 7, 8.125, 6.875], "rotation": 90, "texture": "#4"},
				"east": {"uv": [8.125, 8, 8, 6.875], "rotation": 270, "texture": "#4"},
				"south": {"uv": [8, 8, 8.125, 7.875], "rotation": 90, "texture": "#4"},
				"west": {"uv": [8, 8, 8.125, 6.875], "rotation": 90, "texture": "#4"},
				"up": {"uv": [8.125, 6.875, 8, 8], "texture": "#4"},
				"down": {"uv": [8.125, 6.875, 8, 8], "rotation": 180, "texture": "#4"}
			}
		},
		{
			"name": "swordvolley_13",
			"from": [7.7825, 8.6525, 4.19375],
			"to": [8.2175, 9.0875, 4.62875],
			"rotation": {"angle": 0, "axis": "z", "origin": [13, 7, 8]},
			"faces": {
				"north": {"uv": [7.75, 7.125, 7.875, 7], "rotation": 90, "texture": "#4"},
				"east": {"uv": [7.875, 7.125, 7.75, 7], "rotation": 270, "texture": "#4"},
				"south": {"uv": [7.75, 7.125, 7.875, 7], "rotation": 90, "texture": "#4"},
				"west": {"uv": [7.75, 7.125, 7.875, 7], "rotation": 90, "texture": "#4"},
				"up": {"uv": [7.875, 7, 7.75, 7.125], "texture": "#4"},
				"down": {"uv": [7.875, 7, 7.75, 7.125], "rotation": 180, "texture": "#4"}
			}
		},
		{
			"name": "swordvolley_14",
			"from": [7.7825, 6.9125, 4.19375],
			"to": [8.2175, 7.3475, 4.62875],
			"rotation": {"angle": 0, "axis": "z", "origin": [13, 7, 8]},
			"faces": {
				"north": {"uv": [8.25, 7.125, 8.375, 7], "rotation": 90, "texture": "#4"},
				"east": {"uv": [8.375, 7.125, 8.25, 7], "rotation": 270, "texture": "#4"},
				"south": {"uv": [8.25, 7.125, 8.375, 7], "rotation": 90, "texture": "#4"},
				"west": {"uv": [8.25, 7.125, 8.375, 7], "rotation": 90, "texture": "#4"},
				"up": {"uv": [8.375, 7, 8.25, 7.125], "texture": "#4"},
				"down": {"uv": [8.375, 7, 8.25, 7.125], "rotation": 180, "texture": "#4"}
			}
		},
		{
			"name": "swordvolley_17",
			"from": [7.7825, 8.2175, 4.62875],
			"to": [8.2175, 8.6525, 8.54375],
			"rotation": {"angle": 0, "axis": "z", "origin": [13, 7, 8]},
			"faces": {
				"north": {"uv": [7.875, 7.25, 8, 7.125], "rotation": 90, "texture": "#4"},
				"east": {"uv": [8, 8.25, 7.875, 7.125], "rotation": 270, "texture": "#4"},
				"south": {"uv": [7.875, 8.25, 8, 8.125], "rotation": 90, "texture": "#4"},
				"west": {"uv": [7.875, 8.25, 8, 7.125], "rotation": 90, "texture": "#4"},
				"up": {"uv": [8, 7.125, 7.875, 8.25], "texture": "#4"},
				"down": {"uv": [8, 7.125, 7.875, 8.25], "rotation": 180, "texture": "#4"}
			}
		},
		{
			"name": "swordvolley_18",
			"from": [7.7825, 7.3475, 4.62875],
			"to": [8.2175, 7.7825, 8.54375],
			"rotation": {"angle": 0, "axis": "z", "origin": [13, 7, 8]},
			"faces": {
				"north": {"uv": [8.125, 7.25, 8.25, 7.125], "rotation": 90, "texture": "#4"},
				"east": {"uv": [8.25, 8.25, 8.125, 7.125], "rotation": 270, "texture": "#4"},
				"south": {"uv": [8.125, 8.25, 8.25, 8.125], "rotation": 90, "texture": "#4"},
				"west": {"uv": [8.125, 8.25, 8.25, 7.125], "rotation": 90, "texture": "#4"},
				"up": {"uv": [8.25, 7.125, 8.125, 8.25], "texture": "#4"},
				"down": {"uv": [8.25, 7.125, 8.125, 8.25], "rotation": 180, "texture": "#4"}
			}
		},
		{
			"name": "swordvolley_21",
			"from": [7.7825, 8.6525, 5.93375],
			"to": [8.2175, 9.0875, 11.58875],
			"rotation": {"angle": 0, "axis": "z", "origin": [13, 7, 8]},
			"faces": {
				"north": {"uv": [7.75, 7.625, 7.875, 7.5], "rotation": 90, "texture": "#4"},
				"east": {"uv": [7.875, 9.125, 7.75, 7.5], "rotation": 270, "texture": "#4"},
				"south": {"uv": [7.75, 9.125, 7.875, 9], "rotation": 90, "texture": "#4"},
				"west": {"uv": [7.75, 9.125, 7.875, 7.5], "rotation": 90, "texture": "#4"},
				"up": {"uv": [7.875, 7.5, 7.75, 9.125], "texture": "#4"},
				"down": {"uv": [7.875, 7.5, 7.75, 9.125], "rotation": 180, "texture": "#4"}
			}
		},
		{
			"name": "swordvolley_22",
			"from": [7.7825, 6.9125, 5.93375],
			"to": [8.2175, 7.3475, 11.58875],
			"rotation": {"angle": 0, "axis": "z", "origin": [13, 7, 8]},
			"faces": {
				"north": {"uv": [8.25, 7.625, 8.375, 7.5], "rotation": 90, "texture": "#4"},
				"east": {"uv": [8.375, 9.125, 8.25, 7.5], "rotation": 270, "texture": "#4"},
				"south": {"uv": [8.25, 9.125, 8.375, 9], "rotation": 90, "texture": "#4"},
				"west": {"uv": [8.25, 9.125, 8.375, 7.5], "rotation": 90, "texture": "#4"},
				"up": {"uv": [8.375, 7.5, 8.25, 9.125], "texture": "#4"},
				"down": {"uv": [8.375, 7.5, 8.25, 9.125], "rotation": 180, "texture": "#4"}
			}
		},
		{
			"name": "swordvolley_27",
			"from": [7.7825, 9.0875, 11.58875],
			"to": [8.2175, 9.5225, 12.89375],
			"rotation": {"angle": 0, "axis": "z", "origin": [13, 7, 8]},
			"faces": {
				"north": {"uv": [7.625, 9.25, 7.75, 9.125], "rotation": 90, "texture": "#4"},
				"east": {"uv": [7.75, 9.5, 7.625, 9.125], "rotation": 270, "texture": "#4"},
				"south": {"uv": [7.625, 9.5, 7.75, 9.375], "rotation": 90, "texture": "#4"},
				"west": {"uv": [7.625, 9.5, 7.75, 9.125], "rotation": 90, "texture": "#4"},
				"up": {"uv": [7.75, 9.125, 7.625, 9.5], "texture": "#4"},
				"down": {"uv": [7.75, 9.125, 7.625, 9.5], "rotation": 180, "texture": "#4"}
			}
		},
		{
			"name": "swordvolley_28",
			"from": [7.7825, 6.4775, 11.58875],
			"to": [8.2175, 6.9125, 12.89375],
			"rotation": {"angle": 0, "axis": "z", "origin": [13, 7, 8]},
			"faces": {
				"north": {"uv": [8.375, 9.25, 8.5, 9.125], "rotation": 90, "texture": "#4"},
				"east": {"uv": [8.5, 9.5, 8.375, 9.125], "rotation": 270, "texture": "#4"},
				"south": {"uv": [8.375, 9.5, 8.5, 9.375], "rotation": 90, "texture": "#4"},
				"west": {"uv": [8.375, 9.5, 8.5, 9.125], "rotation": 90, "texture": "#4"},
				"up": {"uv": [8.5, 9.125, 8.375, 9.5], "texture": "#4"},
				"down": {"uv": [8.5, 9.125, 8.375, 9.5], "rotation": 180, "texture": "#4"}
			}
		},
		{
			"name": "swordvolley_31",
			"from": [7.7825, 7.7825, 12.02375],
			"to": [8.2175, 8.2175, 12.45875],
			"rotation": {"angle": 0, "axis": "z", "origin": [13, 7, 8]},
			"faces": {
				"north": {"uv": [8, 9.375, 8.125, 9.25], "rotation": 90, "texture": "#4"},
				"east": {"uv": [8.125, 9.375, 8, 9.25], "rotation": 270, "texture": "#4"},
				"south": {"uv": [8, 9.375, 8.125, 9.25], "rotation": 90, "texture": "#4"},
				"west": {"uv": [8, 9.375, 8.125, 9.25], "rotation": 90, "texture": "#4"},
				"up": {"uv": [8.125, 9.25, 8, 9.375], "texture": "#4"},
				"down": {"uv": [8.125, 9.25, 8, 9.375], "rotation": 180, "texture": "#4"}
			}
		},
		{
			"name": "swordvolley_33",
			"from": [7.7825, 8.6525, 12.89375],
			"to": [8.2175, 9.0875, 13.32875],
			"rotation": {"angle": 0, "axis": "z", "origin": [13, 7, 8]},
			"faces": {
				"north": {"uv": [7.75, 9.625, 7.875, 9.5], "rotation": 90, "texture": "#4"},
				"east": {"uv": [7.875, 9.625, 7.75, 9.5], "rotation": 270, "texture": "#4"},
				"south": {"uv": [7.75, 9.625, 7.875, 9.5], "rotation": 90, "texture": "#4"},
				"west": {"uv": [7.75, 9.625, 7.875, 9.5], "rotation": 90, "texture": "#4"},
				"up": {"uv": [7.875, 9.5, 7.75, 9.625], "texture": "#4"},
				"down": {"uv": [7.875, 9.5, 7.75, 9.625], "rotation": 180, "texture": "#4"}
			}
		},
		{
			"name": "swordvolley_34",
			"from": [7.7825, 6.9125, 12.89375],
			"to": [8.2175, 7.3475, 13.32875],
			"rotation": {"angle": 0, "axis": "z", "origin": [13, 7, 8]},
			"faces": {
				"north": {"uv": [8.25, 9.625, 8.375, 9.5], "rotation": 90, "texture": "#4"},
				"east": {"uv": [8.375, 9.625, 8.25, 9.5], "rotation": 270, "texture": "#4"},
				"south": {"uv": [8.25, 9.625, 8.375, 9.5], "rotation": 90, "texture": "#4"},
				"west": {"uv": [8.25, 9.625, 8.375, 9.5], "rotation": 90, "texture": "#4"},
				"up": {"uv": [8.375, 9.5, 8.25, 9.625], "texture": "#4"},
				"down": {"uv": [8.375, 9.5, 8.25, 9.625], "rotation": 180, "texture": "#4"}
			}
		},
		{
			"name": "swordvolley_35",
			"from": [7.7825, 7.3475, 13.32875],
			"to": [8.2175, 8.6525, 14.19875],
			"rotation": {"angle": 0, "axis": "z", "origin": [13, 7, 8]},
			"faces": {
				"north": {"uv": [7.875, 9.75, 8.25, 9.625], "rotation": 90, "texture": "#4"},
				"east": {"uv": [8.25, 9.875, 7.875, 9.625], "rotation": 270, "texture": "#4"},
				"south": {"uv": [7.875, 9.875, 8.25, 9.75], "rotation": 90, "texture": "#4"},
				"west": {"uv": [7.875, 9.875, 8.25, 9.625], "rotation": 90, "texture": "#4"},
				"up": {"uv": [8, 9.625, 7.875, 9.875], "texture": "#4"},
				"down": {"uv": [8.25, 9.625, 8.125, 9.875], "rotation": 180, "texture": "#4"}
			}
		},
		{
			"name": "swordvolley_36",
			"from": [7.7825, 7.7825, 14.19875],
			"to": [8.2175, 8.2175, 14.63375],
			"rotation": {"angle": 0, "axis": "z", "origin": [13, 7, 8]},
			"faces": {
				"north": {"uv": [8, 10, 8.125, 9.875], "rotation": 90, "texture": "#4"},
				"east": {"uv": [8.125, 10, 8, 9.875], "rotation": 270, "texture": "#4"},
				"south": {"uv": [8, 10, 8.125, 9.875], "rotation": 90, "texture": "#4"},
				"west": {"uv": [8, 10, 8.125, 9.875], "rotation": 90, "texture": "#4"},
				"up": {"uv": [8.125, 9.875, 8, 10], "texture": "#4"},
				"down": {"uv": [8.125, 9.875, 8, 10], "rotation": 180, "texture": "#4"}
			}
		},
		{
			"name": "swordvolley_40",
			"from": [7.7825, 7.3475, 15.50375],
			"to": [8.2175, 8.6525, 15.93875],
			"rotation": {"angle": 0, "axis": "z", "origin": [13, 7, 8]},
			"faces": {
				"north": {"uv": [7.875, 10.375, 8.25, 10.25], "rotation": 90, "texture": "#4"},
				"east": {"uv": [8.25, 10.375, 7.875, 10.25], "rotation": 270, "texture": "#4"},
				"south": {"uv": [7.875, 10.375, 8.25, 10.25], "rotation": 90, "texture": "#4"},
				"west": {"uv": [7.875, 10.375, 8.25, 10.25], "rotation": 90, "texture": "#4"},
				"up": {"uv": [8, 10.25, 7.875, 10.375], "texture": "#4"},
				"down": {"uv": [8.25, 10.25, 8.125, 10.375], "rotation": 180, "texture": "#4"}
			}
		},
		{
			"name": "swordvolley_41",
			"from": [7.7825, 7.7825, 15.93875],
			"to": [8.2175, 8.2175, 16.37375],
			"rotation": {"angle": 0, "axis": "z", "origin": [13, 7, 8]},
			"faces": {
				"north": {"uv": [8, 10.5, 8.125, 10.375], "rotation": 90, "texture": "#4"},
				"east": {"uv": [8.125, 10.5, 8, 10.375], "rotation": 270, "texture": "#4"},
				"south": {"uv": [8, 10.5, 8.125, 10.375], "rotation": 90, "texture": "#4"},
				"west": {"uv": [8, 10.5, 8.125, 10.375], "rotation": 90, "texture": "#4"},
				"up": {"uv": [8.125, 10.375, 8, 10.5], "texture": "#4"},
				"down": {"uv": [8.125, 10.375, 8, 10.5], "rotation": 180, "texture": "#4"}
			}
		}
	],
	"display": {
		"thirdperson_righthand": {
			"scale": [0, 0, 0]
		},
		"thirdperson_lefthand": {
			"rotation": [0, 0, -90],
			"translation": [3.75, -2.25, 12.5],
			"scale": [0.69, 0.69, 0.69]
		},
		"firstperson_righthand": {
			"scale": [0, 0, 0]
		},
		"firstperson_lefthand": {
			"scale": [0, 0, 0]
		},
		"ground": {
			"scale": [0, 0, 0]
		},
		"gui": {
			"scale": [0, 0, 0]
		}
	},
	"groups": [
		{
			"name": "sword",
			"origin": [4, 7.09375, 12],
			"color": 0,
			"nbt": "{}",
			"children": [0, 1, 2, 3, 4, 5, 6, 7, 8, 9, 10, 11, 12, 13, 14, 15, 16, 17, 18, 19, 20, 21, 22, 23, 24, 25, 26, 27, 28, 29, 30, 31, 32, 33, 34, 35, 36, 37, 38, 39, 40]
		}
	]
}