{
	"credit": "Made with Blockbench",
	"textures": {
		"4": "custom/ranged/swordvolley",
		"particle": "custom/ranged/swordvolley"
	},
	"elements": [
		{
			"name": "swordvolley_0",
			"from": [15.8825, 4.68875, -5.89625],
			"to": [16.1175, 5.12375, -2.41625],
			"rotation": {"angle": 0, "axis": "z", "origin": [17, 7.90625, 4]},
			"faces": {
				"north": {"uv": [6.5, 5.375, 6.625, 5.25], "rotation": 90, "texture": "#4"},
				"east": {"uv": [6.625, 6.25, 6.5, 5.25], "rotation": 270, "texture": "#4"},
				"south": {"uv": [6.5, 6.25, 6.625, 6.125], "rotation": 90, "texture": "#4"},
				"west": {"uv": [6.5, 6.25, 6.625, 5.25], "rotation": 90, "texture": "#4"},
				"up": {"uv": [6.625, 5.25, 6.5, 6.25], "texture": "#4"},
				"down": {"uv": [6.625, 5.25, 6.5, 6.25], "rotation": 180, "texture": "#4"}
			}
		},
		{
			"name": "swordvolley_1",
			"from": [15.8825, 5.12375, -4.15625],
			"to": [16.1175, 5.55875, -0.67625],
			"rotation": {"angle": 0, "axis": "z", "origin": [17, 7.90625, 4]},
			"faces": {
				"north": {"uv": [6.375, 5.875, 6.5, 5.75], "rotation": 90, "texture": "#4"},
				"east": {"uv": [6.5, 6.75, 6.375, 5.75], "rotation": 270, "texture": "#4"},
				"south": {"uv": [6.375, 6.75, 6.5, 6.625], "rotation": 90, "texture": "#4"},
				"west": {"uv": [6.375, 6.75, 6.5, 5.75], "rotation": 90, "texture": "#4"},
				"up": {"uv": [6.5, 5.75, 6.375, 6.75], "texture": "#4"},
				"down": {"uv": [6.5, 5.75, 6.375, 6.75], "rotation": 180, "texture": "#4"}
			}
		},
		{
			"name": "swordvolley_2",
			"from": [15.8825, 4.25375, -4.15625],
			"to": [16.1175, 4.68875, -0.67625],
			"rotation": {"angle": 0, "axis": "z", "origin": [17, 7.90625, 4]},
			"faces": {
				"north": {"uv": [6.625, 5.875, 6.75, 5.75], "rotation": 90, "texture": "#4"},
				"east": {"uv": [6.75, 6.75, 6.625, 5.75], "rotation": 270, "texture": "#4"},
				"south": {"uv": [6.625, 6.75, 6.75, 6.625], "rotation": 90, "texture": "#4"},
				"west": {"uv": [6.625, 6.75, 6.75, 5.75], "rotation": 90, "texture": "#4"},
				"up": {"uv": [6.75, 5.75, 6.625, 6.75], "texture": "#4"},
				"down": {"uv": [6.75, 5.75, 6.625, 6.75], "rotation": 180, "texture": "#4"}
			}
		},
		{
			"name": "swordvolley_4",
			"from": [15.8825, 5.55875, -1.11125],
			"to": [16.1175, 5.99375, 0.19375],
			"rotation": {"angle": 0, "axis": "z", "origin": [17, 7.90625, 4]},
			"faces": {
				"north": {"uv": [6.25, 6.75, 6.375, 6.625], "rotation": 90, "texture": "#4"},
				"east": {"uv": [6.375, 7, 6.25, 6.625], "rotation": 270, "texture": "#4"},
				"south": {"uv": [6.25, 7, 6.375, 6.875], "rotation": 90, "texture": "#4"},
				"west": {"uv": [6.25, 7, 6.375, 6.625], "rotation": 90, "texture": "#4"},
				"up": {"uv": [6.375, 6.625, 6.25, 7], "texture": "#4"},
				"down": {"uv": [6.375, 6.625, 6.25, 7], "rotation": 180, "texture": "#4"}
			}
		},
		{
			"name": "swordvolley_5",
			"from": [15.8825, 3.81875, -1.11125],
			"to": [16.1175, 4.25375, 0.19375],
			"rotation": {"angle": 0, "axis": "z", "origin": [17, 7.90625, 4]},
			"faces": {
				"north": {"uv": [6.75, 6.75, 6.875, 6.625], "rotation": 90, "texture": "#4"},
				"east": {"uv": [6.875, 7, 6.75, 6.625], "rotation": 270, "texture": "#4"},
				"south": {"uv": [6.75, 7, 6.875, 6.875], "rotation": 90, "texture": "#4"},
				"west": {"uv": [6.75, 7, 6.875, 6.625], "rotation": 90, "texture": "#4"},
				"up": {"uv": [6.875, 6.625, 6.75, 7], "texture": "#4"},
				"down": {"uv": [6.875, 6.625, 6.75, 7], "rotation": 180, "texture": "#4"}
			}
		},
		{
			"name": "swordvolley_6",
			"from": [15.8825, 4.68875, -0.67625],
			"to": [16.1175, 5.12375, -0.24125],
			"rotation": {"angle": 0, "axis": "z", "origin": [17, 7.90625, 4]},
			"faces": {
				"north": {"uv": [6.5, 6.875, 6.625, 6.75], "rotation": 90, "texture": "#4"},
				"east": {"uv": [6.625, 6.875, 6.5, 6.75], "rotation": 270, "texture": "#4"},
				"south": {"uv": [6.5, 6.875, 6.625, 6.75], "rotation": 90, "texture": "#4"},
				"west": {"uv": [6.5, 6.875, 6.625, 6.75], "rotation": 90, "texture": "#4"},
				"up": {"uv": [6.625, 6.75, 6.5, 6.875], "texture": "#4"},
				"down": {"uv": [6.625, 6.75, 6.5, 6.875], "rotation": 180, "texture": "#4"}
			}
		},
		{
			"name": "swordvolley_10",
			"from": [15.8825, 5.12375, 0.19375],
			"to": [16.1175, 5.55875, 0.62875],
			"rotation": {"angle": 0, "axis": "z", "origin": [17, 7.90625, 4]},
			"faces": {
				"north": {"uv": [6.375, 7.125, 6.5, 7], "rotation": 90, "texture": "#4"},
				"east": {"uv": [6.5, 7.125, 6.375, 7], "rotation": 270, "texture": "#4"},
				"south": {"uv": [6.375, 7.125, 6.5, 7], "rotation": 90, "texture": "#4"},
				"west": {"uv": [6.375, 7.125, 6.5, 7], "rotation": 90, "texture": "#4"},
				"up": {"uv": [6.5, 7, 6.375, 7.125], "texture": "#4"},
				"down": {"uv": [6.5, 7, 6.375, 7.125], "rotation": 180, "texture": "#4"}
			}
		},
		{
			"name": "swordvolley_11",
			"from": [15.8825, 4.25375, 0.19375],
			"to": [16.1175, 4.68875, 0.62875],
			"rotation": {"angle": 0, "axis": "z", "origin": [17, 7.90625, 4]},
			"faces": {
				"north": {"uv": [6.625, 7.125, 6.75, 7], "rotation": 90, "texture": "#4"},
				"east": {"uv": [6.75, 7.125, 6.625, 7], "rotation": 270, "texture": "#4"},
				"south": {"uv": [6.625, 7.125, 6.75, 7], "rotation": 90, "texture": "#4"},
				"west": {"uv": [6.625, 7.125, 6.75, 7], "rotation": 90, "texture": "#4"},
				"up": {"uv": [6.75, 7, 6.625, 7.125], "texture": "#4"},
				"down": {"uv": [6.75, 7, 6.625, 7.125], "rotation": 180, "texture": "#4"}
			}
		},
		{
			"name": "swordvolley_14",
			"from": [15.8825, 5.55875, 0.62875],
			"to": [16.1175, 5.99375, 1.06375],
			"rotation": {"angle": 0, "axis": "z", "origin": [17, 7.90625, 4]},
			"faces": {
				"north": {"uv": [6.25, 7.25, 6.375, 7.125], "rotation": 90, "texture": "#4"},
				"east": {"uv": [6.375, 7.25, 6.25, 7.125], "rotation": 270, "texture": "#4"},
				"south": {"uv": [6.25, 7.25, 6.375, 7.125], "rotation": 90, "texture": "#4"},
				"west": {"uv": [6.25, 7.25, 6.375, 7.125], "rotation": 90, "texture": "#4"},
				"up": {"uv": [6.375, 7.125, 6.25, 7.25], "texture": "#4"},
				"down": {"uv": [6.375, 7.125, 6.25, 7.25], "rotation": 180, "texture": "#4"}
			}
		},
		{
			"name": "swordvolley_15",
			"from": [15.8825, 3.81875, 0.62875],
			"to": [16.1175, 4.25375, 1.06375],
			"rotation": {"angle": 0, "axis": "z", "origin": [17, 7.90625, 4]},
			"faces": {
				"north": {"uv": [6.75, 7.25, 6.875, 7.125], "rotation": 90, "texture": "#4"},
				"east": {"uv": [6.875, 7.25, 6.75, 7.125], "rotation": 270, "texture": "#4"},
				"south": {"uv": [6.75, 7.25, 6.875, 7.125], "rotation": 90, "texture": "#4"},
				"west": {"uv": [6.75, 7.25, 6.875, 7.125], "rotation": 90, "texture": "#4"},
				"up": {"uv": [6.875, 7.125, 6.75, 7.25], "texture": "#4"},
				"down": {"uv": [6.875, 7.125, 6.75, 7.25], "rotation": 180, "texture": "#4"}
			}
		},
		{
			"name": "swordvolley_25",
			"from": [15.8825, 4.68875, 7.15375],
			"to": [16.1175, 5.12375, 7.58875],
			"rotation": {"angle": 0, "axis": "z", "origin": [17, 7.90625, 4]},
			"faces": {
				"north": {"uv": [6.5, 9.125, 6.625, 9], "rotation": 90, "texture": "#4"},
				"east": {"uv": [6.625, 9.125, 6.5, 9], "rotation": 270, "texture": "#4"},
				"south": {"uv": [6.5, 9.125, 6.625, 9], "rotation": 90, "texture": "#4"},
				"west": {"uv": [6.5, 9.125, 6.625, 9], "rotation": 90, "texture": "#4"},
				"up": {"uv": [6.625, 9, 6.5, 9.125], "texture": "#4"},
				"down": {"uv": [6.625, 9, 6.5, 9.125], "rotation": 180, "texture": "#4"}
			}
		},
		{
			"name": "swordvolley_31",
			"from": [15.8825, 4.25375, 8.89375],
			"to": [16.1175, 5.55875, 9.32875],
			"rotation": {"angle": 0, "axis": "z", "origin": [17, 7.90625, 4]},
			"faces": {
				"north": {"uv": [6.375, 9.625, 6.75, 9.5], "rotation": 90, "texture": "#4"},
				"east": {"uv": [6.75, 9.625, 6.375, 9.5], "rotation": 270, "texture": "#4"},
				"south": {"uv": [6.375, 9.625, 6.75, 9.5], "rotation": 90, "texture": "#4"},
				"west": {"uv": [6.375, 9.625, 6.75, 9.5], "rotation": 90, "texture": "#4"},
				"up": {"uv": [6.5, 9.5, 6.375, 9.625], "texture": "#4"},
				"down": {"uv": [6.75, 9.5, 6.625, 9.625], "rotation": 180, "texture": "#4"}
			}
		},
		{
			"name": "swordvolley_18",
			"from": [15.6825, 5.55875, 1.06375],
			"to": [16.3175, 5.99375, 1.93375],
			"rotation": {"angle": 0, "axis": "z", "origin": [17, 7.90625, 4]},
			"faces": {
				"north": {"uv": [9.375, 7.375, 9.5, 7.25], "rotation": 90, "texture": "#4"},
				"east": {"uv": [9.5, 7.5, 9.375, 7.25], "rotation": 270, "texture": "#4"},
				"south": {"uv": [9.375, 7.5, 9.5, 7.375], "rotation": 90, "texture": "#4"},
				"west": {"uv": [9.375, 7.5, 9.5, 7.25], "rotation": 90, "texture": "#4"},
				"up": {"uv": [9.5, 7.25, 9.375, 7.5], "texture": "#4"},
				"down": {"uv": [9.5, 7.25, 9.375, 7.5], "rotation": 180, "texture": "#4"}
			}
		},
		{
			"name": "swordvolley_19",
			"from": [15.6825, 3.81875, 1.06375],
			"to": [16.3175, 4.25375, 1.93375],
			"rotation": {"angle": 0, "axis": "z", "origin": [17, 7.90625, 4]},
			"faces": {
				"north": {"uv": [9.875, 7.375, 10, 7.25], "rotation": 90, "texture": "#4"},
				"east": {"uv": [10, 7.5, 9.875, 7.25], "rotation": 270, "texture": "#4"},
				"south": {"uv": [9.875, 7.5, 10, 7.375], "rotation": 90, "texture": "#4"},
				"west": {"uv": [9.875, 7.5, 10, 7.25], "rotation": 90, "texture": "#4"},
				"up": {"uv": [10, 7.25, 9.875, 7.5], "texture": "#4"},
				"down": {"uv": [10, 7.25, 9.875, 7.5], "rotation": 180, "texture": "#4"}
			}
		},
		{
			"name": "swordvolley_22",
			"from": [15.6825, 4.68875, 3.67375],
			"to": [16.3175, 5.12375, 7.15375],
			"rotation": {"angle": 0, "axis": "z", "origin": [17, 7.90625, 4]},
			"faces": {
				"north": {"uv": [9.625, 8.125, 9.75, 8], "rotation": 90, "texture": "#4"},
				"east": {"uv": [9.75, 9, 9.625, 8], "rotation": 270, "texture": "#4"},
				"south": {"uv": [9.625, 9, 9.75, 8.875], "rotation": 90, "texture": "#4"},
				"west": {"uv": [9.625, 9, 9.75, 8], "rotation": 90, "texture": "#4"},
				"up": {"uv": [9.75, 8, 9.625, 9], "texture": "#4"},
				"down": {"uv": [9.75, 8, 9.625, 9], "rotation": 180, "texture": "#4"}
			}
		},
		{
			"name": "swordvolley_23",
			"from": [15.6825, 5.12375, 4.54375],
			"to": [16.3175, 5.55875, 7.58875],
			"rotation": {"angle": 0, "axis": "z", "origin": [17, 7.90625, 4]},
			"faces": {
				"north": {"uv": [9.5, 8.375, 9.625, 8.25], "rotation": 90, "texture": "#4"},
				"east": {"uv": [9.625, 9.125, 9.5, 8.25], "rotation": 270, "texture": "#4"},
				"south": {"uv": [9.5, 9.125, 9.625, 9], "rotation": 90, "texture": "#4"},
				"west": {"uv": [9.5, 9.125, 9.625, 8.25], "rotation": 90, "texture": "#4"},
				"up": {"uv": [9.625, 8.25, 9.5, 9.125], "texture": "#4"},
				"down": {"uv": [9.625, 8.25, 9.5, 9.125], "rotation": 180, "texture": "#4"}
			}
		},
		{
			"name": "swordvolley_24",
			"from": [15.6825, 4.25375, 4.54375],
			"to": [16.3175, 4.68875, 7.58875],
			"rotation": {"angle": 0, "axis": "z", "origin": [17, 7.90625, 4]},
			"faces": {
				"north": {"uv": [9.75, 8.375, 9.875, 8.25], "rotation": 90, "texture": "#4"},
				"east": {"uv": [9.875, 9.125, 9.75, 8.25], "rotation": 270, "texture": "#4"},
				"south": {"uv": [9.75, 9.125, 9.875, 9], "rotation": 90, "texture": "#4"},
				"west": {"uv": [9.75, 9.125, 9.875, 8.25], "rotation": 90, "texture": "#4"},
				"up": {"uv": [9.875, 8.25, 9.75, 9.125], "texture": "#4"},
				"down": {"uv": [9.875, 8.25, 9.75, 9.125], "rotation": 180, "texture": "#4"}
			}
		},
		{
			"name": "swordvolley_28",
			"from": [15.6825, 5.55875, 7.58875],
			"to": [16.3175, 5.99375, 8.89375],
			"rotation": {"angle": 0, "axis": "z", "origin": [17, 7.90625, 4]},
			"faces": {
				"north": {"uv": [9.375, 9.25, 9.5, 9.125], "rotation": 90, "texture": "#4"},
				"east": {"uv": [9.5, 9.5, 9.375, 9.125], "rotation": 270, "texture": "#4"},
				"south": {"uv": [9.375, 9.5, 9.5, 9.375], "rotation": 90, "texture": "#4"},
				"west": {"uv": [9.375, 9.5, 9.5, 9.125], "rotation": 90, "texture": "#4"},
				"up": {"uv": [9.5, 9.125, 9.375, 9.5], "texture": "#4"},
				"down": {"uv": [9.5, 9.125, 9.375, 9.5], "rotation": 180, "texture": "#4"}
			}
		},
		{
			"name": "swordvolley_29",
			"from": [15.6825, 3.81875, 7.58875],
			"to": [16.3175, 4.25375, 8.89375],
			"rotation": {"angle": 0, "axis": "z", "origin": [17, 7.90625, 4]},
			"faces": {
				"north": {"uv": [9.875, 9.25, 10, 9.125], "rotation": 90, "texture": "#4"},
				"east": {"uv": [10, 9.5, 9.875, 9.125], "rotation": 270, "texture": "#4"},
				"south": {"uv": [9.875, 9.5, 10, 9.375], "rotation": 90, "texture": "#4"},
				"west": {"uv": [9.875, 9.5, 10, 9.125], "rotation": 90, "texture": "#4"},
				"up": {"uv": [10, 9.125, 9.875, 9.5], "texture": "#4"},
				"down": {"uv": [10, 9.125, 9.875, 9.5], "rotation": 180, "texture": "#4"}
			}
		},
		{
			"name": "swordvolley_36",
			"from": [15.6825, 5.12375, 10.19875],
			"to": [16.3175, 5.55875, 10.63375],
			"rotation": {"angle": 0, "axis": "z", "origin": [17, 7.90625, 4]},
			"faces": {
				"north": {"uv": [9.5, 10, 9.625, 9.875], "rotation": 90, "texture": "#4"},
				"east": {"uv": [9.625, 10, 9.5, 9.875], "rotation": 270, "texture": "#4"},
				"south": {"uv": [9.5, 10, 9.625, 9.875], "rotation": 90, "texture": "#4"},
				"west": {"uv": [9.5, 10, 9.625, 9.875], "rotation": 90, "texture": "#4"},
				"up": {"uv": [9.625, 9.875, 9.5, 10], "texture": "#4"},
				"down": {"uv": [9.625, 9.875, 9.5, 10], "rotation": 180, "texture": "#4"}
			}
		},
		{
			"name": "swordvolley_37",
			"from": [15.6825, 4.25375, 10.19875],
			"to": [16.3175, 4.68875, 10.63375],
			"rotation": {"angle": 0, "axis": "z", "origin": [17, 7.90625, 4]},
			"faces": {
				"north": {"uv": [9.75, 10, 9.875, 9.875], "rotation": 90, "texture": "#4"},
				"east": {"uv": [9.875, 10, 9.75, 9.875], "rotation": 270, "texture": "#4"},
				"south": {"uv": [9.75, 10, 9.875, 9.875], "rotation": 90, "texture": "#4"},
				"west": {"uv": [9.75, 10, 9.875, 9.875], "rotation": 90, "texture": "#4"},
				"up": {"uv": [9.875, 9.875, 9.75, 10], "texture": "#4"},
				"down": {"uv": [9.875, 9.875, 9.75, 10], "rotation": 180, "texture": "#4"}
			}
		},
		{
			"name": "swordvolley_38",
			"from": [15.6825, 4.68875, 10.63375],
			"to": [16.3175, 5.12375, 11.50375],
			"rotation": {"angle": 0, "axis": "z", "origin": [17, 7.90625, 4]},
			"faces": {
				"north": {"uv": [9.625, 10.125, 9.75, 10], "rotation": 90, "texture": "#4"},
				"east": {"uv": [9.75, 10.25, 9.625, 10], "rotation": 270, "texture": "#4"},
				"south": {"uv": [9.625, 10.25, 9.75, 10.125], "rotation": 90, "texture": "#4"},
				"west": {"uv": [9.625, 10.25, 9.75, 10], "rotation": 90, "texture": "#4"},
				"up": {"uv": [9.75, 10, 9.625, 10.25], "texture": "#4"},
				"down": {"uv": [9.75, 10, 9.625, 10.25], "rotation": 180, "texture": "#4"}
			}
		},
		{
			"name": "swordvolley_3",
			"from": [15.7825, 4.68875, -2.41625],
			"to": [16.2175, 5.12375, -0.67625],
			"rotation": {"angle": 0, "axis": "z", "origin": [17, 7.90625, 4]},
			"faces": {
				"north": {"uv": [8, 6.375, 8.125, 6.25], "rotation": 90, "texture": "#4"},
				"east": {"uv": [8.125, 6.75, 8, 6.25], "rotation": 270, "texture": "#4"},
				"south": {"uv": [8, 6.75, 8.125, 6.625], "rotation": 90, "texture": "#4"},
				"west": {"uv": [8, 6.75, 8.125, 6.25], "rotation": 90, "texture": "#4"},
				"up": {"uv": [8.125, 6.25, 8, 6.75], "texture": "#4"},
				"down": {"uv": [8.125, 6.25, 8, 6.75], "rotation": 180, "texture": "#4"}
			}
		},
		{
			"name": "swordvolley_7",
			"from": [15.7825, 5.12375, -0.67625],
			"to": [16.2175, 5.55875, 0.19375],
			"rotation": {"angle": 0, "axis": "z", "origin": [17, 7.90625, 4]},
			"faces": {
				"north": {"uv": [7.875, 6.875, 8, 6.75], "rotation": 90, "texture": "#4"},
				"east": {"uv": [8, 7, 7.875, 6.75], "rotation": 270, "texture": "#4"},
				"south": {"uv": [7.875, 7, 8, 6.875], "rotation": 90, "texture": "#4"},
				"west": {"uv": [7.875, 7, 8, 6.75], "rotation": 90, "texture": "#4"},
				"up": {"uv": [8, 6.75, 7.875, 7], "texture": "#4"},
				"down": {"uv": [8, 6.75, 7.875, 7], "rotation": 180, "texture": "#4"}
			}
		},
		{
			"name": "swordvolley_8",
			"from": [15.7825, 4.25375, -0.67625],
			"to": [16.2175, 4.68875, 0.19375],
			"rotation": {"angle": 0, "axis": "z", "origin": [17, 7.90625, 4]},
			"faces": {
				"north": {"uv": [8.125, 6.875, 8.25, 6.75], "rotation": 90, "texture": "#4"},
				"east": {"uv": [8.25, 7, 8.125, 6.75], "rotation": 270, "texture": "#4"},
				"south": {"uv": [8.125, 7, 8.25, 6.875], "rotation": 90, "texture": "#4"},
				"west": {"uv": [8.125, 7, 8.25, 6.75], "rotation": 90, "texture": "#4"},
				"up": {"uv": [8.25, 6.75, 8.125, 7], "texture": "#4"},
				"down": {"uv": [8.25, 6.75, 8.125, 7], "rotation": 180, "texture": "#4"}
			}
		},
		{
			"name": "swordvolley_9",
			"from": [15.7825, 4.68875, -0.24125],
			"to": [16.2175, 5.12375, 3.67375],
			"rotation": {"angle": 0, "axis": "z", "origin": [17, 7.90625, 4]},
			"faces": {
				"north": {"uv": [8, 7, 8.125, 6.875], "rotation": 90, "texture": "#4"},
				"east": {"uv": [8.125, 8, 8, 6.875], "rotation": 270, "texture": "#4"},
				"south": {"uv": [8, 8, 8.125, 7.875], "rotation": 90, "texture": "#4"},
				"west": {"uv": [8, 8, 8.125, 6.875], "rotation": 90, "texture": "#4"},
				"up": {"uv": [8.125, 6.875, 8, 8], "texture": "#4"},
				"down": {"uv": [8.125, 6.875, 8, 8], "rotation": 180, "texture": "#4"}
			}
		},
		{
			"name": "swordvolley_12",
			"from": [15.7825, 5.55875, 0.19375],
			"to": [16.2175, 5.99375, 0.62875],
			"rotation": {"angle": 0, "axis": "z", "origin": [17, 7.90625, 4]},
			"faces": {
				"north": {"uv": [7.75, 7.125, 7.875, 7], "rotation": 90, "texture": "#4"},
				"east": {"uv": [7.875, 7.125, 7.75, 7], "rotation": 270, "texture": "#4"},
				"south": {"uv": [7.75, 7.125, 7.875, 7], "rotation": 90, "texture": "#4"},
				"west": {"uv": [7.75, 7.125, 7.875, 7], "rotation": 90, "texture": "#4"},
				"up": {"uv": [7.875, 7, 7.75, 7.125], "texture": "#4"},
				"down": {"uv": [7.875, 7, 7.75, 7.125], "rotation": 180, "texture": "#4"}
			}
		},
		{
			"name": "swordvolley_13",
			"from": [15.7825, 3.81875, 0.19375],
			"to": [16.2175, 4.25375, 0.62875],
			"rotation": {"angle": 0, "axis": "z", "origin": [17, 7.90625, 4]},
			"faces": {
				"north": {"uv": [8.25, 7.125, 8.375, 7], "rotation": 90, "texture": "#4"},
				"east": {"uv": [8.375, 7.125, 8.25, 7], "rotation": 270, "texture": "#4"},
				"south": {"uv": [8.25, 7.125, 8.375, 7], "rotation": 90, "texture": "#4"},
				"west": {"uv": [8.25, 7.125, 8.375, 7], "rotation": 90, "texture": "#4"},
				"up": {"uv": [8.375, 7, 8.25, 7.125], "texture": "#4"},
				"down": {"uv": [8.375, 7, 8.25, 7.125], "rotation": 180, "texture": "#4"}
			}
		},
		{
			"name": "swordvolley_16",
			"from": [15.7825, 5.12375, 0.62875],
			"to": [16.2175, 5.55875, 4.54375],
			"rotation": {"angle": 0, "axis": "z", "origin": [17, 7.90625, 4]},
			"faces": {
				"north": {"uv": [7.875, 7.25, 8, 7.125], "rotation": 90, "texture": "#4"},
				"east": {"uv": [8, 8.25, 7.875, 7.125], "rotation": 270, "texture": "#4"},
				"south": {"uv": [7.875, 8.25, 8, 8.125], "rotation": 90, "texture": "#4"},
				"west": {"uv": [7.875, 8.25, 8, 7.125], "rotation": 90, "texture": "#4"},
				"up": {"uv": [8, 7.125, 7.875, 8.25], "texture": "#4"},
				"down": {"uv": [8, 7.125, 7.875, 8.25], "rotation": 180, "texture": "#4"}
			}
		},
		{
			"name": "swordvolley_17",
			"from": [15.7825, 4.25375, 0.62875],
			"to": [16.2175, 4.68875, 4.54375],
			"rotation": {"angle": 0, "axis": "z", "origin": [17, 7.90625, 4]},
			"faces": {
				"north": {"uv": [8.125, 7.25, 8.25, 7.125], "rotation": 90, "texture": "#4"},
				"east": {"uv": [8.25, 8.25, 8.125, 7.125], "rotation": 270, "texture": "#4"},
				"south": {"uv": [8.125, 8.25, 8.25, 8.125], "rotation": 90, "texture": "#4"},
				"west": {"uv": [8.125, 8.25, 8.25, 7.125], "rotation": 90, "texture": "#4"},
				"up": {"uv": [8.25, 7.125, 8.125, 8.25], "texture": "#4"},
				"down": {"uv": [8.25, 7.125, 8.125, 8.25], "rotation": 180, "texture": "#4"}
			}
		},
		{
			"name": "swordvolley_20",
			"from": [15.7825, 5.55875, 1.93375],
			"to": [16.2175, 5.99375, 7.58875],
			"rotation": {"angle": 0, "axis": "z", "origin": [17, 7.90625, 4]},
			"faces": {
				"north": {"uv": [7.75, 7.625, 7.875, 7.5], "rotation": 90, "texture": "#4"},
				"east": {"uv": [7.875, 9.125, 7.75, 7.5], "rotation": 270, "texture": "#4"},
				"south": {"uv": [7.75, 9.125, 7.875, 9], "rotation": 90, "texture": "#4"},
				"west": {"uv": [7.75, 9.125, 7.875, 7.5], "rotation": 90, "texture": "#4"},
				"up": {"uv": [7.875, 7.5, 7.75, 9.125], "texture": "#4"},
				"down": {"uv": [7.875, 7.5, 7.75, 9.125], "rotation": 180, "texture": "#4"}
			}
		},
		{
			"name": "swordvolley_21",
			"from": [15.7825, 3.81875, 1.93375],
			"to": [16.2175, 4.25375, 7.58875],
			"rotation": {"angle": 0, "axis": "z", "origin": [17, 7.90625, 4]},
			"faces": {
				"north": {"uv": [8.25, 7.625, 8.375, 7.5], "rotation": 90, "texture": "#4"},
				"east": {"uv": [8.375, 9.125, 8.25, 7.5], "rotation": 270, "texture": "#4"},
				"south": {"uv": [8.25, 9.125, 8.375, 9], "rotation": 90, "texture": "#4"},
				"west": {"uv": [8.25, 9.125, 8.375, 7.5], "rotation": 90, "texture": "#4"},
				"up": {"uv": [8.375, 7.5, 8.25, 9.125], "texture": "#4"},
				"down": {"uv": [8.375, 7.5, 8.25, 9.125], "rotation": 180, "texture": "#4"}
			}
		},
		{
			"name": "swordvolley_26",
			"from": [15.7825, 5.99375, 7.58875],
			"to": [16.2175, 6.42875, 8.89375],
			"rotation": {"angle": 0, "axis": "z", "origin": [17, 7.90625, 4]},
			"faces": {
				"north": {"uv": [7.625, 9.25, 7.75, 9.125], "rotation": 90, "texture": "#4"},
				"east": {"uv": [7.75, 9.5, 7.625, 9.125], "rotation": 270, "texture": "#4"},
				"south": {"uv": [7.625, 9.5, 7.75, 9.375], "rotation": 90, "texture": "#4"},
				"west": {"uv": [7.625, 9.5, 7.75, 9.125], "rotation": 90, "texture": "#4"},
				"up": {"uv": [7.75, 9.125, 7.625, 9.5], "texture": "#4"},
				"down": {"uv": [7.75, 9.125, 7.625, 9.5], "rotation": 180, "texture": "#4"}
			}
		},
		{
			"name": "swordvolley_27",
			"from": [15.7825, 3.38375, 7.58875],
			"to": [16.2175, 3.81875, 8.89375],
			"rotation": {"angle": 0, "axis": "z", "origin": [17, 7.90625, 4]},
			"faces": {
				"north": {"uv": [8.375, 9.25, 8.5, 9.125], "rotation": 90, "texture": "#4"},
				"east": {"uv": [8.5, 9.5, 8.375, 9.125], "rotation": 270, "texture": "#4"},
				"south": {"uv": [8.375, 9.5, 8.5, 9.375], "rotation": 90, "texture": "#4"},
				"west": {"uv": [8.375, 9.5, 8.5, 9.125], "rotation": 90, "texture": "#4"},
				"up": {"uv": [8.5, 9.125, 8.375, 9.5], "texture": "#4"},
				"down": {"uv": [8.5, 9.125, 8.375, 9.5], "rotation": 180, "texture": "#4"}
			}
		},
		{
			"name": "swordvolley_30",
			"from": [15.7825, 4.68875, 8.02375],
			"to": [16.2175, 5.12375, 8.45875],
			"rotation": {"angle": 0, "axis": "z", "origin": [17, 7.90625, 4]},
			"faces": {
				"north": {"uv": [8, 9.375, 8.125, 9.25], "rotation": 90, "texture": "#4"},
				"east": {"uv": [8.125, 9.375, 8, 9.25], "rotation": 270, "texture": "#4"},
				"south": {"uv": [8, 9.375, 8.125, 9.25], "rotation": 90, "texture": "#4"},
				"west": {"uv": [8, 9.375, 8.125, 9.25], "rotation": 90, "texture": "#4"},
				"up": {"uv": [8.125, 9.25, 8, 9.375], "texture": "#4"},
				"down": {"uv": [8.125, 9.25, 8, 9.375], "rotation": 180, "texture": "#4"}
			}
		},
		{
			"name": "swordvolley_32",
			"from": [15.7825, 5.55875, 8.89375],
			"to": [16.2175, 5.99375, 9.32875],
			"rotation": {"angle": 0, "axis": "z", "origin": [17, 7.90625, 4]},
			"faces": {
				"north": {"uv": [7.75, 9.625, 7.875, 9.5], "rotation": 90, "texture": "#4"},
				"east": {"uv": [7.875, 9.625, 7.75, 9.5], "rotation": 270, "texture": "#4"},
				"south": {"uv": [7.75, 9.625, 7.875, 9.5], "rotation": 90, "texture": "#4"},
				"west": {"uv": [7.75, 9.625, 7.875, 9.5], "rotation": 90, "texture": "#4"},
				"up": {"uv": [7.875, 9.5, 7.75, 9.625], "texture": "#4"},
				"down": {"uv": [7.875, 9.5, 7.75, 9.625], "rotation": 180, "texture": "#4"}
			}
		},
		{
			"name": "swordvolley_33",
			"from": [15.7825, 3.81875, 8.89375],
			"to": [16.2175, 4.25375, 9.32875],
			"rotation": {"angle": 0, "axis": "z", "origin": [17, 7.90625, 4]},
			"faces": {
				"north": {"uv": [8.25, 9.625, 8.375, 9.5], "rotation": 90, "texture": "#4"},
				"east": {"uv": [8.375, 9.625, 8.25, 9.5], "rotation": 270, "texture": "#4"},
				"south": {"uv": [8.25, 9.625, 8.375, 9.5], "rotation": 90, "texture": "#4"},
				"west": {"uv": [8.25, 9.625, 8.375, 9.5], "rotation": 90, "texture": "#4"},
				"up": {"uv": [8.375, 9.5, 8.25, 9.625], "texture": "#4"},
				"down": {"uv": [8.375, 9.5, 8.25, 9.625], "rotation": 180, "texture": "#4"}
			}
		},
		{
			"name": "swordvolley_34",
			"from": [15.7825, 4.25375, 9.32875],
			"to": [16.2175, 5.55875, 10.19875],
			"rotation": {"angle": 0, "axis": "z", "origin": [17, 7.90625, 4]},
			"faces": {
				"north": {"uv": [7.875, 9.75, 8.25, 9.625], "rotation": 90, "texture": "#4"},
				"east": {"uv": [8.25, 9.875, 7.875, 9.625], "rotation": 270, "texture": "#4"},
				"south": {"uv": [7.875, 9.875, 8.25, 9.75], "rotation": 90, "texture": "#4"},
				"west": {"uv": [7.875, 9.875, 8.25, 9.625], "rotation": 90, "texture": "#4"},
				"up": {"uv": [8, 9.625, 7.875, 9.875], "texture": "#4"},
				"down": {"uv": [8.25, 9.625, 8.125, 9.875], "rotation": 180, "texture": "#4"}
			}
		},
		{
			"name": "swordvolley_35",
			"from": [15.7825, 4.68875, 10.19875],
			"to": [16.2175, 5.12375, 10.63375],
			"rotation": {"angle": 0, "axis": "z", "origin": [17, 7.90625, 4]},
			"faces": {
				"north": {"uv": [8, 10, 8.125, 9.875], "rotation": 90, "texture": "#4"},
				"east": {"uv": [8.125, 10, 8, 9.875], "rotation": 270, "texture": "#4"},
				"south": {"uv": [8, 10, 8.125, 9.875], "rotation": 90, "texture": "#4"},
				"west": {"uv": [8, 10, 8.125, 9.875], "rotation": 90, "texture": "#4"},
				"up": {"uv": [8.125, 9.875, 8, 10], "texture": "#4"},
				"down": {"uv": [8.125, 9.875, 8, 10], "rotation": 180, "texture": "#4"}
			}
		},
		{
			"name": "swordvolley_39",
			"from": [15.7825, 4.25375, 11.50375],
			"to": [16.2175, 5.55875, 11.93875],
			"rotation": {"angle": 0, "axis": "z", "origin": [17, 7.90625, 4]},
			"faces": {
				"north": {"uv": [7.875, 10.375, 8.25, 10.25], "rotation": 90, "texture": "#4"},
				"east": {"uv": [8.25, 10.375, 7.875, 10.25], "rotation": 270, "texture": "#4"},
				"south": {"uv": [7.875, 10.375, 8.25, 10.25], "rotation": 90, "texture": "#4"},
				"west": {"uv": [7.875, 10.375, 8.25, 10.25], "rotation": 90, "texture": "#4"},
				"up": {"uv": [8, 10.25, 7.875, 10.375], "texture": "#4"},
				"down": {"uv": [8.25, 10.25, 8.125, 10.375], "rotation": 180, "texture": "#4"}
			}
		},
		{
			"name": "swordvolley_40",
			"from": [15.7825, 4.68875, 11.93875],
			"to": [16.2175, 5.12375, 12.37375],
			"rotation": {"angle": 0, "axis": "z", "origin": [17, 7.90625, 4]},
			"faces": {
				"north": {"uv": [8, 10.5, 8.125, 10.375], "rotation": 90, "texture": "#4"},
				"east": {"uv": [8.125, 10.5, 8, 10.375], "rotation": 270, "texture": "#4"},
				"south": {"uv": [8, 10.5, 8.125, 10.375], "rotation": 90, "texture": "#4"},
				"west": {"uv": [8, 10.5, 8.125, 10.375], "rotation": 90, "texture": "#4"},
				"up": {"uv": [8.125, 10.375, 8, 10.5], "texture": "#4"},
				"down": {"uv": [8.125, 10.375, 8, 10.5], "rotation": 180, "texture": "#4"}
			}
		},
		{
			"name": "swordvolley_1",
			"from": [-0.1175, 4.68875, -5.89625],
			"to": [0.1175, 5.12375, -2.41625],
			"rotation": {"angle": 0, "axis": "z", "origin": [-1, 7.90625, 4]},
			"faces": {
				"north": {"uv": [6.5, 5.25, 6.625, 5.375], "rotation": 90, "texture": "#4"},
				"east": {"uv": [6.5, 5.25, 6.625, 6.25], "rotation": 90, "texture": "#4"},
				"south": {"uv": [6.5, 6.125, 6.625, 6.25], "rotation": 90, "texture": "#4"},
				"west": {"uv": [6.625, 5.25, 6.5, 6.25], "rotation": 270, "texture": "#4"},
				"up": {"uv": [6.5, 5.25, 6.625, 6.25], "texture": "#4"},
				"down": {"uv": [6.5, 5.25, 6.625, 6.25], "rotation": 180, "texture": "#4"}
			}
		},
		{
			"name": "swordvolley_2",
			"from": [-0.1175, 5.12375, -4.15625],
			"to": [0.1175, 5.55875, -0.67625],
			"rotation": {"angle": 0, "axis": "z", "origin": [-1, 7.90625, 4]},
			"faces": {
				"north": {"uv": [6.375, 5.75, 6.5, 5.875], "rotation": 90, "texture": "#4"},
				"east": {"uv": [6.375, 5.75, 6.5, 6.75], "rotation": 90, "texture": "#4"},
				"south": {"uv": [6.375, 6.625, 6.5, 6.75], "rotation": 90, "texture": "#4"},
				"west": {"uv": [6.5, 5.75, 6.375, 6.75], "rotation": 270, "texture": "#4"},
				"up": {"uv": [6.375, 5.75, 6.5, 6.75], "texture": "#4"},
				"down": {"uv": [6.375, 5.75, 6.5, 6.75], "rotation": 180, "texture": "#4"}
			}
		},
		{
			"name": "swordvolley_3",
			"from": [-0.1175, 4.25375, -4.15625],
			"to": [0.1175, 4.68875, -0.67625],
			"rotation": {"angle": 0, "axis": "z", "origin": [-1, 7.90625, 4]},
			"faces": {
				"north": {"uv": [6.625, 5.75, 6.75, 5.875], "rotation": 90, "texture": "#4"},
				"east": {"uv": [6.625, 5.75, 6.75, 6.75], "rotation": 90, "texture": "#4"},
				"south": {"uv": [6.625, 6.625, 6.75, 6.75], "rotation": 90, "texture": "#4"},
				"west": {"uv": [6.75, 5.75, 6.625, 6.75], "rotation": 270, "texture": "#4"},
				"up": {"uv": [6.625, 5.75, 6.75, 6.75], "texture": "#4"},
				"down": {"uv": [6.625, 5.75, 6.75, 6.75], "rotation": 180, "texture": "#4"}
			}
		},
		{
			"name": "swordvolley_5",
			"from": [-0.1175, 5.55875, -1.11125],
			"to": [0.1175, 5.99375, 0.19375],
			"rotation": {"angle": 0, "axis": "z", "origin": [-1, 7.90625, 4]},
			"faces": {
				"north": {"uv": [6.25, 6.625, 6.375, 6.75], "rotation": 90, "texture": "#4"},
				"east": {"uv": [6.25, 6.625, 6.375, 7], "rotation": 90, "texture": "#4"},
				"south": {"uv": [6.25, 6.875, 6.375, 7], "rotation": 90, "texture": "#4"},
				"west": {"uv": [6.375, 6.625, 6.25, 7], "rotation": 270, "texture": "#4"},
				"up": {"uv": [6.25, 6.625, 6.375, 7], "texture": "#4"},
				"down": {"uv": [6.25, 6.625, 6.375, 7], "rotation": 180, "texture": "#4"}
			}
		},
		{
			"name": "swordvolley_6",
			"from": [-0.1175, 3.81875, -1.11125],
			"to": [0.1175, 4.25375, 0.19375],
			"rotation": {"angle": 0, "axis": "z", "origin": [-1, 7.90625, 4]},
			"faces": {
				"north": {"uv": [6.75, 6.625, 6.875, 6.75], "rotation": 90, "texture": "#4"},
				"east": {"uv": [6.75, 6.625, 6.875, 7], "rotation": 90, "texture": "#4"},
				"south": {"uv": [6.75, 6.875, 6.875, 7], "rotation": 90, "texture": "#4"},
				"west": {"uv": [6.875, 6.625, 6.75, 7], "rotation": 270, "texture": "#4"},
				"up": {"uv": [6.75, 6.625, 6.875, 7], "texture": "#4"},
				"down": {"uv": [6.75, 6.625, 6.875, 7], "rotation": 180, "texture": "#4"}
			}
		},
		{
			"name": "swordvolley_7",
			"from": [-0.1175, 4.68875, -0.67625],
			"to": [0.1175, 5.12375, -0.24125],
			"rotation": {"angle": 0, "axis": "z", "origin": [-1, 7.90625, 4]},
			"faces": {
				"north": {"uv": [6.5, 6.75, 6.625, 6.875], "rotation": 90, "texture": "#4"},
				"east": {"uv": [6.5, 6.75, 6.625, 6.875], "rotation": 90, "texture": "#4"},
				"south": {"uv": [6.5, 6.75, 6.625, 6.875], "rotation": 90, "texture": "#4"},
				"west": {"uv": [6.625, 6.75, 6.5, 6.875], "rotation": 270, "texture": "#4"},
				"up": {"uv": [6.5, 6.75, 6.625, 6.875], "texture": "#4"},
				"down": {"uv": [6.5, 6.75, 6.625, 6.875], "rotation": 180, "texture": "#4"}
			}
		},
		{
			"name": "swordvolley_11",
			"from": [-0.1175, 5.12375, 0.19375],
			"to": [0.1175, 5.55875, 0.62875],
			"rotation": {"angle": 0, "axis": "z", "origin": [-1, 7.90625, 4]},
			"faces": {
				"north": {"uv": [6.375, 7, 6.5, 7.125], "rotation": 90, "texture": "#4"},
				"east": {"uv": [6.375, 7, 6.5, 7.125], "rotation": 90, "texture": "#4"},
				"south": {"uv": [6.375, 7, 6.5, 7.125], "rotation": 90, "texture": "#4"},
				"west": {"uv": [6.5, 7, 6.375, 7.125], "rotation": 270, "texture": "#4"},
				"up": {"uv": [6.375, 7, 6.5, 7.125], "texture": "#4"},
				"down": {"uv": [6.375, 7, 6.5, 7.125], "rotation": 180, "texture": "#4"}
			}
		},
		{
			"name": "swordvolley_12",
			"from": [-0.1175, 4.25375, 0.19375],
			"to": [0.1175, 4.68875, 0.62875],
			"rotation": {"angle": 0, "axis": "z", "origin": [-1, 7.90625, 4]},
			"faces": {
				"north": {"uv": [6.625, 7, 6.75, 7.125], "rotation": 90, "texture": "#4"},
				"east": {"uv": [6.625, 7, 6.75, 7.125], "rotation": 90, "texture": "#4"},
				"south": {"uv": [6.625, 7, 6.75, 7.125], "rotation": 90, "texture": "#4"},
				"west": {"uv": [6.75, 7, 6.625, 7.125], "rotation": 270, "texture": "#4"},
				"up": {"uv": [6.625, 7, 6.75, 7.125], "texture": "#4"},
				"down": {"uv": [6.625, 7, 6.75, 7.125], "rotation": 180, "texture": "#4"}
			}
		},
		{
			"name": "swordvolley_15",
			"from": [-0.1175, 5.55875, 0.62875],
			"to": [0.1175, 5.99375, 1.06375],
			"rotation": {"angle": 0, "axis": "z", "origin": [-1, 7.90625, 4]},
			"faces": {
				"north": {"uv": [6.25, 7.125, 6.375, 7.25], "rotation": 90, "texture": "#4"},
				"east": {"uv": [6.25, 7.125, 6.375, 7.25], "rotation": 90, "texture": "#4"},
				"south": {"uv": [6.25, 7.125, 6.375, 7.25], "rotation": 90, "texture": "#4"},
				"west": {"uv": [6.375, 7.125, 6.25, 7.25], "rotation": 270, "texture": "#4"},
				"up": {"uv": [6.25, 7.125, 6.375, 7.25], "texture": "#4"},
				"down": {"uv": [6.25, 7.125, 6.375, 7.25], "rotation": 180, "texture": "#4"}
			}
		},
		{
			"name": "swordvolley_16",
			"from": [-0.1175, 3.81875, 0.62875],
			"to": [0.1175, 4.25375, 1.06375],
			"rotation": {"angle": 0, "axis": "z", "origin": [-1, 7.90625, 4]},
			"faces": {
				"north": {"uv": [6.75, 7.125, 6.875, 7.25], "rotation": 90, "texture": "#4"},
				"east": {"uv": [6.75, 7.125, 6.875, 7.25], "rotation": 90, "texture": "#4"},
				"south": {"uv": [6.75, 7.125, 6.875, 7.25], "rotation": 90, "texture": "#4"},
				"west": {"uv": [6.875, 7.125, 6.75, 7.25], "rotation": 270, "texture": "#4"},
				"up": {"uv": [6.75, 7.125, 6.875, 7.25], "texture": "#4"},
				"down": {"uv": [6.75, 7.125, 6.875, 7.25], "rotation": 180, "texture": "#4"}
			}
		},
		{
			"name": "swordvolley_26",
			"from": [-0.1175, 4.68875, 7.15375],
			"to": [0.1175, 5.12375, 7.58875],
			"rotation": {"angle": 0, "axis": "z", "origin": [-1, 7.90625, 4]},
			"faces": {
				"north": {"uv": [6.5, 9, 6.625, 9.125], "rotation": 90, "texture": "#4"},
				"east": {"uv": [6.5, 9, 6.625, 9.125], "rotation": 90, "texture": "#4"},
				"south": {"uv": [6.5, 9, 6.625, 9.125], "rotation": 90, "texture": "#4"},
				"west": {"uv": [6.625, 9, 6.5, 9.125], "rotation": 270, "texture": "#4"},
				"up": {"uv": [6.5, 9, 6.625, 9.125], "texture": "#4"},
				"down": {"uv": [6.5, 9, 6.625, 9.125], "rotation": 180, "texture": "#4"}
			}
		},
		{
			"name": "swordvolley_32",
			"from": [-0.1175, 4.25375, 8.89375],
			"to": [0.1175, 5.55875, 9.32875],
			"rotation": {"angle": 0, "axis": "z", "origin": [-1, 7.90625, 4]},
			"faces": {
				"north": {"uv": [6.375, 9.5, 6.75, 9.625], "rotation": 90, "texture": "#4"},
				"east": {"uv": [6.375, 9.5, 6.75, 9.625], "rotation": 90, "texture": "#4"},
				"south": {"uv": [6.375, 9.5, 6.75, 9.625], "rotation": 90, "texture": "#4"},
				"west": {"uv": [6.75, 9.5, 6.375, 9.625], "rotation": 270, "texture": "#4"},
				"up": {"uv": [6.375, 9.5, 6.5, 9.625], "texture": "#4"},
				"down": {"uv": [6.625, 9.5, 6.75, 9.625], "rotation": 180, "texture": "#4"}
			}
		},
		{
			"name": "swordvolley_19",
			"from": [-0.3175, 5.55875, 1.06375],
			"to": [0.3175, 5.99375, 1.93375],
			"rotation": {"angle": 0, "axis": "z", "origin": [-1, 7.90625, 4]},
			"faces": {
				"north": {"uv": [9.375, 7.25, 9.5, 7.375], "rotation": 90, "texture": "#4"},
				"east": {"uv": [9.375, 7.25, 9.5, 7.5], "rotation": 90, "texture": "#4"},
				"south": {"uv": [9.375, 7.375, 9.5, 7.5], "rotation": 90, "texture": "#4"},
				"west": {"uv": [9.5, 7.25, 9.375, 7.5], "rotation": 270, "texture": "#4"},
				"up": {"uv": [9.375, 7.25, 9.5, 7.5], "texture": "#4"},
				"down": {"uv": [9.375, 7.25, 9.5, 7.5], "rotation": 180, "texture": "#4"}
			}
		},
		{
			"name": "swordvolley_20",
			"from": [-0.3175, 3.81875, 1.06375],
			"to": [0.3175, 4.25375, 1.93375],
			"rotation": {"angle": 0, "axis": "z", "origin": [-1, 7.90625, 4]},
			"faces": {
				"north": {"uv": [9.875, 7.25, 10, 7.375], "rotation": 90, "texture": "#4"},
				"east": {"uv": [9.875, 7.25, 10, 7.5], "rotation": 90, "texture": "#4"},
				"south": {"uv": [9.875, 7.375, 10, 7.5], "rotation": 90, "texture": "#4"},
				"west": {"uv": [10, 7.25, 9.875, 7.5], "rotation": 270, "texture": "#4"},
				"up": {"uv": [9.875, 7.25, 10, 7.5], "texture": "#4"},
				"down": {"uv": [9.875, 7.25, 10, 7.5], "rotation": 180, "texture": "#4"}
			}
		},
		{
			"name": "swordvolley_23",
			"from": [-0.3175, 4.68875, 3.67375],
			"to": [0.3175, 5.12375, 7.15375],
			"rotation": {"angle": 0, "axis": "z", "origin": [-1, 7.90625, 4]},
			"faces": {
				"north": {"uv": [9.625, 8, 9.75, 8.125], "rotation": 90, "texture": "#4"},
				"east": {"uv": [9.625, 8, 9.75, 9], "rotation": 90, "texture": "#4"},
				"south": {"uv": [9.625, 8.875, 9.75, 9], "rotation": 90, "texture": "#4"},
				"west": {"uv": [9.75, 8, 9.625, 9], "rotation": 270, "texture": "#4"},
				"up": {"uv": [9.625, 8, 9.75, 9], "texture": "#4"},
				"down": {"uv": [9.625, 8, 9.75, 9], "rotation": 180, "texture": "#4"}
			}
		},
		{
			"name": "swordvolley_24",
			"from": [-0.3175, 5.12375, 4.54375],
			"to": [0.3175, 5.55875, 7.58875],
			"rotation": {"angle": 0, "axis": "z", "origin": [-1, 7.90625, 4]},
			"faces": {
				"north": {"uv": [9.5, 8.25, 9.625, 8.375], "rotation": 90, "texture": "#4"},
				"east": {"uv": [9.5, 8.25, 9.625, 9.125], "rotation": 90, "texture": "#4"},
				"south": {"uv": [9.5, 9, 9.625, 9.125], "rotation": 90, "texture": "#4"},
				"west": {"uv": [9.625, 8.25, 9.5, 9.125], "rotation": 270, "texture": "#4"},
				"up": {"uv": [9.5, 8.25, 9.625, 9.125], "texture": "#4"},
				"down": {"uv": [9.5, 8.25, 9.625, 9.125], "rotation": 180, "texture": "#4"}
			}
		},
		{
			"name": "swordvolley_25",
			"from": [-0.3175, 4.25375, 4.54375],
			"to": [0.3175, 4.68875, 7.58875],
			"rotation": {"angle": 0, "axis": "z", "origin": [-1, 7.90625, 4]},
			"faces": {
				"north": {"uv": [9.75, 8.25, 9.875, 8.375], "rotation": 90, "texture": "#4"},
				"east": {"uv": [9.75, 8.25, 9.875, 9.125], "rotation": 90, "texture": "#4"},
				"south": {"uv": [9.75, 9, 9.875, 9.125], "rotation": 90, "texture": "#4"},
				"west": {"uv": [9.875, 8.25, 9.75, 9.125], "rotation": 270, "texture": "#4"},
				"up": {"uv": [9.75, 8.25, 9.875, 9.125], "texture": "#4"},
				"down": {"uv": [9.75, 8.25, 9.875, 9.125], "rotation": 180, "texture": "#4"}
			}
		},
		{
			"name": "swordvolley_29",
			"from": [-0.3175, 5.55875, 7.58875],
			"to": [0.3175, 5.99375, 8.89375],
			"rotation": {"angle": 0, "axis": "z", "origin": [-1, 7.90625, 4]},
			"faces": {
				"north": {"uv": [9.375, 9.125, 9.5, 9.25], "rotation": 90, "texture": "#4"},
				"east": {"uv": [9.375, 9.125, 9.5, 9.5], "rotation": 90, "texture": "#4"},
				"south": {"uv": [9.375, 9.375, 9.5, 9.5], "rotation": 90, "texture": "#4"},
				"west": {"uv": [9.5, 9.125, 9.375, 9.5], "rotation": 270, "texture": "#4"},
				"up": {"uv": [9.375, 9.125, 9.5, 9.5], "texture": "#4"},
				"down": {"uv": [9.375, 9.125, 9.5, 9.5], "rotation": 180, "texture": "#4"}
			}
		},
		{
			"name": "swordvolley_30",
			"from": [-0.3175, 3.81875, 7.58875],
			"to": [0.3175, 4.25375, 8.89375],
			"rotation": {"angle": 0, "axis": "z", "origin": [-1, 7.90625, 4]},
			"faces": {
				"north": {"uv": [9.875, 9.125, 10, 9.25], "rotation": 90, "texture": "#4"},
				"east": {"uv": [9.875, 9.125, 10, 9.5], "rotation": 90, "texture": "#4"},
				"south": {"uv": [9.875, 9.375, 10, 9.5], "rotation": 90, "texture": "#4"},
				"west": {"uv": [10, 9.125, 9.875, 9.5], "rotation": 270, "texture": "#4"},
				"up": {"uv": [9.875, 9.125, 10, 9.5], "texture": "#4"},
				"down": {"uv": [9.875, 9.125, 10, 9.5], "rotation": 180, "texture": "#4"}
			}
		},
		{
			"name": "swordvolley_37",
			"from": [-0.3175, 5.12375, 10.19875],
			"to": [0.3175, 5.55875, 10.63375],
			"rotation": {"angle": 0, "axis": "z", "origin": [-1, 7.90625, 4]},
			"faces": {
				"north": {"uv": [9.5, 9.875, 9.625, 10], "rotation": 90, "texture": "#4"},
				"east": {"uv": [9.5, 9.875, 9.625, 10], "rotation": 90, "texture": "#4"},
				"south": {"uv": [9.5, 9.875, 9.625, 10], "rotation": 90, "texture": "#4"},
				"west": {"uv": [9.625, 9.875, 9.5, 10], "rotation": 270, "texture": "#4"},
				"up": {"uv": [9.5, 9.875, 9.625, 10], "texture": "#4"},
				"down": {"uv": [9.5, 9.875, 9.625, 10], "rotation": 180, "texture": "#4"}
			}
		},
		{
			"name": "swordvolley_38",
			"from": [-0.3175, 4.25375, 10.19875],
			"to": [0.3175, 4.68875, 10.63375],
			"rotation": {"angle": 0, "axis": "z", "origin": [-1, 7.90625, 4]},
			"faces": {
				"north": {"uv": [9.75, 9.875, 9.875, 10], "rotation": 90, "texture": "#4"},
				"east": {"uv": [9.75, 9.875, 9.875, 10], "rotation": 90, "texture": "#4"},
				"south": {"uv": [9.75, 9.875, 9.875, 10], "rotation": 90, "texture": "#4"},
				"west": {"uv": [9.875, 9.875, 9.75, 10], "rotation": 270, "texture": "#4"},
				"up": {"uv": [9.75, 9.875, 9.875, 10], "texture": "#4"},
				"down": {"uv": [9.75, 9.875, 9.875, 10], "rotation": 180, "texture": "#4"}
			}
		},
		{
			"name": "swordvolley_39",
			"from": [-0.3175, 4.68875, 10.63375],
			"to": [0.3175, 5.12375, 11.50375],
			"rotation": {"angle": 0, "axis": "z", "origin": [-1, 7.90625, 4]},
			"faces": {
				"north": {"uv": [9.625, 10, 9.75, 10.125], "rotation": 90, "texture": "#4"},
				"east": {"uv": [9.625, 10, 9.75, 10.25], "rotation": 90, "texture": "#4"},
				"south": {"uv": [9.625, 10.125, 9.75, 10.25], "rotation": 90, "texture": "#4"},
				"west": {"uv": [9.75, 10, 9.625, 10.25], "rotation": 270, "texture": "#4"},
				"up": {"uv": [9.625, 10, 9.75, 10.25], "texture": "#4"},
				"down": {"uv": [9.625, 10, 9.75, 10.25], "rotation": 180, "texture": "#4"}
			}
		},
		{
			"name": "swordvolley_4",
			"from": [-0.2175, 4.68875, -2.41625],
			"to": [0.2175, 5.12375, -0.67625],
			"rotation": {"angle": 0, "axis": "z", "origin": [-1, 7.90625, 4]},
			"faces": {
				"north": {"uv": [8, 6.25, 8.125, 6.375], "rotation": 90, "texture": "#4"},
				"east": {"uv": [8, 6.25, 8.125, 6.75], "rotation": 90, "texture": "#4"},
				"south": {"uv": [8, 6.625, 8.125, 6.75], "rotation": 90, "texture": "#4"},
				"west": {"uv": [8.125, 6.25, 8, 6.75], "rotation": 270, "texture": "#4"},
				"up": {"uv": [8, 6.25, 8.125, 6.75], "texture": "#4"},
				"down": {"uv": [8, 6.25, 8.125, 6.75], "rotation": 180, "texture": "#4"}
			}
		},
		{
			"name": "swordvolley_8",
			"from": [-0.2175, 5.12375, -0.67625],
			"to": [0.2175, 5.55875, 0.19375],
			"rotation": {"angle": 0, "axis": "z", "origin": [-1, 7.90625, 4]},
			"faces": {
				"north": {"uv": [7.875, 6.75, 8, 6.875], "rotation": 90, "texture": "#4"},
				"east": {"uv": [7.875, 6.75, 8, 7], "rotation": 90, "texture": "#4"},
				"south": {"uv": [7.875, 6.875, 8, 7], "rotation": 90, "texture": "#4"},
				"west": {"uv": [8, 6.75, 7.875, 7], "rotation": 270, "texture": "#4"},
				"up": {"uv": [7.875, 6.75, 8, 7], "texture": "#4"},
				"down": {"uv": [7.875, 6.75, 8, 7], "rotation": 180, "texture": "#4"}
			}
		},
		{
			"name": "swordvolley_9",
			"from": [-0.2175, 4.25375, -0.67625],
			"to": [0.2175, 4.68875, 0.19375],
			"rotation": {"angle": 0, "axis": "z", "origin": [-1, 7.90625, 4]},
			"faces": {
				"north": {"uv": [8.125, 6.75, 8.25, 6.875], "rotation": 90, "texture": "#4"},
				"east": {"uv": [8.125, 6.75, 8.25, 7], "rotation": 90, "texture": "#4"},
				"south": {"uv": [8.125, 6.875, 8.25, 7], "rotation": 90, "texture": "#4"},
				"west": {"uv": [8.25, 6.75, 8.125, 7], "rotation": 270, "texture": "#4"},
				"up": {"uv": [8.125, 6.75, 8.25, 7], "texture": "#4"},
				"down": {"uv": [8.125, 6.75, 8.25, 7], "rotation": 180, "texture": "#4"}
			}
		},
		{
			"name": "swordvolley_10",
			"from": [-0.2175, 4.68875, -0.24125],
			"to": [0.2175, 5.12375, 3.67375],
			"rotation": {"angle": 0, "axis": "z", "origin": [-1, 7.90625, 4]},
			"faces": {
				"north": {"uv": [8, 6.875, 8.125, 7], "rotation": 90, "texture": "#4"},
				"east": {"uv": [8, 6.875, 8.125, 8], "rotation": 90, "texture": "#4"},
				"south": {"uv": [8, 7.875, 8.125, 8], "rotation": 90, "texture": "#4"},
				"west": {"uv": [8.125, 6.875, 8, 8], "rotation": 270, "texture": "#4"},
				"up": {"uv": [8, 6.875, 8.125, 8], "texture": "#4"},
				"down": {"uv": [8, 6.875, 8.125, 8], "rotation": 180, "texture": "#4"}
			}
		},
		{
			"name": "swordvolley_13",
			"from": [-0.2175, 5.55875, 0.19375],
			"to": [0.2175, 5.99375, 0.62875],
			"rotation": {"angle": 0, "axis": "z", "origin": [-1, 7.90625, 4]},
			"faces": {
				"north": {"uv": [7.75, 7, 7.875, 7.125], "rotation": 90, "texture": "#4"},
				"east": {"uv": [7.75, 7, 7.875, 7.125], "rotation": 90, "texture": "#4"},
				"south": {"uv": [7.75, 7, 7.875, 7.125], "rotation": 90, "texture": "#4"},
				"west": {"uv": [7.875, 7, 7.75, 7.125], "rotation": 270, "texture": "#4"},
				"up": {"uv": [7.75, 7, 7.875, 7.125], "texture": "#4"},
				"down": {"uv": [7.75, 7, 7.875, 7.125], "rotation": 180, "texture": "#4"}
			}
		},
		{
			"name": "swordvolley_14",
			"from": [-0.2175, 3.81875, 0.19375],
			"to": [0.2175, 4.25375, 0.62875],
			"rotation": {"angle": 0, "axis": "z", "origin": [-1, 7.90625, 4]},
			"faces": {
				"north": {"uv": [8.25, 7, 8.375, 7.125], "rotation": 90, "texture": "#4"},
				"east": {"uv": [8.25, 7, 8.375, 7.125], "rotation": 90, "texture": "#4"},
				"south": {"uv": [8.25, 7, 8.375, 7.125], "rotation": 90, "texture": "#4"},
				"west": {"uv": [8.375, 7, 8.25, 7.125], "rotation": 270, "texture": "#4"},
				"up": {"uv": [8.25, 7, 8.375, 7.125], "texture": "#4"},
				"down": {"uv": [8.25, 7, 8.375, 7.125], "rotation": 180, "texture": "#4"}
			}
		},
		{
			"name": "swordvolley_17",
			"from": [-0.2175, 5.12375, 0.62875],
			"to": [0.2175, 5.55875, 4.54375],
			"rotation": {"angle": 0, "axis": "z", "origin": [-1, 7.90625, 4]},
			"faces": {
				"north": {"uv": [7.875, 7.125, 8, 7.25], "rotation": 90, "texture": "#4"},
				"east": {"uv": [7.875, 7.125, 8, 8.25], "rotation": 90, "texture": "#4"},
				"south": {"uv": [7.875, 8.125, 8, 8.25], "rotation": 90, "texture": "#4"},
				"west": {"uv": [8, 7.125, 7.875, 8.25], "rotation": 270, "texture": "#4"},
				"up": {"uv": [7.875, 7.125, 8, 8.25], "texture": "#4"},
				"down": {"uv": [7.875, 7.125, 8, 8.25], "rotation": 180, "texture": "#4"}
			}
		},
		{
			"name": "swordvolley_18",
			"from": [-0.2175, 4.25375, 0.62875],
			"to": [0.2175, 4.68875, 4.54375],
			"rotation": {"angle": 0, "axis": "z", "origin": [-1, 7.90625, 4]},
			"faces": {
				"north": {"uv": [8.125, 7.125, 8.25, 7.25], "rotation": 90, "texture": "#4"},
				"east": {"uv": [8.125, 7.125, 8.25, 8.25], "rotation": 90, "texture": "#4"},
				"south": {"uv": [8.125, 8.125, 8.25, 8.25], "rotation": 90, "texture": "#4"},
				"west": {"uv": [8.25, 7.125, 8.125, 8.25], "rotation": 270, "texture": "#4"},
				"up": {"uv": [8.125, 7.125, 8.25, 8.25], "texture": "#4"},
				"down": {"uv": [8.125, 7.125, 8.25, 8.25], "rotation": 180, "texture": "#4"}
			}
		},
		{
			"name": "swordvolley_21",
			"from": [-0.2175, 5.55875, 1.93375],
			"to": [0.2175, 5.99375, 7.58875],
			"rotation": {"angle": 0, "axis": "z", "origin": [-1, 7.90625, 4]},
			"faces": {
				"north": {"uv": [7.75, 7.5, 7.875, 7.625], "rotation": 90, "texture": "#4"},
				"east": {"uv": [7.75, 7.5, 7.875, 9.125], "rotation": 90, "texture": "#4"},
				"south": {"uv": [7.75, 9, 7.875, 9.125], "rotation": 90, "texture": "#4"},
				"west": {"uv": [7.875, 7.5, 7.75, 9.125], "rotation": 270, "texture": "#4"},
				"up": {"uv": [7.75, 7.5, 7.875, 9.125], "texture": "#4"},
				"down": {"uv": [7.75, 7.5, 7.875, 9.125], "rotation": 180, "texture": "#4"}
			}
		},
		{
			"name": "swordvolley_22",
			"from": [-0.2175, 3.81875, 1.93375],
			"to": [0.2175, 4.25375, 7.58875],
			"rotation": {"angle": 0, "axis": "z", "origin": [-1, 7.90625, 4]},
			"faces": {
				"north": {"uv": [8.25, 7.5, 8.375, 7.625], "rotation": 90, "texture": "#4"},
				"east": {"uv": [8.25, 7.5, 8.375, 9.125], "rotation": 90, "texture": "#4"},
				"south": {"uv": [8.25, 9, 8.375, 9.125], "rotation": 90, "texture": "#4"},
				"west": {"uv": [8.375, 7.5, 8.25, 9.125], "rotation": 270, "texture": "#4"},
				"up": {"uv": [8.25, 7.5, 8.375, 9.125], "texture": "#4"},
				"down": {"uv": [8.25, 7.5, 8.375, 9.125], "rotation": 180, "texture": "#4"}
			}
		},
		{
			"name": "swordvolley_27",
			"from": [-0.2175, 5.99375, 7.58875],
			"to": [0.2175, 6.42875, 8.89375],
			"rotation": {"angle": 0, "axis": "z", "origin": [-1, 7.90625, 4]},
			"faces": {
				"north": {"uv": [7.625, 9.125, 7.75, 9.25], "rotation": 90, "texture": "#4"},
				"east": {"uv": [7.625, 9.125, 7.75, 9.5], "rotation": 90, "texture": "#4"},
				"south": {"uv": [7.625, 9.375, 7.75, 9.5], "rotation": 90, "texture": "#4"},
				"west": {"uv": [7.75, 9.125, 7.625, 9.5], "rotation": 270, "texture": "#4"},
				"up": {"uv": [7.625, 9.125, 7.75, 9.5], "texture": "#4"},
				"down": {"uv": [7.625, 9.125, 7.75, 9.5], "rotation": 180, "texture": "#4"}
			}
		},
		{
			"name": "swordvolley_28",
			"from": [-0.2175, 3.38375, 7.58875],
			"to": [0.2175, 3.81875, 8.89375],
			"rotation": {"angle": 0, "axis": "z", "origin": [-1, 7.90625, 4]},
			"faces": {
				"north": {"uv": [8.375, 9.125, 8.5, 9.25], "rotation": 90, "texture": "#4"},
				"east": {"uv": [8.375, 9.125, 8.5, 9.5], "rotation": 90, "texture": "#4"},
				"south": {"uv": [8.375, 9.375, 8.5, 9.5], "rotation": 90, "texture": "#4"},
				"west": {"uv": [8.5, 9.125, 8.375, 9.5], "rotation": 270, "texture": "#4"},
				"up": {"uv": [8.375, 9.125, 8.5, 9.5], "texture": "#4"},
				"down": {"uv": [8.375, 9.125, 8.5, 9.5], "rotation": 180, "texture": "#4"}
			}
		},
		{
			"name": "swordvolley_31",
			"from": [-0.2175, 4.68875, 8.02375],
			"to": [0.2175, 5.12375, 8.45875],
			"rotation": {"angle": 0, "axis": "z", "origin": [-1, 7.90625, 4]},
			"faces": {
				"north": {"uv": [8, 9.25, 8.125, 9.375], "rotation": 90, "texture": "#4"},
				"east": {"uv": [8, 9.25, 8.125, 9.375], "rotation": 90, "texture": "#4"},
				"south": {"uv": [8, 9.25, 8.125, 9.375], "rotation": 90, "texture": "#4"},
				"west": {"uv": [8.125, 9.25, 8, 9.375], "rotation": 270, "texture": "#4"},
				"up": {"uv": [8, 9.25, 8.125, 9.375], "texture": "#4"},
				"down": {"uv": [8, 9.25, 8.125, 9.375], "rotation": 180, "texture": "#4"}
			}
		},
		{
			"name": "swordvolley_33",
			"from": [-0.2175, 5.55875, 8.89375],
			"to": [0.2175, 5.99375, 9.32875],
			"rotation": {"angle": 0, "axis": "z", "origin": [-1, 7.90625, 4]},
			"faces": {
				"north": {"uv": [7.75, 9.5, 7.875, 9.625], "rotation": 90, "texture": "#4"},
				"east": {"uv": [7.75, 9.5, 7.875, 9.625], "rotation": 90, "texture": "#4"},
				"south": {"uv": [7.75, 9.5, 7.875, 9.625], "rotation": 90, "texture": "#4"},
				"west": {"uv": [7.875, 9.5, 7.75, 9.625], "rotation": 270, "texture": "#4"},
				"up": {"uv": [7.75, 9.5, 7.875, 9.625], "texture": "#4"},
				"down": {"uv": [7.75, 9.5, 7.875, 9.625], "rotation": 180, "texture": "#4"}
			}
		},
		{
			"name": "swordvolley_34",
			"from": [-0.2175, 3.81875, 8.89375],
			"to": [0.2175, 4.25375, 9.32875],
			"rotation": {"angle": 0, "axis": "z", "origin": [-1, 7.90625, 4]},
			"faces": {
				"north": {"uv": [8.25, 9.5, 8.375, 9.625], "rotation": 90, "texture": "#4"},
				"east": {"uv": [8.25, 9.5, 8.375, 9.625], "rotation": 90, "texture": "#4"},
				"south": {"uv": [8.25, 9.5, 8.375, 9.625], "rotation": 90, "texture": "#4"},
				"west": {"uv": [8.375, 9.5, 8.25, 9.625], "rotation": 270, "texture": "#4"},
				"up": {"uv": [8.25, 9.5, 8.375, 9.625], "texture": "#4"},
				"down": {"uv": [8.25, 9.5, 8.375, 9.625], "rotation": 180, "texture": "#4"}
			}
		},
		{
			"name": "swordvolley_35",
			"from": [-0.2175, 4.25375, 9.32875],
			"to": [0.2175, 5.55875, 10.19875],
			"rotation": {"angle": 0, "axis": "z", "origin": [-1, 7.90625, 4]},
			"faces": {
				"north": {"uv": [7.875, 9.625, 8.25, 9.75], "rotation": 90, "texture": "#4"},
				"east": {"uv": [7.875, 9.625, 8.25, 9.875], "rotation": 90, "texture": "#4"},
				"south": {"uv": [7.875, 9.75, 8.25, 9.875], "rotation": 90, "texture": "#4"},
				"west": {"uv": [8.25, 9.625, 7.875, 9.875], "rotation": 270, "texture": "#4"},
				"up": {"uv": [7.875, 9.625, 8, 9.875], "texture": "#4"},
				"down": {"uv": [8.125, 9.625, 8.25, 9.875], "rotation": 180, "texture": "#4"}
			}
		},
		{
			"name": "swordvolley_36",
			"from": [-0.2175, 4.68875, 10.19875],
			"to": [0.2175, 5.12375, 10.63375],
			"rotation": {"angle": 0, "axis": "z", "origin": [-1, 7.90625, 4]},
			"faces": {
				"north": {"uv": [8, 9.875, 8.125, 10], "rotation": 90, "texture": "#4"},
				"east": {"uv": [8, 9.875, 8.125, 10], "rotation": 90, "texture": "#4"},
				"south": {"uv": [8, 9.875, 8.125, 10], "rotation": 90, "texture": "#4"},
				"west": {"uv": [8.125, 9.875, 8, 10], "rotation": 270, "texture": "#4"},
				"up": {"uv": [8, 9.875, 8.125, 10], "texture": "#4"},
				"down": {"uv": [8, 9.875, 8.125, 10], "rotation": 180, "texture": "#4"}
			}
		},
		{
			"name": "swordvolley_40",
			"from": [-0.2175, 4.25375, 11.50375],
			"to": [0.2175, 5.55875, 11.93875],
			"rotation": {"angle": 0, "axis": "z", "origin": [-1, 7.90625, 4]},
			"faces": {
				"north": {"uv": [7.875, 10.25, 8.25, 10.375], "rotation": 90, "texture": "#4"},
				"east": {"uv": [7.875, 10.25, 8.25, 10.375], "rotation": 90, "texture": "#4"},
				"south": {"uv": [7.875, 10.25, 8.25, 10.375], "rotation": 90, "texture": "#4"},
				"west": {"uv": [8.25, 10.25, 7.875, 10.375], "rotation": 270, "texture": "#4"},
				"up": {"uv": [7.875, 10.25, 8, 10.375], "texture": "#4"},
				"down": {"uv": [8.125, 10.25, 8.25, 10.375], "rotation": 180, "texture": "#4"}
			}
		},
		{
			"name": "swordvolley_41",
			"from": [-0.2175, 4.68875, 11.93875],
			"to": [0.2175, 5.12375, 12.37375],
			"rotation": {"angle": 0, "axis": "z", "origin": [-1, 7.90625, 4]},
			"faces": {
				"north": {"uv": [8, 10.375, 8.125, 10.5], "rotation": 90, "texture": "#4"},
				"east": {"uv": [8, 10.375, 8.125, 10.5], "rotation": 90, "texture": "#4"},
				"south": {"uv": [8, 10.375, 8.125, 10.5], "rotation": 90, "texture": "#4"},
				"west": {"uv": [8.125, 10.375, 8, 10.5], "rotation": 270, "texture": "#4"},
				"up": {"uv": [8, 10.375, 8.125, 10.5], "texture": "#4"},
				"down": {"uv": [8, 10.375, 8.125, 10.5], "rotation": 180, "texture": "#4"}
			}
		},
		{
			"name": "swordvolley_1",
			"from": [11.8825, 8.68875, -5.89625],
			"to": [12.1175, 9.12375, -2.41625],
			"rotation": {"angle": 0, "axis": "z", "origin": [17, 7.90625, 4]},
			"faces": {
				"north": {"uv": [6.5, 5.375, 6.625, 5.25], "rotation": 90, "texture": "#4"},
				"east": {"uv": [6.625, 6.25, 6.5, 5.25], "rotation": 270, "texture": "#4"},
				"south": {"uv": [6.5, 6.25, 6.625, 6.125], "rotation": 90, "texture": "#4"},
				"west": {"uv": [6.5, 6.25, 6.625, 5.25], "rotation": 90, "texture": "#4"},
				"up": {"uv": [6.625, 5.25, 6.5, 6.25], "texture": "#4"},
				"down": {"uv": [6.625, 5.25, 6.5, 6.25], "rotation": 180, "texture": "#4"}
			}
		},
		{
			"name": "swordvolley_2",
			"from": [11.8825, 9.12375, -4.15625],
			"to": [12.1175, 9.55875, -0.67625],
			"rotation": {"angle": 0, "axis": "z", "origin": [17, 7.90625, 4]},
			"faces": {
				"north": {"uv": [6.375, 5.875, 6.5, 5.75], "rotation": 90, "texture": "#4"},
				"east": {"uv": [6.5, 6.75, 6.375, 5.75], "rotation": 270, "texture": "#4"},
				"south": {"uv": [6.375, 6.75, 6.5, 6.625], "rotation": 90, "texture": "#4"},
				"west": {"uv": [6.375, 6.75, 6.5, 5.75], "rotation": 90, "texture": "#4"},
				"up": {"uv": [6.5, 5.75, 6.375, 6.75], "texture": "#4"},
				"down": {"uv": [6.5, 5.75, 6.375, 6.75], "rotation": 180, "texture": "#4"}
			}
		},
		{
			"name": "swordvolley_3",
			"from": [11.8825, 8.25375, -4.15625],
			"to": [12.1175, 8.68875, -0.67625],
			"rotation": {"angle": 0, "axis": "z", "origin": [17, 7.90625, 4]},
			"faces": {
				"north": {"uv": [6.625, 5.875, 6.75, 5.75], "rotation": 90, "texture": "#4"},
				"east": {"uv": [6.75, 6.75, 6.625, 5.75], "rotation": 270, "texture": "#4"},
				"south": {"uv": [6.625, 6.75, 6.75, 6.625], "rotation": 90, "texture": "#4"},
				"west": {"uv": [6.625, 6.75, 6.75, 5.75], "rotation": 90, "texture": "#4"},
				"up": {"uv": [6.75, 5.75, 6.625, 6.75], "texture": "#4"},
				"down": {"uv": [6.75, 5.75, 6.625, 6.75], "rotation": 180, "texture": "#4"}
			}
		},
		{
			"name": "swordvolley_5",
			"from": [11.8825, 9.55875, -1.11125],
			"to": [12.1175, 9.99375, 0.19375],
			"rotation": {"angle": 0, "axis": "z", "origin": [17, 7.90625, 4]},
			"faces": {
				"north": {"uv": [6.25, 6.75, 6.375, 6.625], "rotation": 90, "texture": "#4"},
				"east": {"uv": [6.375, 7, 6.25, 6.625], "rotation": 270, "texture": "#4"},
				"south": {"uv": [6.25, 7, 6.375, 6.875], "rotation": 90, "texture": "#4"},
				"west": {"uv": [6.25, 7, 6.375, 6.625], "rotation": 90, "texture": "#4"},
				"up": {"uv": [6.375, 6.625, 6.25, 7], "texture": "#4"},
				"down": {"uv": [6.375, 6.625, 6.25, 7], "rotation": 180, "texture": "#4"}
			}
		},
		{
			"name": "swordvolley_6",
			"from": [11.8825, 7.81875, -1.11125],
			"to": [12.1175, 8.25375, 0.19375],
			"rotation": {"angle": 0, "axis": "z", "origin": [17, 7.90625, 4]},
			"faces": {
				"north": {"uv": [6.75, 6.75, 6.875, 6.625], "rotation": 90, "texture": "#4"},
				"east": {"uv": [6.875, 7, 6.75, 6.625], "rotation": 270, "texture": "#4"},
				"south": {"uv": [6.75, 7, 6.875, 6.875], "rotation": 90, "texture": "#4"},
				"west": {"uv": [6.75, 7, 6.875, 6.625], "rotation": 90, "texture": "#4"},
				"up": {"uv": [6.875, 6.625, 6.75, 7], "texture": "#4"},
				"down": {"uv": [6.875, 6.625, 6.75, 7], "rotation": 180, "texture": "#4"}
			}
		},
		{
			"name": "swordvolley_7",
			"from": [11.8825, 8.68875, -0.67625],
			"to": [12.1175, 9.12375, -0.24125],
			"rotation": {"angle": 0, "axis": "z", "origin": [17, 7.90625, 4]},
			"faces": {
				"north": {"uv": [6.5, 6.875, 6.625, 6.75], "rotation": 90, "texture": "#4"},
				"east": {"uv": [6.625, 6.875, 6.5, 6.75], "rotation": 270, "texture": "#4"},
				"south": {"uv": [6.5, 6.875, 6.625, 6.75], "rotation": 90, "texture": "#4"},
				"west": {"uv": [6.5, 6.875, 6.625, 6.75], "rotation": 90, "texture": "#4"},
				"up": {"uv": [6.625, 6.75, 6.5, 6.875], "texture": "#4"},
				"down": {"uv": [6.625, 6.75, 6.5, 6.875], "rotation": 180, "texture": "#4"}
			}
		},
		{
			"name": "swordvolley_11",
			"from": [11.8825, 9.12375, 0.19375],
			"to": [12.1175, 9.55875, 0.62875],
			"rotation": {"angle": 0, "axis": "z", "origin": [17, 7.90625, 4]},
			"faces": {
				"north": {"uv": [6.375, 7.125, 6.5, 7], "rotation": 90, "texture": "#4"},
				"east": {"uv": [6.5, 7.125, 6.375, 7], "rotation": 270, "texture": "#4"},
				"south": {"uv": [6.375, 7.125, 6.5, 7], "rotation": 90, "texture": "#4"},
				"west": {"uv": [6.375, 7.125, 6.5, 7], "rotation": 90, "texture": "#4"},
				"up": {"uv": [6.5, 7, 6.375, 7.125], "texture": "#4"},
				"down": {"uv": [6.5, 7, 6.375, 7.125], "rotation": 180, "texture": "#4"}
			}
		},
		{
			"name": "swordvolley_12",
			"from": [11.8825, 8.25375, 0.19375],
			"to": [12.1175, 8.68875, 0.62875],
			"rotation": {"angle": 0, "axis": "z", "origin": [17, 7.90625, 4]},
			"faces": {
				"north": {"uv": [6.625, 7.125, 6.75, 7], "rotation": 90, "texture": "#4"},
				"east": {"uv": [6.75, 7.125, 6.625, 7], "rotation": 270, "texture": "#4"},
				"south": {"uv": [6.625, 7.125, 6.75, 7], "rotation": 90, "texture": "#4"},
				"west": {"uv": [6.625, 7.125, 6.75, 7], "rotation": 90, "texture": "#4"},
				"up": {"uv": [6.75, 7, 6.625, 7.125], "texture": "#4"},
				"down": {"uv": [6.75, 7, 6.625, 7.125], "rotation": 180, "texture": "#4"}
			}
		},
		{
			"name": "swordvolley_15",
			"from": [11.8825, 9.55875, 0.62875],
			"to": [12.1175, 9.99375, 1.06375],
			"rotation": {"angle": 0, "axis": "z", "origin": [17, 7.90625, 4]},
			"faces": {
				"north": {"uv": [6.25, 7.25, 6.375, 7.125], "rotation": 90, "texture": "#4"},
				"east": {"uv": [6.375, 7.25, 6.25, 7.125], "rotation": 270, "texture": "#4"},
				"south": {"uv": [6.25, 7.25, 6.375, 7.125], "rotation": 90, "texture": "#4"},
				"west": {"uv": [6.25, 7.25, 6.375, 7.125], "rotation": 90, "texture": "#4"},
				"up": {"uv": [6.375, 7.125, 6.25, 7.25], "texture": "#4"},
				"down": {"uv": [6.375, 7.125, 6.25, 7.25], "rotation": 180, "texture": "#4"}
			}
		},
		{
			"name": "swordvolley_16",
			"from": [11.8825, 7.81875, 0.62875],
			"to": [12.1175, 8.25375, 1.06375],
			"rotation": {"angle": 0, "axis": "z", "origin": [17, 7.90625, 4]},
			"faces": {
				"north": {"uv": [6.75, 7.25, 6.875, 7.125], "rotation": 90, "texture": "#4"},
				"east": {"uv": [6.875, 7.25, 6.75, 7.125], "rotation": 270, "texture": "#4"},
				"south": {"uv": [6.75, 7.25, 6.875, 7.125], "rotation": 90, "texture": "#4"},
				"west": {"uv": [6.75, 7.25, 6.875, 7.125], "rotation": 90, "texture": "#4"},
				"up": {"uv": [6.875, 7.125, 6.75, 7.25], "texture": "#4"},
				"down": {"uv": [6.875, 7.125, 6.75, 7.25], "rotation": 180, "texture": "#4"}
			}
		},
		{
			"name": "swordvolley_26",
			"from": [11.8825, 8.68875, 7.15375],
			"to": [12.1175, 9.12375, 7.58875],
			"rotation": {"angle": 0, "axis": "z", "origin": [17, 7.90625, 4]},
			"faces": {
				"north": {"uv": [6.5, 9.125, 6.625, 9], "rotation": 90, "texture": "#4"},
				"east": {"uv": [6.625, 9.125, 6.5, 9], "rotation": 270, "texture": "#4"},
				"south": {"uv": [6.5, 9.125, 6.625, 9], "rotation": 90, "texture": "#4"},
				"west": {"uv": [6.5, 9.125, 6.625, 9], "rotation": 90, "texture": "#4"},
				"up": {"uv": [6.625, 9, 6.5, 9.125], "texture": "#4"},
				"down": {"uv": [6.625, 9, 6.5, 9.125], "rotation": 180, "texture": "#4"}
			}
		},
		{
			"name": "swordvolley_32",
			"from": [11.8825, 8.25375, 8.89375],
			"to": [12.1175, 9.55875, 9.32875],
			"rotation": {"angle": 0, "axis": "z", "origin": [17, 7.90625, 4]},
			"faces": {
				"north": {"uv": [6.375, 9.625, 6.75, 9.5], "rotation": 90, "texture": "#4"},
				"east": {"uv": [6.75, 9.625, 6.375, 9.5], "rotation": 270, "texture": "#4"},
				"south": {"uv": [6.375, 9.625, 6.75, 9.5], "rotation": 90, "texture": "#4"},
				"west": {"uv": [6.375, 9.625, 6.75, 9.5], "rotation": 90, "texture": "#4"},
				"up": {"uv": [6.5, 9.5, 6.375, 9.625], "texture": "#4"},
				"down": {"uv": [6.75, 9.5, 6.625, 9.625], "rotation": 180, "texture": "#4"}
			}
		},
		{
			"name": "swordvolley_19",
			"from": [11.6825, 9.55875, 1.06375],
			"to": [12.3175, 9.99375, 1.93375],
			"rotation": {"angle": 0, "axis": "z", "origin": [17, 7.90625, 4]},
			"faces": {
				"north": {"uv": [9.375, 7.375, 9.5, 7.25], "rotation": 90, "texture": "#4"},
				"east": {"uv": [9.5, 7.5, 9.375, 7.25], "rotation": 270, "texture": "#4"},
				"south": {"uv": [9.375, 7.5, 9.5, 7.375], "rotation": 90, "texture": "#4"},
				"west": {"uv": [9.375, 7.5, 9.5, 7.25], "rotation": 90, "texture": "#4"},
				"up": {"uv": [9.5, 7.25, 9.375, 7.5], "texture": "#4"},
				"down": {"uv": [9.5, 7.25, 9.375, 7.5], "rotation": 180, "texture": "#4"}
			}
		},
		{
			"name": "swordvolley_20",
			"from": [11.6825, 7.81875, 1.06375],
			"to": [12.3175, 8.25375, 1.93375],
			"rotation": {"angle": 0, "axis": "z", "origin": [17, 7.90625, 4]},
			"faces": {
				"north": {"uv": [9.875, 7.375, 10, 7.25], "rotation": 90, "texture": "#4"},
				"east": {"uv": [10, 7.5, 9.875, 7.25], "rotation": 270, "texture": "#4"},
				"south": {"uv": [9.875, 7.5, 10, 7.375], "rotation": 90, "texture": "#4"},
				"west": {"uv": [9.875, 7.5, 10, 7.25], "rotation": 90, "texture": "#4"},
				"up": {"uv": [10, 7.25, 9.875, 7.5], "texture": "#4"},
				"down": {"uv": [10, 7.25, 9.875, 7.5], "rotation": 180, "texture": "#4"}
			}
		},
		{
			"name": "swordvolley_23",
			"from": [11.6825, 8.68875, 3.67375],
			"to": [12.3175, 9.12375, 7.15375],
			"rotation": {"angle": 0, "axis": "z", "origin": [17, 7.90625, 4]},
			"faces": {
				"north": {"uv": [9.625, 8.125, 9.75, 8], "rotation": 90, "texture": "#4"},
				"east": {"uv": [9.75, 9, 9.625, 8], "rotation": 270, "texture": "#4"},
				"south": {"uv": [9.625, 9, 9.75, 8.875], "rotation": 90, "texture": "#4"},
				"west": {"uv": [9.625, 9, 9.75, 8], "rotation": 90, "texture": "#4"},
				"up": {"uv": [9.75, 8, 9.625, 9], "texture": "#4"},
				"down": {"uv": [9.75, 8, 9.625, 9], "rotation": 180, "texture": "#4"}
			}
		},
		{
			"name": "swordvolley_24",
			"from": [11.6825, 9.12375, 4.54375],
			"to": [12.3175, 9.55875, 7.58875],
			"rotation": {"angle": 0, "axis": "z", "origin": [17, 7.90625, 4]},
			"faces": {
				"north": {"uv": [9.5, 8.375, 9.625, 8.25], "rotation": 90, "texture": "#4"},
				"east": {"uv": [9.625, 9.125, 9.5, 8.25], "rotation": 270, "texture": "#4"},
				"south": {"uv": [9.5, 9.125, 9.625, 9], "rotation": 90, "texture": "#4"},
				"west": {"uv": [9.5, 9.125, 9.625, 8.25], "rotation": 90, "texture": "#4"},
				"up": {"uv": [9.625, 8.25, 9.5, 9.125], "texture": "#4"},
				"down": {"uv": [9.625, 8.25, 9.5, 9.125], "rotation": 180, "texture": "#4"}
			}
		},
		{
			"name": "swordvolley_25",
			"from": [11.6825, 8.25375, 4.54375],
			"to": [12.3175, 8.68875, 7.58875],
			"rotation": {"angle": 0, "axis": "z", "origin": [17, 7.90625, 4]},
			"faces": {
				"north": {"uv": [9.75, 8.375, 9.875, 8.25], "rotation": 90, "texture": "#4"},
				"east": {"uv": [9.875, 9.125, 9.75, 8.25], "rotation": 270, "texture": "#4"},
				"south": {"uv": [9.75, 9.125, 9.875, 9], "rotation": 90, "texture": "#4"},
				"west": {"uv": [9.75, 9.125, 9.875, 8.25], "rotation": 90, "texture": "#4"},
				"up": {"uv": [9.875, 8.25, 9.75, 9.125], "texture": "#4"},
				"down": {"uv": [9.875, 8.25, 9.75, 9.125], "rotation": 180, "texture": "#4"}
			}
		},
		{
			"name": "swordvolley_29",
			"from": [11.6825, 9.55875, 7.58875],
			"to": [12.3175, 9.99375, 8.89375],
			"rotation": {"angle": 0, "axis": "z", "origin": [17, 7.90625, 4]},
			"faces": {
				"north": {"uv": [9.375, 9.25, 9.5, 9.125], "rotation": 90, "texture": "#4"},
				"east": {"uv": [9.5, 9.5, 9.375, 9.125], "rotation": 270, "texture": "#4"},
				"south": {"uv": [9.375, 9.5, 9.5, 9.375], "rotation": 90, "texture": "#4"},
				"west": {"uv": [9.375, 9.5, 9.5, 9.125], "rotation": 90, "texture": "#4"},
				"up": {"uv": [9.5, 9.125, 9.375, 9.5], "texture": "#4"},
				"down": {"uv": [9.5, 9.125, 9.375, 9.5], "rotation": 180, "texture": "#4"}
			}
		},
		{
			"name": "swordvolley_30",
			"from": [11.6825, 7.81875, 7.58875],
			"to": [12.3175, 8.25375, 8.89375],
			"rotation": {"angle": 0, "axis": "z", "origin": [17, 7.90625, 4]},
			"faces": {
				"north": {"uv": [9.875, 9.25, 10, 9.125], "rotation": 90, "texture": "#4"},
				"east": {"uv": [10, 9.5, 9.875, 9.125], "rotation": 270, "texture": "#4"},
				"south": {"uv": [9.875, 9.5, 10, 9.375], "rotation": 90, "texture": "#4"},
				"west": {"uv": [9.875, 9.5, 10, 9.125], "rotation": 90, "texture": "#4"},
				"up": {"uv": [10, 9.125, 9.875, 9.5], "texture": "#4"},
				"down": {"uv": [10, 9.125, 9.875, 9.5], "rotation": 180, "texture": "#4"}
			}
		},
		{
			"name": "swordvolley_37",
			"from": [11.6825, 9.12375, 10.19875],
			"to": [12.3175, 9.55875, 10.63375],
			"rotation": {"angle": 0, "axis": "z", "origin": [17, 7.90625, 4]},
			"faces": {
				"north": {"uv": [9.5, 10, 9.625, 9.875], "rotation": 90, "texture": "#4"},
				"east": {"uv": [9.625, 10, 9.5, 9.875], "rotation": 270, "texture": "#4"},
				"south": {"uv": [9.5, 10, 9.625, 9.875], "rotation": 90, "texture": "#4"},
				"west": {"uv": [9.5, 10, 9.625, 9.875], "rotation": 90, "texture": "#4"},
				"up": {"uv": [9.625, 9.875, 9.5, 10], "texture": "#4"},
				"down": {"uv": [9.625, 9.875, 9.5, 10], "rotation": 180, "texture": "#4"}
			}
		},
		{
			"name": "swordvolley_38",
			"from": [11.6825, 8.25375, 10.19875],
			"to": [12.3175, 8.68875, 10.63375],
			"rotation": {"angle": 0, "axis": "z", "origin": [17, 7.90625, 4]},
			"faces": {
				"north": {"uv": [9.75, 10, 9.875, 9.875], "rotation": 90, "texture": "#4"},
				"east": {"uv": [9.875, 10, 9.75, 9.875], "rotation": 270, "texture": "#4"},
				"south": {"uv": [9.75, 10, 9.875, 9.875], "rotation": 90, "texture": "#4"},
				"west": {"uv": [9.75, 10, 9.875, 9.875], "rotation": 90, "texture": "#4"},
				"up": {"uv": [9.875, 9.875, 9.75, 10], "texture": "#4"},
				"down": {"uv": [9.875, 9.875, 9.75, 10], "rotation": 180, "texture": "#4"}
			}
		},
		{
			"name": "swordvolley_39",
			"from": [11.6825, 8.68875, 10.63375],
			"to": [12.3175, 9.12375, 11.50375],
			"rotation": {"angle": 0, "axis": "z", "origin": [17, 7.90625, 4]},
			"faces": {
				"north": {"uv": [9.625, 10.125, 9.75, 10], "rotation": 90, "texture": "#4"},
				"east": {"uv": [9.75, 10.25, 9.625, 10], "rotation": 270, "texture": "#4"},
				"south": {"uv": [9.625, 10.25, 9.75, 10.125], "rotation": 90, "texture": "#4"},
				"west": {"uv": [9.625, 10.25, 9.75, 10], "rotation": 90, "texture": "#4"},
				"up": {"uv": [9.75, 10, 9.625, 10.25], "texture": "#4"},
				"down": {"uv": [9.75, 10, 9.625, 10.25], "rotation": 180, "texture": "#4"}
			}
		},
		{
			"name": "swordvolley_4",
			"from": [11.7825, 8.68875, -2.41625],
			"to": [12.2175, 9.12375, -0.67625],
			"rotation": {"angle": 0, "axis": "z", "origin": [17, 7.90625, 4]},
			"faces": {
				"north": {"uv": [8, 6.375, 8.125, 6.25], "rotation": 90, "texture": "#4"},
				"east": {"uv": [8.125, 6.75, 8, 6.25], "rotation": 270, "texture": "#4"},
				"south": {"uv": [8, 6.75, 8.125, 6.625], "rotation": 90, "texture": "#4"},
				"west": {"uv": [8, 6.75, 8.125, 6.25], "rotation": 90, "texture": "#4"},
				"up": {"uv": [8.125, 6.25, 8, 6.75], "texture": "#4"},
				"down": {"uv": [8.125, 6.25, 8, 6.75], "rotation": 180, "texture": "#4"}
			}
		},
		{
			"name": "swordvolley_8",
			"from": [11.7825, 9.12375, -0.67625],
			"to": [12.2175, 9.55875, 0.19375],
			"rotation": {"angle": 0, "axis": "z", "origin": [17, 7.90625, 4]},
			"faces": {
				"north": {"uv": [7.875, 6.875, 8, 6.75], "rotation": 90, "texture": "#4"},
				"east": {"uv": [8, 7, 7.875, 6.75], "rotation": 270, "texture": "#4"},
				"south": {"uv": [7.875, 7, 8, 6.875], "rotation": 90, "texture": "#4"},
				"west": {"uv": [7.875, 7, 8, 6.75], "rotation": 90, "texture": "#4"},
				"up": {"uv": [8, 6.75, 7.875, 7], "texture": "#4"},
				"down": {"uv": [8, 6.75, 7.875, 7], "rotation": 180, "texture": "#4"}
			}
		},
		{
			"name": "swordvolley_9",
			"from": [11.7825, 8.25375, -0.67625],
			"to": [12.2175, 8.68875, 0.19375],
			"rotation": {"angle": 0, "axis": "z", "origin": [17, 7.90625, 4]},
			"faces": {
				"north": {"uv": [8.125, 6.875, 8.25, 6.75], "rotation": 90, "texture": "#4"},
				"east": {"uv": [8.25, 7, 8.125, 6.75], "rotation": 270, "texture": "#4"},
				"south": {"uv": [8.125, 7, 8.25, 6.875], "rotation": 90, "texture": "#4"},
				"west": {"uv": [8.125, 7, 8.25, 6.75], "rotation": 90, "texture": "#4"},
				"up": {"uv": [8.25, 6.75, 8.125, 7], "texture": "#4"},
				"down": {"uv": [8.25, 6.75, 8.125, 7], "rotation": 180, "texture": "#4"}
			}
		},
		{
			"name": "swordvolley_10",
			"from": [11.7825, 8.68875, -0.24125],
			"to": [12.2175, 9.12375, 3.67375],
			"rotation": {"angle": 0, "axis": "z", "origin": [17, 7.90625, 4]},
			"faces": {
				"north": {"uv": [8, 7, 8.125, 6.875], "rotation": 90, "texture": "#4"},
				"east": {"uv": [8.125, 8, 8, 6.875], "rotation": 270, "texture": "#4"},
				"south": {"uv": [8, 8, 8.125, 7.875], "rotation": 90, "texture": "#4"},
				"west": {"uv": [8, 8, 8.125, 6.875], "rotation": 90, "texture": "#4"},
				"up": {"uv": [8.125, 6.875, 8, 8], "texture": "#4"},
				"down": {"uv": [8.125, 6.875, 8, 8], "rotation": 180, "texture": "#4"}
			}
		},
		{
			"name": "swordvolley_13",
			"from": [11.7825, 9.55875, 0.19375],
			"to": [12.2175, 9.99375, 0.62875],
			"rotation": {"angle": 0, "axis": "z", "origin": [17, 7.90625, 4]},
			"faces": {
				"north": {"uv": [7.75, 7.125, 7.875, 7], "rotation": 90, "texture": "#4"},
				"east": {"uv": [7.875, 7.125, 7.75, 7], "rotation": 270, "texture": "#4"},
				"south": {"uv": [7.75, 7.125, 7.875, 7], "rotation": 90, "texture": "#4"},
				"west": {"uv": [7.75, 7.125, 7.875, 7], "rotation": 90, "texture": "#4"},
				"up": {"uv": [7.875, 7, 7.75, 7.125], "texture": "#4"},
				"down": {"uv": [7.875, 7, 7.75, 7.125], "rotation": 180, "texture": "#4"}
			}
		},
		{
			"name": "swordvolley_14",
			"from": [11.7825, 7.81875, 0.19375],
			"to": [12.2175, 8.25375, 0.62875],
			"rotation": {"angle": 0, "axis": "z", "origin": [17, 7.90625, 4]},
			"faces": {
				"north": {"uv": [8.25, 7.125, 8.375, 7], "rotation": 90, "texture": "#4"},
				"east": {"uv": [8.375, 7.125, 8.25, 7], "rotation": 270, "texture": "#4"},
				"south": {"uv": [8.25, 7.125, 8.375, 7], "rotation": 90, "texture": "#4"},
				"west": {"uv": [8.25, 7.125, 8.375, 7], "rotation": 90, "texture": "#4"},
				"up": {"uv": [8.375, 7, 8.25, 7.125], "texture": "#4"},
				"down": {"uv": [8.375, 7, 8.25, 7.125], "rotation": 180, "texture": "#4"}
			}
		},
		{
			"name": "swordvolley_17",
			"from": [11.7825, 9.12375, 0.62875],
			"to": [12.2175, 9.55875, 4.54375],
			"rotation": {"angle": 0, "axis": "z", "origin": [17, 7.90625, 4]},
			"faces": {
				"north": {"uv": [7.875, 7.25, 8, 7.125], "rotation": 90, "texture": "#4"},
				"east": {"uv": [8, 8.25, 7.875, 7.125], "rotation": 270, "texture": "#4"},
				"south": {"uv": [7.875, 8.25, 8, 8.125], "rotation": 90, "texture": "#4"},
				"west": {"uv": [7.875, 8.25, 8, 7.125], "rotation": 90, "texture": "#4"},
				"up": {"uv": [8, 7.125, 7.875, 8.25], "texture": "#4"},
				"down": {"uv": [8, 7.125, 7.875, 8.25], "rotation": 180, "texture": "#4"}
			}
		},
		{
			"name": "swordvolley_18",
			"from": [11.7825, 8.25375, 0.62875],
			"to": [12.2175, 8.68875, 4.54375],
			"rotation": {"angle": 0, "axis": "z", "origin": [17, 7.90625, 4]},
			"faces": {
				"north": {"uv": [8.125, 7.25, 8.25, 7.125], "rotation": 90, "texture": "#4"},
				"east": {"uv": [8.25, 8.25, 8.125, 7.125], "rotation": 270, "texture": "#4"},
				"south": {"uv": [8.125, 8.25, 8.25, 8.125], "rotation": 90, "texture": "#4"},
				"west": {"uv": [8.125, 8.25, 8.25, 7.125], "rotation": 90, "texture": "#4"},
				"up": {"uv": [8.25, 7.125, 8.125, 8.25], "texture": "#4"},
				"down": {"uv": [8.25, 7.125, 8.125, 8.25], "rotation": 180, "texture": "#4"}
			}
		},
		{
			"name": "swordvolley_21",
			"from": [11.7825, 9.55875, 1.93375],
			"to": [12.2175, 9.99375, 7.58875],
			"rotation": {"angle": 0, "axis": "z", "origin": [17, 7.90625, 4]},
			"faces": {
				"north": {"uv": [7.75, 7.625, 7.875, 7.5], "rotation": 90, "texture": "#4"},
				"east": {"uv": [7.875, 9.125, 7.75, 7.5], "rotation": 270, "texture": "#4"},
				"south": {"uv": [7.75, 9.125, 7.875, 9], "rotation": 90, "texture": "#4"},
				"west": {"uv": [7.75, 9.125, 7.875, 7.5], "rotation": 90, "texture": "#4"},
				"up": {"uv": [7.875, 7.5, 7.75, 9.125], "texture": "#4"},
				"down": {"uv": [7.875, 7.5, 7.75, 9.125], "rotation": 180, "texture": "#4"}
			}
		},
		{
			"name": "swordvolley_22",
			"from": [11.7825, 7.81875, 1.93375],
			"to": [12.2175, 8.25375, 7.58875],
			"rotation": {"angle": 0, "axis": "z", "origin": [17, 7.90625, 4]},
			"faces": {
				"north": {"uv": [8.25, 7.625, 8.375, 7.5], "rotation": 90, "texture": "#4"},
				"east": {"uv": [8.375, 9.125, 8.25, 7.5], "rotation": 270, "texture": "#4"},
				"south": {"uv": [8.25, 9.125, 8.375, 9], "rotation": 90, "texture": "#4"},
				"west": {"uv": [8.25, 9.125, 8.375, 7.5], "rotation": 90, "texture": "#4"},
				"up": {"uv": [8.375, 7.5, 8.25, 9.125], "texture": "#4"},
				"down": {"uv": [8.375, 7.5, 8.25, 9.125], "rotation": 180, "texture": "#4"}
			}
		},
		{
			"name": "swordvolley_27",
			"from": [11.7825, 9.99375, 7.58875],
			"to": [12.2175, 10.42875, 8.89375],
			"rotation": {"angle": 0, "axis": "z", "origin": [17, 7.90625, 4]},
			"faces": {
				"north": {"uv": [7.625, 9.25, 7.75, 9.125], "rotation": 90, "texture": "#4"},
				"east": {"uv": [7.75, 9.5, 7.625, 9.125], "rotation": 270, "texture": "#4"},
				"south": {"uv": [7.625, 9.5, 7.75, 9.375], "rotation": 90, "texture": "#4"},
				"west": {"uv": [7.625, 9.5, 7.75, 9.125], "rotation": 90, "texture": "#4"},
				"up": {"uv": [7.75, 9.125, 7.625, 9.5], "texture": "#4"},
				"down": {"uv": [7.75, 9.125, 7.625, 9.5], "rotation": 180, "texture": "#4"}
			}
		},
		{
			"name": "swordvolley_28",
			"from": [11.7825, 7.38375, 7.58875],
			"to": [12.2175, 7.81875, 8.89375],
			"rotation": {"angle": 0, "axis": "z", "origin": [17, 7.90625, 4]},
			"faces": {
				"north": {"uv": [8.375, 9.25, 8.5, 9.125], "rotation": 90, "texture": "#4"},
				"east": {"uv": [8.5, 9.5, 8.375, 9.125], "rotation": 270, "texture": "#4"},
				"south": {"uv": [8.375, 9.5, 8.5, 9.375], "rotation": 90, "texture": "#4"},
				"west": {"uv": [8.375, 9.5, 8.5, 9.125], "rotation": 90, "texture": "#4"},
				"up": {"uv": [8.5, 9.125, 8.375, 9.5], "texture": "#4"},
				"down": {"uv": [8.5, 9.125, 8.375, 9.5], "rotation": 180, "texture": "#4"}
			}
		},
		{
			"name": "swordvolley_31",
			"from": [11.7825, 8.68875, 8.02375],
			"to": [12.2175, 9.12375, 8.45875],
			"rotation": {"angle": 0, "axis": "z", "origin": [17, 7.90625, 4]},
			"faces": {
				"north": {"uv": [8, 9.375, 8.125, 9.25], "rotation": 90, "texture": "#4"},
				"east": {"uv": [8.125, 9.375, 8, 9.25], "rotation": 270, "texture": "#4"},
				"south": {"uv": [8, 9.375, 8.125, 9.25], "rotation": 90, "texture": "#4"},
				"west": {"uv": [8, 9.375, 8.125, 9.25], "rotation": 90, "texture": "#4"},
				"up": {"uv": [8.125, 9.25, 8, 9.375], "texture": "#4"},
				"down": {"uv": [8.125, 9.25, 8, 9.375], "rotation": 180, "texture": "#4"}
			}
		},
		{
			"name": "swordvolley_33",
			"from": [11.7825, 9.55875, 8.89375],
			"to": [12.2175, 9.99375, 9.32875],
			"rotation": {"angle": 0, "axis": "z", "origin": [17, 7.90625, 4]},
			"faces": {
				"north": {"uv": [7.75, 9.625, 7.875, 9.5], "rotation": 90, "texture": "#4"},
				"east": {"uv": [7.875, 9.625, 7.75, 9.5], "rotation": 270, "texture": "#4"},
				"south": {"uv": [7.75, 9.625, 7.875, 9.5], "rotation": 90, "texture": "#4"},
				"west": {"uv": [7.75, 9.625, 7.875, 9.5], "rotation": 90, "texture": "#4"},
				"up": {"uv": [7.875, 9.5, 7.75, 9.625], "texture": "#4"},
				"down": {"uv": [7.875, 9.5, 7.75, 9.625], "rotation": 180, "texture": "#4"}
			}
		},
		{
			"name": "swordvolley_34",
			"from": [11.7825, 7.81875, 8.89375],
			"to": [12.2175, 8.25375, 9.32875],
			"rotation": {"angle": 0, "axis": "z", "origin": [17, 7.90625, 4]},
			"faces": {
				"north": {"uv": [8.25, 9.625, 8.375, 9.5], "rotation": 90, "texture": "#4"},
				"east": {"uv": [8.375, 9.625, 8.25, 9.5], "rotation": 270, "texture": "#4"},
				"south": {"uv": [8.25, 9.625, 8.375, 9.5], "rotation": 90, "texture": "#4"},
				"west": {"uv": [8.25, 9.625, 8.375, 9.5], "rotation": 90, "texture": "#4"},
				"up": {"uv": [8.375, 9.5, 8.25, 9.625], "texture": "#4"},
				"down": {"uv": [8.375, 9.5, 8.25, 9.625], "rotation": 180, "texture": "#4"}
			}
		},
		{
			"name": "swordvolley_35",
			"from": [11.7825, 8.25375, 9.32875],
			"to": [12.2175, 9.55875, 10.19875],
			"rotation": {"angle": 0, "axis": "z", "origin": [17, 7.90625, 4]},
			"faces": {
				"north": {"uv": [7.875, 9.75, 8.25, 9.625], "rotation": 90, "texture": "#4"},
				"east": {"uv": [8.25, 9.875, 7.875, 9.625], "rotation": 270, "texture": "#4"},
				"south": {"uv": [7.875, 9.875, 8.25, 9.75], "rotation": 90, "texture": "#4"},
				"west": {"uv": [7.875, 9.875, 8.25, 9.625], "rotation": 90, "texture": "#4"},
				"up": {"uv": [8, 9.625, 7.875, 9.875], "texture": "#4"},
				"down": {"uv": [8.25, 9.625, 8.125, 9.875], "rotation": 180, "texture": "#4"}
			}
		},
		{
			"name": "swordvolley_36",
			"from": [11.7825, 8.68875, 10.19875],
			"to": [12.2175, 9.12375, 10.63375],
			"rotation": {"angle": 0, "axis": "z", "origin": [17, 7.90625, 4]},
			"faces": {
				"north": {"uv": [8, 10, 8.125, 9.875], "rotation": 90, "texture": "#4"},
				"east": {"uv": [8.125, 10, 8, 9.875], "rotation": 270, "texture": "#4"},
				"south": {"uv": [8, 10, 8.125, 9.875], "rotation": 90, "texture": "#4"},
				"west": {"uv": [8, 10, 8.125, 9.875], "rotation": 90, "texture": "#4"},
				"up": {"uv": [8.125, 9.875, 8, 10], "texture": "#4"},
				"down": {"uv": [8.125, 9.875, 8, 10], "rotation": 180, "texture": "#4"}
			}
		},
		{
			"name": "swordvolley_40",
			"from": [11.7825, 8.25375, 11.50375],
			"to": [12.2175, 9.55875, 11.93875],
			"rotation": {"angle": 0, "axis": "z", "origin": [17, 7.90625, 4]},
			"faces": {
				"north": {"uv": [7.875, 10.375, 8.25, 10.25], "rotation": 90, "texture": "#4"},
				"east": {"uv": [8.25, 10.375, 7.875, 10.25], "rotation": 270, "texture": "#4"},
				"south": {"uv": [7.875, 10.375, 8.25, 10.25], "rotation": 90, "texture": "#4"},
				"west": {"uv": [7.875, 10.375, 8.25, 10.25], "rotation": 90, "texture": "#4"},
				"up": {"uv": [8, 10.25, 7.875, 10.375], "texture": "#4"},
				"down": {"uv": [8.25, 10.25, 8.125, 10.375], "rotation": 180, "texture": "#4"}
			}
		},
		{
			"name": "swordvolley_41",
			"from": [11.7825, 8.68875, 11.93875],
			"to": [12.2175, 9.12375, 12.37375],
			"rotation": {"angle": 0, "axis": "z", "origin": [17, 7.90625, 4]},
			"faces": {
				"north": {"uv": [8, 10.5, 8.125, 10.375], "rotation": 90, "texture": "#4"},
				"east": {"uv": [8.125, 10.5, 8, 10.375], "rotation": 270, "texture": "#4"},
				"south": {"uv": [8, 10.5, 8.125, 10.375], "rotation": 90, "texture": "#4"},
				"west": {"uv": [8, 10.5, 8.125, 10.375], "rotation": 90, "texture": "#4"},
				"up": {"uv": [8.125, 10.375, 8, 10.5], "texture": "#4"},
				"down": {"uv": [8.125, 10.375, 8, 10.5], "rotation": 180, "texture": "#4"}
			}
		}
	],
	"display": {
		"thirdperson_righthand": {
			"scale": [0, 0, 0]
		},
		"thirdperson_lefthand": {
			"rotation": [0, 0, -90],
			"translation": [3.75, -2.25, 12.5],
			"scale": [0.69, 0.69, 0.69]
		},
		"firstperson_righthand": {
			"scale": [0, 0, 0]
		},
		"firstperson_lefthand": {
			"scale": [0, 0, 0]
		},
		"ground": {
			"scale": [0, 0, 0]
		},
		"gui": {
			"scale": [0, 0, 0]
		}
	},
	"groups": [
		{
			"name": "volley",
			"origin": [8, 8, 8],
			"color": 0,
			"children": [
				{
					"name": "sword",
					"origin": [8, 8, 8],
					"color": 0,
					"children": [0, 1, 2, 3, 4, 5, 6, 7, 8, 9, 10, 11, 12, 13, 14, 15, 16, 17, 18, 19, 20, 21, 22, 23, 24, 25, 26, 27, 28, 29, 30, 31, 32, 33, 34, 35, 36, 37, 38, 39, 40]
				},
				{
					"name": "sword",
					"origin": [8, 8, 8],
					"color": 0,
					"children": [41, 42, 43, 44, 45, 46, 47, 48, 49, 50, 51, 52, 53, 54, 55, 56, 57, 58, 59, 60, 61, 62, 63, 64, 65, 66, 67, 68, 69, 70, 71, 72, 73, 74, 75, 76, 77, 78, 79, 80, 81]
				},
				{
					"name": "sword",
					"origin": [8, 8, 8],
					"color": 0,
					"children": [82, 83, 84, 85, 86, 87, 88, 89, 90, 91, 92, 93, 94, 95, 96, 97, 98, 99, 100, 101, 102, 103, 104, 105, 106, 107, 108, 109, 110, 111, 112, 113, 114, 115, 116, 117, 118, 119, 120, 121, 122]
				}
			]
		}
	]
}