{
	"credit": "Made with Blockbench",
	"texture_size": [64, 64],
	"textures": {
		"0": "ajplayerarmor/mage_verge_head",
		"particle": "ajplayerarmor/mage_verge_head"
	},
	"elements": [
		{
			"from": [4, 6, 4],
			"to": [12, 7, 12],
			"rotation": {"angle": 0, "axis": "y", "origin": [0, -8, 0]},
			"faces": {
				"north": {"uv": [5.5, 3.5, 7.5, 3.75], "texture": "#0"},
				"east": {"uv": [5.5, 3.75, 7.5, 4], "texture": "#0"},
				"south": {"uv": [5.5, 4, 7.5, 4.25], "texture": "#0"},
				"west": {"uv": [5.5, 4.25, 7.5, 4.5], "texture": "#0"},
				"up": {"uv": [2, 2, 0, 0], "texture": "#0"},
				"down": {"uv": [2, 2, 0, 4], "texture": "#0"}
			}
		},
		{
			"from": [10, 5, 4.25],
			"to": [11, 6, 11.9],
			"rotation": {"angle": 0, "axis": "y", "origin": [0, -8, 0]},
			"faces": {
				"north": {"uv": [7.5, 7.5, 7.75, 7.75], "texture": "#0"},
				"east": {"uv": [5.5, 4.5, 7.5, 4.75], "texture": "#0"},
				"south": {"uv": [7.75, 0, 8, 0.25], "texture": "#0"},
				"west": {"uv": [5.5, 4.75, 7.5, 5], "texture": "#0"},
				"up": {"uv": [6.75, 3.5, 6.5, 1.5], "texture": "#0"},
				"down": {"uv": [3.75, 6.5, 3.5, 8.5], "texture": "#0"}
			}
		},
		{
			"from": [5, 5, 4.25],
			"to": [6, 6, 11.9],
			"rotation": {"angle": 0, "axis": "y", "origin": [0, -8, 0]},
			"faces": {
				"north": {"uv": [7.75, 0.25, 8, 0.5], "texture": "#0"},
				"east": {"uv": [3.75, 6.5, 5.75, 6.75], "texture": "#0"},
				"south": {"uv": [7.75, 0.5, 8, 0.75], "texture": "#0"},
				"west": {"uv": [6.5, 5, 8.5, 5.25], "texture": "#0"},
				"up": {"uv": [6.75, 7.25, 6.5, 5.25], "texture": "#0"},
				"down": {"uv": [6, 6.5, 5.75, 8.5], "texture": "#0"}
			}
		},
		{
			"from": [6, 5.5, 4.2],
			"to": [10, 6, 11.9],
			"rotation": {"angle": 0, "axis": "y", "origin": [0, -8, 0]},
			"faces": {
				"north": {"uv": [7.5, 3.5, 8.5, 3.75], "texture": "#0"},
				"east": {"uv": [6.75, 2.5, 8.75, 2.75], "texture": "#0"},
				"south": {"uv": [7.5, 3.75, 8.5, 4], "texture": "#0"},
				"west": {"uv": [6.75, 2.75, 8.75, 3], "texture": "#0"},
				"up": {"uv": [6.5, 3.5, 5.5, 1.5], "texture": "#0"},
				"down": {"uv": [2.5, 6, 1.5, 8], "texture": "#0"}
			}
		},
		{
			"from": [5, 4, 4.5],
			"to": [5.75, 5, 11.9],
			"rotation": {"angle": 0, "axis": "y", "origin": [0, -8, 0]},
			"faces": {
				"north": {"uv": [7.75, 4.5, 8, 4.75], "texture": "#0"},
				"east": {"uv": [6.75, 2, 8.75, 2.25], "texture": "#0"},
				"south": {"uv": [7.75, 4.75, 8, 5], "texture": "#0"},
				"west": {"uv": [6.75, 2.25, 8.75, 2.5], "texture": "#0"},
				"up": {"uv": [4, 8.75, 3.75, 6.75], "texture": "#0"},
				"down": {"uv": [4.25, 6.75, 4, 8.75], "texture": "#0"}
			}
		},
		{
			"from": [10.25, 4, 4.5],
			"to": [11, 5, 11.9],
			"rotation": {"angle": 0, "axis": "y", "origin": [0, -8, 0]},
			"faces": {
				"north": {"uv": [7.75, 0.75, 8, 1], "texture": "#0"},
				"east": {"uv": [6.75, 1.5, 8.75, 1.75], "texture": "#0"},
				"south": {"uv": [7.75, 1, 8, 1.25], "texture": "#0"},
				"west": {"uv": [6.75, 1.75, 8.75, 2], "texture": "#0"},
				"up": {"uv": [6.25, 8.5, 6, 6.5], "texture": "#0"},
				"down": {"uv": [6.5, 6.5, 6.25, 8.5], "texture": "#0"}
			}
		},
		{
			"from": [4, 0, 4],
			"to": [5, 6, 12],
			"rotation": {"angle": 0, "axis": "y", "origin": [0, -8, 0]},
			"faces": {
				"north": {"uv": [6.75, 5.5, 7, 7], "texture": "#0"},
				"east": {"uv": [2, 0, 4, 1.5], "texture": "#0"},
				"south": {"uv": [0, 7, 0.25, 8.5], "texture": "#0"},
				"west": {"uv": [2, 1.5, 4, 3], "texture": "#0"},
				"up": {"uv": [2.75, 8, 2.5, 6], "texture": "#0"},
				"down": {"uv": [3, 6, 2.75, 8], "texture": "#0"}
			}
		},
		{
			"from": [11, 0, 4],
			"to": [12, 6, 12],
			"rotation": {"angle": 0, "axis": "y", "origin": [0, -8, 0]},
			"faces": {
				"north": {"uv": [7, 0, 7.25, 1.5], "texture": "#0"},
				"east": {"uv": [2, 3, 4, 4.5], "texture": "#0"},
				"south": {"uv": [0.25, 7, 0.5, 8.5], "texture": "#0"},
				"west": {"uv": [0, 4, 2, 5.5], "texture": "#0"},
				"up": {"uv": [3.25, 8, 3, 6], "texture": "#0"},
				"down": {"uv": [3.5, 6, 3.25, 8], "texture": "#0"}
			}
		},
		{
			"from": [5, 0, 11],
			"to": [11, 6, 12],
			"rotation": {"angle": 0, "axis": "y", "origin": [0, -8, 0]},
			"faces": {
				"north": {"uv": [4, 3.5, 5.5, 5], "texture": "#0"},
				"east": {"uv": [0.5, 7, 0.75, 8.5], "texture": "#0"},
				"south": {"uv": [2, 4.5, 3.5, 6], "texture": "#0"},
				"west": {"uv": [0.75, 7, 1, 8.5], "texture": "#0"},
				"up": {"uv": [5.75, 7.25, 4.25, 7], "texture": "#0"},
				"down": {"uv": [8.5, 5.5, 7, 5.75], "texture": "#0"}
			}
		},
		{
			"from": [5, 0, 4.625],
			"to": [11, 6, 4.625],
			"rotation": {"angle": 0, "axis": "y", "origin": [0, -8, 0]},
			"faces": {
				"north": {"uv": [0, 5.5, 1.5, 7], "texture": "#0"},
				"east": {"uv": [0, 0, 0, 1.5], "texture": "#0"},
				"south": {"uv": [5.5, 0, 7, 1.5], "texture": "#0"},
				"west": {"uv": [0, 0, 0, 1.5], "texture": "#0"},
				"up": {"uv": [1.5, 0, 0, 0], "texture": "#0"},
				"down": {"uv": [1.5, 0, 0, 0], "texture": "#0"}
			}
		},
		{
			"from": [5, 7, 4],
			"to": [11, 8, 11],
			"rotation": {"angle": 0, "axis": "y", "origin": [0, -8, 0]},
			"faces": {
				"north": {"uv": [4.25, 6.75, 5.75, 7], "texture": "#0"},
				"east": {"uv": [6.75, 3, 8.5, 3.25], "texture": "#0"},
				"south": {"uv": [6.75, 5.25, 8.25, 5.5], "texture": "#0"},
				"west": {"uv": [6.75, 3.25, 8.5, 3.5], "texture": "#0"},
				"up": {"uv": [5.5, 1.75, 4, 0], "texture": "#0"},
				"down": {"uv": [5.5, 1.75, 4, 3.5], "texture": "#0"}
			}
		},
		{
			"from": [5, 8, 7],
			"to": [6, 9, 12],
			"rotation": {"angle": 0, "axis": "y", "origin": [0, -8, 0]},
			"faces": {
				"north": {"uv": [7.75, 7, 8, 7.25], "texture": "#0"},
				"east": {"uv": [7, 6.25, 8.25, 6.5], "texture": "#0"},
				"south": {"uv": [7.75, 7.25, 8, 7.5], "texture": "#0"},
				"west": {"uv": [7, 6.5, 8.25, 6.75], "texture": "#0"},
				"up": {"uv": [7, 8.25, 6.75, 7], "texture": "#0"},
				"down": {"uv": [7.25, 6.75, 7, 8], "texture": "#0"}
			}
		},
		{
			"from": [5, 6, 12.25],
			"to": [6, 7, 14.25],
			"rotation": {"angle": 45, "axis": "x", "origin": [5.5, 8.5, 14.5]},
			"faces": {
				"north": {"uv": [7.5, 7.75, 7.75, 8], "texture": "#0"},
				"east": {"uv": [3.5, 4.5, 4, 4.75], "texture": "#0"},
				"south": {"uv": [7.75, 7.5, 8, 7.75], "texture": "#0"},
				"west": {"uv": [3.5, 4.75, 4, 5], "texture": "#0"},
				"up": {"uv": [1.75, 6, 1.5, 5.5], "texture": "#0"},
				"down": {"uv": [2, 5.5, 1.75, 6], "texture": "#0"}
			}
		},
		{
			"from": [5.1, 2.10546, 12.26612],
			"to": [5.9, 7.60546, 13.26612],
			"rotation": {"angle": 0, "axis": "x", "origin": [5.5, 6.55546, 13.61612]},
			"faces": {
				"north": {"uv": [7.25, 0, 7.5, 1.25], "texture": "#0"},
				"east": {"uv": [4.25, 7.25, 4.5, 8.5], "texture": "#0"},
				"south": {"uv": [4.5, 7.25, 4.75, 8.5], "texture": "#0"},
				"west": {"uv": [4.75, 7.25, 5, 8.5], "texture": "#0"},
				"up": {"uv": [8, 8, 7.75, 7.75], "texture": "#0"},
				"down": {"uv": [8.25, 0, 8, 0.25], "texture": "#0"}
			}
		},
		{
			"from": [10.1, 2.10546, 12.26612],
			"to": [10.9, 7.60546, 13.26612],
			"rotation": {"angle": 0, "axis": "x", "origin": [10.5, 6.55546, 13.61612]},
			"faces": {
				"north": {"uv": [5.5, 7.25, 5.75, 8.5], "texture": "#0"},
				"east": {"uv": [6.5, 7.25, 6.75, 8.5], "texture": "#0"},
				"south": {"uv": [7.25, 7, 7.5, 8.25], "texture": "#0"},
				"west": {"uv": [7.5, 0, 7.75, 1.25], "texture": "#0"},
				"up": {"uv": [1.75, 8.25, 1.5, 8], "texture": "#0"},
				"down": {"uv": [2, 8, 1.75, 8.25], "texture": "#0"}
			}
		},
		{
			"from": [10, 6, 12.25],
			"to": [11, 7, 14.25],
			"rotation": {"angle": 45, "axis": "x", "origin": [10.5, 8.5, 14.5]},
			"faces": {
				"north": {"uv": [8, 0.75, 8.25, 1], "texture": "#0"},
				"east": {"uv": [7.5, 4, 8, 4.25], "texture": "#0"},
				"south": {"uv": [8, 1, 8.25, 1.25], "texture": "#0"},
				"west": {"uv": [7.5, 4.25, 8, 4.5], "texture": "#0"},
				"up": {"uv": [7.75, 5, 7.5, 4.5], "texture": "#0"},
				"down": {"uv": [7.75, 7, 7.5, 7.5], "texture": "#0"}
			}
		},
		{
			"from": [10, 8, 7],
			"to": [11, 9, 12],
			"rotation": {"angle": 0, "axis": "y", "origin": [5, -8, 0]},
			"faces": {
				"north": {"uv": [8, 0.25, 8.25, 0.5], "texture": "#0"},
				"east": {"uv": [7.25, 1.25, 8.5, 1.5], "texture": "#0"},
				"south": {"uv": [8, 0.5, 8.25, 0.75], "texture": "#0"},
				"west": {"uv": [7.25, 6.75, 8.5, 7], "texture": "#0"},
				"up": {"uv": [5.25, 8.5, 5, 7.25], "texture": "#0"},
				"down": {"uv": [5.5, 7.25, 5.25, 8.5], "texture": "#0"}
			}
		},
		{
			"from": [5, 0, 2.75],
			"to": [11, 6, 3],
			"rotation": {"angle": 45, "axis": "z", "origin": [8, 3, 2.625]},
			"faces": {
				"north": {"uv": [3.5, 5, 5, 6.5], "texture": "#0"},
				"east": {"uv": [1, 7, 1.25, 8.5], "texture": "#0"},
				"south": {"uv": [5, 5, 6.5, 6.5], "texture": "#0"},
				"west": {"uv": [1.25, 7, 1.5, 8.5], "texture": "#0"},
				"up": {"uv": [8.5, 6, 7, 5.75], "texture": "#0"},
				"down": {"uv": [8.5, 6, 7, 6.25], "texture": "#0"}
			}
		}
	],
	"display": {
		"thirdperson_righthand": {
			"scale": [0, 0, 0]
		},
		"thirdperson_lefthand": {
			"scale": [0, 0, 0]
		},
		"firstperson_righthand": {
			"scale": [0, 0, 0]
		},
		"firstperson_lefthand": {
			"scale": [0, 0, 0]
		},
		"ground": {
			"scale": [0, 0, 0]
		},
		"gui": {
			"scale": [0, 0, 0]
		},
		"head": {
			"translation": [0, 10.5, 0],
			"scale": [2.2, 2.2, 2.2]
		}
	}
}