{
	"credit": "Made with Blockbench",
	"textures": {
		"2": "ajplayerarmor/defender",
		"3": "ajplayerarmor/steve"
	},
	"elements": [
		{
			"from": [5.7625, 0, 4],
			"to": [10.2375, 4, 16],
			"rotation": {"angle": 0, "axis": "y", "origin": [0.2375, 0, 0]},
			"faces": {
				"north": {"uv": [10, 12, 11, 13], "texture": "#3"},
				"east": {"uv": [10, 13, 11, 16], "rotation": 270, "texture": "#3"},
				"south": {"uv": [9, 12, 10, 13], "texture": "#3"},
				"west": {"uv": [8, 13, 9, 16], "rotation": 90, "texture": "#3"},
				"up": {"uv": [9, 13, 10, 16], "rotation": 180, "texture": "#3"},
				"down": {"uv": [11, 13, 12, 16], "texture": "#3"}
			}
		},
		{
			"from": [5.6625, -0.1, 3.9],
			"to": [10.3375, 4.1, 16.1],
			"rotation": {"angle": 0, "axis": "y", "origin": [0.2375, 0, 0]},
			"faces": {
				"north": {"uv": [12, 0, 12.975, 1], "texture": "#2"},
				"east": {"uv": [12, 1, 13, 4], "rotation": 270, "texture": "#2"},
				"south": {"uv": [11, 0, 11.975, 1], "texture": "#2"},
				"west": {"uv": [10, 1, 11, 4], "rotation": 90, "texture": "#2"},
				"up": {"uv": [11, 1, 12, 4], "rotation": 180, "texture": "#2"},
				"down": {"uv": [13, 1, 14, 4], "texture": "#2"}
			}
		}
	],
	"display": {
		"thirdperson_righthand": {
			"scale": [0, 0, 0]
		},
		"thirdperson_lefthand": {
			"scale": [0, 0, 0]
		},
		"firstperson_righthand": {
			"rotation": [6.75, 0, -18],
			"translation": [3.25, 12.5, -2.75]
		},
		"firstperson_lefthand": {
			"scale": [0, 0, 0]
		},
		"ground": {
			"scale": [0, 0, 0]
		},
		"gui": {
			"scale": [0, 0, 0]
		}
	}
}