{
	"credit": "Made with Blockbench",
	"textures": {
		"5": "custom/ranged/vergevolley",
		"particle": "custom/ranged/vergevolley"
	},
	"elements": [
		{
			"name": "vergevolley_24",
			"from": [8, 6.41563, 6.41562],
			"to": [8, 6.65938, 7.87812],
			"rotation": {"angle": 0, "axis": "x", "origin": [14, 5, 4.52655]},
			"faces": {
				"north": {"uv": [5.125, 7.625, 5.25, 7.5], "rotation": 90, "texture": "#5"},
				"east": {"uv": [5.25, 8.25, 5.125, 7.5], "rotation": 270, "texture": "#5"},
				"south": {"uv": [5.125, 8.25, 5.25, 8.125], "rotation": 90, "texture": "#5"},
				"west": {"uv": [5.125, 8.25, 5.25, 7.5], "rotation": 90, "texture": "#5"},
				"up": {"uv": [5.25, 7.5, 5.125, 8.25], "texture": "#5"},
				"down": {"uv": [5.25, 7.5, 5.125, 8.25], "rotation": 180, "texture": "#5"}
			}
		},
		{
			"name": "vergevolley_2",
			"from": [8, 8.36562, 1.54062],
			"to": [8, 8.60938, 2.27187],
			"rotation": {"angle": 0, "axis": "x", "origin": [14, 5, 4.52655]},
			"faces": {
				"north": {"uv": [4.125, 5.125, 4.25, 5], "rotation": 90, "texture": "#5"},
				"east": {"uv": [4.25, 5.375, 4.125, 5], "rotation": 270, "texture": "#5"},
				"south": {"uv": [4.125, 5.375, 4.25, 5.25], "rotation": 90, "texture": "#5"},
				"west": {"uv": [4.125, 5.375, 4.25, 5], "rotation": 90, "texture": "#5"},
				"up": {"uv": [4.25, 5, 4.125, 5.375], "texture": "#5"},
				"down": {"uv": [4.25, 5, 4.125, 5.375], "rotation": 180, "texture": "#5"}
			}
		},
		{
			"name": "vergevolley_3",
			"from": [8, 7.39063, 1.54062],
			"to": [8, 7.63438, 2.27187],
			"rotation": {"angle": 0, "axis": "x", "origin": [14, 5, 4.52655]},
			"faces": {
				"north": {"uv": [4.625, 5.125, 4.75, 5], "rotation": 90, "texture": "#5"},
				"east": {"uv": [4.75, 5.375, 4.625, 5], "rotation": 270, "texture": "#5"},
				"south": {"uv": [4.625, 5.375, 4.75, 5.25], "rotation": 90, "texture": "#5"},
				"west": {"uv": [4.625, 5.375, 4.75, 5], "rotation": 90, "texture": "#5"},
				"up": {"uv": [4.75, 5, 4.625, 5.375], "texture": "#5"},
				"down": {"uv": [4.75, 5, 4.625, 5.375], "rotation": 180, "texture": "#5"}
			}
		},
		{
			"name": "vergevolley_4",
			"from": [8, 8.60938, 2.02812],
			"to": [8, 8.85312, 3.49062],
			"rotation": {"angle": 0, "axis": "x", "origin": [14, 5, 4.52655]},
			"faces": {
				"north": {"uv": [4, 5.375, 4.125, 5.25], "rotation": 90, "texture": "#5"},
				"east": {"uv": [4.125, 6, 4, 5.25], "rotation": 270, "texture": "#5"},
				"south": {"uv": [4, 6, 4.125, 5.875], "rotation": 90, "texture": "#5"},
				"west": {"uv": [4, 6, 4.125, 5.25], "rotation": 90, "texture": "#5"},
				"up": {"uv": [4.125, 5.25, 4, 6], "texture": "#5"},
				"down": {"uv": [4.125, 5.25, 4, 6], "rotation": 180, "texture": "#5"}
			}
		},
		{
			"name": "vergevolley_5",
			"from": [8, 7.14687, 2.02812],
			"to": [8, 7.39063, 3.49062],
			"rotation": {"angle": 0, "axis": "x", "origin": [14, 5, 4.52655]},
			"faces": {
				"north": {"uv": [4.75, 5.375, 4.875, 5.25], "rotation": 90, "texture": "#5"},
				"east": {"uv": [4.875, 6, 4.75, 5.25], "rotation": 270, "texture": "#5"},
				"south": {"uv": [4.75, 6, 4.875, 5.875], "rotation": 90, "texture": "#5"},
				"west": {"uv": [4.75, 6, 4.875, 5.25], "rotation": 90, "texture": "#5"},
				"up": {"uv": [4.875, 5.25, 4.75, 6], "texture": "#5"},
				"down": {"uv": [4.875, 5.25, 4.75, 6], "rotation": 180, "texture": "#5"}
			}
		},
		{
			"name": "vergevolley_7",
			"from": [8, 8.85312, 2.75937],
			"to": [8, 9.09688, 4.46562],
			"rotation": {"angle": 0, "axis": "x", "origin": [14, 5, 4.52655]},
			"faces": {
				"north": {"uv": [3.875, 5.75, 4, 5.625], "rotation": 90, "texture": "#5"},
				"east": {"uv": [4, 6.5, 3.875, 5.625], "rotation": 270, "texture": "#5"},
				"south": {"uv": [3.875, 6.5, 4, 6.375], "rotation": 90, "texture": "#5"},
				"west": {"uv": [3.875, 6.5, 4, 5.625], "rotation": 90, "texture": "#5"},
				"up": {"uv": [4, 5.625, 3.875, 6.5], "texture": "#5"},
				"down": {"uv": [4, 5.625, 3.875, 6.5], "rotation": 180, "texture": "#5"}
			}
		},
		{
			"name": "vergevolley_8",
			"from": [8, 6.90313, 2.75937],
			"to": [8, 7.14687, 4.46562],
			"rotation": {"angle": 0, "axis": "x", "origin": [14, 5, 4.52655]},
			"faces": {
				"north": {"uv": [4.875, 5.75, 5, 5.625], "rotation": 90, "texture": "#5"},
				"east": {"uv": [5, 6.5, 4.875, 5.625], "rotation": 270, "texture": "#5"},
				"south": {"uv": [4.875, 6.5, 5, 6.375], "rotation": 90, "texture": "#5"},
				"west": {"uv": [4.875, 6.5, 5, 5.625], "rotation": 90, "texture": "#5"},
				"up": {"uv": [5, 5.625, 4.875, 6.5], "texture": "#5"},
				"down": {"uv": [5, 5.625, 4.875, 6.5], "rotation": 180, "texture": "#5"}
			}
		},
		{
			"name": "vergevolley_9",
			"from": [8, 9.09688, 3.49062],
			"to": [8, 9.34062, 5.44062],
			"rotation": {"angle": 0, "axis": "x", "origin": [14, 5, 4.52655]},
			"faces": {
				"north": {"uv": [3.75, 6.125, 3.875, 6], "rotation": 90, "texture": "#5"},
				"east": {"uv": [3.875, 7, 3.75, 6], "rotation": 270, "texture": "#5"},
				"south": {"uv": [3.75, 7, 3.875, 6.875], "rotation": 90, "texture": "#5"},
				"west": {"uv": [3.75, 7, 3.875, 6], "rotation": 90, "texture": "#5"},
				"up": {"uv": [3.875, 6, 3.75, 7], "texture": "#5"},
				"down": {"uv": [3.875, 6, 3.75, 7], "rotation": 180, "texture": "#5"}
			}
		},
		{
			"name": "vergevolley_10",
			"from": [8, 6.65938, 3.49062],
			"to": [8, 6.90313, 5.44062],
			"rotation": {"angle": 0, "axis": "x", "origin": [14, 5, 4.52655]},
			"faces": {
				"north": {"uv": [5, 6.125, 5.125, 6], "rotation": 90, "texture": "#5"},
				"east": {"uv": [5.125, 7, 5, 6], "rotation": 270, "texture": "#5"},
				"south": {"uv": [5, 7, 5.125, 6.875], "rotation": 90, "texture": "#5"},
				"west": {"uv": [5, 7, 5.125, 6], "rotation": 90, "texture": "#5"},
				"up": {"uv": [5.125, 6, 5, 7], "texture": "#5"},
				"down": {"uv": [5.125, 6, 5, 7], "rotation": 180, "texture": "#5"}
			}
		},
		{
			"name": "vergevolley_11",
			"from": [8, 9.82812, 4.22187],
			"to": [8, 10.07187, 6.41562],
			"rotation": {"angle": 0, "axis": "x", "origin": [14, 5, 4.52655]},
			"faces": {
				"north": {"uv": [3.375, 6.5, 3.5, 6.375], "rotation": 90, "texture": "#5"},
				"east": {"uv": [3.5, 7.5, 3.375, 6.375], "rotation": 270, "texture": "#5"},
				"south": {"uv": [3.375, 7.5, 3.5, 7.375], "rotation": 90, "texture": "#5"},
				"west": {"uv": [3.375, 7.5, 3.5, 6.375], "rotation": 90, "texture": "#5"},
				"up": {"uv": [3.5, 6.375, 3.375, 7.5], "texture": "#5"},
				"down": {"uv": [3.5, 6.375, 3.375, 7.5], "rotation": 180, "texture": "#5"}
			}
		},
		{
			"name": "vergevolley_12",
			"from": [8, 5.92812, 4.22187],
			"to": [8, 6.17188, 6.41562],
			"rotation": {"angle": 0, "axis": "x", "origin": [14, 5, 4.52655]},
			"faces": {
				"north": {"uv": [5.375, 6.5, 5.5, 6.375], "rotation": 90, "texture": "#5"},
				"east": {"uv": [5.5, 7.5, 5.375, 6.375], "rotation": 270, "texture": "#5"},
				"south": {"uv": [5.375, 7.5, 5.5, 7.375], "rotation": 90, "texture": "#5"},
				"west": {"uv": [5.375, 7.5, 5.5, 6.375], "rotation": 90, "texture": "#5"},
				"up": {"uv": [5.5, 6.375, 5.375, 7.5], "texture": "#5"},
				"down": {"uv": [5.5, 6.375, 5.375, 7.5], "rotation": 180, "texture": "#5"}
			}
		},
		{
			"name": "vergevolley_13",
			"from": [8, 10.07187, 4.46562],
			"to": [8, 10.31563, 5.92812],
			"rotation": {"angle": 0, "axis": "x", "origin": [14, 5, 4.52655]},
			"faces": {
				"north": {"uv": [3.25, 6.625, 3.375, 6.5], "rotation": 90, "texture": "#5"},
				"east": {"uv": [3.375, 7.25, 3.25, 6.5], "rotation": 270, "texture": "#5"},
				"south": {"uv": [3.25, 7.25, 3.375, 7.125], "rotation": 90, "texture": "#5"},
				"west": {"uv": [3.25, 7.25, 3.375, 6.5], "rotation": 90, "texture": "#5"},
				"up": {"uv": [3.375, 6.5, 3.25, 7.25], "texture": "#5"},
				"down": {"uv": [3.375, 6.5, 3.25, 7.25], "rotation": 180, "texture": "#5"}
			}
		},
		{
			"name": "vergevolley_14",
			"from": [8, 9.34062, 4.46562],
			"to": [8, 9.58438, 5.68437],
			"rotation": {"angle": 0, "axis": "x", "origin": [14, 5, 4.52655]},
			"faces": {
				"north": {"uv": [3.625, 6.625, 3.75, 6.5], "rotation": 90, "texture": "#5"},
				"east": {"uv": [3.75, 7.125, 3.625, 6.5], "rotation": 270, "texture": "#5"},
				"south": {"uv": [3.625, 7.125, 3.75, 7], "rotation": 90, "texture": "#5"},
				"west": {"uv": [3.625, 7.125, 3.75, 6.5], "rotation": 90, "texture": "#5"},
				"up": {"uv": [3.75, 6.5, 3.625, 7.125], "texture": "#5"},
				"down": {"uv": [3.75, 6.5, 3.625, 7.125], "rotation": 180, "texture": "#5"}
			}
		},
		{
			"name": "vergevolley_15",
			"from": [8, 6.41563, 4.46562],
			"to": [8, 6.65938, 5.68437],
			"rotation": {"angle": 0, "axis": "x", "origin": [14, 5, 4.52655]},
			"faces": {
				"north": {"uv": [5.125, 6.625, 5.25, 6.5], "rotation": 90, "texture": "#5"},
				"east": {"uv": [5.25, 7.125, 5.125, 6.5], "rotation": 270, "texture": "#5"},
				"south": {"uv": [5.125, 7.125, 5.25, 7], "rotation": 90, "texture": "#5"},
				"west": {"uv": [5.125, 7.125, 5.25, 6.5], "rotation": 90, "texture": "#5"},
				"up": {"uv": [5.25, 6.5, 5.125, 7.125], "texture": "#5"},
				"down": {"uv": [5.25, 6.5, 5.125, 7.125], "rotation": 180, "texture": "#5"}
			}
		},
		{
			"name": "vergevolley_16",
			"from": [8, 5.68438, 4.46562],
			"to": [8, 5.92812, 5.92812],
			"rotation": {"angle": 0, "axis": "x", "origin": [14, 5, 4.52655]},
			"faces": {
				"north": {"uv": [5.5, 6.625, 5.625, 6.5], "rotation": 90, "texture": "#5"},
				"east": {"uv": [5.625, 7.25, 5.5, 6.5], "rotation": 270, "texture": "#5"},
				"south": {"uv": [5.5, 7.25, 5.625, 7.125], "rotation": 90, "texture": "#5"},
				"west": {"uv": [5.5, 7.25, 5.625, 6.5], "rotation": 90, "texture": "#5"},
				"up": {"uv": [5.625, 6.5, 5.5, 7.25], "texture": "#5"},
				"down": {"uv": [5.625, 6.5, 5.5, 7.25], "rotation": 180, "texture": "#5"}
			}
		},
		{
			"name": "vergevolley_19",
			"from": [8, 9.58438, 4.95312],
			"to": [8, 9.82812, 5.44062],
			"rotation": {"angle": 0, "axis": "x", "origin": [14, 5, 4.52655]},
			"faces": {
				"north": {"uv": [3.5, 6.875, 3.625, 6.75], "rotation": 90, "texture": "#5"},
				"east": {"uv": [3.625, 7, 3.5, 6.75], "rotation": 270, "texture": "#5"},
				"south": {"uv": [3.5, 7, 3.625, 6.875], "rotation": 90, "texture": "#5"},
				"west": {"uv": [3.5, 7, 3.625, 6.75], "rotation": 90, "texture": "#5"},
				"up": {"uv": [3.625, 6.75, 3.5, 7], "texture": "#5"},
				"down": {"uv": [3.625, 6.75, 3.5, 7], "rotation": 180, "texture": "#5"}
			}
		},
		{
			"name": "vergevolley_20",
			"from": [8, 6.17188, 4.95312],
			"to": [8, 6.41563, 5.44062],
			"rotation": {"angle": 0, "axis": "x", "origin": [14, 5, 4.52655]},
			"faces": {
				"north": {"uv": [5.25, 6.875, 5.375, 6.75], "rotation": 90, "texture": "#5"},
				"east": {"uv": [5.375, 7, 5.25, 6.75], "rotation": 270, "texture": "#5"},
				"south": {"uv": [5.25, 7, 5.375, 6.875], "rotation": 90, "texture": "#5"},
				"west": {"uv": [5.25, 7, 5.375, 6.75], "rotation": 90, "texture": "#5"},
				"up": {"uv": [5.375, 6.75, 5.25, 7], "texture": "#5"},
				"down": {"uv": [5.375, 6.75, 5.25, 7], "rotation": 180, "texture": "#5"}
			}
		},
		{
			"name": "vergevolley_21",
			"from": [8, 9.58438, 6.17187],
			"to": [8, 9.82812, 7.14686],
			"rotation": {"angle": 0, "axis": "x", "origin": [14, 5, 4.52655]},
			"faces": {
				"north": {"uv": [3.5, 7.5, 3.625, 7.375], "rotation": 90, "texture": "#5"},
				"east": {"uv": [3.625, 7.875, 3.5, 7.375], "rotation": 270, "texture": "#5"},
				"south": {"uv": [3.5, 7.875, 3.625, 7.75], "rotation": 90, "texture": "#5"},
				"west": {"uv": [3.5, 7.875, 3.625, 7.375], "rotation": 90, "texture": "#5"},
				"up": {"uv": [3.625, 7.375, 3.5, 7.875], "texture": "#5"},
				"down": {"uv": [3.625, 7.375, 3.5, 7.875], "rotation": 180, "texture": "#5"}
			}
		},
		{
			"name": "vergevolley_22",
			"from": [8, 6.17188, 6.17187],
			"to": [8, 6.41563, 7.14686],
			"rotation": {"angle": 0, "axis": "x", "origin": [14, 5, 4.52655]},
			"faces": {
				"north": {"uv": [5.25, 7.5, 5.375, 7.375], "rotation": 90, "texture": "#5"},
				"east": {"uv": [5.375, 7.875, 5.25, 7.375], "rotation": 270, "texture": "#5"},
				"south": {"uv": [5.25, 7.875, 5.375, 7.75], "rotation": 90, "texture": "#5"},
				"west": {"uv": [5.25, 7.875, 5.375, 7.375], "rotation": 90, "texture": "#5"},
				"up": {"uv": [5.375, 7.375, 5.25, 7.875], "texture": "#5"},
				"down": {"uv": [5.375, 7.375, 5.25, 7.875], "rotation": 180, "texture": "#5"}
			}
		},
		{
			"name": "vergevolley_62",
			"from": [7.80312, 7.87813, 13.97188],
			"to": [8.19687, 8.12187, 14.21562],
			"rotation": {"angle": 0, "axis": "x", "origin": [14.075, 9.06875, 2.99999]},
			"faces": {
				"north": {"uv": [11.375, 11.5, 11.5, 11.375], "rotation": 90, "texture": "#5"},
				"east": {"uv": [11.5, 11.5, 11.375, 11.375], "rotation": 270, "texture": "#5"},
				"south": {"uv": [11.375, 11.5, 11.5, 11.375], "rotation": 90, "texture": "#5"},
				"west": {"uv": [11.375, 11.5, 11.5, 11.375], "rotation": 90, "texture": "#5"},
				"up": {"uv": [11.5, 11.375, 11.375, 11.5], "texture": "#5"},
				"down": {"uv": [11.5, 11.375, 11.375, 11.5], "rotation": 180, "texture": "#5"}
			}
		},
		{
			"name": "vergevolley_27",
			"from": [7.69062, 7.87812, 6.90312],
			"to": [8.30937, 8.12187, 10.80312],
			"rotation": {"angle": 0, "axis": "x", "origin": [13.8625, 8.4875, 2.99999]},
			"faces": {
				"north": {"uv": [8, 7.875, 8.125, 7.75], "rotation": 90, "texture": "#5"},
				"east": {"uv": [8.125, 9.75, 8, 7.75], "rotation": 270, "texture": "#5"},
				"south": {"uv": [8, 9.75, 8.125, 9.625], "rotation": 90, "texture": "#5"},
				"west": {"uv": [8, 9.75, 8.125, 7.75], "rotation": 90, "texture": "#5"},
				"up": {"uv": [8.125, 7.75, 8, 9.75], "texture": "#5"},
				"down": {"uv": [8.125, 7.75, 8, 9.75], "rotation": 180, "texture": "#5"}
			}
		},
		{
			"name": "vergevolley_28",
			"from": [7.69062, 8.12187, 7.87812],
			"to": [8.30937, 8.36562, 10.80312],
			"rotation": {"angle": 0, "axis": "x", "origin": [13.8625, 8.4875, 2.99999]},
			"faces": {
				"north": {"uv": [7.875, 8.375, 8, 8.25], "rotation": 90, "texture": "#5"},
				"east": {"uv": [8, 9.75, 7.875, 8.25], "rotation": 270, "texture": "#5"},
				"south": {"uv": [7.875, 9.75, 8, 9.625], "rotation": 90, "texture": "#5"},
				"west": {"uv": [7.875, 9.75, 8, 8.25], "rotation": 90, "texture": "#5"},
				"up": {"uv": [8, 8.25, 7.875, 9.75], "texture": "#5"},
				"down": {"uv": [8, 8.25, 7.875, 9.75], "rotation": 180, "texture": "#5"}
			}
		},
		{
			"name": "vergevolley_29",
			"from": [7.69062, 7.63437, 7.87812],
			"to": [8.30937, 7.87812, 10.80312],
			"rotation": {"angle": 0, "axis": "x", "origin": [13.8625, 8.4875, 2.99999]},
			"faces": {
				"north": {"uv": [8.125, 8.375, 8.25, 8.25], "rotation": 90, "texture": "#5"},
				"east": {"uv": [8.25, 9.75, 8.125, 8.25], "rotation": 270, "texture": "#5"},
				"south": {"uv": [8.125, 9.75, 8.25, 9.625], "rotation": 90, "texture": "#5"},
				"west": {"uv": [8.125, 9.75, 8.25, 8.25], "rotation": 90, "texture": "#5"},
				"up": {"uv": [8.25, 8.25, 8.125, 9.75], "texture": "#5"},
				"down": {"uv": [8.25, 8.25, 8.125, 9.75], "rotation": 180, "texture": "#5"}
			}
		},
		{
			"name": "vergevolley_36",
			"from": [7.69062, 9.34062, 10.31562],
			"to": [8.30937, 9.58438, 11.29062],
			"rotation": {"angle": 0, "axis": "x", "origin": [13.8625, 8.4875, 2.99999]},
			"faces": {
				"north": {"uv": [7.25, 9.625, 7.375, 9.5], "rotation": 90, "texture": "#5"},
				"east": {"uv": [7.375, 10, 7.25, 9.5], "rotation": 270, "texture": "#5"},
				"south": {"uv": [7.25, 10, 7.375, 9.875], "rotation": 90, "texture": "#5"},
				"west": {"uv": [7.25, 10, 7.375, 9.5], "rotation": 90, "texture": "#5"},
				"up": {"uv": [7.375, 9.5, 7.25, 10], "texture": "#5"},
				"down": {"uv": [7.375, 9.5, 7.25, 10], "rotation": 180, "texture": "#5"}
			}
		},
		{
			"name": "vergevolley_37",
			"from": [7.69062, 6.41562, 10.31562],
			"to": [8.30937, 6.65937, 11.29062],
			"rotation": {"angle": 0, "axis": "x", "origin": [13.8625, 8.4875, 2.99999]},
			"faces": {
				"north": {"uv": [8.75, 9.625, 8.875, 9.5], "rotation": 90, "texture": "#5"},
				"east": {"uv": [8.875, 10, 8.75, 9.5], "rotation": 270, "texture": "#5"},
				"south": {"uv": [8.75, 10, 8.875, 9.875], "rotation": 90, "texture": "#5"},
				"west": {"uv": [8.75, 10, 8.875, 9.5], "rotation": 90, "texture": "#5"},
				"up": {"uv": [8.875, 9.5, 8.75, 10], "texture": "#5"},
				"down": {"uv": [8.875, 9.5, 8.75, 10], "rotation": 180, "texture": "#5"}
			}
		},
		{
			"name": "vergevolley_38",
			"from": [7.69062, 8.36562, 10.80312],
			"to": [8.30937, 8.60938, 11.04687],
			"rotation": {"angle": 0, "axis": "x", "origin": [13.8625, 8.4875, 2.99999]},
			"faces": {
				"north": {"uv": [7.75, 9.875, 7.875, 9.75], "rotation": 90, "texture": "#5"},
				"east": {"uv": [7.875, 9.875, 7.75, 9.75], "rotation": 270, "texture": "#5"},
				"south": {"uv": [7.75, 9.875, 7.875, 9.75], "rotation": 90, "texture": "#5"},
				"west": {"uv": [7.75, 9.875, 7.875, 9.75], "rotation": 90, "texture": "#5"},
				"up": {"uv": [7.875, 9.75, 7.75, 9.875], "texture": "#5"},
				"down": {"uv": [7.875, 9.75, 7.75, 9.875], "rotation": 180, "texture": "#5"}
			}
		},
		{
			"name": "vergevolley_39",
			"from": [7.69062, 7.39062, 10.80312],
			"to": [8.30937, 7.63437, 11.04687],
			"rotation": {"angle": 0, "axis": "x", "origin": [13.8625, 8.4875, 2.99999]},
			"faces": {
				"north": {"uv": [8.25, 9.875, 8.375, 9.75], "rotation": 90, "texture": "#5"},
				"east": {"uv": [8.375, 9.875, 8.25, 9.75], "rotation": 270, "texture": "#5"},
				"south": {"uv": [8.25, 9.875, 8.375, 9.75], "rotation": 90, "texture": "#5"},
				"west": {"uv": [8.25, 9.875, 8.375, 9.75], "rotation": 90, "texture": "#5"},
				"up": {"uv": [8.375, 9.75, 8.25, 9.875], "texture": "#5"},
				"down": {"uv": [8.375, 9.75, 8.25, 9.875], "rotation": 180, "texture": "#5"}
			}
		},
		{
			"name": "vergevolley_40",
			"from": [7.69062, 9.09687, 11.04687],
			"to": [8.30937, 9.34062, 11.53438],
			"rotation": {"angle": 0, "axis": "x", "origin": [13.8625, 8.4875, 2.99999]},
			"faces": {
				"north": {"uv": [7.375, 10, 7.5, 9.875], "rotation": 90, "texture": "#5"},
				"east": {"uv": [7.5, 10.125, 7.375, 9.875], "rotation": 270, "texture": "#5"},
				"south": {"uv": [7.375, 10.125, 7.5, 10], "rotation": 90, "texture": "#5"},
				"west": {"uv": [7.375, 10.125, 7.5, 9.875], "rotation": 90, "texture": "#5"},
				"up": {"uv": [7.5, 9.875, 7.375, 10.125], "texture": "#5"},
				"down": {"uv": [7.5, 9.875, 7.375, 10.125], "rotation": 180, "texture": "#5"}
			}
		},
		{
			"name": "vergevolley_41",
			"from": [7.69062, 6.65937, 11.04687],
			"to": [8.30937, 6.90312, 11.53438],
			"rotation": {"angle": 0, "axis": "x", "origin": [13.8625, 8.4875, 2.99999]},
			"faces": {
				"north": {"uv": [8.625, 10, 8.75, 9.875], "rotation": 90, "texture": "#5"},
				"east": {"uv": [8.75, 10.125, 8.625, 9.875], "rotation": 270, "texture": "#5"},
				"south": {"uv": [8.625, 10.125, 8.75, 10], "rotation": 90, "texture": "#5"},
				"west": {"uv": [8.625, 10.125, 8.75, 9.875], "rotation": 90, "texture": "#5"},
				"up": {"uv": [8.75, 9.875, 8.625, 10.125], "texture": "#5"},
				"down": {"uv": [8.75, 9.875, 8.625, 10.125], "rotation": 180, "texture": "#5"}
			}
		},
		{
			"name": "vergevolley_42",
			"from": [7.69062, 8.85312, 11.29062],
			"to": [8.30937, 9.09687, 11.77811],
			"rotation": {"angle": 0, "axis": "x", "origin": [13.8625, 8.4875, 2.99999]},
			"faces": {
				"north": {"uv": [7.5, 10.125, 7.625, 10], "rotation": 90, "texture": "#5"},
				"east": {"uv": [7.625, 10.25, 7.5, 10], "rotation": 270, "texture": "#5"},
				"south": {"uv": [7.5, 10.25, 7.625, 10.125], "rotation": 90, "texture": "#5"},
				"west": {"uv": [7.5, 10.25, 7.625, 10], "rotation": 90, "texture": "#5"},
				"up": {"uv": [7.625, 10, 7.5, 10.25], "texture": "#5"},
				"down": {"uv": [7.625, 10, 7.5, 10.25], "rotation": 180, "texture": "#5"}
			}
		},
		{
			"name": "vergevolley_43",
			"from": [7.57812, 7.63437, 11.29062],
			"to": [8.42188, 8.36562, 12.02187],
			"rotation": {"angle": 0, "axis": "x", "origin": [13.975, 8.4875, 2.99999]},
			"faces": {
				"north": {"uv": [7.875, 10.125, 8.25, 10], "rotation": 90, "texture": "#5"},
				"east": {"uv": [8.25, 10.375, 7.875, 10], "rotation": 270, "texture": "#5"},
				"south": {"uv": [7.875, 10.375, 8.25, 10.25], "rotation": 90, "texture": "#5"},
				"west": {"uv": [7.875, 10.375, 8.25, 10], "rotation": 90, "texture": "#5"},
				"up": {"uv": [8, 10, 7.875, 10.375], "texture": "#5"},
				"down": {"uv": [8.25, 10, 8.125, 10.375], "rotation": 180, "texture": "#5"}
			}
		},
		{
			"name": "vergevolley_44",
			"from": [7.69062, 6.90312, 11.29062],
			"to": [8.30937, 7.14687, 11.77811],
			"rotation": {"angle": 0, "axis": "x", "origin": [13.8625, 8.4875, 2.99999]},
			"faces": {
				"north": {"uv": [8.5, 10.125, 8.625, 10], "rotation": 90, "texture": "#5"},
				"east": {"uv": [8.625, 10.25, 8.5, 10], "rotation": 270, "texture": "#5"},
				"south": {"uv": [8.5, 10.25, 8.625, 10.125], "rotation": 90, "texture": "#5"},
				"west": {"uv": [8.5, 10.25, 8.625, 10], "rotation": 90, "texture": "#5"},
				"up": {"uv": [8.625, 10, 8.5, 10.25], "texture": "#5"},
				"down": {"uv": [8.625, 10, 8.5, 10.25], "rotation": 180, "texture": "#5"}
			}
		},
		{
			"name": "vergevolley_53",
			"from": [7.69062, 8.60938, 12.50936],
			"to": [8.30937, 8.85312, 12.75313],
			"rotation": {"angle": 0, "axis": "x", "origin": [13.8625, 8.4875, 2.99999]},
			"faces": {
				"north": {"uv": [7.625, 10.75, 7.75, 10.625], "rotation": 90, "texture": "#5"},
				"east": {"uv": [7.75, 10.75, 7.625, 10.625], "rotation": 270, "texture": "#5"},
				"south": {"uv": [7.625, 10.75, 7.75, 10.625], "rotation": 90, "texture": "#5"},
				"west": {"uv": [7.625, 10.75, 7.75, 10.625], "rotation": 90, "texture": "#5"},
				"up": {"uv": [7.75, 10.625, 7.625, 10.75], "texture": "#5"},
				"down": {"uv": [7.75, 10.625, 7.625, 10.75], "rotation": 180, "texture": "#5"}
			}
		},
		{
			"name": "vergevolley_54",
			"from": [7.69062, 7.14687, 12.50936],
			"to": [8.30937, 7.39062, 12.75313],
			"rotation": {"angle": 0, "axis": "x", "origin": [13.8625, 8.4875, 2.99999]},
			"faces": {
				"north": {"uv": [8.375, 10.75, 8.5, 10.625], "rotation": 90, "texture": "#5"},
				"east": {"uv": [8.5, 10.75, 8.375, 10.625], "rotation": 270, "texture": "#5"},
				"south": {"uv": [8.375, 10.75, 8.5, 10.625], "rotation": 90, "texture": "#5"},
				"west": {"uv": [8.375, 10.75, 8.5, 10.625], "rotation": 90, "texture": "#5"},
				"up": {"uv": [8.5, 10.625, 8.375, 10.75], "texture": "#5"},
				"down": {"uv": [8.5, 10.625, 8.375, 10.75], "rotation": 180, "texture": "#5"}
			}
		},
		{
			"name": "vergevolley_56",
			"from": [7.69062, 8.12187, 12.75313],
			"to": [8.30937, 8.60938, 12.99686],
			"rotation": {"angle": 0, "axis": "x", "origin": [13.8625, 8.4875, 2.99999]},
			"faces": {
				"north": {"uv": [7.75, 10.875, 8, 10.75], "rotation": 90, "texture": "#5"},
				"east": {"uv": [8, 10.875, 7.75, 10.75], "rotation": 270, "texture": "#5"},
				"south": {"uv": [7.75, 10.875, 8, 10.75], "rotation": 90, "texture": "#5"},
				"west": {"uv": [7.75, 10.875, 8, 10.75], "rotation": 90, "texture": "#5"},
				"up": {"uv": [7.875, 10.75, 7.75, 10.875], "texture": "#5"},
				"down": {"uv": [8, 10.75, 7.875, 10.875], "rotation": 180, "texture": "#5"}
			}
		},
		{
			"name": "vergevolley_57",
			"from": [7.69062, 7.39062, 12.75313],
			"to": [8.30937, 7.87812, 12.99686],
			"rotation": {"angle": 0, "axis": "x", "origin": [13.8625, 8.4875, 2.99999]},
			"faces": {
				"north": {"uv": [8.125, 10.875, 8.375, 10.75], "rotation": 90, "texture": "#5"},
				"east": {"uv": [8.375, 10.875, 8.125, 10.75], "rotation": 270, "texture": "#5"},
				"south": {"uv": [8.125, 10.875, 8.375, 10.75], "rotation": 90, "texture": "#5"},
				"west": {"uv": [8.125, 10.875, 8.375, 10.75], "rotation": 90, "texture": "#5"},
				"up": {"uv": [8.25, 10.75, 8.125, 10.875], "texture": "#5"},
				"down": {"uv": [8.375, 10.75, 8.25, 10.875], "rotation": 180, "texture": "#5"}
			}
		},
		{
			"name": "vergevolley_59",
			"from": [7.69062, 8.12187, 12.99686],
			"to": [8.30937, 8.36562, 13.72811],
			"rotation": {"angle": 0, "axis": "x", "origin": [13.8625, 8.4875, 2.99999]},
			"faces": {
				"north": {"uv": [7.875, 11, 8, 10.875], "rotation": 90, "texture": "#5"},
				"east": {"uv": [8, 11.25, 7.875, 10.875], "rotation": 270, "texture": "#5"},
				"south": {"uv": [7.875, 11.25, 8, 11.125], "rotation": 90, "texture": "#5"},
				"west": {"uv": [7.875, 11.25, 8, 10.875], "rotation": 90, "texture": "#5"},
				"up": {"uv": [8, 10.875, 7.875, 11.25], "texture": "#5"},
				"down": {"uv": [8, 10.875, 7.875, 11.25], "rotation": 180, "texture": "#5"}
			}
		},
		{
			"name": "vergevolley_60",
			"from": [7.69062, 7.63437, 12.99686],
			"to": [8.30937, 7.87812, 13.72811],
			"rotation": {"angle": 0, "axis": "x", "origin": [13.8625, 8.4875, 2.99999]},
			"faces": {
				"north": {"uv": [8.125, 11, 8.25, 10.875], "rotation": 90, "texture": "#5"},
				"east": {"uv": [8.25, 11.25, 8.125, 10.875], "rotation": 270, "texture": "#5"},
				"south": {"uv": [8.125, 11.25, 8.25, 11.125], "rotation": 90, "texture": "#5"},
				"west": {"uv": [8.125, 11.25, 8.25, 10.875], "rotation": 90, "texture": "#5"},
				"up": {"uv": [8.25, 10.875, 8.125, 11.25], "texture": "#5"},
				"down": {"uv": [8.25, 10.875, 8.125, 11.25], "rotation": 180, "texture": "#5"}
			}
		},
		{
			"name": "vergevolley_61",
			"from": [7.69062, 7.87812, 13.72811],
			"to": [8.30937, 8.12187, 13.97188],
			"rotation": {"angle": 0, "axis": "x", "origin": [13.8625, 8.4875, 2.99999]},
			"faces": {
				"north": {"uv": [8, 11.375, 8.125, 11.25], "rotation": 90, "texture": "#5"},
				"east": {"uv": [8.125, 11.375, 8, 11.25], "rotation": 270, "texture": "#5"},
				"south": {"uv": [8, 11.375, 8.125, 11.25], "rotation": 90, "texture": "#5"},
				"west": {"uv": [8, 11.375, 8.125, 11.25], "rotation": 90, "texture": "#5"},
				"up": {"uv": [8.125, 11.25, 8, 11.375], "texture": "#5"},
				"down": {"uv": [8.125, 11.25, 8, 11.375], "rotation": 180, "texture": "#5"}
			}
		},
		{
			"name": "vergevolley_58",
			"from": [7.80312, 7.87813, 12.75313],
			"to": [8.19687, 8.12187, 13.72811],
			"rotation": {"angle": 0, "axis": "x", "origin": [14.075, 9.06875, 2.99999]},
			"faces": {
				"north": {"uv": [11.375, 10.875, 11.5, 10.75], "rotation": 90, "texture": "#5"},
				"east": {"uv": [11.5, 11.25, 11.375, 10.75], "rotation": 270, "texture": "#5"},
				"south": {"uv": [11.375, 11.25, 11.5, 11.125], "rotation": 90, "texture": "#5"},
				"west": {"uv": [11.375, 11.25, 11.5, 10.75], "rotation": 90, "texture": "#5"},
				"up": {"uv": [11.5, 10.75, 11.375, 11.25], "texture": "#5"},
				"down": {"uv": [11.5, 10.75, 11.375, 11.25], "rotation": 180, "texture": "#5"}
			}
		},
		{
			"name": "vergevolley_55",
			"from": [7.80312, 7.39063, 12.50936],
			"to": [8.19687, 8.60938, 12.75313],
			"rotation": {"angle": 0, "axis": "x", "origin": [14.075, 9.06875, 2.99999]},
			"faces": {
				"north": {"uv": [11.125, 10.75, 11.75, 10.625], "rotation": 90, "texture": "#5"},
				"east": {"uv": [11.75, 10.75, 11.125, 10.625], "rotation": 270, "texture": "#5"},
				"south": {"uv": [11.125, 10.75, 11.75, 10.625], "rotation": 90, "texture": "#5"},
				"west": {"uv": [11.125, 10.75, 11.75, 10.625], "rotation": 90, "texture": "#5"},
				"up": {"uv": [11.25, 10.625, 11.125, 10.75], "texture": "#5"},
				"down": {"uv": [11.75, 10.625, 11.625, 10.75], "rotation": 180, "texture": "#5"}
			}
		},
		{
			"name": "vergevolley_52",
			"from": [7.80312, 7.14688, 12.26562],
			"to": [8.19687, 7.63438, 12.50936],
			"rotation": {"angle": 0, "axis": "x", "origin": [14.075, 9.06875, 2.99999]},
			"faces": {
				"north": {"uv": [11.625, 10.625, 11.875, 10.5], "rotation": 90, "texture": "#5"},
				"east": {"uv": [11.875, 10.625, 11.625, 10.5], "rotation": 270, "texture": "#5"},
				"south": {"uv": [11.625, 10.625, 11.875, 10.5], "rotation": 90, "texture": "#5"},
				"west": {"uv": [11.625, 10.625, 11.875, 10.5], "rotation": 90, "texture": "#5"},
				"up": {"uv": [11.75, 10.5, 11.625, 10.625], "texture": "#5"},
				"down": {"uv": [11.875, 10.5, 11.75, 10.625], "rotation": 180, "texture": "#5"}
			}
		},
		{
			"name": "vergevolley_51",
			"from": [7.80312, 8.36563, 12.26562],
			"to": [8.19687, 8.85313, 12.50936],
			"rotation": {"angle": 0, "axis": "x", "origin": [14.075, 9.06875, 2.99999]},
			"faces": {
				"north": {"uv": [11, 10.625, 11.25, 10.5], "rotation": 90, "texture": "#5"},
				"east": {"uv": [11.25, 10.625, 11, 10.5], "rotation": 270, "texture": "#5"},
				"south": {"uv": [11, 10.625, 11.25, 10.5], "rotation": 90, "texture": "#5"},
				"west": {"uv": [11, 10.625, 11.25, 10.5], "rotation": 90, "texture": "#5"},
				"up": {"uv": [11.125, 10.5, 11, 10.625], "texture": "#5"},
				"down": {"uv": [11.25, 10.5, 11.125, 10.625], "rotation": 180, "texture": "#5"}
			}
		},
		{
			"name": "vergevolley_50",
			"from": [7.80312, 6.90312, 11.77811],
			"to": [8.19687, 7.14688, 12.02187],
			"rotation": {"angle": 0, "axis": "x", "origin": [14.075, 9.06875, 2.99999]},
			"faces": {
				"north": {"uv": [11.875, 10.375, 12, 10.25], "rotation": 90, "texture": "#5"},
				"east": {"uv": [12, 10.375, 11.875, 10.25], "rotation": 270, "texture": "#5"},
				"south": {"uv": [11.875, 10.375, 12, 10.25], "rotation": 90, "texture": "#5"},
				"west": {"uv": [11.875, 10.375, 12, 10.25], "rotation": 90, "texture": "#5"},
				"up": {"uv": [12, 10.25, 11.875, 10.375], "texture": "#5"},
				"down": {"uv": [12, 10.25, 11.875, 10.375], "rotation": 180, "texture": "#5"}
			}
		},
		{
			"name": "vergevolley_49",
			"from": [7.80312, 8.85313, 11.77811],
			"to": [8.19687, 9.09687, 12.02187],
			"rotation": {"angle": 0, "axis": "x", "origin": [14.075, 9.06875, 2.99999]},
			"faces": {
				"north": {"uv": [10.875, 10.375, 11, 10.25], "rotation": 90, "texture": "#5"},
				"east": {"uv": [11, 10.375, 10.875, 10.25], "rotation": 270, "texture": "#5"},
				"south": {"uv": [10.875, 10.375, 11, 10.25], "rotation": 90, "texture": "#5"},
				"west": {"uv": [10.875, 10.375, 11, 10.25], "rotation": 90, "texture": "#5"},
				"up": {"uv": [11, 10.25, 10.875, 10.375], "texture": "#5"},
				"down": {"uv": [11, 10.25, 10.875, 10.375], "rotation": 180, "texture": "#5"}
			}
		},
		{
			"name": "vergevolley_48",
			"from": [7.80312, 6.65938, 11.53438],
			"to": [8.19687, 6.90312, 12.02187],
			"rotation": {"angle": 0, "axis": "x", "origin": [14.075, 9.06875, 2.99999]},
			"faces": {
				"north": {"uv": [12, 10.25, 12.125, 10.125], "rotation": 90, "texture": "#5"},
				"east": {"uv": [12.125, 10.375, 12, 10.125], "rotation": 270, "texture": "#5"},
				"south": {"uv": [12, 10.375, 12.125, 10.25], "rotation": 90, "texture": "#5"},
				"west": {"uv": [12, 10.375, 12.125, 10.125], "rotation": 90, "texture": "#5"},
				"up": {"uv": [12.125, 10.125, 12, 10.375], "texture": "#5"},
				"down": {"uv": [12.125, 10.125, 12, 10.375], "rotation": 180, "texture": "#5"}
			}
		},
		{
			"name": "vergevolley_47",
			"from": [7.80312, 9.09687, 11.53438],
			"to": [8.19687, 9.34063, 12.02187],
			"rotation": {"angle": 0, "axis": "x", "origin": [14.075, 9.06875, 2.99999]},
			"faces": {
				"north": {"uv": [10.75, 10.25, 10.875, 10.125], "rotation": 90, "texture": "#5"},
				"east": {"uv": [10.875, 10.375, 10.75, 10.125], "rotation": 270, "texture": "#5"},
				"south": {"uv": [10.75, 10.375, 10.875, 10.25], "rotation": 90, "texture": "#5"},
				"west": {"uv": [10.75, 10.375, 10.875, 10.125], "rotation": 90, "texture": "#5"},
				"up": {"uv": [10.875, 10.125, 10.75, 10.375], "texture": "#5"},
				"down": {"uv": [10.875, 10.125, 10.75, 10.375], "rotation": 180, "texture": "#5"}
			}
		},
		{
			"name": "vergevolley_46",
			"from": [7.80312, 6.41563, 11.29062],
			"to": [8.19687, 6.65938, 11.77811],
			"rotation": {"angle": 0, "axis": "x", "origin": [14.075, 9.06875, 2.99999]},
			"faces": {
				"north": {"uv": [12.125, 10.125, 12.25, 10], "rotation": 90, "texture": "#5"},
				"east": {"uv": [12.25, 10.25, 12.125, 10], "rotation": 270, "texture": "#5"},
				"south": {"uv": [12.125, 10.25, 12.25, 10.125], "rotation": 90, "texture": "#5"},
				"west": {"uv": [12.125, 10.25, 12.25, 10], "rotation": 90, "texture": "#5"},
				"up": {"uv": [12.25, 10, 12.125, 10.25], "texture": "#5"},
				"down": {"uv": [12.25, 10, 12.125, 10.25], "rotation": 180, "texture": "#5"}
			}
		},
		{
			"name": "vergevolley_45",
			"from": [7.80312, 9.34063, 11.29062],
			"to": [8.19687, 9.58438, 11.77811],
			"rotation": {"angle": 0, "axis": "x", "origin": [14.075, 9.06875, 2.99999]},
			"faces": {
				"north": {"uv": [10.625, 10.125, 10.75, 10], "rotation": 90, "texture": "#5"},
				"east": {"uv": [10.75, 10.25, 10.625, 10], "rotation": 270, "texture": "#5"},
				"south": {"uv": [10.625, 10.25, 10.75, 10.125], "rotation": 90, "texture": "#5"},
				"west": {"uv": [10.625, 10.25, 10.75, 10], "rotation": 90, "texture": "#5"},
				"up": {"uv": [10.75, 10, 10.625, 10.25], "texture": "#5"},
				"down": {"uv": [10.75, 10, 10.625, 10.25], "rotation": 180, "texture": "#5"}
			}
		},
		{
			"name": "vergevolley_35",
			"from": [7.80312, 6.17188, 10.07187],
			"to": [8.19687, 6.41563, 11.53438],
			"rotation": {"angle": 0, "axis": "x", "origin": [14.075, 9.06875, 2.99999]},
			"faces": {
				"north": {"uv": [12.25, 9.5, 12.375, 9.375], "rotation": 90, "texture": "#5"},
				"east": {"uv": [12.375, 10.125, 12.25, 9.375], "rotation": 270, "texture": "#5"},
				"south": {"uv": [12.25, 10.125, 12.375, 10], "rotation": 90, "texture": "#5"},
				"west": {"uv": [12.25, 10.125, 12.375, 9.375], "rotation": 90, "texture": "#5"},
				"up": {"uv": [12.375, 9.375, 12.25, 10.125], "texture": "#5"},
				"down": {"uv": [12.375, 9.375, 12.25, 10.125], "rotation": 180, "texture": "#5"}
			}
		},
		{
			"name": "vergevolley_34",
			"from": [7.80312, 9.58438, 10.07187],
			"to": [8.19687, 9.82813, 11.53438],
			"rotation": {"angle": 0, "axis": "x", "origin": [14.075, 9.06875, 2.99999]},
			"faces": {
				"north": {"uv": [10.5, 9.5, 10.625, 9.375], "rotation": 90, "texture": "#5"},
				"east": {"uv": [10.625, 10.125, 10.5, 9.375], "rotation": 270, "texture": "#5"},
				"south": {"uv": [10.5, 10.125, 10.625, 10], "rotation": 90, "texture": "#5"},
				"west": {"uv": [10.5, 10.125, 10.625, 9.375], "rotation": 90, "texture": "#5"},
				"up": {"uv": [10.625, 9.375, 10.5, 10.125], "texture": "#5"},
				"down": {"uv": [10.625, 9.375, 10.5, 10.125], "rotation": 180, "texture": "#5"}
			}
		},
		{
			"name": "vergevolley_33",
			"from": [7.80312, 6.41563, 9.34062],
			"to": [8.19687, 6.65938, 10.31562],
			"rotation": {"angle": 0, "axis": "x", "origin": [14.075, 9.06875, 2.99999]},
			"faces": {
				"north": {"uv": [12.125, 9.125, 12.25, 9], "rotation": 90, "texture": "#5"},
				"east": {"uv": [12.25, 9.5, 12.125, 9], "rotation": 270, "texture": "#5"},
				"south": {"uv": [12.125, 9.5, 12.25, 9.375], "rotation": 90, "texture": "#5"},
				"west": {"uv": [12.125, 9.5, 12.25, 9], "rotation": 90, "texture": "#5"},
				"up": {"uv": [12.25, 9, 12.125, 9.5], "texture": "#5"},
				"down": {"uv": [12.25, 9, 12.125, 9.5], "rotation": 180, "texture": "#5"}
			}
		},
		{
			"name": "vergevolley_32",
			"from": [7.80312, 9.34063, 9.34062],
			"to": [8.19687, 9.58438, 10.31562],
			"rotation": {"angle": 0, "axis": "x", "origin": [14.075, 9.06875, 2.99999]},
			"faces": {
				"north": {"uv": [10.625, 9.125, 10.75, 9], "rotation": 90, "texture": "#5"},
				"east": {"uv": [10.75, 9.5, 10.625, 9], "rotation": 270, "texture": "#5"},
				"south": {"uv": [10.625, 9.5, 10.75, 9.375], "rotation": 90, "texture": "#5"},
				"west": {"uv": [10.625, 9.5, 10.75, 9], "rotation": 90, "texture": "#5"},
				"up": {"uv": [10.75, 9, 10.625, 9.5], "texture": "#5"},
				"down": {"uv": [10.75, 9, 10.625, 9.5], "rotation": 180, "texture": "#5"}
			}
		},
		{
			"name": "vergevolley_31",
			"from": [7.80312, 7.14688, 8.85312],
			"to": [8.19687, 7.39063, 11.04687],
			"rotation": {"angle": 0, "axis": "x", "origin": [14.075, 9.06875, 2.99999]},
			"faces": {
				"north": {"uv": [11.75, 8.875, 11.875, 8.75], "rotation": 90, "texture": "#5"},
				"east": {"uv": [11.875, 9.875, 11.75, 8.75], "rotation": 270, "texture": "#5"},
				"south": {"uv": [11.75, 9.875, 11.875, 9.75], "rotation": 90, "texture": "#5"},
				"west": {"uv": [11.75, 9.875, 11.875, 8.75], "rotation": 90, "texture": "#5"},
				"up": {"uv": [11.875, 8.75, 11.75, 9.875], "texture": "#5"},
				"down": {"uv": [11.875, 8.75, 11.75, 9.875], "rotation": 180, "texture": "#5"}
			}
		},
		{
			"name": "vergevolley_30",
			"from": [7.80312, 8.60938, 8.85312],
			"to": [8.19687, 8.85313, 11.04687],
			"rotation": {"angle": 0, "axis": "x", "origin": [14.075, 9.06875, 2.99999]},
			"faces": {
				"north": {"uv": [11, 8.875, 11.125, 8.75], "rotation": 90, "texture": "#5"},
				"east": {"uv": [11.125, 9.875, 11, 8.75], "rotation": 270, "texture": "#5"},
				"south": {"uv": [11, 9.875, 11.125, 9.75], "rotation": 90, "texture": "#5"},
				"west": {"uv": [11, 9.875, 11.125, 8.75], "rotation": 90, "texture": "#5"},
				"up": {"uv": [11.125, 8.75, 11, 9.875], "texture": "#5"},
				"down": {"uv": [11.125, 8.75, 11, 9.875], "rotation": 180, "texture": "#5"}
			}
		},
		{
			"name": "vergevolley_26",
			"from": [7.80312, 7.39063, 6.65937],
			"to": [8.19687, 7.63438, 10.80312],
			"rotation": {"angle": 0, "axis": "x", "origin": [14.075, 9.06875, 2.99999]},
			"faces": {
				"north": {"uv": [11.625, 7.75, 11.75, 7.625], "rotation": 90, "texture": "#5"},
				"east": {"uv": [11.75, 9.75, 11.625, 7.625], "rotation": 270, "texture": "#5"},
				"south": {"uv": [11.625, 9.75, 11.75, 9.625], "rotation": 90, "texture": "#5"},
				"west": {"uv": [11.625, 9.75, 11.75, 7.625], "rotation": 90, "texture": "#5"},
				"up": {"uv": [11.75, 7.625, 11.625, 9.75], "texture": "#5"},
				"down": {"uv": [11.75, 7.625, 11.625, 9.75], "rotation": 180, "texture": "#5"}
			}
		},
		{
			"name": "vergevolley_25",
			"from": [7.80312, 8.36563, 6.65937],
			"to": [8.19687, 8.60938, 10.80312],
			"rotation": {"angle": 0, "axis": "x", "origin": [14.075, 9.06875, 2.99999]},
			"faces": {
				"north": {"uv": [11.125, 7.75, 11.25, 7.625], "rotation": 90, "texture": "#5"},
				"east": {"uv": [11.25, 9.75, 11.125, 7.625], "rotation": 270, "texture": "#5"},
				"south": {"uv": [11.125, 9.75, 11.25, 9.625], "rotation": 90, "texture": "#5"},
				"west": {"uv": [11.125, 9.75, 11.25, 7.625], "rotation": 90, "texture": "#5"},
				"up": {"uv": [11.25, 7.625, 11.125, 9.75], "texture": "#5"},
				"down": {"uv": [11.25, 7.625, 11.125, 9.75], "rotation": 180, "texture": "#5"}
			}
		},
		{
			"name": "vergevolley_18",
			"from": [7.80312, 7.63438, 4.46562],
			"to": [8.19687, 7.87813, 7.87812],
			"rotation": {"angle": 0, "axis": "x", "origin": [14.075, 9.06875, 2.99999]},
			"faces": {
				"north": {"uv": [11.5, 6.625, 11.625, 6.5], "rotation": 90, "texture": "#5"},
				"east": {"uv": [11.625, 8.25, 11.5, 6.5], "rotation": 270, "texture": "#5"},
				"south": {"uv": [11.5, 8.25, 11.625, 8.125], "rotation": 90, "texture": "#5"},
				"west": {"uv": [11.5, 8.25, 11.625, 6.5], "rotation": 90, "texture": "#5"},
				"up": {"uv": [11.625, 6.5, 11.5, 8.25], "texture": "#5"},
				"down": {"uv": [11.625, 6.5, 11.5, 8.25], "rotation": 180, "texture": "#5"}
			}
		},
		{
			"name": "vergevolley_17",
			"from": [7.80312, 8.12187, 4.46562],
			"to": [8.19687, 8.36563, 7.87812],
			"rotation": {"angle": 0, "axis": "x", "origin": [14.075, 9.06875, 2.99999]},
			"faces": {
				"north": {"uv": [11.25, 6.625, 11.375, 6.5], "rotation": 90, "texture": "#5"},
				"east": {"uv": [11.375, 8.25, 11.25, 6.5], "rotation": 270, "texture": "#5"},
				"south": {"uv": [11.25, 8.25, 11.375, 8.125], "rotation": 90, "texture": "#5"},
				"west": {"uv": [11.25, 8.25, 11.375, 6.5], "rotation": 90, "texture": "#5"},
				"up": {"uv": [11.375, 6.5, 11.25, 8.25], "texture": "#5"},
				"down": {"uv": [11.375, 6.5, 11.25, 8.25], "rotation": 180, "texture": "#5"}
			}
		},
		{
			"name": "vergevolley_6",
			"from": [7.80312, 7.87813, 2.27187],
			"to": [8.19687, 8.12187, 6.90312],
			"rotation": {"angle": 0, "axis": "x", "origin": [14.075, 9.06875, 2.99999]},
			"faces": {
				"north": {"uv": [11.375, 5.5, 11.5, 5.375], "rotation": 90, "texture": "#5"},
				"east": {"uv": [11.5, 7.75, 11.375, 5.375], "rotation": 270, "texture": "#5"},
				"south": {"uv": [11.375, 7.75, 11.5, 7.625], "rotation": 90, "texture": "#5"},
				"west": {"uv": [11.375, 7.75, 11.5, 5.375], "rotation": 90, "texture": "#5"},
				"up": {"uv": [11.5, 5.375, 11.375, 7.75], "texture": "#5"},
				"down": {"uv": [11.5, 5.375, 11.375, 7.75], "rotation": 180, "texture": "#5"}
			}
		},
		{
			"name": "vergevolley_23",
			"from": [8, 9.34062, 6.41562],
			"to": [8, 9.58438, 7.87812],
			"rotation": {"angle": 0, "axis": "x", "origin": [14, 5, 4.52655]},
			"faces": {
				"north": {"uv": [3.625, 7.625, 3.75, 7.5], "rotation": 90, "texture": "#5"},
				"east": {"uv": [3.75, 8.25, 3.625, 7.5], "rotation": 270, "texture": "#5"},
				"south": {"uv": [3.625, 8.25, 3.75, 8.125], "rotation": 90, "texture": "#5"},
				"west": {"uv": [3.625, 8.25, 3.75, 7.5], "rotation": 90, "texture": "#5"},
				"up": {"uv": [3.75, 7.5, 3.625, 8.25], "texture": "#5"},
				"down": {"uv": [3.75, 7.5, 3.625, 8.25], "rotation": 180, "texture": "#5"}
			}
		},
		{
			"name": "vergevolley_8",
			"from": [6.90312, 8, 2.75937],
			"to": [7.14688, 8, 4.46562],
			"rotation": {"angle": 0, "axis": "z", "origin": [14, 5, 4.52655]},
			"faces": {
				"north": {"uv": [4, 5.625, 3.875, 5.75], "texture": "#5"},
				"east": {"uv": [3.875, 6.5, 4, 5.625], "rotation": 270, "texture": "#5"},
				"south": {"uv": [4, 6.375, 3.875, 6.5], "rotation": 180, "texture": "#5"},
				"west": {"uv": [3.875, 6.5, 4, 5.625], "rotation": 90, "texture": "#5"},
				"up": {"uv": [3.875, 5.625, 4, 6.5], "texture": "#5"},
				"down": {"uv": [4, 5.625, 3.875, 6.5], "rotation": 180, "texture": "#5"}
			}
		},
		{
			"name": "vergevolley_10",
			"from": [6.65938, 8, 3.49062],
			"to": [6.90312, 8, 5.44062],
			"rotation": {"angle": 0, "axis": "z", "origin": [14, 5, 4.52655]},
			"faces": {
				"north": {"uv": [3.875, 6, 3.75, 6.125], "texture": "#5"},
				"east": {"uv": [3.75, 7, 3.875, 6], "rotation": 270, "texture": "#5"},
				"south": {"uv": [3.875, 6.875, 3.75, 7], "rotation": 180, "texture": "#5"},
				"west": {"uv": [3.75, 7, 3.875, 6], "rotation": 90, "texture": "#5"},
				"up": {"uv": [3.75, 6, 3.875, 7], "texture": "#5"},
				"down": {"uv": [3.875, 6, 3.75, 7], "rotation": 180, "texture": "#5"}
			}
		},
		{
			"name": "vergevolley_12",
			"from": [5.92813, 8, 4.22187],
			"to": [6.17188, 8, 6.41562],
			"rotation": {"angle": 0, "axis": "z", "origin": [14, 5, 4.52655]},
			"faces": {
				"north": {"uv": [3.5, 6.375, 3.375, 6.5], "texture": "#5"},
				"east": {"uv": [3.375, 7.5, 3.5, 6.375], "rotation": 270, "texture": "#5"},
				"south": {"uv": [3.5, 7.375, 3.375, 7.5], "rotation": 180, "texture": "#5"},
				"west": {"uv": [3.375, 7.5, 3.5, 6.375], "rotation": 90, "texture": "#5"},
				"up": {"uv": [3.375, 6.375, 3.5, 7.5], "texture": "#5"},
				"down": {"uv": [3.5, 6.375, 3.375, 7.5], "rotation": 180, "texture": "#5"}
			}
		},
		{
			"name": "vergevolley_14",
			"from": [5.68437, 8, 4.46562],
			"to": [5.92813, 8, 5.92812],
			"rotation": {"angle": 0, "axis": "z", "origin": [14, 5, 4.52655]},
			"faces": {
				"north": {"uv": [3.375, 6.5, 3.25, 6.625], "texture": "#5"},
				"east": {"uv": [3.25, 7.25, 3.375, 6.5], "rotation": 270, "texture": "#5"},
				"south": {"uv": [3.375, 7.125, 3.25, 7.25], "rotation": 180, "texture": "#5"},
				"west": {"uv": [3.25, 7.25, 3.375, 6.5], "rotation": 90, "texture": "#5"},
				"up": {"uv": [3.25, 6.5, 3.375, 7.25], "texture": "#5"},
				"down": {"uv": [3.375, 6.5, 3.25, 7.25], "rotation": 180, "texture": "#5"}
			}
		},
		{
			"name": "vergevolley_15",
			"from": [6.41562, 8, 4.46562],
			"to": [6.65938, 8, 5.68437],
			"rotation": {"angle": 0, "axis": "z", "origin": [14, 5, 4.52655]},
			"faces": {
				"north": {"uv": [3.75, 6.5, 3.625, 6.625], "texture": "#5"},
				"east": {"uv": [3.625, 7.125, 3.75, 6.5], "rotation": 270, "texture": "#5"},
				"south": {"uv": [3.75, 7, 3.625, 7.125], "rotation": 180, "texture": "#5"},
				"west": {"uv": [3.625, 7.125, 3.75, 6.5], "rotation": 90, "texture": "#5"},
				"up": {"uv": [3.625, 6.5, 3.75, 7.125], "texture": "#5"},
				"down": {"uv": [3.75, 6.5, 3.625, 7.125], "rotation": 180, "texture": "#5"}
			}
		},
		{
			"name": "vergevolley_20",
			"from": [6.17188, 8, 4.95312],
			"to": [6.41562, 8, 5.44062],
			"rotation": {"angle": 0, "axis": "z", "origin": [14, 5, 4.52655]},
			"faces": {
				"north": {"uv": [3.625, 6.75, 3.5, 6.875], "texture": "#5"},
				"east": {"uv": [3.5, 7, 3.625, 6.75], "rotation": 270, "texture": "#5"},
				"south": {"uv": [3.625, 6.875, 3.5, 7], "rotation": 180, "texture": "#5"},
				"west": {"uv": [3.5, 7, 3.625, 6.75], "rotation": 90, "texture": "#5"},
				"up": {"uv": [3.5, 6.75, 3.625, 7], "texture": "#5"},
				"down": {"uv": [3.625, 6.75, 3.5, 7], "rotation": 180, "texture": "#5"}
			}
		},
		{
			"name": "vergevolley_22",
			"from": [6.17188, 8, 6.17187],
			"to": [6.41562, 8, 7.14686],
			"rotation": {"angle": 0, "axis": "z", "origin": [14, 5, 4.52655]},
			"faces": {
				"north": {"uv": [3.625, 7.375, 3.5, 7.5], "texture": "#5"},
				"east": {"uv": [3.5, 7.875, 3.625, 7.375], "rotation": 270, "texture": "#5"},
				"south": {"uv": [3.625, 7.75, 3.5, 7.875], "rotation": 180, "texture": "#5"},
				"west": {"uv": [3.5, 7.875, 3.625, 7.375], "rotation": 90, "texture": "#5"},
				"up": {"uv": [3.5, 7.375, 3.625, 7.875], "texture": "#5"},
				"down": {"uv": [3.625, 7.375, 3.5, 7.875], "rotation": 180, "texture": "#5"}
			}
		},
		{
			"name": "vergevolley_24",
			"from": [6.41562, 8, 6.41562],
			"to": [6.65938, 8, 7.87812],
			"rotation": {"angle": 0, "axis": "z", "origin": [14, 5, 4.52655]},
			"faces": {
				"north": {"uv": [3.75, 7.5, 3.625, 7.625], "texture": "#5"},
				"east": {"uv": [3.625, 8.25, 3.75, 7.5], "rotation": 270, "texture": "#5"},
				"south": {"uv": [3.75, 8.125, 3.625, 8.25], "rotation": 180, "texture": "#5"},
				"west": {"uv": [3.625, 8.25, 3.75, 7.5], "rotation": 90, "texture": "#5"},
				"up": {"uv": [3.625, 7.5, 3.75, 8.25], "texture": "#5"},
				"down": {"uv": [3.75, 7.5, 3.625, 8.25], "rotation": 180, "texture": "#5"}
			}
		},
		{
			"name": "vergevolley_5",
			"from": [7.14688, 8, 2.02812],
			"to": [7.39063, 8, 3.49062],
			"rotation": {"angle": 0, "axis": "z", "origin": [14, 5, 4.52655]},
			"faces": {
				"north": {"uv": [4.125, 5.25, 4, 5.375], "texture": "#5"},
				"east": {"uv": [4, 6, 4.125, 5.25], "rotation": 270, "texture": "#5"},
				"south": {"uv": [4.125, 5.875, 4, 6], "rotation": 180, "texture": "#5"},
				"west": {"uv": [4, 6, 4.125, 5.25], "rotation": 90, "texture": "#5"},
				"up": {"uv": [4, 5.25, 4.125, 6], "texture": "#5"},
				"down": {"uv": [4.125, 5.25, 4, 6], "rotation": 180, "texture": "#5"}
			}
		},
		{
			"name": "vergevolley_3",
			"from": [7.39063, 8, 1.54062],
			"to": [7.63438, 8, 2.27187],
			"rotation": {"angle": 0, "axis": "z", "origin": [14, 5, 4.52655]},
			"faces": {
				"north": {"uv": [4.25, 5, 4.125, 5.125], "texture": "#5"},
				"east": {"uv": [4.125, 5.375, 4.25, 5], "rotation": 270, "texture": "#5"},
				"south": {"uv": [4.25, 5.25, 4.125, 5.375], "rotation": 180, "texture": "#5"},
				"west": {"uv": [4.125, 5.375, 4.25, 5], "rotation": 90, "texture": "#5"},
				"up": {"uv": [4.125, 5, 4.25, 5.375], "texture": "#5"},
				"down": {"uv": [4.25, 5, 4.125, 5.375], "rotation": 180, "texture": "#5"}
			}
		},
		{
			"name": "vergevolley_4",
			"from": [8.36563, 8, 1.54062],
			"to": [8.60938, 8, 2.27187],
			"rotation": {"angle": 0, "axis": "z", "origin": [14, 5, 4.52655]},
			"faces": {
				"north": {"uv": [4.75, 5, 4.625, 5.125], "texture": "#5"},
				"east": {"uv": [4.625, 5.375, 4.75, 5], "rotation": 270, "texture": "#5"},
				"south": {"uv": [4.75, 5.25, 4.625, 5.375], "rotation": 180, "texture": "#5"},
				"west": {"uv": [4.625, 5.375, 4.75, 5], "rotation": 90, "texture": "#5"},
				"up": {"uv": [4.625, 5, 4.75, 5.375], "texture": "#5"},
				"down": {"uv": [4.75, 5, 4.625, 5.375], "rotation": 180, "texture": "#5"}
			}
		},
		{
			"name": "vergevolley_6",
			"from": [8.60938, 8, 2.02812],
			"to": [8.85313, 8, 3.49062],
			"rotation": {"angle": 0, "axis": "z", "origin": [14, 5, 4.52655]},
			"faces": {
				"north": {"uv": [4.875, 5.25, 4.75, 5.375], "texture": "#5"},
				"east": {"uv": [4.75, 6, 4.875, 5.25], "rotation": 270, "texture": "#5"},
				"south": {"uv": [4.875, 5.875, 4.75, 6], "rotation": 180, "texture": "#5"},
				"west": {"uv": [4.75, 6, 4.875, 5.25], "rotation": 90, "texture": "#5"},
				"up": {"uv": [4.75, 5.25, 4.875, 6], "texture": "#5"},
				"down": {"uv": [4.875, 5.25, 4.75, 6], "rotation": 180, "texture": "#5"}
			}
		},
		{
			"name": "vergevolley_9",
			"from": [8.85313, 8, 2.75937],
			"to": [9.09688, 8, 4.46562],
			"rotation": {"angle": 0, "axis": "z", "origin": [14, 5, 4.52655]},
			"faces": {
				"north": {"uv": [5, 5.625, 4.875, 5.75], "texture": "#5"},
				"east": {"uv": [4.875, 6.5, 5, 5.625], "rotation": 270, "texture": "#5"},
				"south": {"uv": [5, 6.375, 4.875, 6.5], "rotation": 180, "texture": "#5"},
				"west": {"uv": [4.875, 6.5, 5, 5.625], "rotation": 90, "texture": "#5"},
				"up": {"uv": [4.875, 5.625, 5, 6.5], "texture": "#5"},
				"down": {"uv": [5, 5.625, 4.875, 6.5], "rotation": 180, "texture": "#5"}
			}
		},
		{
			"name": "vergevolley_11",
			"from": [9.09688, 8, 3.49062],
			"to": [9.34062, 8, 5.44062],
			"rotation": {"angle": 0, "axis": "z", "origin": [14, 5, 4.52655]},
			"faces": {
				"north": {"uv": [5.125, 6, 5, 6.125], "texture": "#5"},
				"east": {"uv": [5, 7, 5.125, 6], "rotation": 270, "texture": "#5"},
				"south": {"uv": [5.125, 6.875, 5, 7], "rotation": 180, "texture": "#5"},
				"west": {"uv": [5, 7, 5.125, 6], "rotation": 90, "texture": "#5"},
				"up": {"uv": [5, 6, 5.125, 7], "texture": "#5"},
				"down": {"uv": [5.125, 6, 5, 7], "rotation": 180, "texture": "#5"}
			}
		},
		{
			"name": "vergevolley_16",
			"from": [9.34062, 8, 4.46562],
			"to": [9.58438, 8, 5.68437],
			"rotation": {"angle": 0, "axis": "z", "origin": [14, 5, 4.52655]},
			"faces": {
				"north": {"uv": [5.25, 6.5, 5.125, 6.625], "texture": "#5"},
				"east": {"uv": [5.125, 7.125, 5.25, 6.5], "rotation": 270, "texture": "#5"},
				"south": {"uv": [5.25, 7, 5.125, 7.125], "rotation": 180, "texture": "#5"},
				"west": {"uv": [5.125, 7.125, 5.25, 6.5], "rotation": 90, "texture": "#5"},
				"up": {"uv": [5.125, 6.5, 5.25, 7.125], "texture": "#5"},
				"down": {"uv": [5.25, 6.5, 5.125, 7.125], "rotation": 180, "texture": "#5"}
			}
		},
		{
			"name": "vergevolley_21",
			"from": [9.58438, 8, 4.95312],
			"to": [9.82813, 8, 5.44062],
			"rotation": {"angle": 0, "axis": "z", "origin": [14, 5, 4.52655]},
			"faces": {
				"north": {"uv": [5.375, 6.75, 5.25, 6.875], "texture": "#5"},
				"east": {"uv": [5.25, 7, 5.375, 6.75], "rotation": 270, "texture": "#5"},
				"south": {"uv": [5.375, 6.875, 5.25, 7], "rotation": 180, "texture": "#5"},
				"west": {"uv": [5.25, 7, 5.375, 6.75], "rotation": 90, "texture": "#5"},
				"up": {"uv": [5.25, 6.75, 5.375, 7], "texture": "#5"},
				"down": {"uv": [5.375, 6.75, 5.25, 7], "rotation": 180, "texture": "#5"}
			}
		},
		{
			"name": "vergevolley_13",
			"from": [9.82813, 8, 4.22187],
			"to": [10.07188, 8, 6.41562],
			"rotation": {"angle": 0, "axis": "z", "origin": [14, 5, 4.52655]},
			"faces": {
				"north": {"uv": [5.5, 6.375, 5.375, 6.5], "texture": "#5"},
				"east": {"uv": [5.375, 7.5, 5.5, 6.375], "rotation": 270, "texture": "#5"},
				"south": {"uv": [5.5, 7.375, 5.375, 7.5], "rotation": 180, "texture": "#5"},
				"west": {"uv": [5.375, 7.5, 5.5, 6.375], "rotation": 90, "texture": "#5"},
				"up": {"uv": [5.375, 6.375, 5.5, 7.5], "texture": "#5"},
				"down": {"uv": [5.5, 6.375, 5.375, 7.5], "rotation": 180, "texture": "#5"}
			}
		},
		{
			"name": "vergevolley_17",
			"from": [10.07188, 8, 4.46562],
			"to": [10.31563, 8, 5.92812],
			"rotation": {"angle": 0, "axis": "z", "origin": [14, 5, 4.52655]},
			"faces": {
				"north": {"uv": [5.625, 6.5, 5.5, 6.625], "texture": "#5"},
				"east": {"uv": [5.5, 7.25, 5.625, 6.5], "rotation": 270, "texture": "#5"},
				"south": {"uv": [5.625, 7.125, 5.5, 7.25], "rotation": 180, "texture": "#5"},
				"west": {"uv": [5.5, 7.25, 5.625, 6.5], "rotation": 90, "texture": "#5"},
				"up": {"uv": [5.5, 6.5, 5.625, 7.25], "texture": "#5"},
				"down": {"uv": [5.625, 6.5, 5.5, 7.25], "rotation": 180, "texture": "#5"}
			}
		},
		{
			"name": "vergevolley_23",
			"from": [9.58438, 8, 6.17187],
			"to": [9.82813, 8, 7.14686],
			"rotation": {"angle": 0, "axis": "z", "origin": [14, 5, 4.52655]},
			"faces": {
				"north": {"uv": [5.375, 7.375, 5.25, 7.5], "texture": "#5"},
				"east": {"uv": [5.25, 7.875, 5.375, 7.375], "rotation": 270, "texture": "#5"},
				"south": {"uv": [5.375, 7.75, 5.25, 7.875], "rotation": 180, "texture": "#5"},
				"west": {"uv": [5.25, 7.875, 5.375, 7.375], "rotation": 90, "texture": "#5"},
				"up": {"uv": [5.25, 7.375, 5.375, 7.875], "texture": "#5"},
				"down": {"uv": [5.375, 7.375, 5.25, 7.875], "rotation": 180, "texture": "#5"}
			}
		},
		{
			"name": "vergevolley_25",
			"from": [9.34062, 8, 6.41562],
			"to": [9.58438, 8, 7.87812],
			"rotation": {"angle": 0, "axis": "z", "origin": [14, 5, 4.52655]},
			"faces": {
				"north": {"uv": [5.25, 7.5, 5.125, 7.625], "texture": "#5"},
				"east": {"uv": [5.125, 8.25, 5.25, 7.5], "rotation": 270, "texture": "#5"},
				"south": {"uv": [5.25, 8.125, 5.125, 8.25], "rotation": 180, "texture": "#5"},
				"west": {"uv": [5.125, 8.25, 5.25, 7.5], "rotation": 90, "texture": "#5"},
				"up": {"uv": [5.125, 7.5, 5.25, 8.25], "texture": "#5"},
				"down": {"uv": [5.25, 7.5, 5.125, 8.25], "rotation": 180, "texture": "#5"}
			}
		}
	],
	"display": {
		"thirdperson_righthand": {
			"scale": [0, 0, 0]
		},
		"thirdperson_lefthand": {
			"rotation": [0, 0, 90],
			"translation": [4.75, -2, 12.25]
		},
		"firstperson_righthand": {
			"scale": [0, 0, 0]
		},
		"firstperson_lefthand": {
			"scale": [0, 0, 0]
		},
		"ground": {
			"scale": [0, 0, 0]
		},
		"gui": {
			"scale": [0, 0, 0]
		}
	},
	"groups": [
		{
			"name": "vergevolley",
			"origin": [14, 8, 10.93749],
			"color": 0,
			"nbt": "{}",
			"children": [
				0,
				1,
				2,
				3,
				4,
				5,
				6,
				7,
				8,
				9,
				10,
				11,
				12,
				13,
				14,
				15,
				16,
				17,
				18,
				19,
				20,
				21,
				22,
				23,
				24,
				25,
				26,
				27,
				28,
				29,
				30,
				31,
				32,
				33,
				34,
				35,
				36,
				37,
				38,
				39,
				40,
				41,
				42,
				43,
				44,
				45,
				46,
				47,
				48,
				49,
				50,
				51,
				52,
				53,
				54,
				55,
				56,
				57,
				58,
				59,
				60,
				61,
				62,
				63,
				64,
				65,
				66,
				67,
				68,
				69,
				70,
				71,
				72,
				73,
				74,
				75,
				76,
				77,
				78,
				79,
				80
			]
		}
	]
}