{
	"credit": "Made with Blockbench",
	"textures": {
		"2": "ajplayerarmor/defender",
		"3": "ajplayerarmor/steve",
		"5": "custom/ability/barrier",
		"particle": "custom/ability/barrier"
	},
	"elements": [
		{
			"from": [5.6625, 5.9, 3.9],
			"to": [10.3375, 10.1, 16.1],
			"rotation": {"angle": 0, "axis": "y", "origin": [0.2375, 6, 0]},
			"faces": {
				"north": {"uv": [12, 0, 12.975, 1], "texture": "#2"},
				"east": {"uv": [12, 1, 13, 4], "rotation": 270, "texture": "#2"},
				"south": {"uv": [11, 0, 11.975, 1], "texture": "#2"},
				"west": {"uv": [10, 1, 11, 4], "rotation": 90, "texture": "#2"},
				"up": {"uv": [11, 1, 12, 4], "rotation": 180, "texture": "#2"},
				"down": {"uv": [13, 1, 14, 4], "texture": "#2"}
			}
		},
		{
			"from": [5.7625, 6, 4],
			"to": [10.2375, 10, 16],
			"rotation": {"angle": 0, "axis": "y", "origin": [0.2375, 6, 0]},
			"faces": {
				"north": {"uv": [10, 12, 11, 13], "texture": "#3"},
				"east": {"uv": [10, 13, 11, 16], "rotation": 270, "texture": "#3"},
				"south": {"uv": [9, 12, 10, 13], "texture": "#3"},
				"west": {"uv": [8, 13, 9, 16], "rotation": 90, "texture": "#3"},
				"up": {"uv": [9, 13, 10, 16], "rotation": 180, "texture": "#3"},
				"down": {"uv": [11, 13, 12, 16], "texture": "#3"}
			}
		},
		{
			"name": "barrier_11",
			"from": [10.43512, 7.15144, 8.25937],
			"to": [11.13362, 8.94544, 10.05337],
			"rotation": {"angle": 0, "axis": "y", "origin": [5.04937, 10.87181, -6.6575]},
			"faces": {
				"north": {"uv": [6.875, 6.75, 6.75, 7.25], "texture": "#5"},
				"east": {"uv": [7.25, 6.75, 6.75, 7.25], "texture": "#5"},
				"south": {"uv": [7.25, 6.75, 7.125, 7.25], "texture": "#5"},
				"west": {"uv": [6.75, 6.75, 7.25, 7.25], "texture": "#5"},
				"up": {"uv": [6.75, 6.875, 7.25, 6.75], "rotation": 90, "texture": "#5"},
				"down": {"uv": [6.75, 7.25, 7.25, 7.125], "rotation": 270, "texture": "#5"}
			}
		},
		{
			"name": "barrier_6",
			"from": [5.43512, 5.80594, 6.19287],
			"to": [10.38362, 10.29094, 11.57487],
			"rotation": {"angle": 0, "axis": "y", "origin": [5.04937, 10.87181, -6.6575]},
			"faces": {
				"north": {"uv": [11, 6.375, 9.75, 7.625], "texture": "#5"},
				"east": {"uv": [9.625, 6.375, 8.125, 7.625], "texture": "#5"},
				"south": {"uv": [11, 6.375, 9.75, 7.625], "texture": "#5"},
				"west": {"uv": [8.125, 6.375, 9.625, 7.625], "texture": "#5"},
				"up": {"uv": [9.625, 6.375, 8.125, 7.625], "texture": "#5"},
				"down": {"uv": [9.625, 6.375, 8.125, 7.625], "texture": "#5"}
			}
		},
		{
			"name": "barrier_1",
			"from": [10.43512, 4.90894, 6.91387],
			"to": [11.38362, 11.18794, 7.81087],
			"rotation": {"angle": 0, "axis": "y", "origin": [5.04937, 10.87181, -6.6575]},
			"faces": {
				"north": {"uv": [6.5, 6.125, 6.375, 7.875], "texture": "#5"},
				"east": {"uv": [6.625, 6.125, 6.375, 7.875], "texture": "#5"},
				"south": {"uv": [6.625, 6.125, 6.5, 7.875], "texture": "#5"},
				"west": {"uv": [6.375, 6.125, 6.625, 7.875], "texture": "#5"},
				"up": {"uv": [6.375, 6.25, 6.625, 6.125], "rotation": 90, "texture": "#5"},
				"down": {"uv": [6.375, 7.875, 6.625, 7.75], "rotation": 270, "texture": "#5"}
			}
		},
		{
			"name": "barrier_2",
			"from": [10.43512, 4.90894, 10.50187],
			"to": [11.38362, 11.18794, 11.39887],
			"rotation": {"angle": 0, "axis": "y", "origin": [5.04937, 10.87181, -6.6575]},
			"faces": {
				"north": {"uv": [7.5, 6.125, 7.375, 7.875], "texture": "#5"},
				"east": {"uv": [7.625, 6.125, 7.375, 7.875], "texture": "#5"},
				"south": {"uv": [7.625, 6.125, 7.5, 7.875], "texture": "#5"},
				"west": {"uv": [7.375, 6.125, 7.625, 7.875], "texture": "#5"},
				"up": {"uv": [7.375, 6.25, 7.625, 6.125], "rotation": 90, "texture": "#5"},
				"down": {"uv": [7.375, 7.875, 7.625, 7.75], "rotation": 270, "texture": "#5"}
			}
		},
		{
			"name": "barrier_0",
			"from": [10.43512, 4.46044, 6.01688],
			"to": [11.38362, 11.63644, 6.46538],
			"rotation": {"angle": 0, "axis": "y", "origin": [5.04937, 10.87181, -6.6575]},
			"faces": {
				"north": {"uv": [4.625, 6, 4.5, 8], "texture": "#5"},
				"east": {"uv": [4.625, 6, 4.5, 8], "texture": "#5"},
				"south": {"uv": [4.625, 6, 4.5, 8], "texture": "#5"},
				"west": {"uv": [4.5, 6, 4.625, 8], "texture": "#5"},
				"up": {"uv": [4.5, 6.125, 4.625, 6], "rotation": 90, "texture": "#5"},
				"down": {"uv": [4.5, 8, 4.625, 7.875], "rotation": 270, "texture": "#5"}
			}
		},
		{
			"name": "barrier_3",
			"from": [10.43512, 10.29094, 6.46538],
			"to": [11.38362, 10.73944, 6.91388],
			"rotation": {"angle": 0, "axis": "y", "origin": [5.04937, 10.87181, -6.6575]},
			"faces": {
				"north": {"uv": [4.75, 6.25, 4.625, 6.375], "texture": "#5"},
				"east": {"uv": [4.75, 6.25, 4.625, 6.375], "texture": "#5"},
				"south": {"uv": [4.75, 6.25, 4.625, 6.375], "texture": "#5"},
				"west": {"uv": [4.625, 6.25, 4.75, 6.375], "texture": "#5"},
				"up": {"uv": [4.625, 6.375, 4.75, 6.25], "rotation": 90, "texture": "#5"},
				"down": {"uv": [4.625, 6.375, 4.75, 6.25], "rotation": 270, "texture": "#5"}
			}
		},
		{
			"name": "barrier_4",
			"from": [10.43512, 10.29094, 7.81088],
			"to": [11.38362, 10.73944, 10.50188],
			"rotation": {"angle": 0, "axis": "y", "origin": [5.04937, 10.87181, -6.6575]},
			"faces": {
				"north": {"uv": [5.125, 6.25, 5, 6.375], "texture": "#5"},
				"east": {"uv": [5.75, 6.25, 5, 6.375], "texture": "#5"},
				"south": {"uv": [5.75, 6.25, 5.625, 6.375], "texture": "#5"},
				"west": {"uv": [5, 6.25, 5.75, 6.375], "texture": "#5"},
				"up": {"uv": [5, 6.375, 5.75, 6.25], "rotation": 90, "texture": "#5"},
				"down": {"uv": [5, 6.375, 5.75, 6.25], "rotation": 270, "texture": "#5"}
			}
		},
		{
			"name": "barrier_5",
			"from": [10.43512, 10.29094, 11.39888],
			"to": [11.38362, 10.73944, 11.84738],
			"rotation": {"angle": 0, "axis": "y", "origin": [5.04937, 10.87181, -6.6575]},
			"faces": {
				"north": {"uv": [6.125, 6.25, 6, 6.375], "texture": "#5"},
				"east": {"uv": [6.125, 6.25, 6, 6.375], "texture": "#5"},
				"south": {"uv": [6.125, 6.25, 6, 6.375], "texture": "#5"},
				"west": {"uv": [6, 6.25, 6.125, 6.375], "texture": "#5"},
				"up": {"uv": [6, 6.375, 6.125, 6.25], "rotation": 90, "texture": "#5"},
				"down": {"uv": [6, 6.375, 6.125, 6.25], "rotation": 270, "texture": "#5"}
			}
		},
		{
			"name": "barrier_8",
			"from": [10.43512, 8.94544, 7.81088],
			"to": [11.38362, 9.84244, 10.50188],
			"rotation": {"angle": 0, "axis": "y", "origin": [5.04937, 10.87181, -6.6575]},
			"faces": {
				"north": {"uv": [5.125, 6.5, 5, 6.75], "texture": "#5"},
				"east": {"uv": [5.75, 6.5, 5, 6.75], "texture": "#5"},
				"south": {"uv": [5.75, 6.5, 5.625, 6.75], "texture": "#5"},
				"west": {"uv": [5, 6.5, 5.75, 6.75], "texture": "#5"},
				"up": {"uv": [5, 6.625, 5.75, 6.5], "rotation": 90, "texture": "#5"},
				"down": {"uv": [5, 6.75, 5.75, 6.625], "rotation": 270, "texture": "#5"}
			}
		},
		{
			"name": "barrier_9",
			"from": [10.43512, 6.25444, 7.81088],
			"to": [11.38362, 8.94544, 8.25938],
			"rotation": {"angle": 0, "axis": "y", "origin": [5.04937, 10.87181, -6.6575]},
			"faces": {
				"north": {"uv": [5.125, 6.75, 5, 7.5], "texture": "#5"},
				"east": {"uv": [5.125, 6.75, 5, 7.5], "texture": "#5"},
				"south": {"uv": [5.125, 6.75, 5, 7.5], "texture": "#5"},
				"west": {"uv": [5, 6.75, 5.125, 7.5], "texture": "#5"},
				"up": {"uv": [5, 6.875, 5.125, 6.75], "rotation": 90, "texture": "#5"},
				"down": {"uv": [5, 7.5, 5.125, 7.375], "rotation": 270, "texture": "#5"}
			}
		},
		{
			"name": "barrier_10",
			"from": [10.43512, 6.25444, 10.05338],
			"to": [11.38362, 8.94544, 10.50188],
			"rotation": {"angle": 0, "axis": "y", "origin": [5.04937, 10.87181, -6.6575]},
			"faces": {
				"north": {"uv": [5.75, 6.75, 5.625, 7.5], "texture": "#5"},
				"east": {"uv": [5.75, 6.75, 5.625, 7.5], "texture": "#5"},
				"south": {"uv": [5.75, 6.75, 5.625, 7.5], "texture": "#5"},
				"west": {"uv": [5.625, 6.75, 5.75, 7.5], "texture": "#5"},
				"up": {"uv": [5.625, 6.875, 5.75, 6.75], "rotation": 90, "texture": "#5"},
				"down": {"uv": [5.625, 7.5, 5.75, 7.375], "rotation": 270, "texture": "#5"}
			}
		},
		{
			"name": "barrier_12",
			"from": [10.43512, 6.25444, 8.25938],
			"to": [11.38362, 7.15144, 10.05338],
			"rotation": {"angle": 0, "axis": "y", "origin": [5.04937, 10.87181, -6.6575]},
			"faces": {
				"north": {"uv": [5.25, 7.25, 5.125, 7.5], "texture": "#5"},
				"east": {"uv": [5.625, 7.25, 5.125, 7.5], "texture": "#5"},
				"south": {"uv": [5.625, 7.25, 5.5, 7.5], "texture": "#5"},
				"west": {"uv": [5.125, 7.25, 5.625, 7.5], "texture": "#5"},
				"up": {"uv": [5.125, 7.375, 5.625, 7.25], "rotation": 90, "texture": "#5"},
				"down": {"uv": [5.125, 7.5, 5.625, 7.375], "rotation": 270, "texture": "#5"}
			}
		},
		{
			"name": "barrier_13",
			"from": [10.43512, 5.35744, 6.46538],
			"to": [11.38362, 5.80594, 6.91388],
			"rotation": {"angle": 0, "axis": "y", "origin": [5.04937, 10.87181, -6.6575]},
			"faces": {
				"north": {"uv": [4.75, 7.625, 4.625, 7.75], "texture": "#5"},
				"east": {"uv": [4.75, 7.625, 4.625, 7.75], "texture": "#5"},
				"south": {"uv": [4.75, 7.625, 4.625, 7.75], "texture": "#5"},
				"west": {"uv": [4.625, 7.625, 4.75, 7.75], "texture": "#5"},
				"up": {"uv": [4.625, 7.75, 4.75, 7.625], "rotation": 90, "texture": "#5"},
				"down": {"uv": [4.625, 7.75, 4.75, 7.625], "rotation": 270, "texture": "#5"}
			}
		},
		{
			"name": "barrier_14",
			"from": [10.43512, 5.35744, 7.81088],
			"to": [11.38362, 5.80594, 10.50188],
			"rotation": {"angle": 0, "axis": "y", "origin": [5.04937, 10.87181, -6.6575]},
			"faces": {
				"north": {"uv": [5.125, 7.625, 5, 7.75], "texture": "#5"},
				"east": {"uv": [5.75, 7.625, 5, 7.75], "texture": "#5"},
				"south": {"uv": [5.75, 7.625, 5.625, 7.75], "texture": "#5"},
				"west": {"uv": [5, 7.625, 5.75, 7.75], "texture": "#5"},
				"up": {"uv": [5, 7.75, 5.75, 7.625], "rotation": 90, "texture": "#5"},
				"down": {"uv": [5, 7.75, 5.75, 7.625], "rotation": 270, "texture": "#5"}
			}
		},
		{
			"name": "barrier_15",
			"from": [10.43512, 5.35744, 11.39888],
			"to": [11.38362, 5.80594, 11.84738],
			"rotation": {"angle": 0, "axis": "y", "origin": [5.04937, 10.87181, -6.6575]},
			"faces": {
				"north": {"uv": [6.125, 7.625, 6, 7.75], "texture": "#5"},
				"east": {"uv": [6.125, 7.625, 6, 7.75], "texture": "#5"},
				"south": {"uv": [6.125, 7.625, 6, 7.75], "texture": "#5"},
				"west": {"uv": [6, 7.625, 6.125, 7.75], "texture": "#5"},
				"up": {"uv": [6, 7.75, 6.125, 7.625], "rotation": 90, "texture": "#5"},
				"down": {"uv": [6, 7.75, 6.125, 7.625], "rotation": 270, "texture": "#5"}
			}
		},
		{
			"name": "barrier_2",
			"from": [4.61638, 4.90894, 6.91387],
			"to": [5.56488, 11.18794, 7.81087],
			"rotation": {"angle": 0, "axis": "y", "origin": [10.95063, 10.87181, -6.6575]},
			"faces": {
				"north": {"uv": [6.375, 6.125, 6.5, 7.875], "texture": "#5"},
				"east": {"uv": [6.625, 6.125, 6.375, 7.875], "texture": "#5"},
				"south": {"uv": [6.5, 6.125, 6.625, 7.875], "texture": "#5"},
				"west": {"uv": [6.375, 6.125, 6.625, 7.875], "texture": "#5"},
				"up": {"uv": [6.375, 6.125, 6.625, 6.25], "rotation": 90, "texture": "#5"},
				"down": {"uv": [6.375, 7.75, 6.625, 7.875], "rotation": 270, "texture": "#5"}
			}
		},
		{
			"name": "barrier_3",
			"from": [4.61638, 4.90894, 10.50187],
			"to": [5.56488, 11.18794, 11.39887],
			"rotation": {"angle": 0, "axis": "y", "origin": [10.95063, 10.87181, -6.6575]},
			"faces": {
				"north": {"uv": [7.375, 6.125, 7.5, 7.875], "texture": "#5"},
				"east": {"uv": [7.625, 6.125, 7.375, 7.875], "texture": "#5"},
				"south": {"uv": [7.5, 6.125, 7.625, 7.875], "texture": "#5"},
				"west": {"uv": [7.375, 6.125, 7.625, 7.875], "texture": "#5"},
				"up": {"uv": [7.375, 6.125, 7.625, 6.25], "rotation": 90, "texture": "#5"},
				"down": {"uv": [7.375, 7.75, 7.625, 7.875], "rotation": 270, "texture": "#5"}
			}
		},
		{
			"name": "barrier_1",
			"from": [4.61638, 4.46044, 6.01688],
			"to": [5.56488, 11.63644, 6.46538],
			"rotation": {"angle": 0, "axis": "y", "origin": [10.95063, 10.87181, -6.6575]},
			"faces": {
				"north": {"uv": [4.5, 6, 4.625, 8], "texture": "#5"},
				"east": {"uv": [4.625, 6, 4.5, 8], "texture": "#5"},
				"south": {"uv": [4.5, 6, 4.625, 8], "texture": "#5"},
				"west": {"uv": [4.5, 6, 4.625, 8], "texture": "#5"},
				"up": {"uv": [4.5, 6, 4.625, 6.125], "rotation": 90, "texture": "#5"},
				"down": {"uv": [4.5, 7.875, 4.625, 8], "rotation": 270, "texture": "#5"}
			}
		},
		{
			"name": "barrier_4",
			"from": [4.61638, 10.29094, 6.46538],
			"to": [5.56488, 10.73944, 6.91388],
			"rotation": {"angle": 0, "axis": "y", "origin": [10.95063, 10.87181, -6.6575]},
			"faces": {
				"north": {"uv": [4.625, 6.25, 4.75, 6.375], "texture": "#5"},
				"east": {"uv": [4.75, 6.25, 4.625, 6.375], "texture": "#5"},
				"south": {"uv": [4.625, 6.25, 4.75, 6.375], "texture": "#5"},
				"west": {"uv": [4.625, 6.25, 4.75, 6.375], "texture": "#5"},
				"up": {"uv": [4.625, 6.25, 4.75, 6.375], "rotation": 90, "texture": "#5"},
				"down": {"uv": [4.625, 6.25, 4.75, 6.375], "rotation": 270, "texture": "#5"}
			}
		},
		{
			"name": "barrier_5",
			"from": [4.61638, 10.29094, 7.81088],
			"to": [5.56488, 10.73944, 10.50188],
			"rotation": {"angle": 0, "axis": "y", "origin": [10.95063, 10.87181, -6.6575]},
			"faces": {
				"north": {"uv": [5, 6.25, 5.125, 6.375], "texture": "#5"},
				"east": {"uv": [5.75, 6.25, 5, 6.375], "texture": "#5"},
				"south": {"uv": [5.625, 6.25, 5.75, 6.375], "texture": "#5"},
				"west": {"uv": [5, 6.25, 5.75, 6.375], "texture": "#5"},
				"up": {"uv": [5, 6.25, 5.75, 6.375], "rotation": 90, "texture": "#5"},
				"down": {"uv": [5, 6.25, 5.75, 6.375], "rotation": 270, "texture": "#5"}
			}
		},
		{
			"name": "barrier_6",
			"from": [4.61638, 10.29094, 11.39888],
			"to": [5.56488, 10.73944, 11.84738],
			"rotation": {"angle": 0, "axis": "y", "origin": [10.95063, 10.87181, -6.6575]},
			"faces": {
				"north": {"uv": [6, 6.25, 6.125, 6.375], "texture": "#5"},
				"east": {"uv": [6.125, 6.25, 6, 6.375], "texture": "#5"},
				"south": {"uv": [6, 6.25, 6.125, 6.375], "texture": "#5"},
				"west": {"uv": [6, 6.25, 6.125, 6.375], "texture": "#5"},
				"up": {"uv": [6, 6.25, 6.125, 6.375], "rotation": 90, "texture": "#5"},
				"down": {"uv": [6, 6.25, 6.125, 6.375], "rotation": 270, "texture": "#5"}
			}
		},
		{
			"name": "barrier_9",
			"from": [4.61638, 8.94544, 7.81088],
			"to": [5.56488, 9.84244, 10.50188],
			"rotation": {"angle": 0, "axis": "y", "origin": [10.95063, 10.87181, -6.6575]},
			"faces": {
				"north": {"uv": [5, 6.5, 5.125, 6.75], "texture": "#5"},
				"east": {"uv": [5.75, 6.5, 5, 6.75], "texture": "#5"},
				"south": {"uv": [5.625, 6.5, 5.75, 6.75], "texture": "#5"},
				"west": {"uv": [5, 6.5, 5.75, 6.75], "texture": "#5"},
				"up": {"uv": [5, 6.5, 5.75, 6.625], "rotation": 90, "texture": "#5"},
				"down": {"uv": [5, 6.625, 5.75, 6.75], "rotation": 270, "texture": "#5"}
			}
		},
		{
			"name": "barrier_10",
			"from": [4.61638, 6.25444, 7.81088],
			"to": [5.56488, 8.94544, 8.25938],
			"rotation": {"angle": 0, "axis": "y", "origin": [10.95063, 10.87181, -6.6575]},
			"faces": {
				"north": {"uv": [5, 6.75, 5.125, 7.5], "texture": "#5"},
				"east": {"uv": [5.125, 6.75, 5, 7.5], "texture": "#5"},
				"south": {"uv": [5, 6.75, 5.125, 7.5], "texture": "#5"},
				"west": {"uv": [5, 6.75, 5.125, 7.5], "texture": "#5"},
				"up": {"uv": [5, 6.75, 5.125, 6.875], "rotation": 90, "texture": "#5"},
				"down": {"uv": [5, 7.375, 5.125, 7.5], "rotation": 270, "texture": "#5"}
			}
		},
		{
			"name": "barrier_11",
			"from": [4.61638, 6.25444, 10.05338],
			"to": [5.56488, 8.94544, 10.50188],
			"rotation": {"angle": 0, "axis": "y", "origin": [10.95063, 10.87181, -6.6575]},
			"faces": {
				"north": {"uv": [5.625, 6.75, 5.75, 7.5], "texture": "#5"},
				"east": {"uv": [5.75, 6.75, 5.625, 7.5], "texture": "#5"},
				"south": {"uv": [5.625, 6.75, 5.75, 7.5], "texture": "#5"},
				"west": {"uv": [5.625, 6.75, 5.75, 7.5], "texture": "#5"},
				"up": {"uv": [5.625, 6.75, 5.75, 6.875], "rotation": 90, "texture": "#5"},
				"down": {"uv": [5.625, 7.375, 5.75, 7.5], "rotation": 270, "texture": "#5"}
			}
		},
		{
			"name": "barrier_13",
			"from": [4.61638, 6.25444, 8.25938],
			"to": [5.56488, 7.15144, 10.05338],
			"rotation": {"angle": 0, "axis": "y", "origin": [10.95063, 10.87181, -6.6575]},
			"faces": {
				"north": {"uv": [5.125, 7.25, 5.25, 7.5], "texture": "#5"},
				"east": {"uv": [5.625, 7.25, 5.125, 7.5], "texture": "#5"},
				"south": {"uv": [5.5, 7.25, 5.625, 7.5], "texture": "#5"},
				"west": {"uv": [5.125, 7.25, 5.625, 7.5], "texture": "#5"},
				"up": {"uv": [5.125, 7.25, 5.625, 7.375], "rotation": 90, "texture": "#5"},
				"down": {"uv": [5.125, 7.375, 5.625, 7.5], "rotation": 270, "texture": "#5"}
			}
		},
		{
			"name": "barrier_14",
			"from": [4.61638, 7.15144, 8.25938],
			"to": [5.56488, 8.04844, 10.05338],
			"rotation": {"angle": 0, "axis": "y", "origin": [10.95063, 10.76881, -6.6575]},
			"faces": {
				"north": {"uv": [5.125, 7.25, 5.25, 7.5], "texture": "#5"},
				"east": {"uv": [5.625, 7.25, 5.125, 7.5], "texture": "#5"},
				"south": {"uv": [5.5, 7.25, 5.625, 7.5], "texture": "#5"},
				"west": {"uv": [5.125, 7.25, 5.625, 7.5], "texture": "#5"},
				"up": {"uv": [5.125, 7.25, 5.625, 7.375], "rotation": 90, "texture": "#5"},
				"down": {"uv": [5.125, 7.375, 5.625, 7.5], "rotation": 270, "texture": "#5"}
			}
		},
		{
			"name": "barrier_15",
			"from": [4.61638, 8.04844, 8.25938],
			"to": [5.56488, 8.94544, 10.05338],
			"rotation": {"angle": 0, "axis": "y", "origin": [10.95063, -6.67194, -6.6575]},
			"faces": {
				"north": {"uv": [5.125, 7.5, 5.25, 7.25], "texture": "#5"},
				"east": {"uv": [5.625, 7.5, 5.125, 7.25], "texture": "#5"},
				"south": {"uv": [5.5, 7.5, 5.625, 7.25], "texture": "#5"},
				"west": {"uv": [5.125, 7.5, 5.625, 7.25], "texture": "#5"},
				"up": {"uv": [5.625, 7.375, 5.125, 7.5], "rotation": 270, "texture": "#5"},
				"down": {"uv": [5.625, 7.25, 5.125, 7.375], "rotation": 90, "texture": "#5"}
			}
		},
		{
			"name": "barrier_14",
			"from": [4.61638, 5.35744, 6.46538],
			"to": [5.56488, 5.80594, 6.91388],
			"rotation": {"angle": 0, "axis": "y", "origin": [10.95063, 10.87181, -6.6575]},
			"faces": {
				"north": {"uv": [4.625, 7.625, 4.75, 7.75], "texture": "#5"},
				"east": {"uv": [4.75, 7.625, 4.625, 7.75], "texture": "#5"},
				"south": {"uv": [4.625, 7.625, 4.75, 7.75], "texture": "#5"},
				"west": {"uv": [4.625, 7.625, 4.75, 7.75], "texture": "#5"},
				"up": {"uv": [4.625, 7.625, 4.75, 7.75], "rotation": 90, "texture": "#5"},
				"down": {"uv": [4.625, 7.625, 4.75, 7.75], "rotation": 270, "texture": "#5"}
			}
		},
		{
			"name": "barrier_15",
			"from": [4.61638, 5.35744, 7.81088],
			"to": [5.56488, 5.80594, 10.50188],
			"rotation": {"angle": 0, "axis": "y", "origin": [10.95063, 10.87181, -6.6575]},
			"faces": {
				"north": {"uv": [5, 7.625, 5.125, 7.75], "texture": "#5"},
				"east": {"uv": [5.75, 7.625, 5, 7.75], "texture": "#5"},
				"south": {"uv": [5.625, 7.625, 5.75, 7.75], "texture": "#5"},
				"west": {"uv": [5, 7.625, 5.75, 7.75], "texture": "#5"},
				"up": {"uv": [5, 7.625, 5.75, 7.75], "rotation": 90, "texture": "#5"},
				"down": {"uv": [5, 7.625, 5.75, 7.75], "rotation": 270, "texture": "#5"}
			}
		},
		{
			"name": "barrier_16",
			"from": [4.61638, 5.35744, 11.39888],
			"to": [5.56488, 5.80594, 11.84738],
			"rotation": {"angle": 0, "axis": "y", "origin": [10.95063, 10.87181, -6.6575]},
			"faces": {
				"north": {"uv": [6, 7.625, 6.125, 7.75], "texture": "#5"},
				"east": {"uv": [6.125, 7.625, 6, 7.75], "texture": "#5"},
				"south": {"uv": [6, 7.625, 6.125, 7.75], "texture": "#5"},
				"west": {"uv": [6, 7.625, 6.125, 7.75], "texture": "#5"},
				"up": {"uv": [6, 7.625, 6.125, 7.75], "rotation": 90, "texture": "#5"},
				"down": {"uv": [6, 7.625, 6.125, 7.75], "rotation": 270, "texture": "#5"}
			}
		},
		{
			"name": "barrier_3",
			"from": [4.8605, 10.07419, 7.36387],
			"to": [11.1395, 11.02269, 8.26087],
			"rotation": {"angle": 0, "axis": "z", "origin": [8, 2.04844, 7.93213]},
			"faces": {
				"north": {"uv": [6.5, 7.875, 6.375, 6.125], "rotation": 90, "texture": "#5"},
				"east": {"uv": [6.625, 6.25, 6.375, 6.125], "texture": "#5"},
				"south": {"uv": [6.625, 7.875, 6.5, 6.125], "rotation": 270, "texture": "#5"},
				"west": {"uv": [6.625, 7.875, 6.375, 7.75], "rotation": 180, "texture": "#5"},
				"up": {"uv": [6.625, 7.875, 6.375, 6.125], "rotation": 270, "texture": "#5"},
				"down": {"uv": [6.375, 7.875, 6.625, 6.125], "rotation": 270, "texture": "#5"}
			}
		},
		{
			"name": "barrier_4",
			"from": [4.8605, 10.07419, 10.95187],
			"to": [11.1395, 11.02269, 11.84887],
			"rotation": {"angle": 0, "axis": "z", "origin": [8, 2.04844, 7.93213]},
			"faces": {
				"north": {"uv": [7.5, 7.875, 7.375, 6.125], "rotation": 90, "texture": "#5"},
				"east": {"uv": [7.625, 6.25, 7.375, 6.125], "texture": "#5"},
				"south": {"uv": [7.625, 7.875, 7.5, 6.125], "rotation": 270, "texture": "#5"},
				"west": {"uv": [7.625, 7.875, 7.375, 7.75], "rotation": 180, "texture": "#5"},
				"up": {"uv": [7.625, 7.875, 7.375, 6.125], "rotation": 270, "texture": "#5"},
				"down": {"uv": [7.375, 7.875, 7.625, 6.125], "rotation": 270, "texture": "#5"}
			}
		},
		{
			"name": "barrier_2",
			"from": [4.412, 10.07419, 6.46688],
			"to": [11.588, 11.02269, 6.91538],
			"rotation": {"angle": 0, "axis": "z", "origin": [8, 2.04844, 7.93213]},
			"faces": {
				"north": {"uv": [4.625, 8, 4.5, 6], "rotation": 90, "texture": "#5"},
				"east": {"uv": [4.625, 6.125, 4.5, 6], "texture": "#5"},
				"south": {"uv": [4.625, 8, 4.5, 6], "rotation": 270, "texture": "#5"},
				"west": {"uv": [4.625, 8, 4.5, 7.875], "rotation": 180, "texture": "#5"},
				"up": {"uv": [4.625, 8, 4.5, 6], "rotation": 270, "texture": "#5"},
				"down": {"uv": [4.5, 8, 4.625, 6], "rotation": 270, "texture": "#5"}
			}
		},
		{
			"name": "barrier_5",
			"from": [10.2425, 10.07419, 6.91538],
			"to": [10.691, 11.02269, 7.36388],
			"rotation": {"angle": 0, "axis": "z", "origin": [8, 2.04844, 7.93213]},
			"faces": {
				"north": {"uv": [4.75, 6.375, 4.625, 6.25], "rotation": 90, "texture": "#5"},
				"east": {"uv": [4.75, 6.375, 4.625, 6.25], "texture": "#5"},
				"south": {"uv": [4.75, 6.375, 4.625, 6.25], "rotation": 270, "texture": "#5"},
				"west": {"uv": [4.75, 6.375, 4.625, 6.25], "rotation": 180, "texture": "#5"},
				"up": {"uv": [4.75, 6.375, 4.625, 6.25], "rotation": 270, "texture": "#5"},
				"down": {"uv": [4.625, 6.375, 4.75, 6.25], "rotation": 270, "texture": "#5"}
			}
		},
		{
			"name": "barrier_6",
			"from": [10.2425, 10.07419, 8.26088],
			"to": [10.691, 11.02269, 10.95188],
			"rotation": {"angle": 0, "axis": "z", "origin": [8, 2.04844, 7.93213]},
			"faces": {
				"north": {"uv": [5.125, 6.375, 5, 6.25], "rotation": 90, "texture": "#5"},
				"east": {"uv": [5.75, 6.375, 5, 6.25], "texture": "#5"},
				"south": {"uv": [5.75, 6.375, 5.625, 6.25], "rotation": 270, "texture": "#5"},
				"west": {"uv": [5.75, 6.375, 5, 6.25], "rotation": 180, "texture": "#5"},
				"up": {"uv": [5.75, 6.375, 5, 6.25], "rotation": 270, "texture": "#5"},
				"down": {"uv": [5, 6.375, 5.75, 6.25], "rotation": 270, "texture": "#5"}
			}
		},
		{
			"name": "barrier_7",
			"from": [10.2425, 10.07419, 11.84888],
			"to": [10.691, 11.02269, 12.29738],
			"rotation": {"angle": 0, "axis": "z", "origin": [8, 2.04844, 7.93213]},
			"faces": {
				"north": {"uv": [6.125, 6.375, 6, 6.25], "rotation": 90, "texture": "#5"},
				"east": {"uv": [6.125, 6.375, 6, 6.25], "texture": "#5"},
				"south": {"uv": [6.125, 6.375, 6, 6.25], "rotation": 270, "texture": "#5"},
				"west": {"uv": [6.125, 6.375, 6, 6.25], "rotation": 180, "texture": "#5"},
				"up": {"uv": [6.125, 6.375, 6, 6.25], "rotation": 270, "texture": "#5"},
				"down": {"uv": [6, 6.375, 6.125, 6.25], "rotation": 270, "texture": "#5"}
			}
		},
		{
			"name": "barrier_10",
			"from": [8.897, 10.07419, 8.26088],
			"to": [9.794, 11.02269, 10.95188],
			"rotation": {"angle": 0, "axis": "z", "origin": [8, 2.04844, 7.93213]},
			"faces": {
				"north": {"uv": [5.125, 6.75, 5, 6.5], "rotation": 90, "texture": "#5"},
				"east": {"uv": [5.75, 6.625, 5, 6.5], "texture": "#5"},
				"south": {"uv": [5.75, 6.75, 5.625, 6.5], "rotation": 270, "texture": "#5"},
				"west": {"uv": [5.75, 6.75, 5, 6.625], "rotation": 180, "texture": "#5"},
				"up": {"uv": [5.75, 6.75, 5, 6.5], "rotation": 270, "texture": "#5"},
				"down": {"uv": [5, 6.75, 5.75, 6.5], "rotation": 270, "texture": "#5"}
			}
		},
		{
			"name": "barrier_11",
			"from": [6.206, 10.07419, 8.26088],
			"to": [8.897, 11.02269, 8.70938],
			"rotation": {"angle": 0, "axis": "z", "origin": [8, 2.04844, 7.93213]},
			"faces": {
				"north": {"uv": [5.125, 7.5, 5, 6.75], "rotation": 90, "texture": "#5"},
				"east": {"uv": [5.125, 6.875, 5, 6.75], "texture": "#5"},
				"south": {"uv": [5.125, 7.5, 5, 6.75], "rotation": 270, "texture": "#5"},
				"west": {"uv": [5.125, 7.5, 5, 7.375], "rotation": 180, "texture": "#5"},
				"up": {"uv": [5.125, 7.5, 5, 6.75], "rotation": 270, "texture": "#5"},
				"down": {"uv": [5, 7.5, 5.125, 6.75], "rotation": 270, "texture": "#5"}
			}
		},
		{
			"name": "barrier_12",
			"from": [6.206, 10.07419, 10.50338],
			"to": [8.897, 11.02269, 10.95188],
			"rotation": {"angle": 0, "axis": "z", "origin": [8, 2.04844, 7.93213]},
			"faces": {
				"north": {"uv": [5.75, 7.5, 5.625, 6.75], "rotation": 90, "texture": "#5"},
				"east": {"uv": [5.75, 6.875, 5.625, 6.75], "texture": "#5"},
				"south": {"uv": [5.75, 7.5, 5.625, 6.75], "rotation": 270, "texture": "#5"},
				"west": {"uv": [5.75, 7.5, 5.625, 7.375], "rotation": 180, "texture": "#5"},
				"up": {"uv": [5.75, 7.5, 5.625, 6.75], "rotation": 270, "texture": "#5"},
				"down": {"uv": [5.625, 7.5, 5.75, 6.75], "rotation": 270, "texture": "#5"}
			}
		},
		{
			"name": "barrier_14",
			"from": [6.206, 10.07419, 8.70938],
			"to": [7.103, 11.02269, 10.50338],
			"rotation": {"angle": 0, "axis": "z", "origin": [8, 2.04844, 7.93213]},
			"faces": {
				"north": {"uv": [5.25, 7.5, 5.125, 7.25], "rotation": 90, "texture": "#5"},
				"east": {"uv": [5.625, 7.375, 5.125, 7.25], "texture": "#5"},
				"south": {"uv": [5.625, 7.5, 5.5, 7.25], "rotation": 270, "texture": "#5"},
				"west": {"uv": [5.625, 7.5, 5.125, 7.375], "rotation": 180, "texture": "#5"},
				"up": {"uv": [5.625, 7.5, 5.125, 7.25], "rotation": 270, "texture": "#5"},
				"down": {"uv": [5.125, 7.5, 5.625, 7.25], "rotation": 270, "texture": "#5"}
			}
		},
		{
			"name": "barrier_15",
			"from": [7.103, 10.07419, 8.70938],
			"to": [8, 11.02269, 10.50338],
			"rotation": {"angle": 0, "axis": "z", "origin": [8, 2.04844, 7.93213]},
			"faces": {
				"north": {"uv": [5.25, 7.5, 5.125, 7.25], "rotation": 90, "texture": "#5"},
				"east": {"uv": [5.625, 7.375, 5.125, 7.25], "texture": "#5"},
				"south": {"uv": [5.625, 7.5, 5.5, 7.25], "rotation": 270, "texture": "#5"},
				"west": {"uv": [5.625, 7.5, 5.125, 7.375], "rotation": 180, "texture": "#5"},
				"up": {"uv": [5.625, 7.5, 5.125, 7.25], "rotation": 270, "texture": "#5"},
				"down": {"uv": [5.125, 7.5, 5.625, 7.25], "rotation": 270, "texture": "#5"}
			}
		},
		{
			"name": "barrier_16",
			"from": [8, 10.07419, 8.70938],
			"to": [8.897, 11.02269, 10.50338],
			"rotation": {"angle": 0, "axis": "z", "origin": [8, 2.04844, 7.93213]},
			"faces": {
				"north": {"uv": [5.25, 7.25, 5.125, 7.5], "rotation": 90, "texture": "#5"},
				"east": {"uv": [5.125, 7.5, 5.625, 7.375], "rotation": 180, "texture": "#5"},
				"south": {"uv": [5.625, 7.25, 5.5, 7.5], "rotation": 270, "texture": "#5"},
				"west": {"uv": [5.125, 7.375, 5.625, 7.25], "texture": "#5"},
				"up": {"uv": [5.625, 7.25, 5.125, 7.5], "rotation": 270, "texture": "#5"},
				"down": {"uv": [5.125, 7.25, 5.625, 7.5], "rotation": 270, "texture": "#5"}
			}
		},
		{
			"name": "barrier_15",
			"from": [5.309, 10.07419, 6.91538],
			"to": [5.7575, 11.02269, 7.36388],
			"rotation": {"angle": 0, "axis": "z", "origin": [8, 2.04844, 7.93213]},
			"faces": {
				"north": {"uv": [4.75, 7.75, 4.625, 7.625], "rotation": 90, "texture": "#5"},
				"east": {"uv": [4.75, 7.75, 4.625, 7.625], "texture": "#5"},
				"south": {"uv": [4.75, 7.75, 4.625, 7.625], "rotation": 270, "texture": "#5"},
				"west": {"uv": [4.75, 7.75, 4.625, 7.625], "rotation": 180, "texture": "#5"},
				"up": {"uv": [4.75, 7.75, 4.625, 7.625], "rotation": 270, "texture": "#5"},
				"down": {"uv": [4.625, 7.75, 4.75, 7.625], "rotation": 270, "texture": "#5"}
			}
		},
		{
			"name": "barrier_16",
			"from": [5.309, 10.07419, 8.26088],
			"to": [5.7575, 11.02269, 10.95188],
			"rotation": {"angle": 0, "axis": "z", "origin": [8, 2.04844, 7.93213]},
			"faces": {
				"north": {"uv": [5.125, 7.75, 5, 7.625], "rotation": 90, "texture": "#5"},
				"east": {"uv": [5.75, 7.75, 5, 7.625], "texture": "#5"},
				"south": {"uv": [5.75, 7.75, 5.625, 7.625], "rotation": 270, "texture": "#5"},
				"west": {"uv": [5.75, 7.75, 5, 7.625], "rotation": 180, "texture": "#5"},
				"up": {"uv": [5.75, 7.75, 5, 7.625], "rotation": 270, "texture": "#5"},
				"down": {"uv": [5, 7.75, 5.75, 7.625], "rotation": 270, "texture": "#5"}
			}
		},
		{
			"name": "barrier_17",
			"from": [5.309, 10.07419, 11.84888],
			"to": [5.7575, 11.02269, 12.29738],
			"rotation": {"angle": 0, "axis": "z", "origin": [8, 2.04844, 7.93213]},
			"faces": {
				"north": {"uv": [6.125, 7.75, 6, 7.625], "rotation": 90, "texture": "#5"},
				"east": {"uv": [6.125, 7.75, 6, 7.625], "texture": "#5"},
				"south": {"uv": [6.125, 7.75, 6, 7.625], "rotation": 270, "texture": "#5"},
				"west": {"uv": [6.125, 7.75, 6, 7.625], "rotation": 180, "texture": "#5"},
				"up": {"uv": [6.125, 7.75, 6, 7.625], "rotation": 270, "texture": "#5"},
				"down": {"uv": [6, 7.75, 6.125, 7.625], "rotation": 270, "texture": "#5"}
			}
		},
		{
			"name": "barrier_4",
			"from": [4.8605, 4.97731, 7.36387],
			"to": [11.1395, 5.92581, 8.26087],
			"rotation": {"angle": 0, "axis": "z", "origin": [8, 13.95156, 7.93213]},
			"faces": {
				"north": {"uv": [6.375, 7.875, 6.5, 6.125], "rotation": 90, "texture": "#5"},
				"east": {"uv": [6.625, 6.125, 6.375, 6.25], "texture": "#5"},
				"south": {"uv": [6.5, 7.875, 6.625, 6.125], "rotation": 270, "texture": "#5"},
				"west": {"uv": [6.625, 7.75, 6.375, 7.875], "rotation": 180, "texture": "#5"},
				"up": {"uv": [6.625, 7.875, 6.375, 6.125], "rotation": 270, "texture": "#5"},
				"down": {"uv": [6.375, 7.875, 6.625, 6.125], "rotation": 270, "texture": "#5"}
			}
		},
		{
			"name": "barrier_5",
			"from": [4.8605, 4.97731, 10.95187],
			"to": [11.1395, 5.92581, 11.84887],
			"rotation": {"angle": 0, "axis": "z", "origin": [8, 13.95156, 7.93213]},
			"faces": {
				"north": {"uv": [7.375, 7.875, 7.5, 6.125], "rotation": 90, "texture": "#5"},
				"east": {"uv": [7.625, 6.125, 7.375, 6.25], "texture": "#5"},
				"south": {"uv": [7.5, 7.875, 7.625, 6.125], "rotation": 270, "texture": "#5"},
				"west": {"uv": [7.625, 7.75, 7.375, 7.875], "rotation": 180, "texture": "#5"},
				"up": {"uv": [7.625, 7.875, 7.375, 6.125], "rotation": 270, "texture": "#5"},
				"down": {"uv": [7.375, 7.875, 7.625, 6.125], "rotation": 270, "texture": "#5"}
			}
		},
		{
			"name": "barrier_3",
			"from": [4.412, 4.97731, 6.46688],
			"to": [11.588, 5.92581, 6.91538],
			"rotation": {"angle": 0, "axis": "z", "origin": [8, 13.95156, 7.93213]},
			"faces": {
				"north": {"uv": [4.5, 8, 4.625, 6], "rotation": 90, "texture": "#5"},
				"east": {"uv": [4.625, 6, 4.5, 6.125], "texture": "#5"},
				"south": {"uv": [4.5, 8, 4.625, 6], "rotation": 270, "texture": "#5"},
				"west": {"uv": [4.625, 7.875, 4.5, 8], "rotation": 180, "texture": "#5"},
				"up": {"uv": [4.625, 8, 4.5, 6], "rotation": 270, "texture": "#5"},
				"down": {"uv": [4.5, 8, 4.625, 6], "rotation": 270, "texture": "#5"}
			}
		},
		{
			"name": "barrier_6",
			"from": [10.2425, 4.97731, 6.91538],
			"to": [10.691, 5.92581, 7.36388],
			"rotation": {"angle": 0, "axis": "z", "origin": [8, 13.95156, 7.93213]},
			"faces": {
				"north": {"uv": [4.625, 6.375, 4.75, 6.25], "rotation": 90, "texture": "#5"},
				"east": {"uv": [4.75, 6.25, 4.625, 6.375], "texture": "#5"},
				"south": {"uv": [4.625, 6.375, 4.75, 6.25], "rotation": 270, "texture": "#5"},
				"west": {"uv": [4.75, 6.25, 4.625, 6.375], "rotation": 180, "texture": "#5"},
				"up": {"uv": [4.75, 6.375, 4.625, 6.25], "rotation": 270, "texture": "#5"},
				"down": {"uv": [4.625, 6.375, 4.75, 6.25], "rotation": 270, "texture": "#5"}
			}
		},
		{
			"name": "barrier_7",
			"from": [10.2425, 4.97731, 8.26088],
			"to": [10.691, 5.92581, 10.95188],
			"rotation": {"angle": 0, "axis": "z", "origin": [8, 13.95156, 7.93213]},
			"faces": {
				"north": {"uv": [5, 6.375, 5.125, 6.25], "rotation": 90, "texture": "#5"},
				"east": {"uv": [5.75, 6.25, 5, 6.375], "texture": "#5"},
				"south": {"uv": [5.625, 6.375, 5.75, 6.25], "rotation": 270, "texture": "#5"},
				"west": {"uv": [5.75, 6.25, 5, 6.375], "rotation": 180, "texture": "#5"},
				"up": {"uv": [5.75, 6.375, 5, 6.25], "rotation": 270, "texture": "#5"},
				"down": {"uv": [5, 6.375, 5.75, 6.25], "rotation": 270, "texture": "#5"}
			}
		},
		{
			"name": "barrier_8",
			"from": [10.2425, 4.97731, 11.84888],
			"to": [10.691, 5.92581, 12.29738],
			"rotation": {"angle": 0, "axis": "z", "origin": [8, 13.95156, 7.93213]},
			"faces": {
				"north": {"uv": [6, 6.375, 6.125, 6.25], "rotation": 90, "texture": "#5"},
				"east": {"uv": [6.125, 6.25, 6, 6.375], "texture": "#5"},
				"south": {"uv": [6, 6.375, 6.125, 6.25], "rotation": 270, "texture": "#5"},
				"west": {"uv": [6.125, 6.25, 6, 6.375], "rotation": 180, "texture": "#5"},
				"up": {"uv": [6.125, 6.375, 6, 6.25], "rotation": 270, "texture": "#5"},
				"down": {"uv": [6, 6.375, 6.125, 6.25], "rotation": 270, "texture": "#5"}
			}
		},
		{
			"name": "barrier_11",
			"from": [8.897, 4.97731, 8.26088],
			"to": [9.794, 5.92581, 10.95188],
			"rotation": {"angle": 0, "axis": "z", "origin": [8, 13.95156, 7.93213]},
			"faces": {
				"north": {"uv": [5, 6.75, 5.125, 6.5], "rotation": 90, "texture": "#5"},
				"east": {"uv": [5.75, 6.5, 5, 6.625], "texture": "#5"},
				"south": {"uv": [5.625, 6.75, 5.75, 6.5], "rotation": 270, "texture": "#5"},
				"west": {"uv": [5.75, 6.625, 5, 6.75], "rotation": 180, "texture": "#5"},
				"up": {"uv": [5.75, 6.75, 5, 6.5], "rotation": 270, "texture": "#5"},
				"down": {"uv": [5, 6.75, 5.75, 6.5], "rotation": 270, "texture": "#5"}
			}
		},
		{
			"name": "barrier_12",
			"from": [6.206, 4.97731, 8.26088],
			"to": [8.897, 5.92581, 8.70938],
			"rotation": {"angle": 0, "axis": "z", "origin": [8, 13.95156, 7.93213]},
			"faces": {
				"north": {"uv": [5, 7.5, 5.125, 6.75], "rotation": 90, "texture": "#5"},
				"east": {"uv": [5.125, 6.75, 5, 6.875], "texture": "#5"},
				"south": {"uv": [5, 7.5, 5.125, 6.75], "rotation": 270, "texture": "#5"},
				"west": {"uv": [5.125, 7.375, 5, 7.5], "rotation": 180, "texture": "#5"},
				"up": {"uv": [5.125, 7.5, 5, 6.75], "rotation": 270, "texture": "#5"},
				"down": {"uv": [5, 7.5, 5.125, 6.75], "rotation": 270, "texture": "#5"}
			}
		},
		{
			"name": "barrier_13",
			"from": [6.206, 4.97731, 10.50338],
			"to": [8.897, 5.92581, 10.95188],
			"rotation": {"angle": 0, "axis": "z", "origin": [8, 13.95156, 7.93213]},
			"faces": {
				"north": {"uv": [5.625, 7.5, 5.75, 6.75], "rotation": 90, "texture": "#5"},
				"east": {"uv": [5.75, 6.75, 5.625, 6.875], "texture": "#5"},
				"south": {"uv": [5.625, 7.5, 5.75, 6.75], "rotation": 270, "texture": "#5"},
				"west": {"uv": [5.75, 7.375, 5.625, 7.5], "rotation": 180, "texture": "#5"},
				"up": {"uv": [5.75, 7.5, 5.625, 6.75], "rotation": 270, "texture": "#5"},
				"down": {"uv": [5.625, 7.5, 5.75, 6.75], "rotation": 270, "texture": "#5"}
			}
		},
		{
			"name": "barrier_15",
			"from": [6.206, 4.97731, 8.70938],
			"to": [7.103, 5.92581, 10.50338],
			"rotation": {"angle": 0, "axis": "z", "origin": [8, 13.95156, 7.93213]},
			"faces": {
				"north": {"uv": [5.125, 7.5, 5.25, 7.25], "rotation": 90, "texture": "#5"},
				"east": {"uv": [5.625, 7.25, 5.125, 7.375], "texture": "#5"},
				"south": {"uv": [5.5, 7.5, 5.625, 7.25], "rotation": 270, "texture": "#5"},
				"west": {"uv": [5.625, 7.375, 5.125, 7.5], "rotation": 180, "texture": "#5"},
				"up": {"uv": [5.625, 7.5, 5.125, 7.25], "rotation": 270, "texture": "#5"},
				"down": {"uv": [5.125, 7.5, 5.625, 7.25], "rotation": 270, "texture": "#5"}
			}
		},
		{
			"name": "barrier_16",
			"from": [7.103, 4.97731, 8.70938],
			"to": [8, 5.92581, 10.50338],
			"rotation": {"angle": 0, "axis": "z", "origin": [8, 13.95156, 7.93213]},
			"faces": {
				"north": {"uv": [5.125, 7.5, 5.25, 7.25], "rotation": 90, "texture": "#5"},
				"east": {"uv": [5.625, 7.25, 5.125, 7.375], "texture": "#5"},
				"south": {"uv": [5.5, 7.5, 5.625, 7.25], "rotation": 270, "texture": "#5"},
				"west": {"uv": [5.625, 7.375, 5.125, 7.5], "rotation": 180, "texture": "#5"},
				"up": {"uv": [5.625, 7.5, 5.125, 7.25], "rotation": 270, "texture": "#5"},
				"down": {"uv": [5.125, 7.5, 5.625, 7.25], "rotation": 270, "texture": "#5"}
			}
		},
		{
			"name": "barrier_17",
			"from": [8, 4.97731, 8.70938],
			"to": [8.897, 5.92581, 10.50338],
			"rotation": {"angle": 0, "axis": "z", "origin": [8, 13.95156, 7.93213]},
			"faces": {
				"north": {"uv": [5.125, 7.25, 5.25, 7.5], "rotation": 90, "texture": "#5"},
				"east": {"uv": [5.125, 7.375, 5.625, 7.5], "rotation": 180, "texture": "#5"},
				"south": {"uv": [5.5, 7.25, 5.625, 7.5], "rotation": 270, "texture": "#5"},
				"west": {"uv": [5.125, 7.25, 5.625, 7.375], "texture": "#5"},
				"up": {"uv": [5.625, 7.25, 5.125, 7.5], "rotation": 270, "texture": "#5"},
				"down": {"uv": [5.125, 7.25, 5.625, 7.5], "rotation": 270, "texture": "#5"}
			}
		},
		{
			"name": "barrier_16",
			"from": [5.309, 4.97731, 6.91538],
			"to": [5.7575, 5.92581, 7.36388],
			"rotation": {"angle": 0, "axis": "z", "origin": [8, 13.95156, 7.93213]},
			"faces": {
				"north": {"uv": [4.625, 7.75, 4.75, 7.625], "rotation": 90, "texture": "#5"},
				"east": {"uv": [4.75, 7.625, 4.625, 7.75], "texture": "#5"},
				"south": {"uv": [4.625, 7.75, 4.75, 7.625], "rotation": 270, "texture": "#5"},
				"west": {"uv": [4.75, 7.625, 4.625, 7.75], "rotation": 180, "texture": "#5"},
				"up": {"uv": [4.75, 7.75, 4.625, 7.625], "rotation": 270, "texture": "#5"},
				"down": {"uv": [4.625, 7.75, 4.75, 7.625], "rotation": 270, "texture": "#5"}
			}
		},
		{
			"name": "barrier_17",
			"from": [5.309, 4.97731, 8.26088],
			"to": [5.7575, 5.92581, 10.95188],
			"rotation": {"angle": 0, "axis": "z", "origin": [8, 13.95156, 7.93213]},
			"faces": {
				"north": {"uv": [5, 7.75, 5.125, 7.625], "rotation": 90, "texture": "#5"},
				"east": {"uv": [5.75, 7.625, 5, 7.75], "texture": "#5"},
				"south": {"uv": [5.625, 7.75, 5.75, 7.625], "rotation": 270, "texture": "#5"},
				"west": {"uv": [5.75, 7.625, 5, 7.75], "rotation": 180, "texture": "#5"},
				"up": {"uv": [5.75, 7.75, 5, 7.625], "rotation": 270, "texture": "#5"},
				"down": {"uv": [5, 7.75, 5.75, 7.625], "rotation": 270, "texture": "#5"}
			}
		},
		{
			"name": "barrier_18",
			"from": [5.309, 4.97731, 11.84888],
			"to": [5.7575, 5.92581, 12.29738],
			"rotation": {"angle": 0, "axis": "z", "origin": [8, 13.95156, 7.93213]},
			"faces": {
				"north": {"uv": [6, 7.75, 6.125, 7.625], "rotation": 90, "texture": "#5"},
				"east": {"uv": [6.125, 7.625, 6, 7.75], "texture": "#5"},
				"south": {"uv": [6, 7.75, 6.125, 7.625], "rotation": 270, "texture": "#5"},
				"west": {"uv": [6.125, 7.625, 6, 7.75], "rotation": 180, "texture": "#5"},
				"up": {"uv": [6.125, 7.75, 6, 7.625], "rotation": 270, "texture": "#5"},
				"down": {"uv": [6, 7.75, 6.125, 7.625], "rotation": 270, "texture": "#5"}
			}
		}
	],
	"display": {
		"thirdperson_righthand": {
			"scale": [0, 0, 0]
		},
		"thirdperson_lefthand": {
			"scale": [0, 0, 0]
		},
		"firstperson_righthand": {
			"rotation": [-24.94, 4.86, -4.83],
			"translation": [2.5, 6.0, -4.5]
		},
		"firstperson_lefthand": {
			"scale": [0, 0, 0]
		},
		"ground": {
			"scale": [0, 0, 0]
		},
		"gui": {
			"scale": [0, 0, 0]
		}
	},
	"groups": [
		{
			"name": "group",
			"origin": [0.2375, 6, 0],
			"color": 0,
			"nbt": "{}",
			"children": [0, 1]
		},
		{
			"name": "barrier",
			"origin": [8, 8, 8],
			"color": 0,
			"nbt": "{}",
			"children": [
				2,
				3,
				{
					"name": "group",
					"origin": [7.46875, 6.84375, 0.0625],
					"color": 0,
					"nbt": "{}",
					"children": [
						{
							"name": "group",
							"origin": [7.46875, 6.84375, 0.0625],
							"color": 0,
							"nbt": "{}",
							"children": [4, 5]
						},
						6,
						7,
						8,
						9,
						10,
						11,
						12,
						13,
						14,
						15,
						16
					]
				},
				{
					"name": "group",
					"origin": [7.46875, 6.84375, 0.0625],
					"color": 0,
					"nbt": "{}",
					"children": [
						{
							"name": "group",
							"origin": [7.46875, 6.84375, 0.0625],
							"color": 0,
							"nbt": "{}",
							"children": [17, 18]
						},
						19,
						20,
						21,
						22,
						23,
						24,
						25,
						26,
						27,
						28,
						29,
						30,
						31
					]
				},
				{
					"name": "group",
					"origin": [4.55938, 6.84375, 0.0625],
					"color": 0,
					"nbt": "{}",
					"children": [
						{
							"name": "group",
							"origin": [4.55938, 6.84375, 0.0625],
							"color": 0,
							"nbt": "{}",
							"children": [32, 33]
						},
						34,
						35,
						36,
						37,
						38,
						39,
						40,
						41,
						42,
						43,
						44,
						45,
						46
					]
				},
				{
					"name": "group",
					"origin": [4.55938, 6.84375, 0.0625],
					"color": 0,
					"nbt": "{}",
					"children": [
						{
							"name": "group",
							"origin": [4.55938, 6.84375, 0.0625],
							"color": 0,
							"nbt": "{}",
							"children": [47, 48]
						},
						49,
						50,
						51,
						52,
						53,
						54,
						55,
						56,
						57,
						58,
						59,
						60,
						61
					]
				}
			]
		}
	]
}