{
	"textures": {
		"0": "minecraft:ajplayerarmor/defender",
		"12": "minecraft:ajplayerarmor/steve"
	},
	"elements": [
		{
			"from": [
				5.75,
				-2.25,
				5.75
			],
			"to": [
				10.25,
				10.25,
				10.25
			],
			"faces": {
				"north": {
					"uv": [
						12,
						1,
						11,
						4
					],
					"texture": "#0"
				},
				"east": {
					"uv": [
						13,
						1,
						12,
						4
					],
					"texture": "#0"
				},
				"south": {
					"uv": [
						14,
						1,
						13,
						4
					],
					"texture": "#0"
				},
				"west": {
					"uv": [
						11,
						1,
						10,
						4
					],
					"texture": "#0"
				},
				"up": {
					"uv": [
						11,
						1,
						12,
						0
					],
					"texture": "#0"
				},
				"down": {
					"uv": [
						12,
						0,
						13,
						1
					],
					"texture": "#0"
				}
			}
		},
		{
			"from": [
				6,
				-2,
				6
			],
			"to": [
				10,
				10,
				10
			],
			"faces": {
				"north": {
					"uv": [
						10,
						13,
						9,
						16
					],
					"texture": "#12"
				},
				"east": {
					"uv": [
						11,
						13,
						10,
						16
					],
					"texture": "#12"
				},
				"south": {
					"uv": [
						12,
						13,
						11,
						16
					],
					"texture": "#12"
				},
				"west": {
					"uv": [
						9,
						13,
						8,
						16
					],
					"texture": "#12"
				},
				"up": {
					"uv": [
						9,
						13,
						10,
						12
					],
					"texture": "#12"
				},
				"down": {
					"uv": [
						10,
						12,
						11,
						13
					],
					"texture": "#12"
				}
			}
		}
	],
	"display": {
		"head": {
			"rotation": [
				0,
				180,
				0
			]
		}
	}
}