{
	"textures": {
		"14": "minecraft:custom/other/voidball"
	},
	"elements": [
		{
			"from": [
				8.67,
				8.67,
				10.344999999999999
			],
			"to": [
				7.33,
				7.33,
				9.675
			],
			"rotation": {
				"angle": 0,
				"axis": "y",
				"origin": [
					8,
					6.66,
					6.994999999999999
				]
			},
			"faces": {
				"north": {
					"uv": [
						8,
						4.5,
						8.5,
						5
					],
					"texture": "#14"
				},
				"east": {
					"uv": [
						6,
						5,
						6.75,
						5.5
					],
					"texture": "#14"
				},
				"south": {
					"uv": [
						5,
						8,
						5.5,
						8.5
					],
					"texture": "#14"
				},
				"west": {
					"uv": [
						6,
						5.5,
						6.75,
						6
					],
					"texture": "#14"
				},
				"up": {
					"uv": [
						8.5,
						3.75,
						8,
						3
					],
					"texture": "#14"
				},
				"down": {
					"uv": [
						8.5,
						3.75,
						8,
						4.5
					],
					"texture": "#14"
				}
			}
		},
		{
			"from": [
				10.68,
				10.68,
				9.675
			],
			"to": [
				5.32,
				5.32,
				4.3149999999999995
			],
			"rotation": {
				"angle": 0,
				"axis": "y",
				"origin": [
					8,
					6.66,
					6.994999999999999
				]
			},
			"faces": {
				"north": {
					"uv": [
						3,
						6,
						5,
						8
					],
					"texture": "#14"
				},
				"east": {
					"uv": [
						6,
						3,
						8,
						5
					],
					"texture": "#14"
				},
				"south": {
					"uv": [
						5,
						6,
						7,
						8
					],
					"texture": "#14"
				},
				"west": {
					"uv": [
						7,
						5,
						9,
						7
					],
					"texture": "#14"
				},
				"up": {
					"uv": [
						9,
						9,
						7,
						7
					],
					"texture": "#14"
				},
				"down": {
					"uv": [
						5,
						8,
						3,
						10
					],
					"texture": "#14"
				}
			}
		},
		{
			"from": [
				12.02,
				12.02,
				11.015
			],
			"to": [
				3.9800000000000004,
				3.9800000000000004,
				2.9749999999999996
			],
			"rotation": {
				"angle": 0,
				"axis": "y",
				"origin": [
					8,
					6.66,
					6.994999999999999
				]
			},
			"faces": {
				"north": {
					"uv": [
						0,
						0,
						3,
						3
					],
					"texture": "#14"
				},
				"east": {
					"uv": [
						0,
						3,
						3,
						6
					],
					"texture": "#14"
				},
				"south": {
					"uv": [
						3,
						0,
						6,
						3
					],
					"texture": "#14"
				},
				"west": {
					"uv": [
						3,
						3,
						6,
						6
					],
					"texture": "#14"
				},
				"up": {
					"uv": [
						3,
						9,
						0,
						6
					],
					"texture": "#14"
				},
				"down": {
					"uv": [
						9,
						0,
						6,
						3
					],
					"texture": "#14"
				}
			}
		}
	],
	"display": {
		"head": {
			"rotation": [
				0,
				180,
				0
			]
		}
	}
}