{
	"textures": {
		"0": "minecraft:ajplayerarmor/defender",
		"12": "minecraft:ajplayerarmor/steve"
	},
	"elements": [
		{
			"from": [
				3.75,
				7.75,
				5.75
			],
			"to": [
				12.25,
				20.25,
				10.25
			],
			"faces": {
				"north": {
					"uv": [
						5,
						1,
						7,
						4
					],
					"texture": "#0"
				},
				"east": {
					"uv": [
						4,
						1,
						5,
						4
					],
					"texture": "#0"
				},
				"south": {
					"uv": [
						8,
						1,
						10,
						4
					],
					"texture": "#0"
				},
				"west": {
					"uv": [
						7,
						1,
						8,
						4
					],
					"texture": "#0"
				},
				"up": {
					"uv": [
						7,
						1,
						5,
						0
					],
					"texture": "#0"
				},
				"down": {
					"uv": [
						9,
						0,
						7,
						1
					],
					"texture": "#0"
				}
			}
		},
		{
			"from": [
				4.1,
				8.1,
				6.1
			],
			"to": [
				11.9,
				19.9,
				9.9
			],
			"faces": {
				"north": {
					"uv": [
						5,
						5,
						7,
						8
					],
					"texture": "#12"
				},
				"east": {
					"uv": [
						4,
						5,
						5,
						8
					],
					"texture": "#12"
				},
				"south": {
					"uv": [
						8,
						5,
						10,
						8
					],
					"texture": "#12"
				},
				"west": {
					"uv": [
						7,
						5,
						8,
						8
					],
					"texture": "#12"
				},
				"up": {
					"uv": [
						7,
						5,
						5,
						4
					],
					"texture": "#12"
				},
				"down": {
					"uv": [
						9,
						4,
						7,
						5
					],
					"texture": "#12"
				}
			}
		},
		{
			"from": [
				4,
				8,
				6
			],
			"to": [
				12,
				20,
				10
			],
			"faces": {
				"north": {
					"uv": [
						5,
						5,
						7,
						8
					],
					"texture": "#0"
				},
				"east": {
					"uv": [
						4,
						5,
						5,
						8
					],
					"texture": "#0"
				},
				"south": {
					"uv": [
						8,
						5,
						10,
						8
					],
					"texture": "#0"
				},
				"west": {
					"uv": [
						7,
						5,
						8,
						8
					],
					"texture": "#0"
				},
				"up": {
					"uv": [
						7,
						5,
						5,
						4
					],
					"texture": "#0"
				},
				"down": {
					"uv": [
						9,
						4,
						7,
						5
					],
					"texture": "#0"
				}
			}
		}
	],
	"display": {
		"head": {
			"rotation": [
				0,
				180,
				0
			]
		}
	}
}