{
	"textures": {
		"15": "minecraft:custom/entity/player/crush_ball_aoe"
	},
	"elements": [
		{
			"from": [
				0,
				7.9625,
				0
			],
			"to": [
				16,
				8.0375,
				16
			],
			"rotation": {
				"angle": 0,
				"axis": "y",
				"origin": [
					1,
					7.9625,
					1
				]
			},
			"faces": {
				"north": {
					"uv": [
						0,
						0,
						4,
						0.018750000000000003
					],
					"texture": "#15"
				},
				"east": {
					"uv": [
						0,
						0,
						4,
						0.018750000000000003
					],
					"texture": "#15"
				},
				"south": {
					"uv": [
						0,
						0,
						4,
						0.018750000000000003
					],
					"texture": "#15"
				},
				"west": {
					"uv": [
						0,
						0,
						4,
						0.018750000000000003
					],
					"texture": "#15"
				},
				"up": {
					"uv": [
						0,
						0,
						16,
						16
					],
					"texture": "#15"
				},
				"down": {
					"uv": [
						0,
						0,
						16,
						16
					],
					"texture": "#15"
				}
			}
		}
	],
	"display": {
		"head": {
			"rotation": [
				0,
				180,
				0
			]
		}
	}
}