{
	"textures": {
		"7": "minecraft:ajplayerarmor/mage_verge_head"
	},
	"elements": [
		{
			"from": [
				4,
				11,
				9.375
			],
			"to": [
				12,
				12,
				17.375
			],
			"rotation": {
				"angle": 0,
				"axis": "y",
				"origin": [
					0,
					-3,
					5.375
				]
			},
			"faces": {
				"north": {
					"uv": [
						5.5,
						3.5,
						7.5,
						3.75
					],
					"texture": "#7"
				},
				"east": {
					"uv": [
						5.5,
						3.75,
						7.5,
						4
					],
					"texture": "#7"
				},
				"south": {
					"uv": [
						5.5,
						4,
						7.5,
						4.25
					],
					"texture": "#7"
				},
				"west": {
					"uv": [
						5.5,
						4.25,
						7.5,
						4.5
					],
					"texture": "#7"
				},
				"up": {
					"uv": [
						2,
						2,
						0,
						0
					],
					"texture": "#7"
				},
				"down": {
					"uv": [
						2,
						2,
						0,
						4
					],
					"texture": "#7"
				}
			}
		},
		{
			"from": [
				10,
				10,
				9.625
			],
			"to": [
				11,
				11,
				17.275
			],
			"rotation": {
				"angle": 0,
				"axis": "y",
				"origin": [
					0,
					-3,
					5.375
				]
			},
			"faces": {
				"north": {
					"uv": [
						7.5,
						7.5,
						7.75,
						7.75
					],
					"texture": "#7"
				},
				"east": {
					"uv": [
						5.5,
						4.5,
						7.5,
						4.75
					],
					"texture": "#7"
				},
				"south": {
					"uv": [
						7.75,
						0,
						8,
						0.25
					],
					"texture": "#7"
				},
				"west": {
					"uv": [
						5.5,
						4.75,
						7.5,
						5
					],
					"texture": "#7"
				},
				"up": {
					"uv": [
						6.75,
						3.5,
						6.5,
						1.5
					],
					"texture": "#7"
				},
				"down": {
					"uv": [
						3.75,
						6.5,
						3.5,
						8.5
					],
					"texture": "#7"
				}
			}
		},
		{
			"from": [
				5,
				10,
				9.625
			],
			"to": [
				6,
				11,
				17.275
			],
			"rotation": {
				"angle": 0,
				"axis": "y",
				"origin": [
					0,
					-3,
					5.375
				]
			},
			"faces": {
				"north": {
					"uv": [
						7.75,
						0.25,
						8,
						0.5
					],
					"texture": "#7"
				},
				"east": {
					"uv": [
						3.75,
						6.5,
						5.75,
						6.75
					],
					"texture": "#7"
				},
				"south": {
					"uv": [
						7.75,
						0.5,
						8,
						0.75
					],
					"texture": "#7"
				},
				"west": {
					"uv": [
						6.5,
						5,
						8.5,
						5.25
					],
					"texture": "#7"
				},
				"up": {
					"uv": [
						6.75,
						7.25,
						6.5,
						5.25
					],
					"texture": "#7"
				},
				"down": {
					"uv": [
						6,
						6.5,
						5.75,
						8.5
					],
					"texture": "#7"
				}
			}
		},
		{
			"from": [
				6,
				10.5,
				9.575000000000001
			],
			"to": [
				10,
				11,
				17.275
			],
			"rotation": {
				"angle": 0,
				"axis": "y",
				"origin": [
					0,
					-3,
					5.375
				]
			},
			"faces": {
				"north": {
					"uv": [
						7.5,
						3.5,
						8.5,
						3.75
					],
					"texture": "#7"
				},
				"east": {
					"uv": [
						6.75,
						2.5,
						8.75,
						2.75
					],
					"texture": "#7"
				},
				"south": {
					"uv": [
						7.5,
						3.75,
						8.5,
						4
					],
					"texture": "#7"
				},
				"west": {
					"uv": [
						6.75,
						2.75,
						8.75,
						3
					],
					"texture": "#7"
				},
				"up": {
					"uv": [
						6.5,
						3.5,
						5.5,
						1.5
					],
					"texture": "#7"
				},
				"down": {
					"uv": [
						2.5,
						6,
						1.5,
						8
					],
					"texture": "#7"
				}
			}
		},
		{
			"from": [
				5,
				9,
				9.875
			],
			"to": [
				5.75,
				10,
				17.275
			],
			"rotation": {
				"angle": 0,
				"axis": "y",
				"origin": [
					0,
					-3,
					5.375
				]
			},
			"faces": {
				"north": {
					"uv": [
						7.75,
						4.5,
						8,
						4.75
					],
					"texture": "#7"
				},
				"east": {
					"uv": [
						6.75,
						2,
						8.75,
						2.25
					],
					"texture": "#7"
				},
				"south": {
					"uv": [
						7.75,
						4.75,
						8,
						5
					],
					"texture": "#7"
				},
				"west": {
					"uv": [
						6.75,
						2.25,
						8.75,
						2.5
					],
					"texture": "#7"
				},
				"up": {
					"uv": [
						4,
						8.75,
						3.75,
						6.75
					],
					"texture": "#7"
				},
				"down": {
					"uv": [
						4.25,
						6.75,
						4,
						8.75
					],
					"texture": "#7"
				}
			}
		},
		{
			"from": [
				10.25,
				9,
				9.875
			],
			"to": [
				11,
				10,
				17.275
			],
			"rotation": {
				"angle": 0,
				"axis": "y",
				"origin": [
					0,
					-3,
					5.375
				]
			},
			"faces": {
				"north": {
					"uv": [
						7.75,
						0.75,
						8,
						1
					],
					"texture": "#7"
				},
				"east": {
					"uv": [
						6.75,
						1.5,
						8.75,
						1.75
					],
					"texture": "#7"
				},
				"south": {
					"uv": [
						7.75,
						1,
						8,
						1.25
					],
					"texture": "#7"
				},
				"west": {
					"uv": [
						6.75,
						1.75,
						8.75,
						2
					],
					"texture": "#7"
				},
				"up": {
					"uv": [
						6.25,
						8.5,
						6,
						6.5
					],
					"texture": "#7"
				},
				"down": {
					"uv": [
						6.5,
						6.5,
						6.25,
						8.5
					],
					"texture": "#7"
				}
			}
		},
		{
			"from": [
				4,
				5,
				9.375
			],
			"to": [
				5,
				11,
				17.375
			],
			"rotation": {
				"angle": 0,
				"axis": "y",
				"origin": [
					0,
					-3,
					5.375
				]
			},
			"faces": {
				"north": {
					"uv": [
						6.75,
						5.5,
						7,
						7
					],
					"texture": "#7"
				},
				"east": {
					"uv": [
						2,
						0,
						4,
						1.5
					],
					"texture": "#7"
				},
				"south": {
					"uv": [
						0,
						7,
						0.25,
						8.5
					],
					"texture": "#7"
				},
				"west": {
					"uv": [
						2,
						1.5,
						4,
						3
					],
					"texture": "#7"
				},
				"up": {
					"uv": [
						2.75,
						8,
						2.5,
						6
					],
					"texture": "#7"
				},
				"down": {
					"uv": [
						3,
						6,
						2.75,
						8
					],
					"texture": "#7"
				}
			}
		},
		{
			"from": [
				11,
				5,
				9.375
			],
			"to": [
				12,
				11,
				17.375
			],
			"rotation": {
				"angle": 0,
				"axis": "y",
				"origin": [
					0,
					-3,
					5.375
				]
			},
			"faces": {
				"north": {
					"uv": [
						7,
						0,
						7.25,
						1.5
					],
					"texture": "#7"
				},
				"east": {
					"uv": [
						2,
						3,
						4,
						4.5
					],
					"texture": "#7"
				},
				"south": {
					"uv": [
						0.25,
						7,
						0.5,
						8.5
					],
					"texture": "#7"
				},
				"west": {
					"uv": [
						0,
						4,
						2,
						5.5
					],
					"texture": "#7"
				},
				"up": {
					"uv": [
						3.25,
						8,
						3,
						6
					],
					"texture": "#7"
				},
				"down": {
					"uv": [
						3.5,
						6,
						3.25,
						8
					],
					"texture": "#7"
				}
			}
		},
		{
			"from": [
				5,
				5,
				16.375
			],
			"to": [
				11,
				11,
				17.375
			],
			"rotation": {
				"angle": 0,
				"axis": "y",
				"origin": [
					0,
					-3,
					5.375
				]
			},
			"faces": {
				"north": {
					"uv": [
						4,
						3.5,
						5.5,
						5
					],
					"texture": "#7"
				},
				"east": {
					"uv": [
						0.5,
						7,
						0.75,
						8.5
					],
					"texture": "#7"
				},
				"south": {
					"uv": [
						2,
						4.5,
						3.5,
						6
					],
					"texture": "#7"
				},
				"west": {
					"uv": [
						0.75,
						7,
						1,
						8.5
					],
					"texture": "#7"
				},
				"up": {
					"uv": [
						5.75,
						7.25,
						4.25,
						7
					],
					"texture": "#7"
				},
				"down": {
					"uv": [
						8.5,
						5.5,
						7,
						5.75
					],
					"texture": "#7"
				}
			}
		},
		{
			"from": [
				5,
				5,
				10
			],
			"to": [
				11,
				11,
				10
			],
			"rotation": {
				"angle": 0,
				"axis": "y",
				"origin": [
					0,
					-3,
					5.375
				]
			},
			"faces": {
				"north": {
					"uv": [
						0,
						5.5,
						1.5,
						7
					],
					"texture": "#7"
				},
				"east": {
					"uv": [
						0,
						0,
						0,
						1.5
					],
					"texture": "#7"
				},
				"south": {
					"uv": [
						5.5,
						0,
						7,
						1.5
					],
					"texture": "#7"
				},
				"west": {
					"uv": [
						0,
						0,
						0,
						1.5
					],
					"texture": "#7"
				},
				"up": {
					"uv": [
						1.5,
						0,
						0,
						0
					],
					"texture": "#7"
				},
				"down": {
					"uv": [
						1.5,
						0,
						0,
						0
					],
					"texture": "#7"
				}
			}
		},
		{
			"from": [
				5,
				12,
				9.375
			],
			"to": [
				11,
				13,
				16.375
			],
			"rotation": {
				"angle": 0,
				"axis": "y",
				"origin": [
					0,
					-3,
					5.375
				]
			},
			"faces": {
				"north": {
					"uv": [
						4.25,
						6.75,
						5.75,
						7
					],
					"texture": "#7"
				},
				"east": {
					"uv": [
						6.75,
						3,
						8.5,
						3.25
					],
					"texture": "#7"
				},
				"south": {
					"uv": [
						6.75,
						5.25,
						8.25,
						5.5
					],
					"texture": "#7"
				},
				"west": {
					"uv": [
						6.75,
						3.25,
						8.5,
						3.5
					],
					"texture": "#7"
				},
				"up": {
					"uv": [
						5.5,
						1.75,
						4,
						0
					],
					"texture": "#7"
				},
				"down": {
					"uv": [
						5.5,
						1.75,
						4,
						3.5
					],
					"texture": "#7"
				}
			}
		},
		{
			"from": [
				5,
				13,
				12.375
			],
			"to": [
				6,
				14,
				17.375
			],
			"rotation": {
				"angle": 0,
				"axis": "y",
				"origin": [
					0,
					-3,
					5.375
				]
			},
			"faces": {
				"north": {
					"uv": [
						7.75,
						7,
						8,
						7.25
					],
					"texture": "#7"
				},
				"east": {
					"uv": [
						7,
						6.25,
						8.25,
						6.5
					],
					"texture": "#7"
				},
				"south": {
					"uv": [
						7.75,
						7.25,
						8,
						7.5
					],
					"texture": "#7"
				},
				"west": {
					"uv": [
						7,
						6.5,
						8.25,
						6.75
					],
					"texture": "#7"
				},
				"up": {
					"uv": [
						7,
						8.25,
						6.75,
						7
					],
					"texture": "#7"
				},
				"down": {
					"uv": [
						7.25,
						6.75,
						7,
						8
					],
					"texture": "#7"
				}
			}
		},
		{
			"from": [
				5,
				11,
				17.625
			],
			"to": [
				6,
				12,
				19.625
			],
			"rotation": {
				"angle": 45,
				"axis": "x",
				"origin": [
					5.5,
					13.5,
					19.875
				]
			},
			"faces": {
				"north": {
					"uv": [
						7.5,
						7.75,
						7.75,
						8
					],
					"texture": "#7"
				},
				"east": {
					"uv": [
						3.5,
						4.5,
						4,
						4.75
					],
					"texture": "#7"
				},
				"south": {
					"uv": [
						7.75,
						7.5,
						8,
						7.75
					],
					"texture": "#7"
				},
				"west": {
					"uv": [
						3.5,
						4.75,
						4,
						5
					],
					"texture": "#7"
				},
				"up": {
					"uv": [
						1.75,
						6,
						1.5,
						5.5
					],
					"texture": "#7"
				},
				"down": {
					"uv": [
						2,
						5.5,
						1.75,
						6
					],
					"texture": "#7"
				}
			}
		},
		{
			"from": [
				5.1,
				7.105460000000001,
				17.64112
			],
			"to": [
				5.9,
				12.60546,
				18.64112
			],
			"rotation": {
				"angle": 0,
				"axis": "y",
				"origin": [
					5.5,
					11.55546,
					18.991120000000002
				]
			},
			"faces": {
				"north": {
					"uv": [
						7.25,
						0,
						7.5,
						1.25
					],
					"texture": "#7"
				},
				"east": {
					"uv": [
						4.25,
						7.25,
						4.5,
						8.5
					],
					"texture": "#7"
				},
				"south": {
					"uv": [
						4.5,
						7.25,
						4.75,
						8.5
					],
					"texture": "#7"
				},
				"west": {
					"uv": [
						4.75,
						7.25,
						5,
						8.5
					],
					"texture": "#7"
				},
				"up": {
					"uv": [
						8,
						8,
						7.75,
						7.75
					],
					"texture": "#7"
				},
				"down": {
					"uv": [
						8.25,
						0,
						8,
						0.25
					],
					"texture": "#7"
				}
			}
		},
		{
			"from": [
				10.1,
				7.105460000000001,
				17.64112
			],
			"to": [
				10.9,
				12.60546,
				18.64112
			],
			"rotation": {
				"angle": 0,
				"axis": "y",
				"origin": [
					10.5,
					11.55546,
					18.991120000000002
				]
			},
			"faces": {
				"north": {
					"uv": [
						5.5,
						7.25,
						5.75,
						8.5
					],
					"texture": "#7"
				},
				"east": {
					"uv": [
						6.5,
						7.25,
						6.75,
						8.5
					],
					"texture": "#7"
				},
				"south": {
					"uv": [
						7.25,
						7,
						7.5,
						8.25
					],
					"texture": "#7"
				},
				"west": {
					"uv": [
						7.5,
						0,
						7.75,
						1.25
					],
					"texture": "#7"
				},
				"up": {
					"uv": [
						1.75,
						8.25,
						1.5,
						8
					],
					"texture": "#7"
				},
				"down": {
					"uv": [
						2,
						8,
						1.75,
						8.25
					],
					"texture": "#7"
				}
			}
		},
		{
			"from": [
				10,
				11,
				17.625
			],
			"to": [
				11,
				12,
				19.625
			],
			"rotation": {
				"angle": 45,
				"axis": "x",
				"origin": [
					10.5,
					13.5,
					19.875
				]
			},
			"faces": {
				"north": {
					"uv": [
						8,
						0.75,
						8.25,
						1
					],
					"texture": "#7"
				},
				"east": {
					"uv": [
						7.5,
						4,
						8,
						4.25
					],
					"texture": "#7"
				},
				"south": {
					"uv": [
						8,
						1,
						8.25,
						1.25
					],
					"texture": "#7"
				},
				"west": {
					"uv": [
						7.5,
						4.25,
						8,
						4.5
					],
					"texture": "#7"
				},
				"up": {
					"uv": [
						7.75,
						5,
						7.5,
						4.5
					],
					"texture": "#7"
				},
				"down": {
					"uv": [
						7.75,
						7,
						7.5,
						7.5
					],
					"texture": "#7"
				}
			}
		},
		{
			"from": [
				10,
				13,
				12.375
			],
			"to": [
				11,
				14,
				17.375
			],
			"rotation": {
				"angle": 0,
				"axis": "y",
				"origin": [
					5,
					-3,
					5.375
				]
			},
			"faces": {
				"north": {
					"uv": [
						8,
						0.25,
						8.25,
						0.5
					],
					"texture": "#7"
				},
				"east": {
					"uv": [
						7.25,
						1.25,
						8.5,
						1.5
					],
					"texture": "#7"
				},
				"south": {
					"uv": [
						8,
						0.5,
						8.25,
						0.75
					],
					"texture": "#7"
				},
				"west": {
					"uv": [
						7.25,
						6.75,
						8.5,
						7
					],
					"texture": "#7"
				},
				"up": {
					"uv": [
						5.25,
						8.5,
						5,
						7.25
					],
					"texture": "#7"
				},
				"down": {
					"uv": [
						5.5,
						7.25,
						5.25,
						8.5
					],
					"texture": "#7"
				}
			}
		},
		{
			"from": [
				5,
				5,
				8.125
			],
			"to": [
				11,
				11,
				8.375
			],
			"rotation": {
				"angle": 45,
				"axis": "z",
				"origin": [
					8,
					8,
					8
				]
			},
			"faces": {
				"north": {
					"uv": [
						3.5,
						5,
						5,
						6.5
					],
					"texture": "#7"
				},
				"east": {
					"uv": [
						1,
						7,
						1.25,
						8.5
					],
					"texture": "#7"
				},
				"south": {
					"uv": [
						5,
						5,
						6.5,
						6.5
					],
					"texture": "#7"
				},
				"west": {
					"uv": [
						1.25,
						7,
						1.5,
						8.5
					],
					"texture": "#7"
				},
				"up": {
					"uv": [
						8.5,
						6,
						7,
						5.75
					],
					"texture": "#7"
				},
				"down": {
					"uv": [
						8.5,
						6,
						7,
						6.25
					],
					"texture": "#7"
				}
			}
		}
	],
	"display": {
		"head": {
			"rotation": [
				0,
				180,
				0
			]
		}
	}
}