{
	"credit": "Made with Blockbench",
	"textures": {
		"2": "ajplayerarmor/ranger",
		"3": "ajplayerarmor/steve",
		"4": "custom/ability/luckycoin",
		"particle": "custom/ability/luckycoin"
	},
	"elements": [
		{
			"from": [5.7625, -2, 4],
			"to": [10.2375, 2, 16],
			"rotation": {"angle": 0, "axis": "y", "origin": [8, 0, 14]},
			"faces": {
				"north": {"uv": [10, 12, 11, 13], "texture": "#3"},
				"east": {"uv": [10, 13, 11, 16], "rotation": 270, "texture": "#3"},
				"south": {"uv": [9, 12, 10, 13], "texture": "#3"},
				"west": {"uv": [8, 13, 9, 16], "rotation": 90, "texture": "#3"},
				"up": {"uv": [9, 13, 10, 16], "rotation": 180, "texture": "#3"},
				"down": {"uv": [11, 13, 12, 16], "texture": "#3"}
			}
		},
		{
			"from": [5.6625, -2.1, 3.9],
			"to": [10.3375, 2.1, 16.1],
			"rotation": {"angle": 0, "axis": "y", "origin": [8, 0, 14]},
			"faces": {
				"north": {"uv": [12, 0, 12.975, 1], "texture": "#2"},
				"east": {"uv": [10, 1, 11, 4], "rotation": 270, "texture": "#2"},
				"south": {"uv": [11, 0, 11.975, 1], "texture": "#2"},
				"west": {"uv": [12, 1, 13, 4], "rotation": 90, "texture": "#2"},
				"up": {"uv": [11, 1, 12, 4], "rotation": 180, "texture": "#2"},
				"down": {"uv": [13, 1, 14, 4], "texture": "#2"}
			}
		},
		{
			"name": "luckycoin_1",
			"from": [8.0825, 16.09087, 4.85751],
			"to": [8.4125, 16.42087, 5.23701],
			"rotation": {"angle": -22.5, "axis": "x", "origin": [8, 17.16087, 5.23097]},
			"faces": {
				"north": {"uv": [3.5, 0.5, 2.5, 1.5], "rotation": 180, "texture": "#4"},
				"east": {"uv": [2.5, 0.5, 3, 1.5], "rotation": 180, "texture": "#4"},
				"south": {"uv": [2.5, 0.5, 3.5, 1.5], "rotation": 180, "texture": "#4"},
				"west": {"uv": [3, 0.5, 3.5, 1.5], "rotation": 180, "texture": "#4"},
				"up": {"uv": [2.5, 1, 3.5, 1.5], "rotation": 180, "texture": "#4"},
				"down": {"uv": [2.5, 0.5, 3.5, 1], "rotation": 180, "texture": "#4"}
			}
		},
		{
			"name": "luckycoin_2",
			"from": [7.5875, 16.09087, 4.85751],
			"to": [8.0825, 16.25587, 5.23701],
			"rotation": {"angle": -22.5, "axis": "x", "origin": [8, 17.16087, 5.23097]},
			"faces": {
				"north": {"uv": [5, 0.5, 3.5, 1], "rotation": 180, "texture": "#4"},
				"east": {"uv": [3.5, 0.5, 4, 1], "rotation": 180, "texture": "#4"},
				"south": {"uv": [3.5, 0.5, 5, 1], "rotation": 180, "texture": "#4"},
				"west": {"uv": [4.5, 0.5, 5, 1], "rotation": 180, "texture": "#4"},
				"up": {"uv": [3.5, 0.5, 5, 1], "rotation": 180, "texture": "#4"},
				"down": {"uv": [3.5, 0.5, 5, 1], "rotation": 180, "texture": "#4"}
			}
		},
		{
			"name": "luckycoin_5",
			"from": [8.4125, 16.25587, 4.85751],
			"to": [8.7425, 18.07087, 5.23701],
			"rotation": {"angle": -22.5, "axis": "x", "origin": [8, 17.16087, 5.23097]},
			"faces": {
				"north": {"uv": [2.5, 1, 1.5, 6.5], "rotation": 180, "texture": "#4"},
				"east": {"uv": [1.5, 1, 2, 6.5], "rotation": 180, "texture": "#4"},
				"south": {"uv": [1.5, 1, 2.5, 6.5], "rotation": 180, "texture": "#4"},
				"west": {"uv": [2, 1, 2.5, 6.5], "rotation": 180, "texture": "#4"},
				"up": {"uv": [1.5, 6, 2.5, 6.5], "rotation": 180, "texture": "#4"},
				"down": {"uv": [1.5, 1, 2.5, 1.5], "rotation": 180, "texture": "#4"}
			}
		},
		{
			"name": "luckycoin_6",
			"from": [7.2575, 16.25587, 4.85751],
			"to": [7.9175, 16.42087, 5.23701],
			"rotation": {"angle": -22.5, "axis": "x", "origin": [8, 17.16087, 5.23097]},
			"faces": {
				"north": {"uv": [6, 1, 4, 1.5], "rotation": 180, "texture": "#4"},
				"east": {"uv": [4, 1, 4.5, 1.5], "rotation": 180, "texture": "#4"},
				"south": {"uv": [4, 1, 6, 1.5], "rotation": 180, "texture": "#4"},
				"west": {"uv": [5.5, 1, 6, 1.5], "rotation": 180, "texture": "#4"},
				"up": {"uv": [4, 1, 6, 1.5], "rotation": 180, "texture": "#4"},
				"down": {"uv": [4, 1, 6, 1.5], "rotation": 180, "texture": "#4"}
			}
		},
		{
			"name": "luckycoin_10",
			"from": [8.7425, 16.42087, 4.85751],
			"to": [8.9075, 17.90587, 5.23701],
			"rotation": {"angle": -22.5, "axis": "x", "origin": [8, 17.16087, 5.23097]},
			"faces": {
				"north": {"uv": [1.5, 1.5, 1, 6], "rotation": 180, "texture": "#4"},
				"east": {"uv": [1, 1.5, 1.5, 6], "rotation": 180, "texture": "#4"},
				"south": {"uv": [1, 1.5, 1.5, 6], "rotation": 180, "texture": "#4"},
				"west": {"uv": [1, 1.5, 1.5, 6], "rotation": 180, "texture": "#4"},
				"up": {"uv": [1, 5.5, 1.5, 6], "rotation": 180, "texture": "#4"},
				"down": {"uv": [1, 1.5, 1.5, 2], "rotation": 180, "texture": "#4"}
			}
		},
		{
			"name": "luckycoin_11",
			"from": [8.2475, 16.42087, 4.85751],
			"to": [8.4125, 18.23587, 5.23701],
			"rotation": {"angle": -22.5, "axis": "x", "origin": [8, 17.16087, 5.23097]},
			"faces": {
				"north": {"uv": [3, 1.5, 2.5, 7], "rotation": 180, "texture": "#4"},
				"east": {"uv": [2.5, 1.5, 3, 7], "rotation": 180, "texture": "#4"},
				"south": {"uv": [2.5, 1.5, 3, 7], "rotation": 180, "texture": "#4"},
				"west": {"uv": [2.5, 1.5, 3, 7], "rotation": 180, "texture": "#4"},
				"up": {"uv": [2.5, 6.5, 3, 7], "rotation": 180, "texture": "#4"},
				"down": {"uv": [2.5, 1.5, 3, 2], "rotation": 180, "texture": "#4"}
			}
		},
		{
			"name": "luckycoin_12",
			"from": [7.0925, 16.42087, 4.85751],
			"to": [7.7525, 17.90587, 5.23701],
			"rotation": {"angle": -22.5, "axis": "x", "origin": [8, 17.16087, 5.23097]},
			"faces": {
				"north": {"uv": [6.5, 1.5, 4.5, 6], "rotation": 180, "texture": "#4"},
				"east": {"uv": [4.5, 1.5, 5, 6], "rotation": 180, "texture": "#4"},
				"south": {"uv": [4.5, 1.5, 6.5, 6], "rotation": 180, "texture": "#4"},
				"west": {"uv": [6, 1.5, 6.5, 6], "rotation": 180, "texture": "#4"},
				"up": {"uv": [4.5, 5.5, 6.5, 6], "rotation": 180, "texture": "#4"},
				"down": {"uv": [4.5, 1.5, 6.5, 2], "rotation": 180, "texture": "#4"}
			}
		},
		{
			"name": "luckycoin_22",
			"from": [7.7525, 16.91587, 5.02251],
			"to": [8.2475, 18.07087, 5.23701],
			"rotation": {"angle": -22.5, "axis": "x", "origin": [8, 17.16087, 5.23097]},
			"faces": {
				"north": {"uv": [12.5, 3, 11, 6.5], "rotation": 180, "texture": "#4"},
				"east": {"uv": [11, 3, 11.5, 6.5], "rotation": 180, "texture": "#4"},
				"south": {"uv": [11, 3, 12.5, 6.5], "rotation": 180, "texture": "#4"},
				"west": {"uv": [12, 3, 12.5, 6.5], "rotation": 180, "texture": "#4"},
				"up": {"uv": [11, 6, 12.5, 6.5], "rotation": 180, "texture": "#4"},
				"down": {"uv": [11, 3, 12.5, 3.5], "rotation": 180, "texture": "#4"}
			}
		},
		{
			"name": "luckycoin_8",
			"from": [7.9175, 16.25587, 5.02251],
			"to": [8.0825, 16.75087, 5.23701],
			"rotation": {"angle": -22.5, "axis": "x", "origin": [8, 17.16087, 5.23097]},
			"faces": {
				"north": {"uv": [12, 1, 11.5, 2.5], "rotation": 180, "texture": "#4"},
				"east": {"uv": [11.5, 1, 12, 2.5], "rotation": 180, "texture": "#4"},
				"south": {"uv": [11.5, 1, 12, 2.5], "rotation": 180, "texture": "#4"},
				"west": {"uv": [11.5, 1, 12, 2.5], "rotation": 180, "texture": "#4"},
				"up": {"uv": [11.5, 2, 12, 2.5], "rotation": 180, "texture": "#4"},
				"down": {"uv": [11.5, 1, 12, 1.5], "rotation": 180, "texture": "#4"}
			}
		},
		{
			"name": "luckycoin_14",
			"from": [8.0825, 16.42087, 5.02251],
			"to": [8.2475, 16.75087, 5.23701],
			"rotation": {"angle": -22.5, "axis": "x", "origin": [8, 17.16087, 5.23097]},
			"faces": {
				"north": {"uv": [11.5, 1.5, 11, 2.5], "rotation": 180, "texture": "#4"},
				"east": {"uv": [11, 1.5, 11.5, 2.5], "rotation": 180, "texture": "#4"},
				"south": {"uv": [11, 1.5, 11.5, 2.5], "rotation": 180, "texture": "#4"},
				"west": {"uv": [11, 1.5, 11.5, 2.5], "rotation": 180, "texture": "#4"},
				"up": {"uv": [11, 2, 11.5, 2.5], "rotation": 180, "texture": "#4"},
				"down": {"uv": [11, 1.5, 11.5, 2], "rotation": 180, "texture": "#4"}
			}
		},
		{
			"name": "luckycoin_15",
			"from": [7.7525, 16.42087, 5.02251],
			"to": [7.9175, 16.75087, 5.23701],
			"rotation": {"angle": -22.5, "axis": "x", "origin": [8, 17.16087, 5.23097]},
			"faces": {
				"north": {"uv": [12.5, 1.5, 12, 2.5], "rotation": 180, "texture": "#4"},
				"east": {"uv": [12, 1.5, 12.5, 2.5], "rotation": 180, "texture": "#4"},
				"south": {"uv": [12, 1.5, 12.5, 2.5], "rotation": 180, "texture": "#4"},
				"west": {"uv": [12, 1.5, 12.5, 2.5], "rotation": 180, "texture": "#4"},
				"up": {"uv": [12, 2, 12.5, 2.5], "rotation": 180, "texture": "#4"},
				"down": {"uv": [12, 1.5, 12.5, 2], "rotation": 180, "texture": "#4"}
			}
		},
		{
			"name": "luckycoin_17",
			"from": [8.9075, 16.75087, 4.85751],
			"to": [9.0725, 17.57587, 5.23701],
			"rotation": {"angle": -22.5, "axis": "x", "origin": [8, 17.16087, 5.23097]},
			"faces": {
				"north": {"uv": [1, 2.5, 0.5, 5], "rotation": 180, "texture": "#4"},
				"east": {"uv": [0.5, 2.5, 1, 5], "rotation": 180, "texture": "#4"},
				"south": {"uv": [0.5, 2.5, 1, 5], "rotation": 180, "texture": "#4"},
				"west": {"uv": [0.5, 2.5, 1, 5], "rotation": 180, "texture": "#4"},
				"up": {"uv": [0.5, 4.5, 1, 5], "rotation": 180, "texture": "#4"},
				"down": {"uv": [0.5, 2.5, 1, 3], "rotation": 180, "texture": "#4"}
			}
		},
		{
			"name": "luckycoin_18",
			"from": [7.7525, 16.75087, 4.85751],
			"to": [8.2475, 16.91587, 5.23701],
			"rotation": {"angle": -22.5, "axis": "x", "origin": [8, 17.16087, 5.23097]},
			"faces": {
				"north": {"uv": [4.5, 2.5, 3, 3], "rotation": 180, "texture": "#4"},
				"east": {"uv": [3, 2.5, 3.5, 3], "rotation": 180, "texture": "#4"},
				"south": {"uv": [3, 2.5, 4.5, 3], "rotation": 180, "texture": "#4"},
				"west": {"uv": [4, 2.5, 4.5, 3], "rotation": 180, "texture": "#4"},
				"up": {"uv": [3, 2.5, 4.5, 3], "rotation": 180, "texture": "#4"},
				"down": {"uv": [3, 2.5, 4.5, 3], "rotation": 180, "texture": "#4"}
			}
		},
		{
			"name": "luckycoin_19",
			"from": [6.9275, 16.75087, 4.85751],
			"to": [7.0925, 17.57587, 5.23701],
			"rotation": {"angle": -22.5, "axis": "x", "origin": [8, 17.16087, 5.23097]},
			"faces": {
				"north": {"uv": [7, 2.5, 6.5, 5], "rotation": 180, "texture": "#4"},
				"east": {"uv": [6.5, 2.5, 7, 5], "rotation": 180, "texture": "#4"},
				"south": {"uv": [6.5, 2.5, 7, 5], "rotation": 180, "texture": "#4"},
				"west": {"uv": [6.5, 2.5, 7, 5], "rotation": 180, "texture": "#4"},
				"up": {"uv": [6.5, 4.5, 7, 5], "rotation": 180, "texture": "#4"},
				"down": {"uv": [6.5, 2.5, 7, 3], "rotation": 180, "texture": "#4"}
			}
		},
		{
			"name": "luckycoin_25",
			"from": [7.2575, 17.90587, 4.85751],
			"to": [7.7525, 18.07087, 5.23701],
			"rotation": {"angle": -22.5, "axis": "x", "origin": [8, 17.16087, 5.23097]},
			"faces": {
				"north": {"uv": [6, 6, 4.5, 6.5], "rotation": 180, "texture": "#4"},
				"east": {"uv": [4.5, 6, 5, 6.5], "rotation": 180, "texture": "#4"},
				"south": {"uv": [4.5, 6, 6, 6.5], "rotation": 180, "texture": "#4"},
				"west": {"uv": [5.5, 6, 6, 6.5], "rotation": 180, "texture": "#4"},
				"up": {"uv": [4.5, 6, 6, 6.5], "rotation": 180, "texture": "#4"},
				"down": {"uv": [4.5, 6, 6, 6.5], "rotation": 180, "texture": "#4"}
			}
		},
		{
			"name": "luckycoin_28",
			"from": [7.5875, 18.07087, 4.85751],
			"to": [8.2475, 18.23587, 5.23701],
			"rotation": {"angle": -22.5, "axis": "x", "origin": [8, 17.16087, 5.23097]},
			"faces": {
				"north": {"uv": [5, 6.5, 3, 7], "rotation": 180, "texture": "#4"},
				"east": {"uv": [3, 6.5, 3.5, 7], "rotation": 180, "texture": "#4"},
				"south": {"uv": [3, 6.5, 5, 7], "rotation": 180, "texture": "#4"},
				"west": {"uv": [4.5, 6.5, 5, 7], "rotation": 180, "texture": "#4"},
				"up": {"uv": [3, 6.5, 5, 7], "rotation": 180, "texture": "#4"},
				"down": {"uv": [3, 6.5, 5, 7], "rotation": 180, "texture": "#4"}
			}
		},
		{
			"name": "luckycoin_0",
			"from": [7.5875, 15.92587, 5.02251],
			"to": [8.4125, 16.09087, 5.23701],
			"rotation": {"angle": -22.5, "axis": "x", "origin": [8, 17.16087, 5.23097]},
			"faces": {
				"north": {"uv": [13, 0, 10.5, 0.5], "rotation": 180, "texture": "#4"},
				"east": {"uv": [10.5, 0, 11, 0.5], "rotation": 180, "texture": "#4"},
				"south": {"uv": [10.5, 0, 13, 0.5], "rotation": 180, "texture": "#4"},
				"west": {"uv": [12.5, 0, 13, 0.5], "rotation": 180, "texture": "#4"},
				"up": {"uv": [10.5, 0, 13, 0.5], "rotation": 180, "texture": "#4"},
				"down": {"uv": [10.5, 0, 13, 0.5], "rotation": 180, "texture": "#4"}
			}
		},
		{
			"name": "luckycoin_3",
			"from": [8.4125, 16.09087, 5.02251],
			"to": [8.7425, 16.25587, 5.23701],
			"rotation": {"angle": -22.5, "axis": "x", "origin": [8, 17.16087, 5.23097]},
			"faces": {
				"north": {"uv": [10.5, 0.5, 9.5, 1], "rotation": 180, "texture": "#4"},
				"east": {"uv": [9.5, 0.5, 10, 1], "rotation": 180, "texture": "#4"},
				"south": {"uv": [9.5, 0.5, 10.5, 1], "rotation": 180, "texture": "#4"},
				"west": {"uv": [10, 0.5, 10.5, 1], "rotation": 180, "texture": "#4"},
				"up": {"uv": [9.5, 0.5, 10.5, 1], "rotation": 180, "texture": "#4"},
				"down": {"uv": [9.5, 0.5, 10.5, 1], "rotation": 180, "texture": "#4"}
			}
		},
		{
			"name": "luckycoin_4",
			"from": [7.2575, 16.09087, 5.02251],
			"to": [7.5875, 16.25587, 5.23701],
			"rotation": {"angle": -22.5, "axis": "x", "origin": [8, 17.16087, 5.23097]},
			"faces": {
				"north": {"uv": [14, 0.5, 13, 1], "rotation": 180, "texture": "#4"},
				"east": {"uv": [13, 0.5, 13.5, 1], "rotation": 180, "texture": "#4"},
				"south": {"uv": [13, 0.5, 14, 1], "rotation": 180, "texture": "#4"},
				"west": {"uv": [13.5, 0.5, 14, 1], "rotation": 180, "texture": "#4"},
				"up": {"uv": [13, 0.5, 14, 1], "rotation": 180, "texture": "#4"},
				"down": {"uv": [13, 0.5, 14, 1], "rotation": 180, "texture": "#4"}
			}
		},
		{
			"name": "luckycoin_7",
			"from": [8.7425, 16.25587, 5.02251],
			"to": [8.9075, 16.42087, 5.23701],
			"rotation": {"angle": -22.5, "axis": "x", "origin": [8, 17.16087, 5.23097]},
			"faces": {
				"north": {"uv": [9.5, 1, 9, 1.5], "rotation": 180, "texture": "#4"},
				"east": {"uv": [9, 1, 9.5, 1.5], "rotation": 180, "texture": "#4"},
				"south": {"uv": [9, 1, 9.5, 1.5], "rotation": 180, "texture": "#4"},
				"west": {"uv": [9, 1, 9.5, 1.5], "rotation": 180, "texture": "#4"},
				"up": {"uv": [9, 1, 9.5, 1.5], "rotation": 180, "texture": "#4"},
				"down": {"uv": [9, 1, 9.5, 1.5], "rotation": 180, "texture": "#4"}
			}
		},
		{
			"name": "luckycoin_9",
			"from": [7.0925, 16.25587, 5.02251],
			"to": [7.2575, 16.42087, 5.23701],
			"rotation": {"angle": -22.5, "axis": "x", "origin": [8, 17.16087, 5.23097]},
			"faces": {
				"north": {"uv": [14.5, 1, 14, 1.5], "rotation": 180, "texture": "#4"},
				"east": {"uv": [14, 1, 14.5, 1.5], "rotation": 180, "texture": "#4"},
				"south": {"uv": [14, 1, 14.5, 1.5], "rotation": 180, "texture": "#4"},
				"west": {"uv": [14, 1, 14.5, 1.5], "rotation": 180, "texture": "#4"},
				"up": {"uv": [14, 1, 14.5, 1.5], "rotation": 180, "texture": "#4"},
				"down": {"uv": [14, 1, 14.5, 1.5], "rotation": 180, "texture": "#4"}
			}
		},
		{
			"name": "luckycoin_13",
			"from": [8.9075, 16.42087, 5.02251],
			"to": [9.0725, 16.75087, 5.23701],
			"rotation": {"angle": -22.5, "axis": "x", "origin": [8, 17.16087, 5.23097]},
			"faces": {
				"north": {"uv": [9, 1.5, 8.5, 2.5], "rotation": 180, "texture": "#4"},
				"east": {"uv": [8.5, 1.5, 9, 2.5], "rotation": 180, "texture": "#4"},
				"south": {"uv": [8.5, 1.5, 9, 2.5], "rotation": 180, "texture": "#4"},
				"west": {"uv": [8.5, 1.5, 9, 2.5], "rotation": 180, "texture": "#4"},
				"up": {"uv": [8.5, 2, 9, 2.5], "rotation": 180, "texture": "#4"},
				"down": {"uv": [8.5, 1.5, 9, 2], "rotation": 180, "texture": "#4"}
			}
		},
		{
			"name": "luckycoin_16",
			"from": [6.9275, 16.42087, 5.02251],
			"to": [7.0925, 16.75087, 5.23701],
			"rotation": {"angle": -22.5, "axis": "x", "origin": [8, 17.16087, 5.23097]},
			"faces": {
				"north": {"uv": [15, 1.5, 14.5, 2.5], "rotation": 180, "texture": "#4"},
				"east": {"uv": [14.5, 1.5, 15, 2.5], "rotation": 180, "texture": "#4"},
				"south": {"uv": [14.5, 1.5, 15, 2.5], "rotation": 180, "texture": "#4"},
				"west": {"uv": [14.5, 1.5, 15, 2.5], "rotation": 180, "texture": "#4"},
				"up": {"uv": [14.5, 2, 15, 2.5], "rotation": 180, "texture": "#4"},
				"down": {"uv": [14.5, 1.5, 15, 2], "rotation": 180, "texture": "#4"}
			}
		},
		{
			"name": "luckycoin_20",
			"from": [9.0725, 16.75087, 5.02251],
			"to": [9.2375, 17.57587, 5.23701],
			"rotation": {"angle": -22.5, "axis": "x", "origin": [8, 17.16087, 5.23097]},
			"faces": {
				"north": {"uv": [8.5, 2.5, 8, 5], "rotation": 180, "texture": "#4"},
				"east": {"uv": [8, 2.5, 8.5, 5], "rotation": 180, "texture": "#4"},
				"south": {"uv": [8, 2.5, 8.5, 5], "rotation": 180, "texture": "#4"},
				"west": {"uv": [8, 2.5, 8.5, 5], "rotation": 180, "texture": "#4"},
				"up": {"uv": [8, 4.5, 8.5, 5], "rotation": 180, "texture": "#4"},
				"down": {"uv": [8, 2.5, 8.5, 3], "rotation": 180, "texture": "#4"}
			}
		},
		{
			"name": "luckycoin_21",
			"from": [6.7625, 16.75087, 5.02251],
			"to": [6.9275, 17.57587, 5.23701],
			"rotation": {"angle": -22.5, "axis": "x", "origin": [8, 17.16087, 5.23097]},
			"faces": {
				"north": {"uv": [15.5, 2.5, 15, 5], "rotation": 180, "texture": "#4"},
				"east": {"uv": [15, 2.5, 15.5, 5], "rotation": 180, "texture": "#4"},
				"south": {"uv": [15, 2.5, 15.5, 5], "rotation": 180, "texture": "#4"},
				"west": {"uv": [15, 2.5, 15.5, 5], "rotation": 180, "texture": "#4"},
				"up": {"uv": [15, 4.5, 15.5, 5], "rotation": 180, "texture": "#4"},
				"down": {"uv": [15, 2.5, 15.5, 3], "rotation": 180, "texture": "#4"}
			}
		},
		{
			"name": "luckycoin_23",
			"from": [8.9075, 17.57587, 5.02251],
			"to": [9.0725, 17.90587, 5.23701],
			"rotation": {"angle": -22.5, "axis": "x", "origin": [8, 17.16087, 5.23097]},
			"faces": {
				"north": {"uv": [9, 5, 8.5, 6], "rotation": 180, "texture": "#4"},
				"east": {"uv": [8.5, 5, 9, 6], "rotation": 180, "texture": "#4"},
				"south": {"uv": [8.5, 5, 9, 6], "rotation": 180, "texture": "#4"},
				"west": {"uv": [8.5, 5, 9, 6], "rotation": 180, "texture": "#4"},
				"up": {"uv": [8.5, 5.5, 9, 6], "rotation": 180, "texture": "#4"},
				"down": {"uv": [8.5, 5, 9, 5.5], "rotation": 180, "texture": "#4"}
			}
		},
		{
			"name": "luckycoin_24",
			"from": [6.9275, 17.57587, 5.02251],
			"to": [7.0925, 17.90587, 5.23701],
			"rotation": {"angle": -22.5, "axis": "x", "origin": [8, 17.16087, 5.23097]},
			"faces": {
				"north": {"uv": [15, 5, 14.5, 6], "rotation": 180, "texture": "#4"},
				"east": {"uv": [14.5, 5, 15, 6], "rotation": 180, "texture": "#4"},
				"south": {"uv": [14.5, 5, 15, 6], "rotation": 180, "texture": "#4"},
				"west": {"uv": [14.5, 5, 15, 6], "rotation": 180, "texture": "#4"},
				"up": {"uv": [14.5, 5.5, 15, 6], "rotation": 180, "texture": "#4"},
				"down": {"uv": [14.5, 5, 15, 5.5], "rotation": 180, "texture": "#4"}
			}
		},
		{
			"name": "luckycoin_26",
			"from": [8.7425, 17.90587, 5.02251],
			"to": [8.9075, 18.07087, 5.23701],
			"rotation": {"angle": -22.5, "axis": "x", "origin": [8, 17.16087, 5.23097]},
			"faces": {
				"north": {"uv": [9.5, 6, 9, 6.5], "rotation": 180, "texture": "#4"},
				"east": {"uv": [9, 6, 9.5, 6.5], "rotation": 180, "texture": "#4"},
				"south": {"uv": [9, 6, 9.5, 6.5], "rotation": 180, "texture": "#4"},
				"west": {"uv": [9, 6, 9.5, 6.5], "rotation": 180, "texture": "#4"},
				"up": {"uv": [9, 6, 9.5, 6.5], "rotation": 180, "texture": "#4"},
				"down": {"uv": [9, 6, 9.5, 6.5], "rotation": 180, "texture": "#4"}
			}
		},
		{
			"name": "luckycoin_27",
			"from": [7.0925, 17.90587, 5.02251],
			"to": [7.2575, 18.07087, 5.23701],
			"rotation": {"angle": -22.5, "axis": "x", "origin": [8, 17.16087, 5.23097]},
			"faces": {
				"north": {"uv": [14.5, 6, 14, 6.5], "rotation": 180, "texture": "#4"},
				"east": {"uv": [14, 6, 14.5, 6.5], "rotation": 180, "texture": "#4"},
				"south": {"uv": [14, 6, 14.5, 6.5], "rotation": 180, "texture": "#4"},
				"west": {"uv": [14, 6, 14.5, 6.5], "rotation": 180, "texture": "#4"},
				"up": {"uv": [14, 6, 14.5, 6.5], "rotation": 180, "texture": "#4"},
				"down": {"uv": [14, 6, 14.5, 6.5], "rotation": 180, "texture": "#4"}
			}
		},
		{
			"name": "luckycoin_29",
			"from": [8.4125, 18.07087, 5.02251],
			"to": [8.7425, 18.23587, 5.23701],
			"rotation": {"angle": -22.5, "axis": "x", "origin": [8, 17.16087, 5.23097]},
			"faces": {
				"north": {"uv": [10.5, 6.5, 9.5, 7], "rotation": 180, "texture": "#4"},
				"east": {"uv": [9.5, 6.5, 10, 7], "rotation": 180, "texture": "#4"},
				"south": {"uv": [9.5, 6.5, 10.5, 7], "rotation": 180, "texture": "#4"},
				"west": {"uv": [10, 6.5, 10.5, 7], "rotation": 180, "texture": "#4"},
				"up": {"uv": [9.5, 6.5, 10.5, 7], "rotation": 180, "texture": "#4"},
				"down": {"uv": [9.5, 6.5, 10.5, 7], "rotation": 180, "texture": "#4"}
			}
		},
		{
			"name": "luckycoin_30",
			"from": [7.2575, 18.07087, 5.02251],
			"to": [7.5875, 18.23587, 5.23701],
			"rotation": {"angle": -22.5, "axis": "x", "origin": [8, 17.16087, 5.23097]},
			"faces": {
				"north": {"uv": [14, 6.5, 13, 7], "rotation": 180, "texture": "#4"},
				"east": {"uv": [13, 6.5, 13.5, 7], "rotation": 180, "texture": "#4"},
				"south": {"uv": [13, 6.5, 14, 7], "rotation": 180, "texture": "#4"},
				"west": {"uv": [13.5, 6.5, 14, 7], "rotation": 180, "texture": "#4"},
				"up": {"uv": [13, 6.5, 14, 7], "rotation": 180, "texture": "#4"},
				"down": {"uv": [13, 6.5, 14, 7], "rotation": 180, "texture": "#4"}
			}
		},
		{
			"name": "luckycoin_31",
			"from": [7.5875, 18.23587, 5.02251],
			"to": [8.4125, 18.40087, 5.23701],
			"rotation": {"angle": -22.5, "axis": "x", "origin": [8, 17.16087, 5.23097]},
			"faces": {
				"north": {"uv": [13, 7, 10.5, 7.5], "rotation": 180, "texture": "#4"},
				"east": {"uv": [10.5, 7, 11, 7.5], "rotation": 180, "texture": "#4"},
				"south": {"uv": [10.5, 7, 13, 7.5], "rotation": 180, "texture": "#4"},
				"west": {"uv": [12.5, 7, 13, 7.5], "rotation": 180, "texture": "#4"},
				"up": {"uv": [10.5, 7, 13, 7.5], "rotation": 180, "texture": "#4"},
				"down": {"uv": [10.5, 7, 13, 7.5], "rotation": 180, "texture": "#4"}
			}
		},
		{
			"name": "luckycoin_33",
			"from": [7.5875, 16.09087, 5.23701],
			"to": [8.4125, 18.23587, 5.61651],
			"rotation": {"angle": -22.5, "axis": "x", "origin": [8, 17.16087, 5.23097]},
			"faces": {
				"north": {"uv": [5, 8.5, 2.5, 15], "rotation": 180, "texture": "#4"},
				"east": {"uv": [2.5, 8.5, 3, 15], "rotation": 180, "texture": "#4"},
				"south": {"uv": [2.5, 8.5, 5, 15], "rotation": 180, "texture": "#4"},
				"west": {"uv": [4.5, 8.5, 5, 15], "rotation": 180, "texture": "#4"},
				"up": {"uv": [2.5, 14.5, 5, 15], "rotation": 180, "texture": "#4"},
				"down": {"uv": [2.5, 8.5, 5, 9], "rotation": 180, "texture": "#4"}
			}
		},
		{
			"name": "luckycoin_36",
			"from": [8.4125, 16.25587, 5.23701],
			"to": [8.7425, 18.07087, 5.61651],
			"rotation": {"angle": -22.5, "axis": "x", "origin": [8, 17.16087, 5.23097]},
			"faces": {
				"north": {"uv": [2.5, 9, 1.5, 14.5], "rotation": 180, "texture": "#4"},
				"east": {"uv": [1.5, 9, 2, 14.5], "rotation": 180, "texture": "#4"},
				"south": {"uv": [1.5, 9, 2.5, 14.5], "rotation": 180, "texture": "#4"},
				"west": {"uv": [2, 9, 2.5, 14.5], "rotation": 180, "texture": "#4"},
				"up": {"uv": [1.5, 14, 2.5, 14.5], "rotation": 180, "texture": "#4"},
				"down": {"uv": [1.5, 9, 2.5, 9.5], "rotation": 180, "texture": "#4"}
			}
		},
		{
			"name": "luckycoin_37",
			"from": [7.2575, 16.25587, 5.23701],
			"to": [7.5875, 18.07087, 5.61651],
			"rotation": {"angle": -22.5, "axis": "x", "origin": [8, 17.16087, 5.23097]},
			"faces": {
				"north": {"uv": [6, 9, 5, 14.5], "rotation": 180, "texture": "#4"},
				"east": {"uv": [5, 9, 5.5, 14.5], "rotation": 180, "texture": "#4"},
				"south": {"uv": [5, 9, 6, 14.5], "rotation": 180, "texture": "#4"},
				"west": {"uv": [5.5, 9, 6, 14.5], "rotation": 180, "texture": "#4"},
				"up": {"uv": [5, 14, 6, 14.5], "rotation": 180, "texture": "#4"},
				"down": {"uv": [5, 9, 6, 9.5], "rotation": 180, "texture": "#4"}
			}
		},
		{
			"name": "luckycoin_40",
			"from": [8.7425, 16.42087, 5.23701],
			"to": [8.9075, 17.90587, 5.61651],
			"rotation": {"angle": -22.5, "axis": "x", "origin": [8, 17.16087, 5.23097]},
			"faces": {
				"north": {"uv": [1.5, 9.5, 1, 14], "rotation": 180, "texture": "#4"},
				"east": {"uv": [1, 9.5, 1.5, 14], "rotation": 180, "texture": "#4"},
				"south": {"uv": [1, 9.5, 1.5, 14], "rotation": 180, "texture": "#4"},
				"west": {"uv": [1, 9.5, 1.5, 14], "rotation": 180, "texture": "#4"},
				"up": {"uv": [1, 13.5, 1.5, 14], "rotation": 180, "texture": "#4"},
				"down": {"uv": [1, 9.5, 1.5, 10], "rotation": 180, "texture": "#4"}
			}
		},
		{
			"name": "luckycoin_41",
			"from": [7.0925, 16.42087, 5.23701],
			"to": [7.2575, 17.90587, 5.61651],
			"rotation": {"angle": -22.5, "axis": "x", "origin": [8, 17.16087, 5.23097]},
			"faces": {
				"north": {"uv": [6.5, 9.5, 6, 14], "rotation": 180, "texture": "#4"},
				"east": {"uv": [6, 9.5, 6.5, 14], "rotation": 180, "texture": "#4"},
				"south": {"uv": [6, 9.5, 6.5, 14], "rotation": 180, "texture": "#4"},
				"west": {"uv": [6, 9.5, 6.5, 14], "rotation": 180, "texture": "#4"},
				"up": {"uv": [6, 13.5, 6.5, 14], "rotation": 180, "texture": "#4"},
				"down": {"uv": [6, 9.5, 6.5, 10], "rotation": 180, "texture": "#4"}
			}
		},
		{
			"name": "luckycoin_44",
			"from": [8.9075, 16.75087, 5.23701],
			"to": [9.0725, 17.57587, 5.61651],
			"rotation": {"angle": -22.5, "axis": "x", "origin": [8, 17.16087, 5.23097]},
			"faces": {
				"north": {"uv": [1, 10.5, 0.5, 13], "rotation": 180, "texture": "#4"},
				"east": {"uv": [0.5, 10.5, 1, 13], "rotation": 180, "texture": "#4"},
				"south": {"uv": [0.5, 10.5, 1, 13], "rotation": 180, "texture": "#4"},
				"west": {"uv": [0.5, 10.5, 1, 13], "rotation": 180, "texture": "#4"},
				"up": {"uv": [0.5, 12.5, 1, 13], "rotation": 180, "texture": "#4"},
				"down": {"uv": [0.5, 10.5, 1, 11], "rotation": 180, "texture": "#4"}
			}
		},
		{
			"name": "luckycoin_45",
			"from": [6.9275, 16.75087, 5.23701],
			"to": [7.0925, 17.57587, 5.61651],
			"rotation": {"angle": -22.5, "axis": "x", "origin": [8, 17.16087, 5.23097]},
			"faces": {
				"north": {"uv": [7, 10.5, 6.5, 13], "rotation": 180, "texture": "#4"},
				"east": {"uv": [6.5, 10.5, 7, 13], "rotation": 180, "texture": "#4"},
				"south": {"uv": [6.5, 10.5, 7, 13], "rotation": 180, "texture": "#4"},
				"west": {"uv": [6.5, 10.5, 7, 13], "rotation": 180, "texture": "#4"},
				"up": {"uv": [6.5, 12.5, 7, 13], "rotation": 180, "texture": "#4"},
				"down": {"uv": [6.5, 10.5, 7, 11], "rotation": 180, "texture": "#4"}
			}
		},
		{
			"name": "luckycoin_32",
			"from": [7.5875, 15.92587, 5.23701],
			"to": [8.4125, 16.09087, 5.45151],
			"rotation": {"angle": -22.5, "axis": "x", "origin": [8, 17.16087, 5.23097]},
			"faces": {
				"north": {"uv": [13, 8, 10.5, 8.5], "rotation": 180, "texture": "#4"},
				"east": {"uv": [10.5, 8, 11, 8.5], "rotation": 180, "texture": "#4"},
				"south": {"uv": [10.5, 8, 13, 8.5], "rotation": 180, "texture": "#4"},
				"west": {"uv": [12.5, 8, 13, 8.5], "rotation": 180, "texture": "#4"},
				"up": {"uv": [10.5, 8, 13, 8.5], "rotation": 180, "texture": "#4"},
				"down": {"uv": [10.5, 8, 13, 8.5], "rotation": 180, "texture": "#4"}
			}
		},
		{
			"name": "luckycoin_34",
			"from": [8.4125, 16.09087, 5.23701],
			"to": [8.7425, 16.25587, 5.45151],
			"rotation": {"angle": -22.5, "axis": "x", "origin": [8, 17.16087, 5.23097]},
			"faces": {
				"north": {"uv": [10.5, 8.5, 9.5, 9], "rotation": 180, "texture": "#4"},
				"east": {"uv": [9.5, 8.5, 10, 9], "rotation": 180, "texture": "#4"},
				"south": {"uv": [9.5, 8.5, 10.5, 9], "rotation": 180, "texture": "#4"},
				"west": {"uv": [10, 8.5, 10.5, 9], "rotation": 180, "texture": "#4"},
				"up": {"uv": [9.5, 8.5, 10.5, 9], "rotation": 180, "texture": "#4"},
				"down": {"uv": [9.5, 8.5, 10.5, 9], "rotation": 180, "texture": "#4"}
			}
		},
		{
			"name": "luckycoin_35",
			"from": [7.2575, 16.09087, 5.23701],
			"to": [7.5875, 16.25587, 5.45151],
			"rotation": {"angle": -22.5, "axis": "x", "origin": [8, 17.16087, 5.23097]},
			"faces": {
				"north": {"uv": [14, 8.5, 13, 9], "rotation": 180, "texture": "#4"},
				"east": {"uv": [13, 8.5, 13.5, 9], "rotation": 180, "texture": "#4"},
				"south": {"uv": [13, 8.5, 14, 9], "rotation": 180, "texture": "#4"},
				"west": {"uv": [13.5, 8.5, 14, 9], "rotation": 180, "texture": "#4"},
				"up": {"uv": [13, 8.5, 14, 9], "rotation": 180, "texture": "#4"},
				"down": {"uv": [13, 8.5, 14, 9], "rotation": 180, "texture": "#4"}
			}
		},
		{
			"name": "luckycoin_38",
			"from": [8.7425, 16.25587, 5.23701],
			"to": [8.9075, 16.42087, 5.45151],
			"rotation": {"angle": -22.5, "axis": "x", "origin": [8, 17.16087, 5.23097]},
			"faces": {
				"north": {"uv": [9.5, 9, 9, 9.5], "rotation": 180, "texture": "#4"},
				"east": {"uv": [9, 9, 9.5, 9.5], "rotation": 180, "texture": "#4"},
				"south": {"uv": [9, 9, 9.5, 9.5], "rotation": 180, "texture": "#4"},
				"west": {"uv": [9, 9, 9.5, 9.5], "rotation": 180, "texture": "#4"},
				"up": {"uv": [9, 9, 9.5, 9.5], "rotation": 180, "texture": "#4"},
				"down": {"uv": [9, 9, 9.5, 9.5], "rotation": 180, "texture": "#4"}
			}
		},
		{
			"name": "luckycoin_39",
			"from": [7.0925, 16.25587, 5.23701],
			"to": [7.2575, 16.42087, 5.45151],
			"rotation": {"angle": -22.5, "axis": "x", "origin": [8, 17.16087, 5.23097]},
			"faces": {
				"north": {"uv": [14.5, 9, 14, 9.5], "rotation": 180, "texture": "#4"},
				"east": {"uv": [14, 9, 14.5, 9.5], "rotation": 180, "texture": "#4"},
				"south": {"uv": [14, 9, 14.5, 9.5], "rotation": 180, "texture": "#4"},
				"west": {"uv": [14, 9, 14.5, 9.5], "rotation": 180, "texture": "#4"},
				"up": {"uv": [14, 9, 14.5, 9.5], "rotation": 180, "texture": "#4"},
				"down": {"uv": [14, 9, 14.5, 9.5], "rotation": 180, "texture": "#4"}
			}
		},
		{
			"name": "luckycoin_42",
			"from": [8.9075, 16.42087, 5.23701],
			"to": [9.0725, 16.75087, 5.45151],
			"rotation": {"angle": -22.5, "axis": "x", "origin": [8, 17.16087, 5.23097]},
			"faces": {
				"north": {"uv": [9, 9.5, 8.5, 10.5], "rotation": 180, "texture": "#4"},
				"east": {"uv": [8.5, 9.5, 9, 10.5], "rotation": 180, "texture": "#4"},
				"south": {"uv": [8.5, 9.5, 9, 10.5], "rotation": 180, "texture": "#4"},
				"west": {"uv": [8.5, 9.5, 9, 10.5], "rotation": 180, "texture": "#4"},
				"up": {"uv": [8.5, 10, 9, 10.5], "rotation": 180, "texture": "#4"},
				"down": {"uv": [8.5, 9.5, 9, 10], "rotation": 180, "texture": "#4"}
			}
		},
		{
			"name": "luckycoin_43",
			"from": [6.9275, 16.42087, 5.23701],
			"to": [7.0925, 16.75087, 5.45151],
			"rotation": {"angle": -22.5, "axis": "x", "origin": [8, 17.16087, 5.23097]},
			"faces": {
				"north": {"uv": [15, 9.5, 14.5, 10.5], "rotation": 180, "texture": "#4"},
				"east": {"uv": [14.5, 9.5, 15, 10.5], "rotation": 180, "texture": "#4"},
				"south": {"uv": [14.5, 9.5, 15, 10.5], "rotation": 180, "texture": "#4"},
				"west": {"uv": [14.5, 9.5, 15, 10.5], "rotation": 180, "texture": "#4"},
				"up": {"uv": [14.5, 10, 15, 10.5], "rotation": 180, "texture": "#4"},
				"down": {"uv": [14.5, 9.5, 15, 10], "rotation": 180, "texture": "#4"}
			}
		},
		{
			"name": "luckycoin_46",
			"from": [9.0725, 16.75087, 5.23701],
			"to": [9.2375, 17.57587, 5.45151],
			"rotation": {"angle": -22.5, "axis": "x", "origin": [8, 17.16087, 5.23097]},
			"faces": {
				"north": {"uv": [8.5, 10.5, 8, 13], "rotation": 180, "texture": "#4"},
				"east": {"uv": [8, 10.5, 8.5, 13], "rotation": 180, "texture": "#4"},
				"south": {"uv": [8, 10.5, 8.5, 13], "rotation": 180, "texture": "#4"},
				"west": {"uv": [8, 10.5, 8.5, 13], "rotation": 180, "texture": "#4"},
				"up": {"uv": [8, 12.5, 8.5, 13], "rotation": 180, "texture": "#4"},
				"down": {"uv": [8, 10.5, 8.5, 11], "rotation": 180, "texture": "#4"}
			}
		},
		{
			"name": "luckycoin_47",
			"from": [6.7625, 16.75087, 5.23701],
			"to": [6.9275, 17.57587, 5.45151],
			"rotation": {"angle": -22.5, "axis": "x", "origin": [8, 17.16087, 5.23097]},
			"faces": {
				"north": {"uv": [15.5, 10.5, 15, 13], "rotation": 180, "texture": "#4"},
				"east": {"uv": [15, 10.5, 15.5, 13], "rotation": 180, "texture": "#4"},
				"south": {"uv": [15, 10.5, 15.5, 13], "rotation": 180, "texture": "#4"},
				"west": {"uv": [15, 10.5, 15.5, 13], "rotation": 180, "texture": "#4"},
				"up": {"uv": [15, 12.5, 15.5, 13], "rotation": 180, "texture": "#4"},
				"down": {"uv": [15, 10.5, 15.5, 11], "rotation": 180, "texture": "#4"}
			}
		},
		{
			"name": "luckycoin_48",
			"from": [8.9075, 17.57587, 5.23701],
			"to": [9.0725, 17.90587, 5.45151],
			"rotation": {"angle": -22.5, "axis": "x", "origin": [8, 17.16087, 5.23097]},
			"faces": {
				"north": {"uv": [9, 13, 8.5, 14], "rotation": 180, "texture": "#4"},
				"east": {"uv": [8.5, 13, 9, 14], "rotation": 180, "texture": "#4"},
				"south": {"uv": [8.5, 13, 9, 14], "rotation": 180, "texture": "#4"},
				"west": {"uv": [8.5, 13, 9, 14], "rotation": 180, "texture": "#4"},
				"up": {"uv": [8.5, 13.5, 9, 14], "rotation": 180, "texture": "#4"},
				"down": {"uv": [8.5, 13, 9, 13.5], "rotation": 180, "texture": "#4"}
			}
		},
		{
			"name": "luckycoin_49",
			"from": [6.9275, 17.57587, 5.23701],
			"to": [7.0925, 17.90587, 5.45151],
			"rotation": {"angle": -22.5, "axis": "x", "origin": [8, 17.16087, 5.23097]},
			"faces": {
				"north": {"uv": [15, 13, 14.5, 14], "rotation": 180, "texture": "#4"},
				"east": {"uv": [14.5, 13, 15, 14], "rotation": 180, "texture": "#4"},
				"south": {"uv": [14.5, 13, 15, 14], "rotation": 180, "texture": "#4"},
				"west": {"uv": [14.5, 13, 15, 14], "rotation": 180, "texture": "#4"},
				"up": {"uv": [14.5, 13.5, 15, 14], "rotation": 180, "texture": "#4"},
				"down": {"uv": [14.5, 13, 15, 13.5], "rotation": 180, "texture": "#4"}
			}
		},
		{
			"name": "luckycoin_50",
			"from": [8.7425, 17.90587, 5.23701],
			"to": [8.9075, 18.07087, 5.45151],
			"rotation": {"angle": -22.5, "axis": "x", "origin": [8, 17.16087, 5.23097]},
			"faces": {
				"north": {"uv": [9.5, 14, 9, 14.5], "rotation": 180, "texture": "#4"},
				"east": {"uv": [9, 14, 9.5, 14.5], "rotation": 180, "texture": "#4"},
				"south": {"uv": [9, 14, 9.5, 14.5], "rotation": 180, "texture": "#4"},
				"west": {"uv": [9, 14, 9.5, 14.5], "rotation": 180, "texture": "#4"},
				"up": {"uv": [9, 14, 9.5, 14.5], "rotation": 180, "texture": "#4"},
				"down": {"uv": [9, 14, 9.5, 14.5], "rotation": 180, "texture": "#4"}
			}
		},
		{
			"name": "luckycoin_51",
			"from": [7.0925, 17.90587, 5.23701],
			"to": [7.2575, 18.07087, 5.45151],
			"rotation": {"angle": -22.5, "axis": "x", "origin": [8, 17.16087, 5.23097]},
			"faces": {
				"north": {"uv": [14.5, 14, 14, 14.5], "rotation": 180, "texture": "#4"},
				"east": {"uv": [14, 14, 14.5, 14.5], "rotation": 180, "texture": "#4"},
				"south": {"uv": [14, 14, 14.5, 14.5], "rotation": 180, "texture": "#4"},
				"west": {"uv": [14, 14, 14.5, 14.5], "rotation": 180, "texture": "#4"},
				"up": {"uv": [14, 14, 14.5, 14.5], "rotation": 180, "texture": "#4"},
				"down": {"uv": [14, 14, 14.5, 14.5], "rotation": 180, "texture": "#4"}
			}
		},
		{
			"name": "luckycoin_52",
			"from": [8.4125, 18.07087, 5.23701],
			"to": [8.7425, 18.23587, 5.45151],
			"rotation": {"angle": -22.5, "axis": "x", "origin": [8, 17.16087, 5.23097]},
			"faces": {
				"north": {"uv": [10.5, 14.5, 9.5, 15], "rotation": 180, "texture": "#4"},
				"east": {"uv": [9.5, 14.5, 10, 15], "rotation": 180, "texture": "#4"},
				"south": {"uv": [9.5, 14.5, 10.5, 15], "rotation": 180, "texture": "#4"},
				"west": {"uv": [10, 14.5, 10.5, 15], "rotation": 180, "texture": "#4"},
				"up": {"uv": [9.5, 14.5, 10.5, 15], "rotation": 180, "texture": "#4"},
				"down": {"uv": [9.5, 14.5, 10.5, 15], "rotation": 180, "texture": "#4"}
			}
		},
		{
			"name": "luckycoin_53",
			"from": [7.2575, 18.07087, 5.23701],
			"to": [7.5875, 18.23587, 5.45151],
			"rotation": {"angle": -22.5, "axis": "x", "origin": [8, 17.16087, 5.23097]},
			"faces": {
				"north": {"uv": [14, 14.5, 13, 15], "rotation": 180, "texture": "#4"},
				"east": {"uv": [13, 14.5, 13.5, 15], "rotation": 180, "texture": "#4"},
				"south": {"uv": [13, 14.5, 14, 15], "rotation": 180, "texture": "#4"},
				"west": {"uv": [13.5, 14.5, 14, 15], "rotation": 180, "texture": "#4"},
				"up": {"uv": [13, 14.5, 14, 15], "rotation": 180, "texture": "#4"},
				"down": {"uv": [13, 14.5, 14, 15], "rotation": 180, "texture": "#4"}
			}
		},
		{
			"name": "luckycoin_54",
			"from": [7.5875, 18.23587, 5.23701],
			"to": [8.4125, 18.40087, 5.45151],
			"rotation": {"angle": -22.5, "axis": "x", "origin": [8, 17.16087, 5.23097]},
			"faces": {
				"north": {"uv": [13, 15, 10.5, 15.5], "rotation": 180, "texture": "#4"},
				"east": {"uv": [10.5, 15, 11, 15.5], "rotation": 180, "texture": "#4"},
				"south": {"uv": [10.5, 15, 13, 15.5], "rotation": 180, "texture": "#4"},
				"west": {"uv": [12.5, 15, 13, 15.5], "rotation": 180, "texture": "#4"},
				"up": {"uv": [10.5, 15, 13, 15.5], "rotation": 180, "texture": "#4"},
				"down": {"uv": [10.5, 15, 13, 15.5], "rotation": 180, "texture": "#4"}
			}
		}
	],
	"display": {
		"thirdperson_righthand": {
			"scale": [0, 0, 0]
		},
		"thirdperson_lefthand": {
			"scale": [0, 0, 0]
		},
		"firstperson_righthand": {
			"rotation": [23, 2.16, -0.63],
			"translation": [1, 16.75, -4]
		},
		"firstperson_lefthand": {
			"scale": [0, 0, 0]
		},
		"ground": {
			"scale": [0, 0, 0]
		},
		"gui": {
			"scale": [0, 0, 0]
		}
	},
	"groups": [
		{
			"name": "group",
			"origin": [0.2375, 0, 0],
			"color": 0,
			"children": [0, 1]
		},
		{
			"name": "luckycoin",
			"origin": [12.25, 8, 14.85],
			"color": 0,
			"children": [
				2,
				3,
				4,
				5,
				6,
				7,
				8,
				{
					"name": "group",
					"origin": [4.25, 0, 6.85],
					"color": 0,
					"children": [9, 10, 11, 12]
				},
				13,
				14,
				15,
				16,
				17,
				{
					"name": "group",
					"origin": [4.25, 0, 6.85],
					"color": 0,
					"children": [18, 19, 20, 21, 22, 23, 24, 25, 26, 27, 28, 29, 30, 31, 32, 33]
				},
				34,
				35,
				36,
				37,
				38,
				39,
				40,
				{
					"name": "group",
					"origin": [4.25, 0, 6.85],
					"color": 0,
					"children": [41, 42, 43, 44, 45, 46, 47, 48, 49, 50, 51, 52, 53, 54, 55, 56]
				}
			]
		}
	]
}