{
	"credit": "Made with Blockbench",
	"texture_size": [32, 32],
	"textures": {
		"particle": "custom/melee/voidstaff"
	},
	"elements": [
		{
			"name": "group",
			"from": [8.02183, 6.06677, 1.828],
			"to": [8.02183, 7.5588, 2.32535],
			"rotation": {"angle": 0, "axis": "y", "origin": [8, 15.03405, 7.39914]},
			"faces": {
				"north": {"uv": [0, 0, 0, 0.5], "texture": "#particle"},
				"east": {"uv": [8.5, 2, 9, 2.5], "texture": "#particle"},
				"south": {"uv": [0, 0, 0, 0.5], "texture": "#particle"},
				"west": {"uv": [8.5, 2.5, 9, 3], "texture": "#particle"},
				"up": {"uv": [0, 0.5, 0, 0], "texture": "#particle"},
				"down": {"uv": [0, 0, 0, 0.5], "texture": "#particle"}
			}
		},
		{
			"name": "group",
			"from": [8.02183, 7.06146, 1.33067],
			"to": [8.02183, 9.5482, 1.828],
			"rotation": {"angle": 0, "axis": "y", "origin": [8, 15.03405, 7.39914]},
			"faces": {
				"north": {"uv": [0, 0, 0, 0.5], "texture": "#particle"},
				"east": {"uv": [3, 8.5, 3.5, 9], "texture": "#particle"},
				"south": {"uv": [0, 0, 0, 0.5], "texture": "#particle"},
				"west": {"uv": [8.5, 3, 9, 3.5], "texture": "#particle"},
				"up": {"uv": [0, 0.5, 0, 0], "texture": "#particle"},
				"down": {"uv": [0, 0, 0, 0.5], "texture": "#particle"}
			}
		},
		{
			"name": "group",
			"from": [8.02183, 8.55349, 0.83332],
			"to": [8.02183, 17.00836, 1.33067],
			"rotation": {"angle": 0, "axis": "y", "origin": [8, 15.03405, 7.39914]},
			"faces": {
				"north": {"uv": [0, 0, 0, 2.5], "texture": "#particle"},
				"east": {"uv": [2.5, 4.5, 3, 7], "texture": "#particle"},
				"south": {"uv": [0, 0, 0, 2.5], "texture": "#particle"},
				"west": {"uv": [3, 4.5, 3.5, 7], "texture": "#particle"},
				"up": {"uv": [0, 0.5, 0, 0], "texture": "#particle"},
				"down": {"uv": [0, 0, 0, 0.5], "texture": "#particle"}
			}
		},
		{
			"name": "group",
			"from": [8.02183, 10.04555, 1.33067],
			"to": [8.02183, 12.03492, 1.828],
			"rotation": {"angle": 0, "axis": "y", "origin": [8, 15.03405, 7.39914]},
			"faces": {
				"north": {"uv": [0, 0, 0, 0.5], "texture": "#particle"},
				"east": {"uv": [3.5, 8.5, 4, 9], "texture": "#particle"},
				"south": {"uv": [0, 0, 0, 0.5], "texture": "#particle"},
				"west": {"uv": [8.5, 3.5, 9, 4], "texture": "#particle"},
				"up": {"uv": [0, 0.5, 0, 0], "texture": "#particle"},
				"down": {"uv": [0, 0, 0, 0.5], "texture": "#particle"}
			}
		},
		{
			"name": "group",
			"from": [8.02183, 12.53226, 1.33067],
			"to": [8.02183, 20.98712, 1.828],
			"rotation": {"angle": 0, "axis": "y", "origin": [8, 15.03405, 7.39914]},
			"faces": {
				"north": {"uv": [0, 0, 0, 2.5], "texture": "#particle"},
				"east": {"uv": [3.5, 4.5, 4, 7], "texture": "#particle"},
				"south": {"uv": [0, 0, 0, 2.5], "texture": "#particle"},
				"west": {"uv": [4.5, 3.5, 5, 6], "texture": "#particle"},
				"up": {"uv": [0, 0.5, 0, 0], "texture": "#particle"},
				"down": {"uv": [0, 0, 0, 0.5], "texture": "#particle"}
			}
		},
		{
			"name": "group",
			"from": [8.02183, 16.51101, 1.828],
			"to": [8.02183, 22.47915, 2.32535],
			"rotation": {"angle": 0, "axis": "y", "origin": [8, 15.03405, 7.39914]},
			"faces": {
				"north": {"uv": [0, 0, 0, 1.5], "texture": "#particle"},
				"east": {"uv": [3, 7, 3.5, 8.5], "texture": "#particle"},
				"south": {"uv": [0, 0, 0, 1.5], "texture": "#particle"},
				"west": {"uv": [3.5, 7, 4, 8.5], "texture": "#particle"},
				"up": {"uv": [0, 0.5, 0, 0], "texture": "#particle"},
				"down": {"uv": [0, 0, 0, 0.5], "texture": "#particle"}
			}
		},
		{
			"name": "group",
			"from": [8.02183, 20.98712, 2.32535],
			"to": [8.02183, 23.47385, 2.82267],
			"rotation": {"angle": 0, "axis": "y", "origin": [8, 15.03405, 7.39914]},
			"faces": {
				"north": {"uv": [0, 0, 0, 0.5], "texture": "#particle"},
				"east": {"uv": [4, 8.5, 4.5, 9], "texture": "#particle"},
				"south": {"uv": [0, 0, 0, 0.5], "texture": "#particle"},
				"west": {"uv": [8.5, 4, 9, 4.5], "texture": "#particle"},
				"up": {"uv": [0, 0.5, 0, 0], "texture": "#particle"},
				"down": {"uv": [0, 0, 0, 0.5], "texture": "#particle"}
			}
		},
		{
			"name": "group",
			"from": [8.02183, 22.47915, 2.8227],
			"to": [8.02183, 24.46853, 3.32005],
			"rotation": {"angle": 0, "axis": "y", "origin": [8, 15.03405, 7.39914]},
			"faces": {
				"north": {"uv": [0, 0, 0, 0.5], "texture": "#particle"},
				"east": {"uv": [4.5, 8.5, 5, 9], "texture": "#particle"},
				"south": {"uv": [0, 0, 0, 0.5], "texture": "#particle"},
				"west": {"uv": [8.5, 4.5, 9, 5], "texture": "#particle"},
				"up": {"uv": [0, 0.5, 0, 0], "texture": "#particle"},
				"down": {"uv": [0, 0, 0, 0.5], "texture": "#particle"}
			}
		},
		{
			"name": "group",
			"from": [8.02183, 23.97119, 3.32005],
			"to": [8.02183, 24.96588, 4.31473],
			"rotation": {"angle": 0, "axis": "y", "origin": [8, 15.03405, 7.39914]},
			"faces": {
				"north": {"uv": [0, 0, 0, 0.5], "texture": "#particle"},
				"east": {"uv": [8.5, 5, 9, 5.5], "texture": "#particle"},
				"south": {"uv": [0, 0, 0, 0.5], "texture": "#particle"},
				"west": {"uv": [8.5, 5.5, 9, 6], "texture": "#particle"},
				"up": {"uv": [0, 0.5, 0, 0], "texture": "#particle"},
				"down": {"uv": [0, 0, 0, 0.5], "texture": "#particle"}
			}
		},
		{
			"name": "group",
			"from": [8.02183, 23.47385, 3.32005],
			"to": [8.02183, 23.97119, 3.81739],
			"rotation": {"angle": 0, "axis": "y", "origin": [8, 15.03405, 7.39914]},
			"faces": {
				"north": {"uv": [0, 0, 0, 0.5], "texture": "#particle"},
				"east": {"uv": [8.5, 6, 9, 6.5], "texture": "#particle"},
				"south": {"uv": [0, 0, 0, 0.5], "texture": "#particle"},
				"west": {"uv": [6.5, 8.5, 7, 9], "texture": "#particle"},
				"up": {"uv": [0, 0.5, 0, 0], "texture": "#particle"},
				"down": {"uv": [0, 0, 0, 0.5], "texture": "#particle"}
			}
		},
		{
			"name": "group",
			"from": [8.02183, 24.96588, 3.81739],
			"to": [8.02183, 25.46322, 4.81207],
			"rotation": {"angle": 0, "axis": "y", "origin": [8, 15.03405, 7.39914]},
			"faces": {
				"north": {"uv": [0, 0, 0, 0.5], "texture": "#particle"},
				"east": {"uv": [8.5, 6.5, 9, 7], "texture": "#particle"},
				"south": {"uv": [0, 0, 0, 0.5], "texture": "#particle"},
				"west": {"uv": [7, 8.5, 7.5, 9], "texture": "#particle"},
				"up": {"uv": [0, 0.5, 0, 0], "texture": "#particle"},
				"down": {"uv": [0, 0, 0, 0.5], "texture": "#particle"}
			}
		},
		{
			"name": "group",
			"from": [8.02183, 25.46322, 4.31473],
			"to": [8.02183, 25.96056, 5.80676],
			"rotation": {"angle": 0, "axis": "y", "origin": [8, 15.03405, 7.39914]},
			"faces": {
				"north": {"uv": [0, 0, 0, 0.5], "texture": "#particle"},
				"east": {"uv": [8.5, 7, 9, 7.5], "texture": "#particle"},
				"south": {"uv": [0, 0, 0, 0.5], "texture": "#particle"},
				"west": {"uv": [8.5, 7.5, 9, 8], "texture": "#particle"},
				"up": {"uv": [0, 0.5, 0, 0], "texture": "#particle"},
				"down": {"uv": [0, 0, 0, 0.5], "texture": "#particle"}
			}
		},
		{
			"name": "group",
			"from": [8.02183, 25.96056, 4.81207],
			"to": [8.02183, 26.4579, 6.80145],
			"rotation": {"angle": 0, "axis": "y", "origin": [8, 15.03405, 7.39914]},
			"faces": {
				"north": {"uv": [0, 0, 0, 0.5], "texture": "#particle"},
				"east": {"uv": [8.5, 8, 9, 8.5], "texture": "#particle"},
				"south": {"uv": [0, 0, 0, 0.5], "texture": "#particle"},
				"west": {"uv": [8.5, 8.5, 9, 9], "texture": "#particle"},
				"up": {"uv": [0, 0.5, 0, 0], "texture": "#particle"},
				"down": {"uv": [0, 0, 0, 0.5], "texture": "#particle"}
			}
		},
		{
			"name": "group",
			"from": [8.02183, 26.4579, 5.80676],
			"to": [8.02183, 26.95525, 8.29348],
			"rotation": {"angle": 0, "axis": "y", "origin": [8, 15.03405, 7.39914]},
			"faces": {
				"north": {"uv": [0, 0, 0, 0.5], "texture": "#particle"},
				"east": {"uv": [0, 9, 0.5, 9.5], "texture": "#particle"},
				"south": {"uv": [0, 0, 0, 0.5], "texture": "#particle"},
				"west": {"uv": [9, 0, 9.5, 0.5], "texture": "#particle"},
				"up": {"uv": [0, 0.5, 0, 0], "texture": "#particle"},
				"down": {"uv": [0, 0, 0, 0.5], "texture": "#particle"}
			}
		},
		{
			"name": "group5",
			"from": [7.67882, 7.5588, 1.828],
			"to": [8.30299, 17.00836, 2.32535],
			"rotation": {"angle": 0, "axis": "y", "origin": [8, 15.03405, 7.39914]},
			"faces": {
				"north": {"uv": [5, 0, 5.5, 2.5], "texture": "#particle"},
				"east": {"uv": [5, 2.5, 5.5, 5], "texture": "#particle"},
				"south": {"uv": [5, 5, 5.5, 7.5], "texture": "#particle"},
				"west": {"uv": [5.5, 0, 6, 2.5], "texture": "#particle"},
				"up": {"uv": [1, 9.5, 0.5, 9], "texture": "#particle"},
				"down": {"uv": [9.5, 0.5, 9, 1], "texture": "#particle"}
			}
		},
		{
			"name": "group5",
			"from": [7.67882, 9.5482, 1.33067],
			"to": [8.30299, 10.04555, 1.828],
			"rotation": {"angle": 0, "axis": "y", "origin": [8, 15.03405, 7.39914]},
			"faces": {
				"north": {"uv": [1, 9, 1.5, 9.5], "texture": "#particle"},
				"east": {"uv": [9, 1, 9.5, 1.5], "texture": "#particle"},
				"south": {"uv": [1.5, 9, 2, 9.5], "texture": "#particle"},
				"west": {"uv": [9, 1.5, 9.5, 2], "texture": "#particle"},
				"up": {"uv": [2.5, 9.5, 2, 9], "texture": "#particle"},
				"down": {"uv": [9.5, 2, 9, 2.5], "texture": "#particle"}
			}
		},
		{
			"name": "group5",
			"from": [7.67882, 12.03491, 1.33067],
			"to": [8.30299, 12.53226, 1.828],
			"rotation": {"angle": 0, "axis": "y", "origin": [8, 15.03405, 7.39914]},
			"faces": {
				"north": {"uv": [2.5, 9, 3, 9.5], "texture": "#particle"},
				"east": {"uv": [9, 2.5, 9.5, 3], "texture": "#particle"},
				"south": {"uv": [3, 9, 3.5, 9.5], "texture": "#particle"},
				"west": {"uv": [9, 3, 9.5, 3.5], "texture": "#particle"},
				"up": {"uv": [4, 9.5, 3.5, 9], "texture": "#particle"},
				"down": {"uv": [9.5, 3.5, 9, 4], "texture": "#particle"}
			}
		},
		{
			"name": "group5",
			"from": [7.67882, 16.01366, 2.32535],
			"to": [8.30299, 20.98712, 2.8227],
			"rotation": {"angle": 0, "axis": "y", "origin": [8, 15.03405, 7.39914]},
			"faces": {
				"north": {"uv": [4, 7, 4.5, 8.5], "texture": "#particle"},
				"east": {"uv": [7, 4, 7.5, 5.5], "texture": "#particle"},
				"south": {"uv": [7, 5.5, 7.5, 7], "texture": "#particle"},
				"west": {"uv": [6.5, 7, 7, 8.5], "texture": "#particle"},
				"up": {"uv": [4.5, 9.5, 4, 9], "texture": "#particle"},
				"down": {"uv": [9.5, 4, 9, 4.5], "texture": "#particle"}
			}
		},
		{
			"name": "group5",
			"from": [7.67882, 18.99773, 2.8227],
			"to": [8.30299, 22.47916, 3.32003],
			"rotation": {"angle": 0, "axis": "y", "origin": [8, 15.03405, 7.39914]},
			"faces": {
				"north": {"uv": [8, 0, 8.5, 1], "texture": "#particle"},
				"east": {"uv": [8, 1, 8.5, 2], "texture": "#particle"},
				"south": {"uv": [2, 8, 2.5, 9], "texture": "#particle"},
				"west": {"uv": [8, 2, 8.5, 3], "texture": "#particle"},
				"up": {"uv": [5, 9.5, 4.5, 9], "texture": "#particle"},
				"down": {"uv": [9.5, 4.5, 9, 5], "texture": "#particle"}
			}
		},
		{
			"name": "group5",
			"from": [7.67882, 20.98712, 3.32005],
			"to": [8.30299, 23.47385, 3.81739],
			"rotation": {"angle": 0, "axis": "y", "origin": [8, 15.03405, 7.39914]},
			"faces": {
				"north": {"uv": [5, 9, 5.5, 9.5], "texture": "#particle"},
				"east": {"uv": [9, 5, 9.5, 5.5], "texture": "#particle"},
				"south": {"uv": [5.5, 9, 6, 9.5], "texture": "#particle"},
				"west": {"uv": [9, 5.5, 9.5, 6], "texture": "#particle"},
				"up": {"uv": [6.5, 9.5, 6, 9], "texture": "#particle"},
				"down": {"uv": [9.5, 6, 9, 6.5], "texture": "#particle"}
			}
		},
		{
			"name": "group5",
			"from": [7.67882, 22.9765, 3.81739],
			"to": [8.30299, 23.97119, 4.81207],
			"rotation": {"angle": 0, "axis": "y", "origin": [8, 15.03405, 7.39914]},
			"faces": {
				"north": {"uv": [6.5, 9, 7, 9.5], "texture": "#particle"},
				"east": {"uv": [9, 6.5, 9.5, 7], "texture": "#particle"},
				"south": {"uv": [7, 9, 7.5, 9.5], "texture": "#particle"},
				"west": {"uv": [9, 7, 9.5, 7.5], "texture": "#particle"},
				"up": {"uv": [8, 9.5, 7.5, 9], "texture": "#particle"},
				"down": {"uv": [9.5, 7.5, 9, 8], "texture": "#particle"}
			}
		},
		{
			"name": "group5",
			"from": [7.67882, 22.47915, 3.81739],
			"to": [8.30299, 22.97647, 4.31474],
			"rotation": {"angle": 0, "axis": "y", "origin": [8, 15.03405, 7.39914]},
			"faces": {
				"north": {"uv": [8, 9, 8.5, 9.5], "texture": "#particle"},
				"east": {"uv": [9, 8, 9.5, 8.5], "texture": "#particle"},
				"south": {"uv": [8.5, 9, 9, 9.5], "texture": "#particle"},
				"west": {"uv": [9, 8.5, 9.5, 9], "texture": "#particle"},
				"up": {"uv": [9.5, 9.5, 9, 9], "texture": "#particle"},
				"down": {"uv": [0.5, 9.5, 0, 10], "texture": "#particle"}
			}
		},
		{
			"name": "group5",
			"from": [7.67882, 24.46853, 4.31474],
			"to": [8.30299, 24.96588, 5.80677],
			"rotation": {"angle": 0, "axis": "y", "origin": [8, 15.03405, 7.39914]},
			"faces": {
				"north": {"uv": [9.5, 0, 10, 0.5], "texture": "#particle"},
				"east": {"uv": [0.5, 9.5, 1, 10], "texture": "#particle"},
				"south": {"uv": [9.5, 0.5, 10, 1], "texture": "#particle"},
				"west": {"uv": [1, 9.5, 1.5, 10], "texture": "#particle"},
				"up": {"uv": [10, 1.5, 9.5, 1], "texture": "#particle"},
				"down": {"uv": [2, 9.5, 1.5, 10], "texture": "#particle"}
			}
		},
		{
			"name": "group5",
			"from": [7.67882, 23.97119, 4.31474],
			"to": [8.30299, 24.46853, 5.30942],
			"rotation": {"angle": 0, "axis": "y", "origin": [8, 15.03405, 7.39914]},
			"faces": {
				"north": {"uv": [9.5, 1.5, 10, 2], "texture": "#particle"},
				"east": {"uv": [2, 9.5, 2.5, 10], "texture": "#particle"},
				"south": {"uv": [9.5, 2, 10, 2.5], "texture": "#particle"},
				"west": {"uv": [2.5, 9.5, 3, 10], "texture": "#particle"},
				"up": {"uv": [10, 3, 9.5, 2.5], "texture": "#particle"},
				"down": {"uv": [3.5, 9.5, 3, 10], "texture": "#particle"}
			}
		},
		{
			"name": "group5",
			"from": [7.67882, 24.96588, 4.81207],
			"to": [8.30299, 25.46322, 6.3041],
			"rotation": {"angle": 0, "axis": "y", "origin": [8, 15.03405, 7.39914]},
			"faces": {
				"north": {"uv": [9.5, 3, 10, 3.5], "texture": "#particle"},
				"east": {"uv": [3.5, 9.5, 4, 10], "texture": "#particle"},
				"south": {"uv": [9.5, 3.5, 10, 4], "texture": "#particle"},
				"west": {"uv": [4, 9.5, 4.5, 10], "texture": "#particle"},
				"up": {"uv": [10, 4.5, 9.5, 4], "texture": "#particle"},
				"down": {"uv": [5, 9.5, 4.5, 10], "texture": "#particle"}
			}
		},
		{
			"name": "group5",
			"from": [7.67882, 25.46322, 5.80677],
			"to": [8.30299, 25.96056, 6.80145],
			"rotation": {"angle": 0, "axis": "y", "origin": [8, 15.03405, 7.39914]},
			"faces": {
				"north": {"uv": [9.5, 4.5, 10, 5], "texture": "#particle"},
				"east": {"uv": [5, 9.5, 5.5, 10], "texture": "#particle"},
				"south": {"uv": [9.5, 5, 10, 5.5], "texture": "#particle"},
				"west": {"uv": [5.5, 9.5, 6, 10], "texture": "#particle"},
				"up": {"uv": [10, 6, 9.5, 5.5], "texture": "#particle"},
				"down": {"uv": [6.5, 9.5, 6, 10], "texture": "#particle"}
			}
		},
		{
			"name": "group5",
			"from": [7.67882, 25.96056, 6.80145],
			"to": [8.30299, 26.4579, 7.2988],
			"rotation": {"angle": 0, "axis": "y", "origin": [8, 15.03405, 7.39914]},
			"faces": {
				"north": {"uv": [9.5, 6, 10, 6.5], "texture": "#particle"},
				"east": {"uv": [6.5, 9.5, 7, 10], "texture": "#particle"},
				"south": {"uv": [9.5, 6.5, 10, 7], "texture": "#particle"},
				"west": {"uv": [7, 9.5, 7.5, 10], "texture": "#particle"},
				"up": {"uv": [10, 7.5, 9.5, 7], "texture": "#particle"},
				"down": {"uv": [8, 9.5, 7.5, 10], "texture": "#particle"}
			}
		},
		{
			"name": "group3",
			"from": [7.79719, 9.05084, 2.32536],
			"to": [8.1546, 11.04023, 2.8227],
			"rotation": {"angle": 0, "axis": "y", "origin": [8, 15.03405, 7.39914]},
			"faces": {
				"north": {"uv": [9.5, 7.5, 10, 8], "texture": "#particle"},
				"east": {"uv": [8, 9.5, 8.5, 10], "texture": "#particle"},
				"south": {"uv": [9.5, 8, 10, 8.5], "texture": "#particle"},
				"west": {"uv": [8.5, 9.5, 9, 10], "texture": "#particle"},
				"up": {"uv": [10, 9, 9.5, 8.5], "texture": "#particle"},
				"down": {"uv": [9.5, 9.5, 9, 10], "texture": "#particle"}
			}
		},
		{
			"name": "group3",
			"from": [7.79719, 10.54287, 2.8227],
			"to": [8.1546, 13.02961, 3.32005],
			"rotation": {"angle": 0, "axis": "y", "origin": [8, 15.03405, 7.39914]},
			"faces": {
				"north": {"uv": [9.5, 9, 10, 9.5], "texture": "#particle"},
				"east": {"uv": [9.5, 9.5, 10, 10], "texture": "#particle"},
				"south": {"uv": [0, 10, 0.5, 10.5], "texture": "#particle"},
				"west": {"uv": [10, 0, 10.5, 0.5], "texture": "#particle"},
				"up": {"uv": [1, 10.5, 0.5, 10], "texture": "#particle"},
				"down": {"uv": [10.5, 0.5, 10, 1], "texture": "#particle"}
			}
		},
		{
			"name": "group3",
			"from": [7.79719, 12.53226, 3.32005],
			"to": [8.1546, 15.01898, 3.81739],
			"rotation": {"angle": 0, "axis": "y", "origin": [8, 15.03405, 7.39914]},
			"faces": {
				"north": {"uv": [1, 10, 1.5, 10.5], "texture": "#particle"},
				"east": {"uv": [10, 1, 10.5, 1.5], "texture": "#particle"},
				"south": {"uv": [1.5, 10, 2, 10.5], "texture": "#particle"},
				"west": {"uv": [10, 1.5, 10.5, 2], "texture": "#particle"},
				"up": {"uv": [2.5, 10.5, 2, 10], "texture": "#particle"},
				"down": {"uv": [10.5, 2, 10, 2.5], "texture": "#particle"}
			}
		},
		{
			"name": "group3",
			"from": [7.79719, 14.52163, 3.81739],
			"to": [8.1546, 16.51101, 4.31473],
			"rotation": {"angle": 0, "axis": "y", "origin": [8, 15.03405, 7.39914]},
			"faces": {
				"north": {"uv": [2.5, 10, 3, 10.5], "texture": "#particle"},
				"east": {"uv": [10, 2.5, 10.5, 3], "texture": "#particle"},
				"south": {"uv": [3, 10, 3.5, 10.5], "texture": "#particle"},
				"west": {"uv": [10, 3, 10.5, 3.5], "texture": "#particle"},
				"up": {"uv": [4, 10.5, 3.5, 10], "texture": "#particle"},
				"down": {"uv": [10.5, 3.5, 10, 4], "texture": "#particle"}
			}
		},
		{
			"name": "group3",
			"from": [7.79719, 16.01366, 4.31474],
			"to": [8.1546, 18.00304, 4.81209],
			"rotation": {"angle": 0, "axis": "y", "origin": [8, 15.03405, 7.39914]},
			"faces": {
				"north": {"uv": [4, 10, 4.5, 10.5], "texture": "#particle"},
				"east": {"uv": [10, 4, 10.5, 4.5], "texture": "#particle"},
				"south": {"uv": [4.5, 10, 5, 10.5], "texture": "#particle"},
				"west": {"uv": [10, 4.5, 10.5, 5], "texture": "#particle"},
				"up": {"uv": [5.5, 10.5, 5, 10], "texture": "#particle"},
				"down": {"uv": [10.5, 5, 10, 5.5], "texture": "#particle"}
			}
		},
		{
			"name": "group3",
			"from": [7.79719, 17.50571, 4.81209],
			"to": [8.1546, 18.99773, 5.30942],
			"rotation": {"angle": 0, "axis": "y", "origin": [8, 15.03405, 7.39914]},
			"faces": {
				"north": {"uv": [5.5, 10, 6, 10.5], "texture": "#particle"},
				"east": {"uv": [10, 5.5, 10.5, 6], "texture": "#particle"},
				"south": {"uv": [6, 10, 6.5, 10.5], "texture": "#particle"},
				"west": {"uv": [10, 6, 10.5, 6.5], "texture": "#particle"},
				"up": {"uv": [7, 10.5, 6.5, 10], "texture": "#particle"},
				"down": {"uv": [10.5, 6.5, 10, 7], "texture": "#particle"}
			}
		},
		{
			"name": "group3",
			"from": [7.79719, 18.50041, 4.31474],
			"to": [8.1546, 19.49508, 4.81209],
			"rotation": {"angle": 0, "axis": "y", "origin": [8, 15.03405, 7.39914]},
			"faces": {
				"north": {"uv": [7, 10, 7.5, 10.5], "texture": "#particle"},
				"east": {"uv": [10, 7, 10.5, 7.5], "texture": "#particle"},
				"south": {"uv": [7.5, 10, 8, 10.5], "texture": "#particle"},
				"west": {"uv": [10, 7.5, 10.5, 8], "texture": "#particle"},
				"up": {"uv": [8.5, 10.5, 8, 10], "texture": "#particle"},
				"down": {"uv": [10.5, 8, 10, 8.5], "texture": "#particle"}
			}
		},
		{
			"name": "group3",
			"from": [7.79719, 18.99773, 3.81739],
			"to": [8.1546, 19.99244, 4.31473],
			"rotation": {"angle": 0, "axis": "y", "origin": [8, 15.03405, 7.39914]},
			"faces": {
				"north": {"uv": [8.5, 10, 9, 10.5], "texture": "#particle"},
				"east": {"uv": [10, 8.5, 10.5, 9], "texture": "#particle"},
				"south": {"uv": [9, 10, 9.5, 10.5], "texture": "#particle"},
				"west": {"uv": [10, 9, 10.5, 9.5], "texture": "#particle"},
				"up": {"uv": [10, 10.5, 9.5, 10], "texture": "#particle"},
				"down": {"uv": [10.5, 9.5, 10, 10], "texture": "#particle"}
			}
		},
		{
			"name": "group3",
			"from": [7.79719, 19.49508, 3.32005],
			"to": [8.1546, 20.98712, 3.81739],
			"rotation": {"angle": 0, "axis": "y", "origin": [8, 15.03405, 7.39914]},
			"faces": {
				"north": {"uv": [10, 10, 10.5, 10.5], "texture": "#particle"},
				"east": {"uv": [0, 10.5, 0.5, 11], "texture": "#particle"},
				"south": {"uv": [10.5, 0, 11, 0.5], "texture": "#particle"},
				"west": {"uv": [0.5, 10.5, 1, 11], "texture": "#particle"},
				"up": {"uv": [11, 1, 10.5, 0.5], "texture": "#particle"},
				"down": {"uv": [1.5, 10.5, 1, 11], "texture": "#particle"}
			}
		},
		{
			"name": "group3",
			"from": [8.0679, 11.04023, 2.32535],
			"to": [8.0679, 16.01366, 2.8227],
			"rotation": {"angle": 0, "axis": "y", "origin": [8, 15.03405, 7.39914]},
			"faces": {
				"north": {"uv": [0, 0, 0, 1.5], "texture": "#particle"},
				"east": {"uv": [7, 7, 7.5, 8.5], "texture": "#particle"},
				"south": {"uv": [0, 0, 0, 1.5], "texture": "#particle"},
				"west": {"uv": [7.5, 0, 8, 1.5], "texture": "#particle"},
				"up": {"uv": [0, 0.5, 0, 0], "texture": "#particle"},
				"down": {"uv": [0, 0, 0, 0.5], "texture": "#particle"}
			}
		},
		{
			"name": "group3",
			"from": [8.0679, 13.02961, 2.8227],
			"to": [8.0679, 18.99773, 3.32005],
			"rotation": {"angle": 0, "axis": "y", "origin": [8, 15.03405, 7.39914]},
			"faces": {
				"north": {"uv": [0, 0, 0, 1.5], "texture": "#particle"},
				"east": {"uv": [7.5, 1.5, 8, 3], "texture": "#particle"},
				"south": {"uv": [0, 0, 0, 1.5], "texture": "#particle"},
				"west": {"uv": [7.5, 3, 8, 4.5], "texture": "#particle"},
				"up": {"uv": [0, 0.5, 0, 0], "texture": "#particle"},
				"down": {"uv": [0, 0, 0, 0.5], "texture": "#particle"}
			}
		},
		{
			"name": "group3",
			"from": [8.0679, 16.51101, 3.81739],
			"to": [8.0679, 18.99773, 4.31474],
			"rotation": {"angle": 0, "axis": "y", "origin": [8, 15.03405, 7.39914]},
			"faces": {
				"north": {"uv": [0, 0, 0, 0.5], "texture": "#particle"},
				"east": {"uv": [10.5, 1, 11, 1.5], "texture": "#particle"},
				"south": {"uv": [0, 0, 0, 0.5], "texture": "#particle"},
				"west": {"uv": [1.5, 10.5, 2, 11], "texture": "#particle"},
				"up": {"uv": [0, 0.5, 0, 0], "texture": "#particle"},
				"down": {"uv": [0, 0, 0, 0.5], "texture": "#particle"}
			}
		},
		{
			"name": "group3",
			"from": [8.0679, 15.01898, 3.32005],
			"to": [8.0679, 19.49508, 3.81738],
			"rotation": {"angle": 0, "axis": "y", "origin": [8, 15.03405, 7.39914]},
			"faces": {
				"north": {"uv": [0, 0, 0, 1.5], "texture": "#particle"},
				"east": {"uv": [7.5, 4.5, 8, 6], "texture": "#particle"},
				"south": {"uv": [0, 0, 0, 1.5], "texture": "#particle"},
				"west": {"uv": [5, 7.5, 5.5, 9], "texture": "#particle"},
				"up": {"uv": [0, 0.5, 0, 0], "texture": "#particle"},
				"down": {"uv": [0, 0, 0, 0.5], "texture": "#particle"}
			}
		},
		{
			"name": "group3",
			"from": [8.0679, 18.00305, 4.31474],
			"to": [8.0679, 18.50041, 4.81209],
			"rotation": {"angle": 0, "axis": "y", "origin": [8, 15.03405, 7.39914]},
			"faces": {
				"north": {"uv": [0, 0, 0, 0.5], "texture": "#particle"},
				"east": {"uv": [10.5, 1.5, 11, 2], "texture": "#particle"},
				"south": {"uv": [0, 0, 0, 0.5], "texture": "#particle"},
				"west": {"uv": [2, 10.5, 2.5, 11], "texture": "#particle"},
				"up": {"uv": [0, 0.5, 0, 0], "texture": "#particle"},
				"down": {"uv": [0, 0, 0, 0.5], "texture": "#particle"}
			}
		},
		{
			"name": "group2",
			"from": [7.35095, 19.49508, 7.8838],
			"to": [8.623, 21.48447, 8.87849],
			"rotation": {"angle": 0, "axis": "y", "origin": [8, 15.03405, 7.39914]},
			"faces": {
				"north": {"uv": [10.5, 2, 11, 2.5], "texture": "#particle"},
				"east": {"uv": [2.5, 10.5, 3, 11], "texture": "#particle"},
				"south": {"uv": [10.5, 2.5, 11, 3], "texture": "#particle"},
				"west": {"uv": [3, 10.5, 3.5, 11], "texture": "#particle"},
				"up": {"uv": [11, 3.5, 10.5, 3], "texture": "#particle"},
				"down": {"uv": [4, 10.5, 3.5, 11], "texture": "#particle"}
			}
		},
		{
			"name": "group2",
			"from": [7.35095, 18.99773, 8.87849],
			"to": [8.623, 20.98712, 9.37583],
			"rotation": {"angle": 0, "axis": "y", "origin": [8, 15.03405, 7.39914]},
			"faces": {
				"north": {"uv": [10.5, 3.5, 11, 4], "texture": "#particle"},
				"east": {"uv": [4, 10.5, 4.5, 11], "texture": "#particle"},
				"south": {"uv": [10.5, 4, 11, 4.5], "texture": "#particle"},
				"west": {"uv": [4.5, 10.5, 5, 11], "texture": "#particle"},
				"up": {"uv": [11, 5, 10.5, 4.5], "texture": "#particle"},
				"down": {"uv": [5.5, 10.5, 5, 11], "texture": "#particle"}
			}
		},
		{
			"name": "group2",
			"from": [7.35095, 17.00836, 8.38115],
			"to": [8.623, 19.49508, 8.87849],
			"rotation": {"angle": 0, "axis": "y", "origin": [8, 15.03405, 7.39914]},
			"faces": {
				"north": {"uv": [10.5, 5, 11, 5.5], "texture": "#particle"},
				"east": {"uv": [5.5, 10.5, 6, 11], "texture": "#particle"},
				"south": {"uv": [10.5, 5.5, 11, 6], "texture": "#particle"},
				"west": {"uv": [6, 10.5, 6.5, 11], "texture": "#particle"},
				"up": {"uv": [11, 6.5, 10.5, 6], "texture": "#particle"},
				"down": {"uv": [7, 10.5, 6.5, 11], "texture": "#particle"}
			}
		},
		{
			"name": "group2",
			"from": [7.35095, 19.99244, 7.38646],
			"to": [8.623, 20.98712, 7.8838],
			"rotation": {"angle": 0, "axis": "y", "origin": [8, 15.03405, 7.39914]},
			"faces": {
				"north": {"uv": [10.5, 6.5, 11, 7], "texture": "#particle"},
				"east": {"uv": [7, 10.5, 7.5, 11], "texture": "#particle"},
				"south": {"uv": [10.5, 7, 11, 7.5], "texture": "#particle"},
				"west": {"uv": [7.5, 10.5, 8, 11], "texture": "#particle"},
				"up": {"uv": [11, 8, 10.5, 7.5], "texture": "#particle"},
				"down": {"uv": [8.5, 10.5, 8, 11], "texture": "#particle"}
			}
		},
		{
			"name": "group2",
			"from": [7.35095, 18.50041, 9.37583],
			"to": [8.623, 19.49508, 9.87318],
			"rotation": {"angle": 0, "axis": "y", "origin": [8, 15.03405, 7.39914]},
			"faces": {
				"north": {"uv": [10.5, 8, 11, 8.5], "texture": "#particle"},
				"east": {"uv": [8.5, 10.5, 9, 11], "texture": "#particle"},
				"south": {"uv": [10.5, 8.5, 11, 9], "texture": "#particle"},
				"west": {"uv": [9, 10.5, 9.5, 11], "texture": "#particle"},
				"up": {"uv": [11, 9.5, 10.5, 9], "texture": "#particle"},
				"down": {"uv": [10, 10.5, 9.5, 11], "texture": "#particle"}
			}
		},
		{
			"name": "group2",
			"from": [7.35095, 16.01366, 9.87318],
			"to": [8.623, 18.99773, 10.37051],
			"rotation": {"angle": 0, "axis": "y", "origin": [8, 15.03405, 7.39914]},
			"faces": {
				"north": {"uv": [8, 3, 8.5, 4], "texture": "#particle"},
				"east": {"uv": [8, 4, 8.5, 5], "texture": "#particle"},
				"south": {"uv": [8, 5, 8.5, 6], "texture": "#particle"},
				"west": {"uv": [8, 6, 8.5, 7], "texture": "#particle"},
				"up": {"uv": [11, 10, 10.5, 9.5], "texture": "#particle"},
				"down": {"uv": [10.5, 10.5, 10, 11], "texture": "#particle"}
			}
		},
		{
			"name": "group2",
			"from": [7.77408, 16.01366, 8.87849],
			"to": [8.20773, 18.99773, 9.37583],
			"rotation": {"angle": 0, "axis": "y", "origin": [8, 15.03405, 7.39914]},
			"faces": {
				"north": {"uv": [8, 7, 8.5, 8], "texture": "#particle"},
				"east": {"uv": [8, 8, 8.5, 9], "texture": "#particle"},
				"south": {"uv": [8.5, 0, 9, 1], "texture": "#particle"},
				"west": {"uv": [8.5, 1, 9, 2], "texture": "#particle"},
				"up": {"uv": [11, 10.5, 10.5, 10], "texture": "#particle"},
				"down": {"uv": [11, 10.5, 10.5, 11], "texture": "#particle"}
			}
		},
		{
			"name": "group2",
			"from": [7.35095, 14.52163, 8.87849],
			"to": [8.623, 16.01366, 9.37583],
			"rotation": {"angle": 0, "axis": "y", "origin": [8, 15.03405, 7.39914]},
			"faces": {
				"north": {"uv": [0, 11, 0.5, 11.5], "texture": "#particle"},
				"east": {"uv": [11, 0, 11.5, 0.5], "texture": "#particle"},
				"south": {"uv": [0.5, 11, 1, 11.5], "texture": "#particle"},
				"west": {"uv": [11, 0.5, 11.5, 1], "texture": "#particle"},
				"up": {"uv": [1.5, 11.5, 1, 11], "texture": "#particle"},
				"down": {"uv": [11.5, 1, 11, 1.5], "texture": "#particle"}
			}
		},
		{
			"name": "group2",
			"from": [7.77408, 17.00836, 9.37583],
			"to": [8.20773, 18.50039, 9.87318],
			"rotation": {"angle": 0, "axis": "y", "origin": [8, 15.03405, 7.39914]},
			"faces": {
				"north": {"uv": [1.5, 11, 2, 11.5], "texture": "#particle"},
				"east": {"uv": [11, 1.5, 11.5, 2], "texture": "#particle"},
				"south": {"uv": [2, 11, 2.5, 11.5], "texture": "#particle"},
				"west": {"uv": [11, 2, 11.5, 2.5], "texture": "#particle"},
				"up": {"uv": [3, 11.5, 2.5, 11], "texture": "#particle"},
				"down": {"uv": [11.5, 2.5, 11, 3], "texture": "#particle"}
			}
		},
		{
			"name": "group2",
			"from": [7.35095, 15.51633, 9.37583],
			"to": [8.623, 17.00836, 9.87318],
			"rotation": {"angle": 0, "axis": "y", "origin": [8, 15.03405, 7.39914]},
			"faces": {
				"north": {"uv": [3, 11, 3.5, 11.5], "texture": "#particle"},
				"east": {"uv": [11, 3, 11.5, 3.5], "texture": "#particle"},
				"south": {"uv": [3.5, 11, 4, 11.5], "texture": "#particle"},
				"west": {"uv": [11, 3.5, 11.5, 4], "texture": "#particle"},
				"up": {"uv": [4.5, 11.5, 4, 11], "texture": "#particle"},
				"down": {"uv": [11.5, 4, 11, 4.5], "texture": "#particle"}
			}
		},
		{
			"name": "group2",
			"from": [7.77408, 15.01898, 8.38115],
			"to": [8.20773, 17.00836, 8.87849],
			"rotation": {"angle": 0, "axis": "y", "origin": [8, 15.03405, 7.39914]},
			"faces": {
				"north": {"uv": [4.5, 11, 5, 11.5], "texture": "#particle"},
				"east": {"uv": [11, 4.5, 11.5, 5], "texture": "#particle"},
				"south": {"uv": [5, 11, 5.5, 11.5], "texture": "#particle"},
				"west": {"uv": [11, 5, 11.5, 5.5], "texture": "#particle"},
				"up": {"uv": [6, 11.5, 5.5, 11], "texture": "#particle"},
				"down": {"uv": [11.5, 5.5, 11, 6], "texture": "#particle"}
			}
		},
		{
			"name": "group2",
			"from": [7.35095, 15.51633, 7.8838],
			"to": [8.623, 18.00305, 8.38115],
			"rotation": {"angle": 0, "axis": "y", "origin": [8, 15.03405, 7.39914]},
			"faces": {
				"north": {"uv": [6, 11, 6.5, 11.5], "texture": "#particle"},
				"east": {"uv": [11, 6, 11.5, 6.5], "texture": "#particle"},
				"south": {"uv": [6.5, 11, 7, 11.5], "texture": "#particle"},
				"west": {"uv": [11, 6.5, 11.5, 7], "texture": "#particle"},
				"up": {"uv": [7.5, 11.5, 7, 11], "texture": "#particle"},
				"down": {"uv": [11.5, 7, 11, 7.5], "texture": "#particle"}
			}
		},
		{
			"name": "group2",
			"from": [7.35095, 9.5482, 7.38646],
			"to": [8.623, 16.51102, 7.8838],
			"rotation": {"angle": 0, "axis": "y", "origin": [8, 15.03405, 7.39914]},
			"faces": {
				"north": {"uv": [6.5, 5, 7, 7], "texture": "#particle"},
				"east": {"uv": [7, 0, 7.5, 2], "texture": "#particle"},
				"south": {"uv": [7, 2, 7.5, 4], "texture": "#particle"},
				"west": {"uv": [2.5, 7, 3, 9], "texture": "#particle"},
				"up": {"uv": [8, 11.5, 7.5, 11], "texture": "#particle"},
				"down": {"uv": [11.5, 7.5, 11, 8], "texture": "#particle"}
			}
		},
		{
			"name": "group2",
			"from": [7.77408, 14.0243, 7.8838],
			"to": [8.20773, 15.51633, 8.38115],
			"rotation": {"angle": 0, "axis": "y", "origin": [8, 15.03405, 7.39914]},
			"faces": {
				"north": {"uv": [8, 11, 8.5, 11.5], "texture": "#particle"},
				"east": {"uv": [11, 8, 11.5, 8.5], "texture": "#particle"},
				"south": {"uv": [8.5, 11, 9, 11.5], "texture": "#particle"},
				"west": {"uv": [11, 8.5, 11.5, 9], "texture": "#particle"},
				"up": {"uv": [9.5, 11.5, 9, 11], "texture": "#particle"},
				"down": {"uv": [11.5, 9, 11, 9.5], "texture": "#particle"}
			}
		},
		{
			"name": "group2",
			"from": [7.35095, 13.52695, 8.38115],
			"to": [8.623, 15.01898, 8.87849],
			"rotation": {"angle": 0, "axis": "y", "origin": [8, 15.03405, 7.39914]},
			"faces": {
				"north": {"uv": [9.5, 11, 10, 11.5], "texture": "#particle"},
				"east": {"uv": [11, 9.5, 11.5, 10], "texture": "#particle"},
				"south": {"uv": [10, 11, 10.5, 11.5], "texture": "#particle"},
				"west": {"uv": [11, 10, 11.5, 10.5], "texture": "#particle"},
				"up": {"uv": [11, 11.5, 10.5, 11], "texture": "#particle"},
				"down": {"uv": [11.5, 10.5, 11, 11], "texture": "#particle"}
			}
		},
		{
			"name": "group2",
			"from": [7.35095, 12.03491, 7.8838],
			"to": [8.623, 14.02429, 8.38115],
			"rotation": {"angle": 0, "axis": "y", "origin": [8, 15.03405, 7.39914]},
			"faces": {
				"north": {"uv": [11, 11, 11.5, 11.5], "texture": "#particle"},
				"east": {"uv": [0, 11.5, 0.5, 12], "texture": "#particle"},
				"south": {"uv": [11.5, 0, 12, 0.5], "texture": "#particle"},
				"west": {"uv": [0.5, 11.5, 1, 12], "texture": "#particle"},
				"up": {"uv": [12, 1, 11.5, 0.5], "texture": "#particle"},
				"down": {"uv": [1.5, 11.5, 1, 12], "texture": "#particle"}
			}
		},
		{
			"name": "group2",
			"from": [7.35095, 5.56944, 6.88911],
			"to": [8.623, 15.01898, 7.38644],
			"rotation": {"angle": 0, "axis": "y", "origin": [8, 15.03405, 7.39914]},
			"faces": {
				"north": {"uv": [5.5, 2.5, 6, 5], "texture": "#particle"},
				"east": {"uv": [5.5, 5, 6, 7.5], "texture": "#particle"},
				"south": {"uv": [6, 0, 6.5, 2.5], "texture": "#particle"},
				"west": {"uv": [6, 2.5, 6.5, 5], "texture": "#particle"},
				"up": {"uv": [12, 1.5, 11.5, 1], "texture": "#particle"},
				"down": {"uv": [2, 11.5, 1.5, 12], "texture": "#particle"}
			}
		},
		{
			"name": "group2",
			"from": [7.35095, -11.34028, 6.39176],
			"to": [8.623, 11.04023, 6.88911],
			"rotation": {"angle": 0, "axis": "y", "origin": [8, 15.03405, 7.39914]},
			"faces": {
				"north": {"uv": [0, 0, 0.5, 6.5], "texture": "#particle"},
				"east": {"uv": [0.5, 0, 1, 6.5], "texture": "#particle"},
				"south": {"uv": [1, 0, 1.5, 6.5], "texture": "#particle"},
				"west": {"uv": [1.5, 0, 2, 6.5], "texture": "#particle"},
				"up": {"uv": [12, 2, 11.5, 1.5], "texture": "#particle"},
				"down": {"uv": [2.5, 11.5, 2, 12], "texture": "#particle"}
			}
		},
		{
			"name": "group2",
			"from": [7.35095, -7.36153, 5.89441],
			"to": [8.623, 8.55349, 6.39176],
			"rotation": {"angle": 0, "axis": "y", "origin": [8, 15.03405, 7.39914]},
			"faces": {
				"north": {"uv": [2, 0, 2.5, 4.5], "texture": "#particle"},
				"east": {"uv": [2.5, 0, 3, 4.5], "texture": "#particle"},
				"south": {"uv": [3, 0, 3.5, 4.5], "texture": "#particle"},
				"west": {"uv": [3.5, 0, 4, 4.5], "texture": "#particle"},
				"up": {"uv": [12, 2.5, 11.5, 2], "texture": "#particle"},
				"down": {"uv": [3, 11.5, 2.5, 12], "texture": "#particle"}
			}
		},
		{
			"name": "group2",
			"from": [7.35095, -5.37215, 5.39708],
			"to": [8.623, 6.56412, 5.89441],
			"rotation": {"angle": 0, "axis": "y", "origin": [8, 15.03405, 7.39914]},
			"faces": {
				"north": {"uv": [4, 0, 4.5, 3.5], "texture": "#particle"},
				"east": {"uv": [4, 3.5, 4.5, 7], "texture": "#particle"},
				"south": {"uv": [4.5, 0, 5, 3.5], "texture": "#particle"},
				"west": {"uv": [2, 4.5, 2.5, 8], "texture": "#particle"},
				"up": {"uv": [12, 3, 11.5, 2.5], "texture": "#particle"},
				"down": {"uv": [3.5, 11.5, 3, 12], "texture": "#particle"}
			}
		},
		{
			"name": "group2",
			"from": [7.35095, -13.32967, 6.88911],
			"to": [8.623, -4.37746, 7.38644],
			"rotation": {"angle": 0, "axis": "y", "origin": [8, 15.03405, 7.39914]},
			"faces": {
				"north": {"uv": [4.5, 6, 5, 8.5], "texture": "#particle"},
				"east": {"uv": [6, 5, 6.5, 7.5], "texture": "#particle"},
				"south": {"uv": [0, 6.5, 0.5, 9], "texture": "#particle"},
				"west": {"uv": [6.5, 0, 7, 2.5], "texture": "#particle"},
				"up": {"uv": [12, 3.5, 11.5, 3], "texture": "#particle"},
				"down": {"uv": [4, 11.5, 3.5, 12], "texture": "#particle"}
			}
		},
		{
			"name": "group2",
			"from": [7.35095, -14.32436, 7.38646],
			"to": [8.623, -5.37217, 7.8838],
			"rotation": {"angle": 0, "axis": "y", "origin": [8, 15.03405, 7.39914]},
			"faces": {
				"north": {"uv": [0.5, 6.5, 1, 9], "texture": "#particle"},
				"east": {"uv": [1, 6.5, 1.5, 9], "texture": "#particle"},
				"south": {"uv": [1.5, 6.5, 2, 9], "texture": "#particle"},
				"west": {"uv": [6.5, 2.5, 7, 5], "texture": "#particle"},
				"up": {"uv": [12, 4, 11.5, 3.5], "texture": "#particle"},
				"down": {"uv": [4.5, 11.5, 4, 12], "texture": "#particle"}
			}
		},
		{
			"name": "group2",
			"from": [7.35095, -14.82171, 7.8838],
			"to": [8.623, -9.84825, 8.38115],
			"rotation": {"angle": 0, "axis": "y", "origin": [8, 15.03405, 7.39914]},
			"faces": {
				"north": {"uv": [5.5, 7.5, 6, 9], "texture": "#particle"},
				"east": {"uv": [6, 7.5, 6.5, 9], "texture": "#particle"},
				"south": {"uv": [7.5, 6, 8, 7.5], "texture": "#particle"},
				"west": {"uv": [7.5, 7.5, 8, 9], "texture": "#particle"},
				"up": {"uv": [12, 4.5, 11.5, 4], "texture": "#particle"},
				"down": {"uv": [5, 11.5, 4.5, 12], "texture": "#particle"}
			}
		},
		{
			"name": "group2",
			"from": [7.35095, -14.82171, 8.38115],
			"to": [8.623, -12.33499, 8.87849],
			"rotation": {"angle": 0, "axis": "y", "origin": [8, 15.03405, 7.39914]},
			"faces": {
				"north": {"uv": [11.5, 4.5, 12, 5], "texture": "#particle"},
				"east": {"uv": [5, 11.5, 5.5, 12], "texture": "#particle"},
				"south": {"uv": [11.5, 5, 12, 5.5], "texture": "#particle"},
				"west": {"uv": [5.5, 11.5, 6, 12], "texture": "#particle"},
				"up": {"uv": [12, 6, 11.5, 5.5], "texture": "#particle"},
				"down": {"uv": [6.5, 11.5, 6, 12], "texture": "#particle"}
			}
		},
		{
			"name": "group2",
			"from": [7.35095, -14.32436, 8.87849],
			"to": [8.623, -13.32968, 9.37583],
			"rotation": {"angle": 0, "axis": "y", "origin": [8, 15.03405, 7.39914]},
			"faces": {
				"north": {"uv": [11.5, 6, 12, 6.5], "texture": "#particle"},
				"east": {"uv": [6.5, 11.5, 7, 12], "texture": "#particle"},
				"south": {"uv": [11.5, 6.5, 12, 7], "texture": "#particle"},
				"west": {"uv": [7, 11.5, 7.5, 12], "texture": "#particle"},
				"up": {"uv": [12, 7.5, 11.5, 7], "texture": "#particle"},
				"down": {"uv": [8, 11.5, 7.5, 12], "texture": "#particle"}
			}
		}
	],
	"display": {
		"thirdperson_righthand": {
			"scale": [0, 0, 0]
		},
		"thirdperson_lefthand": {
			"translation": [0, 0, 2.5],
			"scale": [0.94, 0.94, 0.94]
		},
		"firstperson_righthand": {
			"scale": [0, 0, 0]
		},
		"firstperson_lefthand": {
			"scale": [0, 0, 0]
		},
		"ground": {
			"scale": [0, 0, 0]
		},
		"gui": {
			"scale": [0, 0, 0]
		}
	},
	"groups": [
		{
			"name": "voidstaff",
			"origin": [-0.825, 6.825, 1.35],
			"color": 5,
			"children": [
				{
					"name": "group",
					"origin": [-5.65937, 19.91972, 8.43924],
					"color": 6,
					"children": [0, 1, 2, 3, 4, 5, 6, 7, 8, 9, 10, 11, 12, 13]
				},
				{
					"name": "group5",
					"origin": [-5.65937, 19.91972, 8.43924],
					"color": 7,
					"children": [14, 15, 16, 17, 18, 19, 20, 21, 22, 23, 24, 25, 26]
				},
				{
					"name": "group4",
					"origin": [-5.65937, 19.91972, 8.43924],
					"color": 0,
					"children": [
						{
							"name": "group3",
							"origin": [-5.72759, 19.91972, 9.89375],
							"color": 1,
							"children": [27, 28, 29, 30, 31, 32, 33, 34, 35, 36, 37, 38, 39, 40]
						}
					]
				},
				{
					"name": "group2",
					"origin": [-5.65937, 19.91972, 8.43924],
					"color": 2,
					"children": [41, 42, 43, 44, 45, 46, 47, 48, 49, 50, 51, 52, 53, 54, 55, 56, 57, 58, 59, 60, 61, 62, 63, 64, 65]
				}
			]
		}
	]
}