{
	"credit": "Made with Blockbench",
	"texture_size": [64, 64],
	"textures": {
		"0": "custom/entity/effect/hollow_tangle",
		"particle": "custom/entity/effect/hollow_tangle"
	},
	"elements": [
		{
			"from": [0, 2.5, -8],
			"to": [3, 5.5, 3],
			"rotation": {"angle": -22.5, "axis": "y", "origin": [1, 3.5, 8]},
			"faces": {
				"north": {"uv": [7, 2.25, 7.75, 3], "texture": "#0"},
				"east": {"uv": [0, 0, 2.75, 0.75], "texture": "#0"},
				"south": {"uv": [7.25, 3, 8, 3.75], "texture": "#0"},
				"west": {"uv": [0, 0.75, 2.75, 1.5], "texture": "#0"},
				"up": {"uv": [0.75, 4.25, 0, 1.5], "texture": "#0"},
				"down": {"uv": [1.5, 1.5, 0.75, 4.25], "texture": "#0"}
			}
		},
		{
			"from": [-1, 2.5, 3],
			"to": [3, 6.5, 8],
			"rotation": {"angle": -22.5, "axis": "y", "origin": [1, 3.5, 8]},
			"faces": {
				"north": {"uv": [4.75, 7, 5.75, 8], "texture": "#0"},
				"east": {"uv": [5.5, 0, 6.75, 1], "texture": "#0"},
				"south": {"uv": [5.75, 7, 6.75, 8], "texture": "#0"},
				"west": {"uv": [1.25, 5.75, 2.5, 6.75], "texture": "#0"},
				"up": {"uv": [3.5, 7, 2.5, 5.75], "texture": "#0"},
				"down": {"uv": [4.5, 5.75, 3.5, 7], "texture": "#0"}
			}
		},
		{
			"from": [12, 10.5, -8],
			"to": [15, 13.5, 3],
			"rotation": {"angle": 22.5, "axis": "y", "origin": [13, 12.5, 8]},
			"faces": {
				"north": {"uv": [7.25, 3.75, 8, 4.5], "texture": "#0"},
				"east": {"uv": [1.5, 1.5, 4.25, 2.25], "texture": "#0"},
				"south": {"uv": [7.25, 4.5, 8, 5.25], "texture": "#0"},
				"west": {"uv": [1.5, 2.25, 4.25, 3], "texture": "#0"},
				"up": {"uv": [2.25, 5.75, 1.5, 3], "texture": "#0"},
				"down": {"uv": [3, 3, 2.25, 5.75], "texture": "#0"}
			}
		},
		{
			"from": [11.05794, 7.5, -7.9661],
			"to": [11.05794, 10.5, 3.0339],
			"rotation": {"angle": 22.5, "axis": "y", "origin": [10.94376, 13.5, -1.89208]},
			"faces": {
				"north": {"uv": [0, 0, 0, 0.75], "texture": "#0"},
				"east": {"uv": [7, 2.25, 4.25, 3], "texture": "#0"},
				"south": {"uv": [0, 0, 0, 0.75], "texture": "#0"},
				"west": {"uv": [4.25, 2.25, 7, 3], "texture": "#0"},
				"up": {"uv": [0, 2.75, 0, 0], "texture": "#0"},
				"down": {"uv": [0, 0, 0, 2.75], "texture": "#0"}
			}
		},
		{
			"from": [3.86594, -0.5, -7.58342],
			"to": [3.86594, 2.5, 3.41658],
			"rotation": {"angle": -22.5, "axis": "y", "origin": [3.98012, 5.5, -1.50939]},
			"faces": {
				"north": {"uv": [0, 0, 0, 0.75], "texture": "#0"},
				"east": {"uv": [7.25, 3.75, 4.5, 4.5], "texture": "#0"},
				"south": {"uv": [0, 0, 0, 0.75], "texture": "#0"},
				"west": {"uv": [4.5, 3.75, 7.25, 4.5], "texture": "#0"},
				"up": {"uv": [0, 2.75, 0, 0], "texture": "#0"},
				"down": {"uv": [0, 0, 0, 2.75], "texture": "#0"}
			}
		},
		{
			"from": [12, 10.5, 3],
			"to": [16, 14.5, 8],
			"rotation": {"angle": 22.5, "axis": "y", "origin": [13, 12.5, 8]},
			"faces": {
				"north": {"uv": [7, 6, 8, 7], "texture": "#0"},
				"east": {"uv": [4.5, 6, 5.75, 7], "texture": "#0"},
				"south": {"uv": [6.75, 7, 7.75, 8], "texture": "#0"},
				"west": {"uv": [5.75, 6, 7, 7], "texture": "#0"},
				"up": {"uv": [1, 8, 0, 6.75], "texture": "#0"},
				"down": {"uv": [7.75, 0, 6.75, 1.25], "texture": "#0"}
			}
		},
		{
			"from": [6, 6.5, -8],
			"to": [9, 9.5, 3],
			"rotation": {"angle": 0, "axis": "y", "origin": [7, 8.5, 8]},
			"faces": {
				"north": {"uv": [7.25, 5.25, 8, 6], "texture": "#0"},
				"east": {"uv": [2.75, 0, 5.5, 0.75], "texture": "#0"},
				"south": {"uv": [7.75, 0, 8.5, 0.75], "texture": "#0"},
				"west": {"uv": [2.75, 0.75, 5.5, 1.5], "texture": "#0"},
				"up": {"uv": [3.75, 5.75, 3, 3], "texture": "#0"},
				"down": {"uv": [4.5, 3, 3.75, 5.75], "texture": "#0"}
			}
		},
		{
			"from": [9, 3.5, -8],
			"to": [9, 6.5, 3],
			"rotation": {"angle": 0, "axis": "y", "origin": [7, 5.5, 8]},
			"faces": {
				"north": {"uv": [0, 0, 0, 0.75], "texture": "#0"},
				"east": {"uv": [7.25, 5.25, 4.5, 6], "texture": "#0"},
				"south": {"uv": [0, 0, 0, 0.75], "texture": "#0"},
				"west": {"uv": [4.5, 5.25, 7.25, 6], "texture": "#0"},
				"up": {"uv": [0, 2.75, 0, 0], "texture": "#0"},
				"down": {"uv": [0, 0, 0, 2.75], "texture": "#0"}
			}
		},
		{
			"from": [5, 6.5, 3],
			"to": [10, 10.5, 8],
			"rotation": {"angle": 0, "axis": "y", "origin": [7, 8.5, 8]},
			"faces": {
				"north": {"uv": [1, 6.75, 2.25, 7.75], "texture": "#0"},
				"east": {"uv": [7, 1.25, 8.25, 2.25], "texture": "#0"},
				"south": {"uv": [2.25, 7, 3.5, 8], "texture": "#0"},
				"west": {"uv": [3.5, 7, 4.75, 8], "texture": "#0"},
				"up": {"uv": [1.25, 5.5, 0, 4.25], "texture": "#0"},
				"down": {"uv": [1.25, 5.5, 0, 6.75], "texture": "#0"}
			}
		}
	],
	"display": {
		"thirdperson_righthand": {
			"scale": [0, 0, 0]
		},
		"thirdperson_lefthand": {
			"scale": [0, 0, 0]
		},
		"firstperson_lefthand": {
			"scale": [0, 0, 0]
		},
		"ground": {
			"scale": [0, 0, 0]
		},
		"gui": {
			"scale": [0, 0, 0]
		}
	}
}