{
	"credit": "Made with Blockbench",
	"texture_size": [64, 64],
	"textures": {
		"0": "custom/entity/effect/hollow_tangle_player",
		"particle": "custom/entity/effect/hollow_tangle_player"
	},
	"elements": [
		{
			"from": [-1, 2.5, 12],
			"to": [3, 6.5, 17],
			"rotation": {"angle": -22.5, "axis": "y", "origin": [1, 3.5, 33]},
			"faces": {
				"north": {"uv": [8, 9, 9, 10], "texture": "#0"},
				"east": {"uv": [1.75, 8.25, 3, 9.25], "texture": "#0"},
				"south": {"uv": [9, 9, 10, 10], "texture": "#0"},
				"west": {"uv": [8.25, 6.75, 9.5, 7.75], "texture": "#0"},
				"up": {"uv": [1, 9.75, 0, 8.5], "texture": "#0"},
				"down": {"uv": [5.5, 8.5, 4.5, 9.75], "texture": "#0"}
			}
		},
		{
			"from": [12, 10.5, 12],
			"to": [16, 14.5, 17],
			"rotation": {"angle": 22.5, "axis": "y", "origin": [13, 12.5, 33]},
			"faces": {
				"north": {"uv": [1, 9.25, 2, 10.25], "texture": "#0"},
				"east": {"uv": [8.5, 4.5, 9.75, 5.5], "texture": "#0"},
				"south": {"uv": [2, 9.25, 3, 10.25], "texture": "#0"},
				"west": {"uv": [8.5, 5.5, 9.75, 6.5], "texture": "#0"},
				"up": {"uv": [9.75, 3.75, 8.75, 2.5], "texture": "#0"},
				"down": {"uv": [9.75, 7.75, 8.75, 9], "texture": "#0"}
			}
		},
		{
			"from": [11, 10.5, 5],
			"to": [15, 14.5, 12],
			"rotation": {"angle": 22.5, "axis": "y", "origin": [13, 12.5, 33]},
			"faces": {
				"north": {"uv": [9.5, 6.5, 10.5, 7.5], "texture": "#0"},
				"east": {"uv": [0.75, 3.75, 2.5, 4.75], "texture": "#0"},
				"south": {"uv": [0, 9.75, 1, 10.75], "texture": "#0"},
				"west": {"uv": [2.5, 3.75, 4.25, 4.75], "texture": "#0"},
				"up": {"uv": [5.25, 1.75, 4.25, 0], "texture": "#0"},
				"down": {"uv": [5.25, 1.75, 4.25, 3.5], "texture": "#0"}
			}
		},
		{
			"from": [0.4371, 9.5, 0.89674],
			"to": [4.4371, 13.5, 7.89674],
			"rotation": {"angle": 0, "axis": "y", "origin": [2.4371, 11.5, 4.39674]},
			"faces": {
				"north": {"uv": [9.75, 1, 10.75, 2], "texture": "#0"},
				"east": {"uv": [4.25, 3.5, 6, 4.5], "texture": "#0"},
				"south": {"uv": [9.75, 2, 10.75, 3], "texture": "#0"},
				"west": {"uv": [4.25, 4.5, 6, 5.5], "texture": "#0"},
				"up": {"uv": [1.75, 6.5, 0.75, 4.75], "texture": "#0"},
				"down": {"uv": [2.75, 4.75, 1.75, 6.5], "texture": "#0"}
			}
		},
		{
			"from": [2.32619, 8.5, -3.66392],
			"to": [6.32619, 12.5, 3.33608],
			"rotation": {"angle": -45, "axis": "y", "origin": [4.32619, 10.5, -0.16392]},
			"faces": {
				"north": {"uv": [9.75, 3, 10.75, 4], "texture": "#0"},
				"east": {"uv": [5.25, 0, 7, 1], "texture": "#0"},
				"south": {"uv": [9.75, 4, 10.75, 5], "texture": "#0"},
				"west": {"uv": [5.25, 1, 7, 2], "texture": "#0"},
				"up": {"uv": [3.75, 6.5, 2.75, 4.75], "texture": "#0"},
				"down": {"uv": [4.75, 5.5, 3.75, 7.25], "texture": "#0"}
			}
		},
		{
			"from": [11.44751, 4.5, 5.4574],
			"to": [15.44751, 8.5, 12.4574],
			"rotation": {"angle": -45, "axis": "y", "origin": [13.44751, 7.5, 8.9574]},
			"faces": {
				"north": {"uv": [6.25, 10, 7.25, 11], "texture": "#0"},
				"east": {"uv": [0, 7.5, 1.75, 8.5], "texture": "#0"},
				"south": {"uv": [7.25, 10, 8.25, 11], "texture": "#0"},
				"west": {"uv": [4.5, 7.5, 6.25, 8.5], "texture": "#0"},
				"up": {"uv": [8.5, 6.75, 7.5, 5], "texture": "#0"},
				"down": {"uv": [8.75, 2.75, 7.75, 4.5], "texture": "#0"}
			}
		},
		{
			"from": [11.44751, 6.5, -3.66392],
			"to": [15.44751, 10.5, 3.33608],
			"rotation": {"angle": 45, "axis": "y", "origin": [13.44751, 8.5, -0.16392]},
			"faces": {
				"north": {"uv": [3, 10, 4, 11], "texture": "#0"},
				"east": {"uv": [6.5, 6.75, 8.25, 7.75], "texture": "#0"},
				"south": {"uv": [5.25, 10, 6.25, 11], "texture": "#0"},
				"west": {"uv": [7, 0, 8.75, 1], "texture": "#0"},
				"up": {"uv": [8, 2.75, 7, 1], "texture": "#0"},
				"down": {"uv": [4.5, 7.25, 3.5, 9], "texture": "#0"}
			}
		},
		{
			"from": [13.3366, 5.5, 0.89674],
			"to": [17.3366, 9.5, 7.89674],
			"rotation": {"angle": 0, "axis": "y", "origin": [15.3366, 7.5, 4.39674]},
			"faces": {
				"north": {"uv": [9.75, 7.5, 10.75, 8.5], "texture": "#0"},
				"east": {"uv": [0.75, 6.5, 2.5, 7.5], "texture": "#0"},
				"south": {"uv": [10, 0, 11, 1], "texture": "#0"},
				"west": {"uv": [4.75, 6.5, 6.5, 7.5], "texture": "#0"},
				"up": {"uv": [3.5, 8.25, 2.5, 6.5], "texture": "#0"},
				"down": {"uv": [7.5, 5, 6.5, 6.75], "texture": "#0"}
			}
		},
		{
			"from": [5.38685, 7.5, -4.05301],
			"to": [12.38685, 11.5, -0.05301],
			"rotation": {"angle": 0, "axis": "y", "origin": [8.88685, 9.5, -2.05301]},
			"faces": {
				"north": {"uv": [5.25, 2, 7, 3], "texture": "#0"},
				"east": {"uv": [4.25, 9.75, 5.25, 10.75], "texture": "#0"},
				"south": {"uv": [4.75, 5.5, 6.5, 6.5], "texture": "#0"},
				"west": {"uv": [9.75, 5, 10.75, 6], "texture": "#0"},
				"up": {"uv": [7.75, 4, 6, 3], "texture": "#0"},
				"down": {"uv": [7.75, 4, 6, 5], "texture": "#0"}
			}
		},
		{
			"from": [11, 2.5, 5],
			"to": [15, 6.5, 12],
			"rotation": {"angle": 22.5, "axis": "y", "origin": [13, 4.5, 33]},
			"faces": {
				"north": {"uv": [9.5, 6.5, 10.5, 7.5], "texture": "#0"},
				"east": {"uv": [0.75, 3.75, 2.5, 4.75], "texture": "#0"},
				"south": {"uv": [0, 9.75, 1, 10.75], "texture": "#0"},
				"west": {"uv": [2.5, 3.75, 4.25, 4.75], "texture": "#0"},
				"up": {"uv": [5.25, 1.75, 4.25, 0], "texture": "#0"},
				"down": {"uv": [5.25, 1.75, 4.25, 3.5], "texture": "#0"}
			}
		},
		{
			"from": [0.4371, 1.5, 0.89674],
			"to": [4.4371, 5.5, 7.89674],
			"rotation": {"angle": 0, "axis": "y", "origin": [2.4371, 3.5, 4.39674]},
			"faces": {
				"north": {"uv": [9.75, 1, 10.75, 2], "texture": "#0"},
				"east": {"uv": [4.25, 3.5, 6, 4.5], "texture": "#0"},
				"south": {"uv": [9.75, 2, 10.75, 3], "texture": "#0"},
				"west": {"uv": [4.25, 4.5, 6, 5.5], "texture": "#0"},
				"up": {"uv": [1.75, 6.5, 0.75, 4.75], "texture": "#0"},
				"down": {"uv": [2.75, 4.75, 1.75, 6.5], "texture": "#0"}
			}
		},
		{
			"from": [2.32619, 0.5, -3.66392],
			"to": [6.32619, 4.5, 3.33608],
			"rotation": {"angle": -45, "axis": "y", "origin": [4.32619, 2.5, -0.16392]},
			"faces": {
				"north": {"uv": [9.75, 3, 10.75, 4], "texture": "#0"},
				"east": {"uv": [5.25, 0, 7, 1], "texture": "#0"},
				"south": {"uv": [9.75, 4, 10.75, 5], "texture": "#0"},
				"west": {"uv": [5.25, 1, 7, 2], "texture": "#0"},
				"up": {"uv": [3.75, 6.5, 2.75, 4.75], "texture": "#0"},
				"down": {"uv": [4.75, 5.5, 3.75, 7.25], "texture": "#0"}
			}
		},
		{
			"from": [5.38685, -0.5, -4.05301],
			"to": [12.38685, 3.5, -0.05301],
			"rotation": {"angle": 0, "axis": "y", "origin": [8.88685, 1.5, -2.05301]},
			"faces": {
				"north": {"uv": [5.25, 2, 7, 3], "texture": "#0"},
				"east": {"uv": [4.25, 9.75, 5.25, 10.75], "texture": "#0"},
				"south": {"uv": [4.75, 5.5, 6.5, 6.5], "texture": "#0"},
				"west": {"uv": [9.75, 5, 10.75, 6], "texture": "#0"},
				"up": {"uv": [7.75, 4, 6, 3], "texture": "#0"},
				"down": {"uv": [7.75, 4, 6, 5], "texture": "#0"}
			}
		},
		{
			"from": [13.3366, -2.5, 0.89674],
			"to": [17.3366, 1.5, 7.89674],
			"rotation": {"angle": 0, "axis": "y", "origin": [15.3366, -0.5, 4.39674]},
			"faces": {
				"north": {"uv": [9.75, 7.5, 10.75, 8.5], "texture": "#0"},
				"east": {"uv": [0.75, 6.5, 2.5, 7.5], "texture": "#0"},
				"south": {"uv": [10, 0, 11, 1], "texture": "#0"},
				"west": {"uv": [4.75, 6.5, 6.5, 7.5], "texture": "#0"},
				"up": {"uv": [3.5, 8.25, 2.5, 6.5], "texture": "#0"},
				"down": {"uv": [7.5, 5, 6.5, 6.75], "texture": "#0"}
			}
		},
		{
			"from": [11.44751, -1.5, -3.66392],
			"to": [15.44751, 2.5, 3.33608],
			"rotation": {"angle": 45, "axis": "y", "origin": [13.44751, 0.5, -0.16392]},
			"faces": {
				"north": {"uv": [3, 10, 4, 11], "texture": "#0"},
				"east": {"uv": [6.5, 6.75, 8.25, 7.75], "texture": "#0"},
				"south": {"uv": [5.25, 10, 6.25, 11], "texture": "#0"},
				"west": {"uv": [7, 0, 8.75, 1], "texture": "#0"},
				"up": {"uv": [8, 2.75, 7, 1], "texture": "#0"},
				"down": {"uv": [4.5, 7.25, 3.5, 9], "texture": "#0"}
			}
		},
		{
			"from": [11.44751, -3.5, 5.4574],
			"to": [15.44751, 0.5, 12.4574],
			"rotation": {"angle": -45, "axis": "y", "origin": [13.44751, -0.5, 8.9574]},
			"faces": {
				"north": {"uv": [6.25, 10, 7.25, 11], "texture": "#0"},
				"east": {"uv": [0, 7.5, 1.75, 8.5], "texture": "#0"},
				"south": {"uv": [7.25, 10, 8.25, 11], "texture": "#0"},
				"west": {"uv": [4.5, 7.5, 6.25, 8.5], "texture": "#0"},
				"up": {"uv": [8.5, 6.75, 7.5, 5], "texture": "#0"},
				"down": {"uv": [8.75, 2.75, 7.75, 4.5], "texture": "#0"}
			}
		},
		{
			"from": [5, 6.5, 12],
			"to": [10, 10.5, 17],
			"rotation": {"angle": 0, "axis": "y", "origin": [7, 8.5, 17]},
			"faces": {
				"north": {"uv": [8.75, 0, 10, 1], "texture": "#0"},
				"east": {"uv": [3, 9, 4.25, 10], "texture": "#0"},
				"south": {"uv": [5.5, 9, 6.75, 10], "texture": "#0"},
				"west": {"uv": [6.75, 9, 8, 10], "texture": "#0"},
				"up": {"uv": [7.5, 9, 6.25, 7.75], "texture": "#0"},
				"down": {"uv": [8.75, 7.75, 7.5, 9], "texture": "#0"}
			}
		},
		{
			"from": [4, 0.5, 11],
			"to": [11, 15.5, 14],
			"rotation": {"angle": 0, "axis": "y", "origin": [7, 8.5, 17]},
			"faces": {
				"north": {"uv": [0, 0, 1.75, 3.75], "texture": "#0"},
				"east": {"uv": [3.5, 0, 4.25, 3.75], "texture": "#0"},
				"south": {"uv": [1.75, 0, 3.5, 3.75], "texture": "#0"},
				"west": {"uv": [0, 3.75, 0.75, 7.5], "texture": "#0"},
				"up": {"uv": [9.75, 1.75, 8, 1], "texture": "#0"},
				"down": {"uv": [9.75, 1.75, 8, 2.5], "texture": "#0"}
			}
		}
	],
	"display": {
		"thirdperson_righthand": {
			"scale": [0, 0, 0]
		},
		"thirdperson_lefthand": {
			"scale": [0, 0, 0]
		},
		"firstperson_lefthand": {
			"scale": [0, 0, 0]
		},
		"ground": {
			"scale": [0, 0, 0]
		},
		"gui": {
			"scale": [0, 0, 0]
		}
	}
}