{
	"credit": "Made with Blockbench",
	"textures": {
		"5": "custom/ranged/gearhandcannon",
		"6": "custom/ranged/handcannon_frost",
		"7": "custom/ranged/handcannon_snow",
		"particle": "custom/ranged/handcannon_frost"
	},
	"elements": [
		{
			"name": "gearhandcannon_9",
			"from": [7.35625, 5.08281, 5.77344],
			"to": [8.64375, 6.29531, 5.77344],
			"rotation": {"angle": 0, "axis": "y", "origin": [8, 5.68906, 5.03438]},
			"faces": {
				"north": {"uv": [8.75, 6.25, 9.375, 6.875], "texture": "#5"},
				"east": {"uv": [8.5, 6.25, 8.375, 7], "texture": "#5"},
				"south": {"uv": [8.75, 6.25, 9.375, 6.875], "texture": "#5"},
				"west": {"uv": [7.875, 6.25, 7.75, 7], "texture": "#5"},
				"up": {"uv": [8.5, 6.25, 7.75, 6.375], "rotation": 180, "texture": "#5"},
				"down": {"uv": [8.5, 6.875, 7.75, 7], "rotation": 180, "texture": "#5"}
			}
		},
		{
			"name": "gearhandcannon_14",
			"from": [7.31563, 6.27656, 2.83594],
			"to": [8.68438, 6.57031, 5.77969],
			"rotation": {"angle": 0, "axis": "z", "origin": [8, 5.68906, 5.03438]},
			"faces": {
				"north": {"uv": [9.125, 7.125, 9, 7.25], "texture": "#5"},
				"east": {"uv": [10.125, 7.125, 9, 7.25], "texture": "#5"},
				"south": {"uv": [10.125, 7.125, 10, 7.25], "texture": "#5"},
				"west": {"uv": [9, 7.125, 10.125, 7.25], "texture": "#5"},
				"up": {"uv": [10.125, 7.125, 9, 7.25], "rotation": 270, "texture": "#5"},
				"down": {"uv": [10.125, 7.125, 9, 7.25], "rotation": 90, "texture": "#5"}
			}
		},
		{
			"name": "gearhandcannon_15",
			"from": [7.16563, 5.10156, 2.83594],
			"to": [8.83438, 6.27656, 5.75469],
			"rotation": {"angle": 0, "axis": "z", "origin": [8, 5.68906, 5.03438]},
			"faces": {
				"north": {"uv": [7.875, 7.25, 7.75, 7.75], "texture": "#5"},
				"east": {"uv": [8.875, 7.25, 7.75, 7.75], "texture": "#5"},
				"south": {"uv": [8.875, 7.25, 8.75, 7.75], "texture": "#5"},
				"west": {"uv": [7.75, 7.25, 8.875, 7.75], "texture": "#5"},
				"up": {"uv": [8.875, 7.25, 7.75, 7.375], "rotation": 270, "texture": "#5"},
				"down": {"uv": [8.875, 7.625, 7.75, 7.75], "rotation": 90, "texture": "#5"}
			}
		},
		{
			"name": "gearhandcannon_17",
			"from": [7.31563, 4.80781, 2.83594],
			"to": [8.68438, 5.10156, 5.77969],
			"rotation": {"angle": 0, "axis": "z", "origin": [8, 5.68906, 5.03438]},
			"faces": {
				"north": {"uv": [9.125, 7.75, 9, 7.875], "texture": "#5"},
				"east": {"uv": [10.125, 7.75, 9, 7.875], "texture": "#5"},
				"south": {"uv": [10.125, 7.75, 10, 7.875], "texture": "#5"},
				"west": {"uv": [9, 7.75, 10.125, 7.875], "texture": "#5"},
				"up": {"uv": [10.125, 7.75, 9, 7.875], "rotation": 270, "texture": "#5"},
				"down": {"uv": [10.125, 7.75, 9, 7.875], "rotation": 90, "texture": "#5"}
			}
		},
		{
			"from": [8.13438, 5.08281, 4.77969],
			"to": [8.38438, 5.33281, 5.82969],
			"rotation": {"angle": 0, "axis": "y", "origin": [8, 5.68906, 5.03438]},
			"faces": {
				"north": {"uv": [15.5, 15.9, 15.625, 16], "texture": "#5"},
				"east": {"uv": [15.5, 15.87188, 16, 16], "rotation": 180, "texture": "#5"},
				"south": {"uv": [15.875, 15.9, 16, 16], "texture": "#5"},
				"west": {"uv": [16, 15.87188, 15.5, 16], "rotation": 180, "texture": "#5"},
				"up": {"uv": [15.5, 15.9, 16, 16], "rotation": 90, "texture": "#5"},
				"down": {"uv": [16, 15.9, 15.5, 16], "rotation": 90, "texture": "#5"}
			}
		},
		{
			"from": [8.13438, 6.03281, 4.77969],
			"to": [8.38438, 6.28281, 5.82969],
			"rotation": {"angle": 0, "axis": "y", "origin": [8, 5.68906, 5.03438]},
			"faces": {
				"north": {"uv": [15.5, 15.9, 15.625, 16], "texture": "#5"},
				"east": {"uv": [15.5, 15.87188, 16, 16], "rotation": 180, "texture": "#5"},
				"south": {"uv": [15.875, 15.9, 16, 16], "texture": "#5"},
				"west": {"uv": [16, 15.87188, 15.5, 16], "rotation": 180, "texture": "#5"},
				"up": {"uv": [15.5, 15.9, 16, 16], "rotation": 90, "texture": "#5"},
				"down": {"uv": [16, 15.9, 15.5, 16], "rotation": 90, "texture": "#5"}
			}
		},
		{
			"from": [8.38438, 5.55781, 4.77969],
			"to": [8.63438, 5.80781, 5.82969],
			"rotation": {"angle": 0, "axis": "y", "origin": [8, 5.68906, 5.03438]},
			"faces": {
				"north": {"uv": [15.5, 15.9, 15.625, 16], "texture": "#5"},
				"east": {"uv": [15.5, 15.87188, 16, 16], "rotation": 180, "texture": "#5"},
				"south": {"uv": [15.875, 15.9, 16, 16], "texture": "#5"},
				"west": {"uv": [16, 15.87188, 15.5, 16], "rotation": 180, "texture": "#5"},
				"up": {"uv": [15.5, 15.9, 16, 16], "rotation": 90, "texture": "#5"},
				"down": {"uv": [16, 15.9, 15.5, 16], "rotation": 90, "texture": "#5"}
			}
		},
		{
			"from": [7.36562, 5.55781, 4.77969],
			"to": [7.61562, 5.80781, 5.82969],
			"rotation": {"angle": 0, "axis": "y", "origin": [8, 5.68906, 5.03438]},
			"faces": {
				"north": {"uv": [15.625, 15.9, 15.5, 16], "texture": "#5"},
				"east": {"uv": [15.5, 15.87188, 16, 16], "rotation": 180, "texture": "#5"},
				"south": {"uv": [16, 15.9, 15.875, 16], "texture": "#5"},
				"west": {"uv": [16, 15.87188, 15.5, 16], "rotation": 180, "texture": "#5"},
				"up": {"uv": [15.5, 16, 16, 15.9], "rotation": 90, "texture": "#5"},
				"down": {"uv": [16, 16, 15.5, 15.9], "rotation": 90, "texture": "#5"}
			}
		},
		{
			"from": [7.61562, 5.08281, 4.77969],
			"to": [7.86562, 5.33281, 5.82969],
			"rotation": {"angle": 0, "axis": "y", "origin": [8, 5.68906, 5.03438]},
			"faces": {
				"north": {"uv": [15.625, 15.9, 15.5, 16], "texture": "#5"},
				"east": {"uv": [15.5, 15.87188, 16, 16], "rotation": 180, "texture": "#5"},
				"south": {"uv": [16, 15.9, 15.875, 16], "texture": "#5"},
				"west": {"uv": [16, 15.87188, 15.5, 16], "rotation": 180, "texture": "#5"},
				"up": {"uv": [15.5, 16, 16, 15.9], "rotation": 90, "texture": "#5"},
				"down": {"uv": [16, 16, 15.5, 15.9], "rotation": 90, "texture": "#5"}
			}
		},
		{
			"from": [7.61562, 6.03281, 4.77969],
			"to": [7.86562, 6.28281, 5.82969],
			"rotation": {"angle": 0, "axis": "y", "origin": [8, 5.68906, 5.03438]},
			"faces": {
				"north": {"uv": [15.625, 15.9, 15.5, 16], "texture": "#5"},
				"east": {"uv": [15.5, 15.87188, 16, 16], "rotation": 180, "texture": "#5"},
				"south": {"uv": [16, 15.9, 15.875, 16], "texture": "#5"},
				"west": {"uv": [16, 15.87188, 15.5, 16], "rotation": 180, "texture": "#5"},
				"up": {"uv": [15.5, 16, 16, 15.9], "rotation": 90, "texture": "#5"},
				"down": {"uv": [16, 16, 15.5, 15.9], "rotation": 90, "texture": "#5"}
			}
		},
		{
			"name": "ice",
			"from": [-0.18438, 6.57031, -3.92031],
			"to": [7.26563, 6.57031, 3.52969],
			"rotation": {"angle": 45, "axis": "z", "origin": [7.26563, 6.57031, -0.69531]},
			"faces": {
				"north": {"uv": [0, 0, 5, 0], "texture": "#7"},
				"east": {"uv": [0, 0, 7.45, 0], "texture": "#7"},
				"south": {"uv": [0, 0, 5, 0], "texture": "#7"},
				"west": {"uv": [0, 0, 7.45, 0], "texture": "#7"},
				"up": {"uv": [0, 0, 16, 16], "texture": "#7"},
				"down": {"uv": [0, 0, 5, 7.45], "texture": "#7"}
			}
		},
		{
			"name": "ice",
			"from": [8.73438, 6.57031, -3.92031],
			"to": [16.18438, 6.57031, 3.52969],
			"rotation": {"angle": -45, "axis": "z", "origin": [8.73438, 6.57031, -0.69531]},
			"faces": {
				"north": {"uv": [5, 0, 0, 0], "texture": "#7"},
				"east": {"uv": [7.45, 0, 0, 0], "texture": "#7"},
				"south": {"uv": [5, 0, 0, 0], "texture": "#7"},
				"west": {"uv": [7.45, 0, 0, 0], "texture": "#7"},
				"up": {"uv": [16, 0, 0, 16], "texture": "#7"},
				"down": {"uv": [5, 0, 0, 7.45], "texture": "#7"}
			}
		},
		{
			"name": "handcannon_frost_0",
			"from": [7, 5.35, -2.75],
			"to": [9, 9.35, -2.25],
			"rotation": {"angle": 0, "axis": "y", "origin": [8.25, 4.35, -2.5]},
			"faces": {
				"north": {"uv": [8, 4, 8.5, 8], "texture": "#6"},
				"east": {"uv": [8.5, 4, 8, 8], "texture": "#6"},
				"south": {"uv": [8, 4, 8.5, 8], "texture": "#6"},
				"west": {"uv": [8, 4, 8.5, 8], "texture": "#6"},
				"up": {"uv": [8, 4, 8.5, 4.5], "rotation": 90, "texture": "#6"},
				"down": {"uv": [8, 7.5, 8.5, 8], "rotation": 270, "texture": "#6"}
			}
		},
		{
			"name": "handcannon_frost_1",
			"from": [7, 4.35, -3.75],
			"to": [9, 8.85, -2.75],
			"rotation": {"angle": 0, "axis": "y", "origin": [8.25, 4.35, -2.5]},
			"faces": {
				"north": {"uv": [7, 4.5, 7.5, 9], "texture": "#6"},
				"east": {"uv": [8, 4.5, 7, 9], "texture": "#6"},
				"south": {"uv": [7.5, 4.5, 8, 9], "texture": "#6"},
				"west": {"uv": [7, 4.5, 8, 9], "texture": "#6"},
				"up": {"uv": [7, 4.5, 8, 5], "rotation": 90, "texture": "#6"},
				"down": {"uv": [7, 8.5, 8, 9], "rotation": 270, "texture": "#6"}
			}
		},
		{
			"name": "handcannon_frost_2",
			"from": [7, 7.85, -5.75],
			"to": [9, 8.35, -4.25],
			"rotation": {"angle": 0, "axis": "y", "origin": [8.25, 4.35, -2.5]},
			"faces": {
				"north": {"uv": [5, 5, 5.5, 5.5], "texture": "#6"},
				"east": {"uv": [6.5, 5, 5, 5.5], "texture": "#6"},
				"south": {"uv": [6, 5, 6.5, 5.5], "texture": "#6"},
				"west": {"uv": [5, 5, 6.5, 5.5], "texture": "#6"},
				"up": {"uv": [5, 5, 6.5, 5.5], "rotation": 90, "texture": "#6"},
				"down": {"uv": [5, 5, 6.5, 5.5], "rotation": 270, "texture": "#6"}
			}
		},
		{
			"name": "handcannon_frost_3",
			"from": [7, 6.35, -1.75],
			"to": [9, 8.35, -0.75],
			"rotation": {"angle": 0, "axis": "y", "origin": [8.25, 4.35, -2.5]},
			"faces": {
				"north": {"uv": [9, 5, 9.5, 7], "texture": "#6"},
				"east": {"uv": [10, 5, 9, 7], "texture": "#6"},
				"south": {"uv": [9.5, 5, 10, 7], "texture": "#6"},
				"west": {"uv": [9, 5, 10, 7], "texture": "#6"},
				"up": {"uv": [9, 5, 10, 5.5], "rotation": 90, "texture": "#6"},
				"down": {"uv": [9, 6.5, 10, 7], "rotation": 270, "texture": "#6"}
			}
		},
		{
			"name": "handcannon_frost_4",
			"from": [7, 7.35, -0.25],
			"to": [9, 8.35, 0.25],
			"rotation": {"angle": 0, "axis": "y", "origin": [8.25, 4.35, -2.5]},
			"faces": {
				"north": {"uv": [10.5, 5, 11, 6], "texture": "#6"},
				"east": {"uv": [11, 5, 10.5, 6], "texture": "#6"},
				"south": {"uv": [10.5, 5, 11, 6], "texture": "#6"},
				"west": {"uv": [10.5, 5, 11, 6], "texture": "#6"},
				"up": {"uv": [10.5, 5, 11, 5.5], "rotation": 90, "texture": "#6"},
				"down": {"uv": [10.5, 5.5, 11, 6], "rotation": 270, "texture": "#6"}
			}
		},
		{
			"name": "handcannon_frost_5",
			"from": [7, 6.35, -5.25],
			"to": [9, 7.85, -3.75],
			"rotation": {"angle": 0, "axis": "y", "origin": [8.25, 4.35, -2.5]},
			"faces": {
				"north": {"uv": [5.5, 5.5, 6, 7], "texture": "#6"},
				"east": {"uv": [7, 5.5, 5.5, 7], "texture": "#6"},
				"south": {"uv": [6.5, 5.5, 7, 7], "texture": "#6"},
				"west": {"uv": [5.5, 5.5, 7, 7], "texture": "#6"},
				"up": {"uv": [5.5, 5.5, 7, 6], "rotation": 90, "texture": "#6"},
				"down": {"uv": [5.5, 6.5, 7, 7], "rotation": 270, "texture": "#6"}
			}
		},
		{
			"name": "handcannon_frost_6",
			"from": [7, 5.85, -2.25],
			"to": [9, 7.85, -1.75],
			"rotation": {"angle": 0, "axis": "y", "origin": [8.25, 4.35, -2.5]},
			"faces": {
				"north": {"uv": [8.5, 5.5, 9, 7.5], "texture": "#6"},
				"east": {"uv": [9, 5.5, 8.5, 7.5], "texture": "#6"},
				"south": {"uv": [8.5, 5.5, 9, 7.5], "texture": "#6"},
				"west": {"uv": [8.5, 5.5, 9, 7.5], "texture": "#6"},
				"up": {"uv": [8.5, 5.5, 9, 6], "rotation": 90, "texture": "#6"},
				"down": {"uv": [8.5, 7, 9, 7.5], "rotation": 270, "texture": "#6"}
			}
		},
		{
			"name": "handcannon_frost_7",
			"from": [7, 6.85, -0.75],
			"to": [9, 7.85, -0.25],
			"rotation": {"angle": 0, "axis": "y", "origin": [8.25, 4.35, -2.5]},
			"faces": {
				"north": {"uv": [10, 5.5, 10.5, 6.5], "texture": "#6"},
				"east": {"uv": [10.5, 5.5, 10, 6.5], "texture": "#6"},
				"south": {"uv": [10, 5.5, 10.5, 6.5], "texture": "#6"},
				"west": {"uv": [10, 5.5, 10.5, 6.5], "texture": "#6"},
				"up": {"uv": [10, 5.5, 10.5, 6], "rotation": 90, "texture": "#6"},
				"down": {"uv": [10, 6, 10.5, 6.5], "rotation": 270, "texture": "#6"}
			}
		},
		{
			"name": "handcannon_frost_8",
			"from": [7, 1.85, -4.25],
			"to": [9, 6.35, -3.75],
			"rotation": {"angle": 0, "axis": "y", "origin": [8.25, 4.35, -2.5]},
			"faces": {
				"north": {"uv": [6.5, 7, 7, 11.5], "texture": "#6"},
				"east": {"uv": [7, 7, 6.5, 11.5], "texture": "#6"},
				"south": {"uv": [6.5, 7, 7, 11.5], "texture": "#6"},
				"west": {"uv": [6.5, 7, 7, 11.5], "texture": "#6"},
				"up": {"uv": [6.5, 7, 7, 7.5], "rotation": 90, "texture": "#6"},
				"down": {"uv": [6.5, 11, 7, 11.5], "rotation": 270, "texture": "#6"}
			}
		},
		{
			"name": "handcannon_frost_9",
			"from": [7, 5.35, -1.75],
			"to": [9, 6.35, -1.25],
			"rotation": {"angle": 0, "axis": "y", "origin": [8.25, 4.35, -2.5]},
			"faces": {
				"north": {"uv": [9, 7, 9.5, 8], "texture": "#6"},
				"east": {"uv": [9.5, 7, 9, 8], "texture": "#6"},
				"south": {"uv": [9, 7, 9.5, 8], "texture": "#6"},
				"west": {"uv": [9, 7, 9.5, 8], "texture": "#6"},
				"up": {"uv": [9, 7, 9.5, 7.5], "rotation": 90, "texture": "#6"},
				"down": {"uv": [9, 7.5, 9.5, 8], "rotation": 270, "texture": "#6"}
			}
		},
		{
			"name": "handcannon_frost_10",
			"from": [7, 3.35, -5.25],
			"to": [9, 4.85, -4.25],
			"rotation": {"angle": 0, "axis": "y", "origin": [8.25, 4.35, -2.5]},
			"faces": {
				"north": {"uv": [5.5, 8.5, 6, 10], "texture": "#6"},
				"east": {"uv": [6.5, 8.5, 5.5, 10], "texture": "#6"},
				"south": {"uv": [6, 8.5, 6.5, 10], "texture": "#6"},
				"west": {"uv": [5.5, 8.5, 6.5, 10], "texture": "#6"},
				"up": {"uv": [5.5, 8.5, 6.5, 9], "rotation": 90, "texture": "#6"},
				"down": {"uv": [5.5, 9.5, 6.5, 10], "rotation": 270, "texture": "#6"}
			}
		},
		{
			"name": "handcannon_frost_11",
			"from": [7, 2.85, -2.75],
			"to": [9, 4.85, -2.25],
			"rotation": {"angle": 0, "axis": "y", "origin": [8.25, 4.35, -2.5]},
			"faces": {
				"north": {"uv": [8, 8.5, 8.5, 10.5], "texture": "#6"},
				"east": {"uv": [8.5, 8.5, 8, 10.5], "texture": "#6"},
				"south": {"uv": [8, 8.5, 8.5, 10.5], "texture": "#6"},
				"west": {"uv": [8, 8.5, 8.5, 10.5], "texture": "#6"},
				"up": {"uv": [8, 8.5, 8.5, 9], "rotation": 90, "texture": "#6"},
				"down": {"uv": [8, 10, 8.5, 10.5], "rotation": 270, "texture": "#6"}
			}
		},
		{
			"name": "handcannon_frost_12",
			"from": [7, 3.85, -3.75],
			"to": [9, 4.35, -3.25],
			"rotation": {"angle": 0, "axis": "y", "origin": [8.25, 4.35, -2.5]},
			"faces": {
				"north": {"uv": [7, 9, 7.5, 9.5], "texture": "#6"},
				"east": {"uv": [7.5, 9, 7, 9.5], "texture": "#6"},
				"south": {"uv": [7, 9, 7.5, 9.5], "texture": "#6"},
				"west": {"uv": [7, 9, 7.5, 9.5], "texture": "#6"},
				"up": {"uv": [7, 9, 7.5, 9.5], "rotation": 90, "texture": "#6"},
				"down": {"uv": [7, 9, 7.5, 9.5], "rotation": 270, "texture": "#6"}
			}
		},
		{
			"name": "handcannon_frost_13",
			"from": [7, 2.35, -4.75],
			"to": [9, 3.35, -4.25],
			"rotation": {"angle": 0, "axis": "y", "origin": [8.25, 4.35, -2.5]},
			"faces": {
				"north": {"uv": [6, 10, 6.5, 11], "texture": "#6"},
				"east": {"uv": [6.5, 10, 6, 11], "texture": "#6"},
				"south": {"uv": [6, 10, 6.5, 11], "texture": "#6"},
				"west": {"uv": [6, 10, 6.5, 11], "texture": "#6"},
				"up": {"uv": [6, 10, 6.5, 10.5], "rotation": 90, "texture": "#6"},
				"down": {"uv": [6, 10.5, 6.5, 11], "rotation": 270, "texture": "#6"}
			}
		},
		{
			"name": "handcannon_frost_14",
			"from": [7, 2.35, -2.25],
			"to": [9, 3.35, -1.75],
			"rotation": {"angle": 0, "axis": "y", "origin": [8.25, 4.35, -2.5]},
			"faces": {
				"north": {"uv": [8.5, 10, 9, 11], "texture": "#6"},
				"east": {"uv": [9, 10, 8.5, 11], "texture": "#6"},
				"south": {"uv": [8.5, 10, 9, 11], "texture": "#6"},
				"west": {"uv": [8.5, 10, 9, 11], "texture": "#6"},
				"up": {"uv": [8.5, 10, 9, 10.5], "rotation": 90, "texture": "#6"},
				"down": {"uv": [8.5, 10.5, 9, 11], "rotation": 270, "texture": "#6"}
			}
		},
		{
			"name": "handcannon_frost_15",
			"from": [7, 0.85, -3.75],
			"to": [9, 2.35, -3.25],
			"rotation": {"angle": 0, "axis": "y", "origin": [8.25, 4.35, -2.5]},
			"faces": {
				"north": {"uv": [7, 11, 7.5, 12.5], "texture": "#6"},
				"east": {"uv": [7.5, 11, 7, 12.5], "texture": "#6"},
				"south": {"uv": [7, 11, 7.5, 12.5], "texture": "#6"},
				"west": {"uv": [7, 11, 7.5, 12.5], "texture": "#6"},
				"up": {"uv": [7, 11, 7.5, 11.5], "rotation": 90, "texture": "#6"},
				"down": {"uv": [7, 12, 7.5, 12.5], "rotation": 270, "texture": "#6"}
			}
		},
		{
			"name": "handcannon_frost_16",
			"from": [7, 0.35, -3.25],
			"to": [9, 0.85, -2.75],
			"rotation": {"angle": 0, "axis": "y", "origin": [8.25, 4.35, -2.5]},
			"faces": {
				"north": {"uv": [7.5, 12.5, 8, 13], "texture": "#6"},
				"east": {"uv": [8, 12.5, 7.5, 13], "texture": "#6"},
				"south": {"uv": [7.5, 12.5, 8, 13], "texture": "#6"},
				"west": {"uv": [7.5, 12.5, 8, 13], "texture": "#6"},
				"up": {"uv": [7.5, 12.5, 8, 13], "rotation": 90, "texture": "#6"},
				"down": {"uv": [7.5, 12.5, 8, 13], "rotation": 270, "texture": "#6"}
			}
		},
		{
			"name": "gearhandcannon_0",
			"from": [7.26563, 6.57031, -5.09531],
			"to": [8.73438, 6.86406, 2.54219],
			"rotation": {"angle": 0, "axis": "y", "origin": [7.01563, -15.57344, -11.02031]},
			"faces": {
				"north": {"uv": [5.625, 4.75, 5.5, 4.875], "texture": "#5"},
				"east": {"uv": [8.75, 4.75, 5.5, 4.875], "texture": "#5"},
				"south": {"uv": [8.75, 4.75, 8.625, 4.875], "texture": "#5"},
				"west": {"uv": [5.5, 4.75, 8.75, 4.875], "texture": "#5"},
				"up": {"uv": [8.75, 4.75, 5.5, 4.875], "rotation": 270, "texture": "#5"},
				"down": {"uv": [8.75, 4.75, 5.5, 4.875], "rotation": 90, "texture": "#5"}
			}
		},
		{
			"name": "gearhandcannon_1",
			"from": [7.26563, 6.27656, -4.80156],
			"to": [8.73438, 6.57031, -3.92031],
			"rotation": {"angle": 0, "axis": "y", "origin": [7.01563, -15.57344, -11.02031]},
			"faces": {
				"north": {"uv": [5.75, 4.875, 5.625, 5], "texture": "#5"},
				"east": {"uv": [6, 4.875, 5.625, 5], "texture": "#5"},
				"south": {"uv": [6, 4.875, 5.875, 5], "texture": "#5"},
				"west": {"uv": [5.625, 4.875, 6, 5], "texture": "#5"},
				"up": {"uv": [6, 4.875, 5.625, 5], "rotation": 270, "texture": "#5"},
				"down": {"uv": [6, 4.875, 5.625, 5], "rotation": 90, "texture": "#5"}
			}
		},
		{
			"name": "gearhandcannon_3",
			"from": [7.26563, 4.80781, -5.09531],
			"to": [8.73438, 5.10156, 1.66094],
			"rotation": {"angle": 0, "axis": "y", "origin": [7.01563, -15.57344, -11.02031]},
			"faces": {
				"north": {"uv": [5.625, 5.5, 5.5, 5.625], "texture": "#5"},
				"east": {"uv": [8.375, 5.5, 5.5, 5.625], "texture": "#5"},
				"south": {"uv": [8.375, 5.5, 8.25, 5.625], "texture": "#5"},
				"west": {"uv": [5.5, 5.5, 8.375, 5.625], "texture": "#5"},
				"up": {"uv": [8.375, 5.5, 5.5, 5.625], "rotation": 270, "texture": "#5"},
				"down": {"uv": [8.375, 5.5, 5.5, 5.625], "rotation": 90, "texture": "#5"}
			}
		},
		{
			"name": "gearhandcannon_2",
			"from": [6.91563, 6.57031, 2.54219],
			"to": [9.08438, 6.86406, 6.06719],
			"rotation": {"angle": 0, "axis": "y", "origin": [7.14063, -14.10469, -18.65781]},
			"faces": {
				"north": {"uv": [12.125, 5.375, 12, 5.5], "texture": "#5"},
				"east": {"uv": [13.5, 5.375, 12, 5.5], "texture": "#5"},
				"south": {"uv": [13.5, 5.375, 13.375, 5.5], "texture": "#5"},
				"west": {"uv": [12, 5.375, 13.5, 5.5], "texture": "#5"},
				"up": {"uv": [13.5, 5.375, 12, 5.5], "rotation": 270, "texture": "#5"},
				"down": {"uv": [13.5, 5.375, 12, 5.5], "rotation": 90, "texture": "#5"}
			}
		},
		{
			"name": "gearhandcannon_4",
			"from": [6.91563, 4.51406, 2.54219],
			"to": [9.08438, 6.57031, 2.83594],
			"rotation": {"angle": 0, "axis": "y", "origin": [7.14063, -14.10469, -18.65781]},
			"faces": {
				"north": {"uv": [12.125, 5.5, 12, 6.375], "texture": "#5"},
				"east": {"uv": [12.125, 5.5, 12, 6.375], "texture": "#5"},
				"south": {"uv": [12.125, 5.5, 12, 6.375], "texture": "#5"},
				"west": {"uv": [12, 5.5, 12.125, 6.375], "texture": "#5"},
				"up": {"uv": [12.125, 5.5, 12, 5.625], "rotation": 270, "texture": "#5"},
				"down": {"uv": [12.125, 6.25, 12, 6.375], "rotation": 90, "texture": "#5"}
			}
		},
		{
			"name": "gearhandcannon_5",
			"from": [6.91563, 4.51406, 5.77344],
			"to": [9.08438, 6.57031, 6.06719],
			"rotation": {"angle": 0, "axis": "y", "origin": [7.14063, -14.10469, -18.65781]},
			"faces": {
				"north": {"uv": [13.5, 5.5, 13.375, 6.375], "texture": "#5"},
				"east": {"uv": [13.5, 5.5, 13.375, 6.375], "texture": "#5"},
				"south": {"uv": [13.5, 5.5, 13.375, 6.375], "texture": "#5"},
				"west": {"uv": [13.375, 5.5, 13.5, 6.375], "texture": "#5"},
				"up": {"uv": [13.5, 5.5, 13.375, 5.625], "rotation": 270, "texture": "#5"},
				"down": {"uv": [13.5, 6.25, 13.375, 6.375], "rotation": 90, "texture": "#5"}
			}
		},
		{
			"name": "gearhandcannon_6",
			"from": [6.91563, 5.10156, 2.24844],
			"to": [9.08438, 5.98281, 2.54219],
			"rotation": {"angle": 0, "axis": "y", "origin": [7.14063, -14.10469, -18.65781]},
			"faces": {
				"north": {"uv": [12, 5.75, 11.875, 6.125], "texture": "#5"},
				"east": {"uv": [12, 5.75, 11.875, 6.125], "texture": "#5"},
				"south": {"uv": [12, 5.75, 11.875, 6.125], "texture": "#5"},
				"west": {"uv": [11.875, 5.75, 12, 6.125], "texture": "#5"},
				"up": {"uv": [12, 5.75, 11.875, 5.875], "rotation": 270, "texture": "#5"},
				"down": {"uv": [12, 6, 11.875, 6.125], "rotation": 90, "texture": "#5"}
			}
		},
		{
			"name": "gearhandcannon_7",
			"from": [6.91563, 4.51406, 1.95469],
			"to": [9.08438, 5.68906, 2.24844],
			"rotation": {"angle": 0, "axis": "y", "origin": [7.14063, -14.10469, -18.65781]},
			"faces": {
				"north": {"uv": [11.875, 5.875, 11.75, 6.375], "texture": "#5"},
				"east": {"uv": [11.875, 5.875, 11.75, 6.375], "texture": "#5"},
				"south": {"uv": [11.875, 5.875, 11.75, 6.375], "texture": "#5"},
				"west": {"uv": [11.75, 5.875, 11.875, 6.375], "texture": "#5"},
				"up": {"uv": [11.875, 5.875, 11.75, 6], "rotation": 270, "texture": "#5"},
				"down": {"uv": [11.875, 6.25, 11.75, 6.375], "rotation": 90, "texture": "#5"}
			}
		},
		{
			"name": "gearhandcannon_8",
			"from": [6.91563, 4.51406, 1.66094],
			"to": [9.08438, 5.10156, 1.95469],
			"rotation": {"angle": 0, "axis": "y", "origin": [7.14063, -14.10469, -18.65781]},
			"faces": {
				"north": {"uv": [11.75, 6.125, 11.625, 6.375], "texture": "#5"},
				"east": {"uv": [11.75, 6.125, 11.625, 6.375], "texture": "#5"},
				"south": {"uv": [11.75, 6.125, 11.625, 6.375], "texture": "#5"},
				"west": {"uv": [11.625, 6.125, 11.75, 6.375], "texture": "#5"},
				"up": {"uv": [11.75, 6.125, 11.625, 6.25], "rotation": 270, "texture": "#5"},
				"down": {"uv": [11.75, 6.25, 11.625, 6.375], "rotation": 90, "texture": "#5"}
			}
		},
		{
			"name": "gearhandcannon_10",
			"from": [6.91563, 4.51406, -0.39531],
			"to": [9.08438, 4.80781, 1.66094],
			"rotation": {"angle": 0, "axis": "y", "origin": [7.14063, -14.10469, -18.65781]},
			"faces": {
				"north": {"uv": [10.875, 6.25, 10.75, 6.375], "texture": "#5"},
				"east": {"uv": [11.625, 6.25, 10.75, 6.375], "texture": "#5"},
				"south": {"uv": [11.625, 6.25, 11.5, 6.375], "texture": "#5"},
				"west": {"uv": [10.75, 6.25, 11.625, 6.375], "texture": "#5"},
				"up": {"uv": [11.625, 6.25, 10.75, 6.375], "rotation": 270, "texture": "#5"},
				"down": {"uv": [11.625, 6.25, 10.75, 6.375], "rotation": 90, "texture": "#5"}
			}
		},
		{
			"name": "gearhandcannon_11",
			"from": [6.91563, 4.51406, 2.24844],
			"to": [9.08438, 4.80781, 2.54219],
			"rotation": {"angle": 0, "axis": "y", "origin": [7.14063, -14.10469, -18.65781]},
			"faces": {
				"north": {"uv": [12, 6.25, 11.875, 6.375], "texture": "#5"},
				"east": {"uv": [12, 6.25, 11.875, 6.375], "texture": "#5"},
				"south": {"uv": [12, 6.25, 11.875, 6.375], "texture": "#5"},
				"west": {"uv": [11.875, 6.25, 12, 6.375], "texture": "#5"},
				"up": {"uv": [12, 6.25, 11.875, 6.375], "rotation": 270, "texture": "#5"},
				"down": {"uv": [12, 6.25, 11.875, 6.375], "rotation": 90, "texture": "#5"}
			}
		},
		{
			"name": "gearhandcannon_12",
			"from": [6.91563, 4.51406, 2.83594],
			"to": [9.08438, 4.80781, 5.77344],
			"rotation": {"angle": 0, "axis": "y", "origin": [7.14063, -14.10469, -18.65781]},
			"faces": {
				"north": {"uv": [12.25, 6.25, 12.125, 6.375], "texture": "#5"},
				"east": {"uv": [13.375, 6.25, 12.125, 6.375], "texture": "#5"},
				"south": {"uv": [13.375, 6.25, 13.25, 6.375], "texture": "#5"},
				"west": {"uv": [12.125, 6.25, 13.375, 6.375], "texture": "#5"},
				"up": {"uv": [13.375, 6.25, 12.125, 6.375], "rotation": 270, "texture": "#5"},
				"down": {"uv": [13.375, 6.25, 12.125, 6.375], "rotation": 90, "texture": "#5"}
			}
		},
		{
			"name": "gearhandcannon_13",
			"from": [6.91563, 4.51406, 6.06719],
			"to": [9.08438, 4.80781, 7.82969],
			"rotation": {"angle": 0, "axis": "y", "origin": [7.14063, -14.10469, -18.65781]},
			"faces": {
				"north": {"uv": [13.625, 6.25, 13.5, 6.375], "texture": "#5"},
				"east": {"uv": [14.25, 6.25, 13.5, 6.375], "texture": "#5"},
				"south": {"uv": [14.25, 6.25, 14.125, 6.375], "texture": "#5"},
				"west": {"uv": [13.5, 6.25, 14.25, 6.375], "texture": "#5"},
				"up": {"uv": [14.25, 6.25, 13.5, 6.375], "rotation": 270, "texture": "#5"},
				"down": {"uv": [14.25, 6.25, 13.5, 6.375], "rotation": 90, "texture": "#5"}
			}
		},
		{
			"name": "gearhandcannon_16",
			"from": [7.95625, 5.39531, 5.75469],
			"to": [7.95625, 5.68906, 6.34219],
			"rotation": {"angle": 0, "axis": "y", "origin": [6.95625, -10.28594, -11.26406]},
			"faces": {
				"north": {"uv": [10.25, 7.5, 10.125, 7.625], "texture": "#5"},
				"east": {"uv": [10.375, 7.5, 10.125, 7.625], "texture": "#5"},
				"south": {"uv": [10.375, 7.5, 10.25, 7.625], "texture": "#5"},
				"west": {"uv": [10.125, 7.5, 10.375, 7.625], "texture": "#5"},
				"up": {"uv": [10.375, 7.5, 10.125, 7.625], "rotation": 270, "texture": "#5"},
				"down": {"uv": [10.375, 7.5, 10.125, 7.625], "rotation": 90, "texture": "#5"}
			}
		},
		{
			"name": "gearhandcannon_18",
			"from": [7.26563, 7.36406, 4.92344],
			"to": [7.55938, 8.24531, 5.09219],
			"rotation": {"angle": 0, "axis": "y", "origin": [8, 11.30469, 17.03281]},
			"faces": {
				"north": {"uv": [11.75, 7.875, 11.625, 8.25], "texture": "#5"},
				"east": {"uv": [11.75, 7.875, 11.625, 8.25], "texture": "#5"},
				"south": {"uv": [11.625, 7.875, 11.75, 8.25], "texture": "#5"},
				"west": {"uv": [11.75, 7.875, 11.625, 8.25], "texture": "#5"},
				"up": {"uv": [11.75, 7.875, 11.625, 8], "rotation": 180, "texture": "#5"},
				"down": {"uv": [11.75, 8.125, 11.625, 8.25], "rotation": 180, "texture": "#5"}
			}
		},
		{
			"name": "gearhandcannon_19",
			"from": [8.44063, 7.36406, 4.92344],
			"to": [8.73438, 8.24531, 5.09219],
			"rotation": {"angle": 0, "axis": "y", "origin": [8, 11.30469, 17.03281]},
			"faces": {
				"north": {"uv": [12.25, 7.875, 12.125, 8.25], "texture": "#5"},
				"east": {"uv": [12.25, 7.875, 12.125, 8.25], "texture": "#5"},
				"south": {"uv": [12.125, 7.875, 12.25, 8.25], "texture": "#5"},
				"west": {"uv": [12.25, 7.875, 12.125, 8.25], "texture": "#5"},
				"up": {"uv": [12.25, 7.875, 12.125, 8], "rotation": 180, "texture": "#5"},
				"down": {"uv": [12.25, 8.125, 12.125, 8.25], "rotation": 180, "texture": "#5"}
			}
		},
		{
			"name": "gearhandcannon_20",
			"from": [7.85313, 7.65781, 4.92344],
			"to": [8.14688, 7.95156, 5.09219],
			"rotation": {"angle": 0, "axis": "y", "origin": [8, 11.30469, 17.03281]},
			"faces": {
				"north": {"uv": [12, 8, 11.875, 8.125], "texture": "#5"},
				"east": {"uv": [12, 8, 11.875, 8.125], "texture": "#5"},
				"south": {"uv": [11.875, 8, 12, 8.125], "texture": "#5"},
				"west": {"uv": [12, 8, 11.875, 8.125], "texture": "#5"},
				"up": {"uv": [12, 8, 11.875, 8.125], "rotation": 180, "texture": "#5"},
				"down": {"uv": [12, 8, 11.875, 8.125], "rotation": 180, "texture": "#5"}
			}
		},
		{
			"name": "gearhandcannon_21",
			"from": [7.14063, 6.86406, 4.59844],
			"to": [8.85938, 7.15781, 5.77344],
			"rotation": {"angle": 0, "axis": "y", "origin": [7.14063, -7.34844, -11.02031]},
			"faces": {
				"north": {"uv": [9.75, 8.125, 9.625, 8.25], "texture": "#5"},
				"east": {"uv": [10.125, 8.125, 9.625, 8.25], "texture": "#5"},
				"south": {"uv": [10.125, 8.125, 10, 8.25], "texture": "#5"},
				"west": {"uv": [9.625, 8.125, 10.125, 8.25], "texture": "#5"},
				"up": {"uv": [10.125, 8.125, 9.625, 8.25], "rotation": 270, "texture": "#5"},
				"down": {"uv": [10.125, 8.125, 9.625, 8.25], "rotation": 90, "texture": "#5"}
			}
		},
		{
			"name": "gearhandcannon_23",
			"from": [7.50313, 6.27656, -3.62656],
			"to": [8.49688, 6.57031, -3.03906],
			"rotation": {"angle": 0, "axis": "y", "origin": [6.77813, -7.34844, -11.02031]},
			"faces": {
				"north": {"uv": [2.25, 8.375, 2.125, 8.5], "texture": "#5"},
				"east": {"uv": [2.375, 8.375, 2.125, 8.5], "texture": "#5"},
				"south": {"uv": [2.375, 8.375, 2.25, 8.5], "texture": "#5"},
				"west": {"uv": [2.125, 8.375, 2.375, 8.5], "texture": "#5"},
				"up": {"uv": [2.375, 8.375, 2.125, 8.5], "rotation": 270, "texture": "#5"},
				"down": {"uv": [2.375, 8.375, 2.125, 8.5], "rotation": 90, "texture": "#5"}
			}
		},
		{
			"name": "gearhandcannon_24",
			"from": [7.50313, 6.27656, -2.74531],
			"to": [8.49688, 6.57031, -2.15781],
			"rotation": {"angle": 0, "axis": "y", "origin": [6.77813, -7.34844, -11.02031]},
			"faces": {
				"north": {"uv": [2.625, 8.375, 2.5, 8.5], "texture": "#5"},
				"east": {"uv": [2.75, 8.375, 2.5, 8.5], "texture": "#5"},
				"south": {"uv": [2.75, 8.375, 2.625, 8.5], "texture": "#5"},
				"west": {"uv": [2.5, 8.375, 2.75, 8.5], "texture": "#5"},
				"up": {"uv": [2.75, 8.375, 2.5, 8.5], "rotation": 270, "texture": "#5"},
				"down": {"uv": [2.75, 8.375, 2.5, 8.5], "rotation": 90, "texture": "#5"}
			}
		},
		{
			"name": "gearhandcannon_25",
			"from": [7.50313, 6.27656, -1.86406],
			"to": [8.49688, 6.57031, -1.27656],
			"rotation": {"angle": 0, "axis": "y", "origin": [6.77813, -7.34844, -11.02031]},
			"faces": {
				"north": {"uv": [3, 8.375, 2.875, 8.5], "texture": "#5"},
				"east": {"uv": [3.125, 8.375, 2.875, 8.5], "texture": "#5"},
				"south": {"uv": [3.125, 8.375, 3, 8.5], "texture": "#5"},
				"west": {"uv": [2.875, 8.375, 3.125, 8.5], "texture": "#5"},
				"up": {"uv": [3.125, 8.375, 2.875, 8.5], "rotation": 270, "texture": "#5"},
				"down": {"uv": [3.125, 8.375, 2.875, 8.5], "rotation": 90, "texture": "#5"}
			}
		},
		{
			"name": "gearhandcannon_26",
			"from": [7.50313, 6.27656, -0.98281],
			"to": [8.49688, 6.57031, -0.39531],
			"rotation": {"angle": 0, "axis": "y", "origin": [6.77813, -7.34844, -11.02031]},
			"faces": {
				"north": {"uv": [3.375, 8.375, 3.25, 8.5], "texture": "#5"},
				"east": {"uv": [3.5, 8.375, 3.25, 8.5], "texture": "#5"},
				"south": {"uv": [3.5, 8.375, 3.375, 8.5], "texture": "#5"},
				"west": {"uv": [3.25, 8.375, 3.5, 8.5], "texture": "#5"},
				"up": {"uv": [3.5, 8.375, 3.25, 8.5], "rotation": 270, "texture": "#5"},
				"down": {"uv": [3.5, 8.375, 3.25, 8.5], "rotation": 90, "texture": "#5"}
			}
		},
		{
			"name": "gearhandcannon_27",
			"from": [7.50313, 6.27656, -0.10156],
			"to": [8.49688, 6.57031, 0.48594],
			"rotation": {"angle": 0, "axis": "y", "origin": [6.77813, -7.34844, -11.02031]},
			"faces": {
				"north": {"uv": [3.75, 8.375, 3.625, 8.5], "texture": "#5"},
				"east": {"uv": [3.875, 8.375, 3.625, 8.5], "texture": "#5"},
				"south": {"uv": [3.875, 8.375, 3.75, 8.5], "texture": "#5"},
				"west": {"uv": [3.625, 8.375, 3.875, 8.5], "texture": "#5"},
				"up": {"uv": [3.875, 8.375, 3.625, 8.5], "rotation": 270, "texture": "#5"},
				"down": {"uv": [3.875, 8.375, 3.625, 8.5], "rotation": 90, "texture": "#5"}
			}
		},
		{
			"name": "gearhandcannon_28",
			"from": [7.50313, 6.27656, 0.77969],
			"to": [8.49688, 6.57031, 1.36719],
			"rotation": {"angle": 0, "axis": "y", "origin": [6.77813, -7.34844, -11.02031]},
			"faces": {
				"north": {"uv": [4.125, 8.375, 4, 8.5], "texture": "#5"},
				"east": {"uv": [4.25, 8.375, 4, 8.5], "texture": "#5"},
				"south": {"uv": [4.25, 8.375, 4.125, 8.5], "texture": "#5"},
				"west": {"uv": [4, 8.375, 4.25, 8.5], "texture": "#5"},
				"up": {"uv": [4.25, 8.375, 4, 8.5], "rotation": 270, "texture": "#5"},
				"down": {"uv": [4.25, 8.375, 4, 8.5], "rotation": 90, "texture": "#5"}
			}
		},
		{
			"name": "gearhandcannon_29",
			"from": [7.50313, 6.27656, 1.66094],
			"to": [8.49688, 6.57031, 2.24844],
			"rotation": {"angle": 0, "axis": "y", "origin": [6.77813, -7.34844, -11.02031]},
			"faces": {
				"north": {"uv": [4.5, 8.375, 4.375, 8.5], "texture": "#5"},
				"east": {"uv": [4.625, 8.375, 4.375, 8.5], "texture": "#5"},
				"south": {"uv": [4.625, 8.375, 4.5, 8.5], "texture": "#5"},
				"west": {"uv": [4.375, 8.375, 4.625, 8.5], "texture": "#5"},
				"up": {"uv": [4.625, 8.375, 4.375, 8.5], "rotation": 270, "texture": "#5"},
				"down": {"uv": [4.625, 8.375, 4.375, 8.5], "rotation": 90, "texture": "#5"}
			}
		},
		{
			"name": "gearhandcannon_36",
			"from": [7.64063, 5.25156, -5.38906],
			"to": [8.35938, 6.13281, -5.09531],
			"rotation": {"angle": 0, "axis": "y", "origin": [6.64063, -7.34844, -10.72656]},
			"faces": {
				"north": {"uv": [5.375, 8.625, 5.25, 9], "texture": "#5"},
				"east": {"uv": [5.375, 8.625, 5.25, 9], "texture": "#5"},
				"south": {"uv": [5.375, 8.625, 5.25, 9], "texture": "#5"},
				"west": {"uv": [5.25, 8.625, 5.375, 9], "texture": "#5"},
				"up": {"uv": [5.375, 8.625, 5.25, 8.75], "rotation": 270, "texture": "#5"},
				"down": {"uv": [5.375, 8.875, 5.25, 9], "rotation": 90, "texture": "#5"}
			}
		},
		{
			"name": "gearhandcannon_32",
			"from": [7.14063, 5.10156, -5.09531],
			"to": [8.85938, 6.27656, 1.95469],
			"rotation": {"angle": 0, "axis": "y", "origin": [7.14063, -7.34844, -11.02031]},
			"faces": {
				"north": {"uv": [5.625, 8.5, 5.5, 9], "texture": "#5"},
				"east": {"uv": [8.5, 8.5, 5.5, 9], "texture": "#5"},
				"south": {"uv": [8.5, 8.5, 8.375, 9], "texture": "#5"},
				"west": {"uv": [5.5, 8.5, 8.5, 9], "texture": "#5"},
				"up": {"uv": [8.5, 8.5, 5.5, 8.625], "rotation": 270, "texture": "#5"},
				"down": {"uv": [8.5, 8.875, 5.5, 9], "rotation": 90, "texture": "#5"}
			}
		},
		{
			"name": "gearhandcannon_33",
			"from": [7.14063, 5.98281, 1.95469],
			"to": [8.85938, 6.27656, 2.54219],
			"rotation": {"angle": 0, "axis": "y", "origin": [7.14063, -7.34844, -11.02031]},
			"faces": {
				"north": {"uv": [8.625, 8.5, 8.5, 8.625], "texture": "#5"},
				"east": {"uv": [8.75, 8.5, 8.5, 8.625], "texture": "#5"},
				"south": {"uv": [8.75, 8.5, 8.625, 8.625], "texture": "#5"},
				"west": {"uv": [8.5, 8.5, 8.75, 8.625], "texture": "#5"},
				"up": {"uv": [8.75, 8.5, 8.5, 8.625], "rotation": 270, "texture": "#5"},
				"down": {"uv": [8.75, 8.5, 8.5, 8.625], "rotation": 90, "texture": "#5"}
			}
		},
		{
			"name": "gearhandcannon_37",
			"from": [7.14063, 5.68906, 1.95469],
			"to": [8.85938, 5.98281, 2.24844],
			"rotation": {"angle": 0, "axis": "y", "origin": [7.14063, -7.34844, -11.02031]},
			"faces": {
				"north": {"uv": [8.625, 8.625, 8.5, 8.75], "texture": "#5"},
				"east": {"uv": [8.625, 8.625, 8.5, 8.75], "texture": "#5"},
				"south": {"uv": [8.625, 8.625, 8.5, 8.75], "texture": "#5"},
				"west": {"uv": [8.5, 8.625, 8.625, 8.75], "texture": "#5"},
				"up": {"uv": [8.625, 8.625, 8.5, 8.75], "rotation": 270, "texture": "#5"},
				"down": {"uv": [8.625, 8.625, 8.5, 8.75], "rotation": 90, "texture": "#5"}
			}
		},
		{
			"name": "gearhandcannon_22",
			"from": [7.92813, 6.57031, 7.53594],
			"to": [8.07188, 6.86406, 8.12344],
			"rotation": {"angle": 0, "axis": "y", "origin": [7.92813, -7.34844, -11.02031]},
			"faces": {
				"north": {"uv": [11, 8.25, 10.875, 8.375], "texture": "#5"},
				"east": {"uv": [11.125, 8.25, 10.875, 8.375], "texture": "#5"},
				"south": {"uv": [11.125, 8.25, 11, 8.375], "texture": "#5"},
				"west": {"uv": [10.875, 8.25, 11.125, 8.375], "texture": "#5"},
				"up": {"uv": [11.125, 8.25, 10.875, 8.375], "rotation": 270, "texture": "#5"},
				"down": {"uv": [11.125, 8.25, 10.875, 8.375], "rotation": 90, "texture": "#5"}
			}
		},
		{
			"name": "gearhandcannon_30",
			"from": [7.87813, 5.98281, 6.94844],
			"to": [8.12187, 6.57031, 7.53594],
			"rotation": {"angle": 0, "axis": "y", "origin": [7.87813, -7.34844, -11.02031]},
			"faces": {
				"north": {"uv": [10.75, 8.375, 10.625, 8.625], "texture": "#5"},
				"east": {"uv": [10.875, 8.375, 10.625, 8.625], "texture": "#5"},
				"south": {"uv": [10.875, 8.375, 10.75, 8.625], "texture": "#5"},
				"west": {"uv": [10.625, 8.375, 10.875, 8.625], "texture": "#5"},
				"up": {"uv": [10.875, 8.375, 10.625, 8.5], "rotation": 270, "texture": "#5"},
				"down": {"uv": [10.875, 8.5, 10.625, 8.625], "rotation": 90, "texture": "#5"}
			}
		},
		{
			"name": "gearhandcannon_31",
			"from": [7.87813, 6.27656, 7.53594],
			"to": [8.12187, 6.57031, 7.82969],
			"rotation": {"angle": 0, "axis": "y", "origin": [7.87813, -7.34844, -11.02031]},
			"faces": {
				"north": {"uv": [11, 8.375, 10.875, 8.5], "texture": "#5"},
				"east": {"uv": [11, 8.375, 10.875, 8.5], "texture": "#5"},
				"south": {"uv": [11, 8.375, 10.875, 8.5], "texture": "#5"},
				"west": {"uv": [10.875, 8.375, 11, 8.5], "texture": "#5"},
				"up": {"uv": [11, 8.375, 10.875, 8.5], "rotation": 270, "texture": "#5"},
				"down": {"uv": [11, 8.375, 10.875, 8.5], "rotation": 90, "texture": "#5"}
			}
		},
		{
			"name": "gearhandcannon_34",
			"from": [7.75313, 5.98281, 6.65469],
			"to": [8.24687, 6.27656, 6.94844],
			"rotation": {"angle": 0, "axis": "y", "origin": [7.75313, -7.34844, -11.02031]},
			"faces": {
				"north": {"uv": [10.625, 8.5, 10.5, 8.625], "texture": "#5"},
				"east": {"uv": [10.625, 8.5, 10.5, 8.625], "texture": "#5"},
				"south": {"uv": [10.625, 8.5, 10.5, 8.625], "texture": "#5"},
				"west": {"uv": [10.5, 8.5, 10.625, 8.625], "texture": "#5"},
				"up": {"uv": [10.625, 8.5, 10.5, 8.625], "rotation": 270, "texture": "#5"},
				"down": {"uv": [10.625, 8.5, 10.5, 8.625], "rotation": 90, "texture": "#5"}
			}
		},
		{
			"name": "gearhandcannon_38",
			"from": [7.75313, 5.68906, 6.94844],
			"to": [8.24687, 5.98281, 7.24219],
			"rotation": {"angle": 0, "axis": "y", "origin": [7.75313, -7.34844, -11.02031]},
			"faces": {
				"north": {"uv": [10.75, 8.625, 10.625, 8.75], "texture": "#5"},
				"east": {"uv": [10.75, 8.625, 10.625, 8.75], "texture": "#5"},
				"south": {"uv": [10.75, 8.625, 10.625, 8.75], "texture": "#5"},
				"west": {"uv": [10.625, 8.625, 10.75, 8.75], "texture": "#5"},
				"up": {"uv": [10.75, 8.625, 10.625, 8.75], "rotation": 270, "texture": "#5"},
				"down": {"uv": [10.75, 8.625, 10.625, 8.75], "rotation": 90, "texture": "#5"}
			}
		},
		{
			"name": "gearhandcannon_35",
			"from": [7.29063, 5.98281, 6.06719],
			"to": [8.70938, 6.27656, 6.65469],
			"rotation": {"angle": 0, "axis": "y", "origin": [7.29063, -7.34844, -18.36406]},
			"faces": {
				"north": {"uv": [13.5, 8.5, 13.375, 8.625], "texture": "#5"},
				"east": {"uv": [13.625, 8.5, 13.375, 8.625], "texture": "#5"},
				"south": {"uv": [13.625, 8.5, 13.5, 8.625], "texture": "#5"},
				"west": {"uv": [13.375, 8.5, 13.625, 8.625], "texture": "#5"},
				"up": {"uv": [13.625, 8.5, 13.375, 8.625], "rotation": 270, "texture": "#5"},
				"down": {"uv": [13.625, 8.5, 13.375, 8.625], "rotation": 90, "texture": "#5"}
			}
		},
		{
			"name": "gearhandcannon_40",
			"from": [7.29063, 5.39531, 6.36094],
			"to": [8.70938, 5.98281, 6.94844],
			"rotation": {"angle": 0, "axis": "y", "origin": [7.29063, -7.34844, -18.36406]},
			"faces": {
				"north": {"uv": [13.625, 8.625, 13.5, 8.875], "texture": "#5"},
				"east": {"uv": [13.75, 8.625, 13.5, 8.875], "texture": "#5"},
				"south": {"uv": [13.75, 8.625, 13.625, 8.875], "texture": "#5"},
				"west": {"uv": [13.5, 8.625, 13.75, 8.875], "texture": "#5"},
				"up": {"uv": [13.75, 8.625, 13.5, 8.75], "rotation": 270, "texture": "#5"},
				"down": {"uv": [13.75, 8.75, 13.5, 8.875], "rotation": 90, "texture": "#5"}
			}
		},
		{
			"name": "gearhandcannon_41",
			"from": [7.29063, 4.80781, 6.94844],
			"to": [8.70938, 5.68906, 7.24219],
			"rotation": {"angle": 0, "axis": "y", "origin": [7.29063, -7.34844, -18.36406]},
			"faces": {
				"north": {"uv": [13.875, 8.75, 13.75, 9.125], "texture": "#5"},
				"east": {"uv": [13.875, 8.75, 13.75, 9.125], "texture": "#5"},
				"south": {"uv": [13.875, 8.75, 13.75, 9.125], "texture": "#5"},
				"west": {"uv": [13.75, 8.75, 13.875, 9.125], "texture": "#5"},
				"up": {"uv": [13.875, 8.75, 13.75, 8.875], "rotation": 270, "texture": "#5"},
				"down": {"uv": [13.875, 9, 13.75, 9.125], "rotation": 90, "texture": "#5"}
			}
		},
		{
			"name": "gearhandcannon_43",
			"from": [7.29063, 5.10156, 6.65469],
			"to": [8.70938, 5.39531, 6.94844],
			"rotation": {"angle": 0, "axis": "y", "origin": [7.29063, -7.34844, -18.36406]},
			"faces": {
				"north": {"uv": [13.75, 8.875, 13.625, 9], "texture": "#5"},
				"east": {"uv": [13.75, 8.875, 13.625, 9], "texture": "#5"},
				"south": {"uv": [13.75, 8.875, 13.625, 9], "texture": "#5"},
				"west": {"uv": [13.625, 8.875, 13.75, 9], "texture": "#5"},
				"up": {"uv": [13.75, 8.875, 13.625, 9], "rotation": 270, "texture": "#5"},
				"down": {"uv": [13.75, 8.875, 13.625, 9], "rotation": 90, "texture": "#5"}
			}
		},
		{
			"name": "gearhandcannon_44",
			"from": [7.29063, 4.80781, 7.24219],
			"to": [8.70938, 5.39531, 7.53594],
			"rotation": {"angle": 0, "axis": "y", "origin": [7.29063, -7.34844, -18.36406]},
			"faces": {
				"north": {"uv": [14, 8.875, 13.875, 9.125], "texture": "#5"},
				"east": {"uv": [14, 8.875, 13.875, 9.125], "texture": "#5"},
				"south": {"uv": [14, 8.875, 13.875, 9.125], "texture": "#5"},
				"west": {"uv": [13.875, 8.875, 14, 9.125], "texture": "#5"},
				"up": {"uv": [14, 8.875, 13.875, 9], "rotation": 270, "texture": "#5"},
				"down": {"uv": [14, 9, 13.875, 9.125], "rotation": 90, "texture": "#5"}
			}
		},
		{
			"name": "gearhandcannon_45",
			"from": [7.64063, 4.80781, 2.24844],
			"to": [8.35938, 5.10156, 2.54219],
			"rotation": {"angle": 0, "axis": "y", "origin": [6.64063, -7.34844, -11.02031]},
			"faces": {
				"north": {"uv": [8.75, 9, 8.625, 9.125], "texture": "#5"},
				"east": {"uv": [8.75, 9, 8.625, 9.125], "texture": "#5"},
				"south": {"uv": [8.75, 9, 8.625, 9.125], "texture": "#5"},
				"west": {"uv": [8.625, 9, 8.75, 9.125], "texture": "#5"},
				"up": {"uv": [8.75, 9, 8.625, 9.125], "rotation": 270, "texture": "#5"},
				"down": {"uv": [8.75, 9, 8.625, 9.125], "rotation": 90, "texture": "#5"}
			}
		},
		{
			"name": "gearhandcannon_39",
			"from": [7.14063, 4.80781, 6.06719],
			"to": [8.85938, 5.98281, 6.36094],
			"rotation": {"angle": 0, "axis": "y", "origin": [7.14063, -7.34844, -16.89531]},
			"faces": {
				"north": {"uv": [12.875, 8.625, 12.75, 9.125], "texture": "#5"},
				"east": {"uv": [12.875, 8.625, 12.75, 9.125], "texture": "#5"},
				"south": {"uv": [12.875, 8.625, 12.75, 9.125], "texture": "#5"},
				"west": {"uv": [12.75, 8.625, 12.875, 9.125], "texture": "#5"},
				"up": {"uv": [12.875, 8.625, 12.75, 8.75], "rotation": 270, "texture": "#5"},
				"down": {"uv": [12.875, 9, 12.75, 9.125], "rotation": 90, "texture": "#5"}
			}
		},
		{
			"name": "gearhandcannon_42",
			"from": [7.14063, 4.80781, 6.36094],
			"to": [8.85938, 5.39531, 6.65469],
			"rotation": {"angle": 0, "axis": "y", "origin": [7.14063, -7.34844, -16.89531]},
			"faces": {
				"north": {"uv": [13, 8.875, 12.875, 9.125], "texture": "#5"},
				"east": {"uv": [13, 8.875, 12.875, 9.125], "texture": "#5"},
				"south": {"uv": [13, 8.875, 12.875, 9.125], "texture": "#5"},
				"west": {"uv": [12.875, 8.875, 13, 9.125], "texture": "#5"},
				"up": {"uv": [13, 8.875, 12.875, 9], "rotation": 270, "texture": "#5"},
				"down": {"uv": [13, 9, 12.875, 9.125], "rotation": 90, "texture": "#5"}
			}
		},
		{
			"name": "gearhandcannon_46",
			"from": [7.14063, 4.80781, 6.65469],
			"to": [8.85938, 5.10156, 6.94844],
			"rotation": {"angle": 0, "axis": "y", "origin": [7.14063, -7.34844, -16.89531]},
			"faces": {
				"north": {"uv": [13.125, 9, 13, 9.125], "texture": "#5"},
				"east": {"uv": [13.125, 9, 13, 9.125], "texture": "#5"},
				"south": {"uv": [13.125, 9, 13, 9.125], "texture": "#5"},
				"west": {"uv": [13, 9, 13.125, 9.125], "texture": "#5"},
				"up": {"uv": [13.125, 9, 13, 9.125], "rotation": 270, "texture": "#5"},
				"down": {"uv": [13.125, 9, 13, 9.125], "rotation": 90, "texture": "#5"}
			}
		},
		{
			"name": "gearhandcannon_47",
			"from": [7.46563, 4.51406, -4.50781],
			"to": [8.53438, 4.80781, -3.33281],
			"rotation": {"angle": 0, "axis": "y", "origin": [6.81563, -7.34844, -11.02031]},
			"faces": {
				"north": {"uv": [5.875, 9.125, 5.75, 9.25], "texture": "#5"},
				"east": {"uv": [6.25, 9.125, 5.75, 9.25], "texture": "#5"},
				"south": {"uv": [6.25, 9.125, 6.125, 9.25], "texture": "#5"},
				"west": {"uv": [5.75, 9.125, 6.25, 9.25], "texture": "#5"},
				"up": {"uv": [6.25, 9.125, 5.75, 9.25], "rotation": 270, "texture": "#5"},
				"down": {"uv": [6.25, 9.125, 5.75, 9.25], "rotation": 90, "texture": "#5"}
			}
		},
		{
			"name": "gearhandcannon_48",
			"from": [7.46563, 4.51406, -2.74531],
			"to": [8.53438, 4.80781, -2.45156],
			"rotation": {"angle": 0, "axis": "y", "origin": [6.81563, -7.34844, -11.02031]},
			"faces": {
				"north": {"uv": [6.625, 9.125, 6.5, 9.25], "texture": "#5"},
				"east": {"uv": [6.625, 9.125, 6.5, 9.25], "texture": "#5"},
				"south": {"uv": [6.625, 9.125, 6.5, 9.25], "texture": "#5"},
				"west": {"uv": [6.5, 9.125, 6.625, 9.25], "texture": "#5"},
				"up": {"uv": [6.625, 9.125, 6.5, 9.25], "rotation": 270, "texture": "#5"},
				"down": {"uv": [6.625, 9.125, 6.5, 9.25], "rotation": 90, "texture": "#5"}
			}
		},
		{
			"name": "gearhandcannon_49",
			"from": [7.46563, 3.92656, -4.80156],
			"to": [8.53438, 4.22031, -3.33281],
			"rotation": {"angle": 0, "axis": "y", "origin": [6.81563, -7.34844, -11.02031]},
			"faces": {
				"north": {"uv": [5.75, 9.375, 5.625, 9.5], "texture": "#5"},
				"east": {"uv": [6.25, 9.375, 5.625, 9.5], "texture": "#5"},
				"south": {"uv": [6.25, 9.375, 6.125, 9.5], "texture": "#5"},
				"west": {"uv": [5.625, 9.375, 6.25, 9.5], "texture": "#5"},
				"up": {"uv": [6.25, 9.375, 5.625, 9.5], "rotation": 270, "texture": "#5"},
				"down": {"uv": [6.25, 9.375, 5.625, 9.5], "rotation": 90, "texture": "#5"}
			}
		},
		{
			"name": "gearhandcannon_54",
			"from": [7.81562, 3.33906, 4.59844],
			"to": [8.18437, 3.92656, 4.89219],
			"rotation": {"angle": 0, "axis": "y", "origin": [6.46562, -7.34844, -11.02031]},
			"faces": {
				"north": {"uv": [9.75, 9.5, 9.625, 9.75], "texture": "#5"},
				"east": {"uv": [9.75, 9.5, 9.625, 9.75], "texture": "#5"},
				"south": {"uv": [9.75, 9.5, 9.625, 9.75], "texture": "#5"},
				"west": {"uv": [9.625, 9.5, 9.75, 9.75], "texture": "#5"},
				"up": {"uv": [9.75, 9.5, 9.625, 9.625], "rotation": 270, "texture": "#5"},
				"down": {"uv": [9.75, 9.625, 9.625, 9.75], "rotation": 90, "texture": "#5"}
			}
		},
		{
			"name": "gearhandcannon_58",
			"from": [7.81562, 3.04531, 4.30469],
			"to": [8.18437, 3.63281, 4.59844],
			"rotation": {"angle": 0, "axis": "y", "origin": [6.46562, -7.34844, -11.02031]},
			"faces": {
				"north": {"uv": [9.625, 9.625, 9.5, 9.875], "texture": "#5"},
				"east": {"uv": [9.625, 9.625, 9.5, 9.875], "texture": "#5"},
				"south": {"uv": [9.625, 9.625, 9.5, 9.875], "texture": "#5"},
				"west": {"uv": [9.5, 9.625, 9.625, 9.875], "texture": "#5"},
				"up": {"uv": [9.625, 9.625, 9.5, 9.75], "rotation": 270, "texture": "#5"},
				"down": {"uv": [9.625, 9.75, 9.5, 9.875], "rotation": 90, "texture": "#5"}
			}
		},
		{
			"name": "gearhandcannon_50",
			"from": [7.80313, 3.04531, 3.12969],
			"to": [8.19688, 4.22031, 3.42344],
			"rotation": {"angle": 0, "axis": "y", "origin": [6.47813, -7.34844, -10.49531]},
			"faces": {
				"north": {"uv": [7.625, 9.375, 7.5, 9.875], "texture": "#5"},
				"east": {"uv": [7.625, 9.375, 7.5, 9.875], "texture": "#5"},
				"south": {"uv": [7.625, 9.375, 7.5, 9.875], "texture": "#5"},
				"west": {"uv": [7.5, 9.375, 7.625, 9.875], "texture": "#5"},
				"up": {"uv": [7.625, 9.375, 7.5, 9.5], "rotation": 270, "texture": "#5"},
				"down": {"uv": [7.625, 9.75, 7.5, 9.875], "rotation": 90, "texture": "#5"}
			}
		},
		{
			"name": "gearhandcannon_62",
			"from": [7.80313, 2.75156, 3.42344],
			"to": [8.19688, 3.33906, 3.71719],
			"rotation": {"angle": 0, "axis": "y", "origin": [6.47813, -7.34844, -10.49531]},
			"faces": {
				"north": {"uv": [7.75, 9.75, 7.625, 10], "texture": "#5"},
				"east": {"uv": [7.75, 9.75, 7.625, 10], "texture": "#5"},
				"south": {"uv": [7.75, 9.75, 7.625, 10], "texture": "#5"},
				"west": {"uv": [7.625, 9.75, 7.75, 10], "texture": "#5"},
				"up": {"uv": [7.75, 9.75, 7.625, 9.875], "rotation": 270, "texture": "#5"},
				"down": {"uv": [7.75, 9.875, 7.625, 10], "rotation": 90, "texture": "#5"}
			}
		},
		{
			"name": "gearhandcannon_66",
			"from": [7.80313, 2.45781, 3.71719],
			"to": [8.19688, 3.04531, 4.01094],
			"rotation": {"angle": 0, "axis": "y", "origin": [6.47813, -7.34844, -10.49531]},
			"faces": {
				"north": {"uv": [7.875, 9.875, 7.75, 10.125], "texture": "#5"},
				"east": {"uv": [7.875, 9.875, 7.75, 10.125], "texture": "#5"},
				"south": {"uv": [7.875, 9.875, 7.75, 10.125], "texture": "#5"},
				"west": {"uv": [7.75, 9.875, 7.875, 10.125], "texture": "#5"},
				"up": {"uv": [7.875, 9.875, 7.75, 10], "rotation": 270, "texture": "#5"},
				"down": {"uv": [7.875, 10, 7.75, 10.125], "rotation": 90, "texture": "#5"}
			}
		},
		{
			"name": "gearhandcannon_67",
			"from": [7.80313, 2.45781, 5.47969],
			"to": [8.19688, 3.04531, 5.77344],
			"rotation": {"angle": 0, "axis": "y", "origin": [6.47813, -7.34844, -10.49531]},
			"faces": {
				"north": {"uv": [8.625, 9.875, 8.5, 10.125], "texture": "#5"},
				"east": {"uv": [8.625, 9.875, 8.5, 10.125], "texture": "#5"},
				"south": {"uv": [8.625, 9.875, 8.5, 10.125], "texture": "#5"},
				"west": {"uv": [8.5, 9.875, 8.625, 10.125], "texture": "#5"},
				"up": {"uv": [8.625, 9.875, 8.5, 10], "rotation": 270, "texture": "#5"},
				"down": {"uv": [8.625, 10, 8.5, 10.125], "rotation": 90, "texture": "#5"}
			}
		},
		{
			"name": "gearhandcannon_69",
			"from": [7.80313, 2.45781, 4.01094],
			"to": [8.19688, 2.75156, 5.47969],
			"rotation": {"angle": 0, "axis": "y", "origin": [6.47813, -7.34844, -10.49531]},
			"faces": {
				"north": {"uv": [8, 10, 7.875, 10.125], "texture": "#5"},
				"east": {"uv": [8.5, 10, 7.875, 10.125], "texture": "#5"},
				"south": {"uv": [8.5, 10, 8.375, 10.125], "texture": "#5"},
				"west": {"uv": [7.875, 10, 8.5, 10.125], "texture": "#5"},
				"up": {"uv": [8.5, 10, 7.875, 10.125], "rotation": 270, "texture": "#5"},
				"down": {"uv": [8.5, 10, 7.875, 10.125], "rotation": 90, "texture": "#5"}
			}
		},
		{
			"name": "gearhandcannon_75",
			"from": [7.77813, 4.22031, -6.85781],
			"to": [8.22188, 4.51406, -4.21406],
			"rotation": {"angle": 0, "axis": "y", "origin": [6.50313, -4.99844, -11.02031]},
			"faces": {
				"north": {"uv": [4.875, 10.25, 4.75, 10.375], "texture": "#5"},
				"east": {"uv": [5.875, 10.25, 4.75, 10.375], "texture": "#5"},
				"south": {"uv": [5.875, 10.25, 5.75, 10.375], "texture": "#5"},
				"west": {"uv": [4.75, 10.25, 5.875, 10.375], "texture": "#5"},
				"up": {"uv": [5.875, 10.25, 4.75, 10.375], "rotation": 270, "texture": "#5"},
				"down": {"uv": [5.875, 10.25, 4.75, 10.375], "rotation": 90, "texture": "#5"}
			}
		},
		{
			"name": "gearhandcannon_81",
			"from": [7.61563, 4.51406, -3.33281],
			"to": [8.38438, 4.80781, -2.74531],
			"rotation": {"angle": 0, "axis": "y", "origin": [6.66563, -4.11719, -11.02031]},
			"faces": {
				"north": {"uv": [6.375, 10.5, 6.25, 10.625], "texture": "#5"},
				"east": {"uv": [6.5, 10.5, 6.25, 10.625], "texture": "#5"},
				"south": {"uv": [6.5, 10.5, 6.375, 10.625], "texture": "#5"},
				"west": {"uv": [6.25, 10.5, 6.5, 10.625], "texture": "#5"},
				"up": {"uv": [6.5, 10.5, 6.25, 10.625], "rotation": 270, "texture": "#5"},
				"down": {"uv": [6.5, 10.5, 6.25, 10.625], "rotation": 90, "texture": "#5"}
			}
		},
		{
			"name": "gearhandcannon_83",
			"from": [7.61563, 4.22031, -4.21406],
			"to": [8.38438, 4.51406, -3.03906],
			"rotation": {"angle": 0, "axis": "y", "origin": [6.66563, -4.11719, -11.02031]},
			"faces": {
				"north": {"uv": [6, 10.625, 5.875, 10.75], "texture": "#5"},
				"east": {"uv": [6.375, 10.625, 5.875, 10.75], "texture": "#5"},
				"south": {"uv": [6.375, 10.625, 6.25, 10.75], "texture": "#5"},
				"west": {"uv": [5.875, 10.625, 6.375, 10.75], "texture": "#5"},
				"up": {"uv": [6.375, 10.625, 5.875, 10.75], "rotation": 270, "texture": "#5"},
				"down": {"uv": [6.375, 10.625, 5.875, 10.75], "rotation": 90, "texture": "#5"}
			}
		},
		{
			"name": "gearhandcannon_51",
			"from": [7.32813, 3.92656, 4.89219],
			"to": [8.67188, 4.22031, 5.18594],
			"rotation": {"angle": 0, "axis": "y", "origin": [6.95313, -7.34844, -11.02031]},
			"faces": {
				"north": {"uv": [9.875, 9.375, 9.75, 9.5], "texture": "#5"},
				"east": {"uv": [9.875, 9.375, 9.75, 9.5], "texture": "#5"},
				"south": {"uv": [9.875, 9.375, 9.75, 9.5], "texture": "#5"},
				"west": {"uv": [9.75, 9.375, 9.875, 9.5], "texture": "#5"},
				"up": {"uv": [9.875, 9.375, 9.75, 9.5], "rotation": 270, "texture": "#5"},
				"down": {"uv": [9.875, 9.375, 9.75, 9.5], "rotation": 90, "texture": "#5"}
			}
		},
		{
			"name": "gearhandcannon_52",
			"from": [7.32813, 3.92656, 6.36094],
			"to": [8.67188, 4.22031, 6.94844],
			"rotation": {"angle": 0, "axis": "y", "origin": [6.95313, -7.34844, -11.02031]},
			"faces": {
				"north": {"uv": [10.5, 9.375, 10.375, 9.5], "texture": "#5"},
				"east": {"uv": [10.625, 9.375, 10.375, 9.5], "texture": "#5"},
				"south": {"uv": [10.625, 9.375, 10.5, 9.5], "texture": "#5"},
				"west": {"uv": [10.375, 9.375, 10.625, 9.5], "texture": "#5"},
				"up": {"uv": [10.625, 9.375, 10.375, 9.5], "rotation": 270, "texture": "#5"},
				"down": {"uv": [10.625, 9.375, 10.375, 9.5], "rotation": 90, "texture": "#5"}
			}
		},
		{
			"name": "gearhandcannon_55",
			"from": [7.32813, 3.63281, 5.18594],
			"to": [8.67188, 3.92656, 5.47969],
			"rotation": {"angle": 0, "axis": "y", "origin": [6.95313, -7.34844, -11.02031]},
			"faces": {
				"north": {"uv": [10, 9.5, 9.875, 9.625], "texture": "#5"},
				"east": {"uv": [10, 9.5, 9.875, 9.625], "texture": "#5"},
				"south": {"uv": [10, 9.5, 9.875, 9.625], "texture": "#5"},
				"west": {"uv": [9.875, 9.5, 10, 9.625], "texture": "#5"},
				"up": {"uv": [10, 9.5, 9.875, 9.625], "rotation": 270, "texture": "#5"},
				"down": {"uv": [10, 9.5, 9.875, 9.625], "rotation": 90, "texture": "#5"}
			}
		},
		{
			"name": "gearhandcannon_56",
			"from": [7.32813, 3.63281, 6.65469],
			"to": [8.67188, 3.92656, 7.24219],
			"rotation": {"angle": 0, "axis": "y", "origin": [6.95313, -7.34844, -11.02031]},
			"faces": {
				"north": {"uv": [10.625, 9.5, 10.5, 9.625], "texture": "#5"},
				"east": {"uv": [10.75, 9.5, 10.5, 9.625], "texture": "#5"},
				"south": {"uv": [10.75, 9.5, 10.625, 9.625], "texture": "#5"},
				"west": {"uv": [10.5, 9.5, 10.75, 9.625], "texture": "#5"},
				"up": {"uv": [10.75, 9.5, 10.5, 9.625], "rotation": 270, "texture": "#5"},
				"down": {"uv": [10.75, 9.5, 10.5, 9.625], "rotation": 90, "texture": "#5"}
			}
		},
		{
			"name": "gearhandcannon_59",
			"from": [7.32813, 3.33906, 5.47969],
			"to": [8.67188, 3.63281, 6.06719],
			"rotation": {"angle": 0, "axis": "y", "origin": [6.95313, -7.34844, -11.02031]},
			"faces": {
				"north": {"uv": [10.125, 9.625, 10, 9.75], "texture": "#5"},
				"east": {"uv": [10.25, 9.625, 10, 9.75], "texture": "#5"},
				"south": {"uv": [10.25, 9.625, 10.125, 9.75], "texture": "#5"},
				"west": {"uv": [10, 9.625, 10.25, 9.75], "texture": "#5"},
				"up": {"uv": [10.25, 9.625, 10, 9.75], "rotation": 270, "texture": "#5"},
				"down": {"uv": [10.25, 9.625, 10, 9.75], "rotation": 90, "texture": "#5"}
			}
		},
		{
			"name": "gearhandcannon_60",
			"from": [7.32813, 3.33906, 6.94844],
			"to": [8.67188, 3.63281, 7.53594],
			"rotation": {"angle": 0, "axis": "y", "origin": [6.95313, -7.34844, -11.02031]},
			"faces": {
				"north": {"uv": [10.75, 9.625, 10.625, 9.75], "texture": "#5"},
				"east": {"uv": [10.875, 9.625, 10.625, 9.75], "texture": "#5"},
				"south": {"uv": [10.875, 9.625, 10.75, 9.75], "texture": "#5"},
				"west": {"uv": [10.625, 9.625, 10.875, 9.75], "texture": "#5"},
				"up": {"uv": [10.875, 9.625, 10.625, 9.75], "rotation": 270, "texture": "#5"},
				"down": {"uv": [10.875, 9.625, 10.625, 9.75], "rotation": 90, "texture": "#5"}
			}
		},
		{
			"name": "gearhandcannon_63",
			"from": [7.32813, 2.45781, 5.77344],
			"to": [8.67188, 3.33906, 6.36094],
			"rotation": {"angle": 0, "axis": "y", "origin": [6.95313, -7.34844, -11.02031]},
			"faces": {
				"north": {"uv": [10.25, 9.75, 10.125, 10.125], "texture": "#5"},
				"east": {"uv": [10.375, 9.75, 10.125, 10.125], "texture": "#5"},
				"south": {"uv": [10.375, 9.75, 10.25, 10.125], "texture": "#5"},
				"west": {"uv": [10.125, 9.75, 10.375, 10.125], "texture": "#5"},
				"up": {"uv": [10.375, 9.75, 10.125, 9.875], "rotation": 270, "texture": "#5"},
				"down": {"uv": [10.375, 10, 10.125, 10.125], "rotation": 90, "texture": "#5"}
			}
		},
		{
			"name": "gearhandcannon_64",
			"from": [7.32813, 2.75156, 7.24219],
			"to": [8.67188, 3.33906, 7.53594],
			"rotation": {"angle": 0, "axis": "y", "origin": [6.95313, -7.34844, -11.02031]},
			"faces": {
				"north": {"uv": [10.875, 9.75, 10.75, 10], "texture": "#5"},
				"east": {"uv": [10.875, 9.75, 10.75, 10], "texture": "#5"},
				"south": {"uv": [10.875, 9.75, 10.75, 10], "texture": "#5"},
				"west": {"uv": [10.75, 9.75, 10.875, 10], "texture": "#5"},
				"up": {"uv": [10.875, 9.75, 10.75, 9.875], "rotation": 270, "texture": "#5"},
				"down": {"uv": [10.875, 9.875, 10.75, 10], "rotation": 90, "texture": "#5"}
			}
		},
		{
			"name": "gearhandcannon_68",
			"from": [7.32813, 2.16406, 7.53594],
			"to": [8.67188, 3.04531, 7.82969],
			"rotation": {"angle": 0, "axis": "y", "origin": [6.95313, -7.34844, -11.02031]},
			"faces": {
				"north": {"uv": [11, 9.875, 10.875, 10.25], "texture": "#5"},
				"east": {"uv": [11, 9.875, 10.875, 10.25], "texture": "#5"},
				"south": {"uv": [11, 9.875, 10.875, 10.25], "texture": "#5"},
				"west": {"uv": [10.875, 9.875, 11, 10.25], "texture": "#5"},
				"up": {"uv": [11, 9.875, 10.875, 10], "rotation": 270, "texture": "#5"},
				"down": {"uv": [11, 10.125, 10.875, 10.25], "rotation": 90, "texture": "#5"}
			}
		},
		{
			"name": "gearhandcannon_70",
			"from": [7.32813, 1.87031, 7.82969],
			"to": [8.67188, 2.75156, 8.12344],
			"rotation": {"angle": 0, "axis": "y", "origin": [6.95313, -7.34844, -11.02031]},
			"faces": {
				"north": {"uv": [11.125, 10, 11, 10.375], "texture": "#5"},
				"east": {"uv": [11.125, 10, 11, 10.375], "texture": "#5"},
				"south": {"uv": [11.125, 10, 11, 10.375], "texture": "#5"},
				"west": {"uv": [11, 10, 11.125, 10.375], "texture": "#5"},
				"up": {"uv": [11.125, 10, 11, 10.125], "rotation": 270, "texture": "#5"},
				"down": {"uv": [11.125, 10.25, 11, 10.375], "rotation": 90, "texture": "#5"}
			}
		},
		{
			"name": "gearhandcannon_72",
			"from": [7.32813, 1.87031, 6.06719],
			"to": [8.67188, 2.45781, 6.65469],
			"rotation": {"angle": 0, "axis": "y", "origin": [6.95313, -7.34844, -11.02031]},
			"faces": {
				"north": {"uv": [10.375, 10.125, 10.25, 10.375], "texture": "#5"},
				"east": {"uv": [10.5, 10.125, 10.25, 10.375], "texture": "#5"},
				"south": {"uv": [10.5, 10.125, 10.375, 10.375], "texture": "#5"},
				"west": {"uv": [10.25, 10.125, 10.5, 10.375], "texture": "#5"},
				"up": {"uv": [10.5, 10.125, 10.25, 10.25], "rotation": 270, "texture": "#5"},
				"down": {"uv": [10.5, 10.25, 10.25, 10.375], "rotation": 90, "texture": "#5"}
			}
		},
		{
			"name": "gearhandcannon_73",
			"from": [7.32813, 1.28281, 8.12344],
			"to": [8.67188, 2.45781, 8.41719],
			"rotation": {"angle": 0, "axis": "y", "origin": [6.95313, -7.34844, -11.02031]},
			"faces": {
				"north": {"uv": [11.25, 10.125, 11.125, 10.625], "texture": "#5"},
				"east": {"uv": [11.25, 10.125, 11.125, 10.625], "texture": "#5"},
				"south": {"uv": [11.25, 10.125, 11.125, 10.625], "texture": "#5"},
				"west": {"uv": [11.125, 10.125, 11.25, 10.625], "texture": "#5"},
				"up": {"uv": [11.25, 10.125, 11.125, 10.25], "rotation": 270, "texture": "#5"},
				"down": {"uv": [11.25, 10.5, 11.125, 10.625], "rotation": 90, "texture": "#5"}
			}
		},
		{
			"name": "gearhandcannon_77",
			"from": [7.32813, 1.28281, 6.36094],
			"to": [8.67188, 1.87031, 6.94844],
			"rotation": {"angle": 0, "axis": "y", "origin": [6.95313, -7.34844, -11.02031]},
			"faces": {
				"north": {"uv": [10.5, 10.375, 10.375, 10.625], "texture": "#5"},
				"east": {"uv": [10.625, 10.375, 10.375, 10.625], "texture": "#5"},
				"south": {"uv": [10.625, 10.375, 10.5, 10.625], "texture": "#5"},
				"west": {"uv": [10.375, 10.375, 10.625, 10.625], "texture": "#5"},
				"up": {"uv": [10.625, 10.375, 10.375, 10.5], "rotation": 270, "texture": "#5"},
				"down": {"uv": [10.625, 10.5, 10.375, 10.625], "rotation": 90, "texture": "#5"}
			}
		},
		{
			"name": "gearhandcannon_78",
			"from": [7.32813, 0.10781, 8.41719],
			"to": [8.67188, 1.87031, 8.71094],
			"rotation": {"angle": 0, "axis": "y", "origin": [6.95313, -7.34844, -11.02031]},
			"faces": {
				"north": {"uv": [11.375, 10.375, 11.25, 11.125], "texture": "#5"},
				"east": {"uv": [11.375, 10.375, 11.25, 11.125], "texture": "#5"},
				"south": {"uv": [11.375, 10.375, 11.25, 11.125], "texture": "#5"},
				"west": {"uv": [11.25, 10.375, 11.375, 11.125], "texture": "#5"},
				"up": {"uv": [11.375, 10.375, 11.25, 10.5], "rotation": 270, "texture": "#5"},
				"down": {"uv": [11.375, 11, 11.25, 11.125], "rotation": 90, "texture": "#5"}
			}
		},
		{
			"name": "gearhandcannon_82",
			"from": [7.32813, -1.65469, 6.94844],
			"to": [8.67188, 1.57656, 7.24219],
			"rotation": {"angle": 0, "axis": "y", "origin": [6.95313, -7.34844, -11.02031]},
			"faces": {
				"north": {"uv": [10.75, 10.5, 10.625, 11.875], "texture": "#5"},
				"east": {"uv": [10.75, 10.5, 10.625, 11.875], "texture": "#5"},
				"south": {"uv": [10.75, 10.5, 10.625, 11.875], "texture": "#5"},
				"west": {"uv": [10.625, 10.5, 10.75, 11.875], "texture": "#5"},
				"up": {"uv": [10.75, 10.5, 10.625, 10.625], "rotation": 270, "texture": "#5"},
				"down": {"uv": [10.75, 11.75, 10.625, 11.875], "rotation": 90, "texture": "#5"}
			}
		},
		{
			"name": "gearhandcannon_84",
			"from": [7.32813, 0.40156, 6.65469],
			"to": [8.67188, 1.28281, 6.94844],
			"rotation": {"angle": 0, "axis": "y", "origin": [6.95313, -7.34844, -11.02031]},
			"faces": {
				"north": {"uv": [10.625, 10.625, 10.5, 11], "texture": "#5"},
				"east": {"uv": [10.625, 10.625, 10.5, 11], "texture": "#5"},
				"south": {"uv": [10.625, 10.625, 10.5, 11], "texture": "#5"},
				"west": {"uv": [10.5, 10.625, 10.625, 11], "texture": "#5"},
				"up": {"uv": [10.625, 10.625, 10.5, 10.75], "rotation": 270, "texture": "#5"},
				"down": {"uv": [10.625, 10.875, 10.5, 11], "rotation": 90, "texture": "#5"}
			}
		},
		{
			"name": "gearhandcannon_85",
			"from": [7.32813, -0.77344, 8.71094],
			"to": [8.67188, 1.28281, 9.00469],
			"rotation": {"angle": 0, "axis": "y", "origin": [6.95313, -7.34844, -11.02031]},
			"faces": {
				"north": {"uv": [11.5, 10.625, 11.375, 11.5], "texture": "#5"},
				"east": {"uv": [11.5, 10.625, 11.375, 11.5], "texture": "#5"},
				"south": {"uv": [11.5, 10.625, 11.375, 11.5], "texture": "#5"},
				"west": {"uv": [11.375, 10.625, 11.5, 11.5], "texture": "#5"},
				"up": {"uv": [11.5, 10.625, 11.375, 10.75], "rotation": 270, "texture": "#5"},
				"down": {"uv": [11.5, 11.375, 11.375, 11.5], "rotation": 90, "texture": "#5"}
			}
		},
		{
			"name": "gearhandcannon_87",
			"from": [7.32813, -1.65469, 7.24219],
			"to": [8.67188, 0.40156, 7.53594],
			"rotation": {"angle": 0, "axis": "y", "origin": [6.95313, -7.34844, -11.02031]},
			"faces": {
				"north": {"uv": [10.875, 11, 10.75, 11.875], "texture": "#5"},
				"east": {"uv": [10.875, 11, 10.75, 11.875], "texture": "#5"},
				"south": {"uv": [10.875, 11, 10.75, 11.875], "texture": "#5"},
				"west": {"uv": [10.75, 11, 10.875, 11.875], "texture": "#5"},
				"up": {"uv": [10.875, 11, 10.75, 11.125], "rotation": 270, "texture": "#5"},
				"down": {"uv": [10.875, 11.75, 10.75, 11.875], "rotation": 90, "texture": "#5"}
			}
		},
		{
			"name": "gearhandcannon_53",
			"from": [7.10313, 3.92656, 5.18594],
			"to": [8.89688, 4.22031, 6.36094],
			"rotation": {"angle": 0, "axis": "y", "origin": [7.17813, -7.34844, -15.13281]},
			"faces": {
				"north": {"uv": [11.75, 9.375, 11.625, 9.5], "texture": "#5"},
				"east": {"uv": [12.125, 9.375, 11.625, 9.5], "texture": "#5"},
				"south": {"uv": [12.125, 9.375, 12, 9.5], "texture": "#5"},
				"west": {"uv": [11.625, 9.375, 12.125, 9.5], "texture": "#5"},
				"up": {"uv": [12.125, 9.375, 11.625, 9.5], "rotation": 270, "texture": "#5"},
				"down": {"uv": [12.125, 9.375, 11.625, 9.5], "rotation": 90, "texture": "#5"}
			}
		},
		{
			"name": "gearhandcannon_57",
			"from": [7.10313, 3.63281, 5.47969],
			"to": [8.89688, 3.92656, 6.65469],
			"rotation": {"angle": 0, "axis": "y", "origin": [7.17813, -7.34844, -15.13281]},
			"faces": {
				"north": {"uv": [11.875, 9.5, 11.75, 9.625], "texture": "#5"},
				"east": {"uv": [12.25, 9.5, 11.75, 9.625], "texture": "#5"},
				"south": {"uv": [12.25, 9.5, 12.125, 9.625], "texture": "#5"},
				"west": {"uv": [11.75, 9.5, 12.25, 9.625], "texture": "#5"},
				"up": {"uv": [12.25, 9.5, 11.75, 9.625], "rotation": 270, "texture": "#5"},
				"down": {"uv": [12.25, 9.5, 11.75, 9.625], "rotation": 90, "texture": "#5"}
			}
		},
		{
			"name": "gearhandcannon_61",
			"from": [7.10313, 3.33906, 6.06719],
			"to": [8.89688, 3.63281, 6.94844],
			"rotation": {"angle": 0, "axis": "y", "origin": [7.17813, -7.34844, -15.13281]},
			"faces": {
				"north": {"uv": [12.125, 9.625, 12, 9.75], "texture": "#5"},
				"east": {"uv": [12.375, 9.625, 12, 9.75], "texture": "#5"},
				"south": {"uv": [12.375, 9.625, 12.25, 9.75], "texture": "#5"},
				"west": {"uv": [12, 9.625, 12.375, 9.75], "texture": "#5"},
				"up": {"uv": [12.375, 9.625, 12, 9.75], "rotation": 270, "texture": "#5"},
				"down": {"uv": [12.375, 9.625, 12, 9.75], "rotation": 90, "texture": "#5"}
			}
		},
		{
			"name": "gearhandcannon_65",
			"from": [7.10313, 2.45781, 6.36094],
			"to": [8.89688, 3.33906, 7.24219],
			"rotation": {"angle": 0, "axis": "y", "origin": [7.17813, -7.34844, -15.13281]},
			"faces": {
				"north": {"uv": [12.25, 9.75, 12.125, 10.125], "texture": "#5"},
				"east": {"uv": [12.5, 9.75, 12.125, 10.125], "texture": "#5"},
				"south": {"uv": [12.5, 9.75, 12.375, 10.125], "texture": "#5"},
				"west": {"uv": [12.125, 9.75, 12.5, 10.125], "texture": "#5"},
				"up": {"uv": [12.5, 9.75, 12.125, 9.875], "rotation": 270, "texture": "#5"},
				"down": {"uv": [12.5, 10, 12.125, 10.125], "rotation": 90, "texture": "#5"}
			}
		},
		{
			"name": "gearhandcannon_71",
			"from": [7.10313, 0.40156, 7.24219],
			"to": [8.89688, 2.75156, 7.53594],
			"rotation": {"angle": 0, "axis": "y", "origin": [7.17813, -7.34844, -15.13281]},
			"faces": {
				"north": {"uv": [12.625, 10, 12.5, 11], "texture": "#5"},
				"east": {"uv": [12.625, 10, 12.5, 11], "texture": "#5"},
				"south": {"uv": [12.625, 10, 12.5, 11], "texture": "#5"},
				"west": {"uv": [12.5, 10, 12.625, 11], "texture": "#5"},
				"up": {"uv": [12.625, 10, 12.5, 10.125], "rotation": 270, "texture": "#5"},
				"down": {"uv": [12.625, 10.875, 12.5, 11], "rotation": 90, "texture": "#5"}
			}
		},
		{
			"name": "gearhandcannon_74",
			"from": [7.10313, 1.87031, 6.65469],
			"to": [8.89688, 2.45781, 7.24219],
			"rotation": {"angle": 0, "axis": "y", "origin": [7.17813, -7.34844, -15.13281]},
			"faces": {
				"north": {"uv": [12.375, 10.125, 12.25, 10.375], "texture": "#5"},
				"east": {"uv": [12.5, 10.125, 12.25, 10.375], "texture": "#5"},
				"south": {"uv": [12.5, 10.125, 12.375, 10.375], "texture": "#5"},
				"west": {"uv": [12.25, 10.125, 12.5, 10.375], "texture": "#5"},
				"up": {"uv": [12.5, 10.125, 12.25, 10.25], "rotation": 270, "texture": "#5"},
				"down": {"uv": [12.5, 10.25, 12.25, 10.375], "rotation": 90, "texture": "#5"}
			}
		},
		{
			"name": "gearhandcannon_76",
			"from": [7.10313, -1.36094, 7.53594],
			"to": [8.89688, 2.16406, 7.82969],
			"rotation": {"angle": 0, "axis": "y", "origin": [7.17813, -7.34844, -15.13281]},
			"faces": {
				"north": {"uv": [12.75, 10.25, 12.625, 11.75], "texture": "#5"},
				"east": {"uv": [12.75, 10.25, 12.625, 11.75], "texture": "#5"},
				"south": {"uv": [12.75, 10.25, 12.625, 11.75], "texture": "#5"},
				"west": {"uv": [12.625, 10.25, 12.75, 11.75], "texture": "#5"},
				"up": {"uv": [12.75, 10.25, 12.625, 10.375], "rotation": 270, "texture": "#5"},
				"down": {"uv": [12.75, 11.625, 12.625, 11.75], "rotation": 90, "texture": "#5"}
			}
		},
		{
			"name": "gearhandcannon_79",
			"from": [7.10313, 1.57656, 6.94844],
			"to": [8.89688, 1.87031, 7.24219],
			"rotation": {"angle": 0, "axis": "y", "origin": [7.17813, -7.34844, -15.13281]},
			"faces": {
				"north": {"uv": [12.5, 10.375, 12.375, 10.5], "texture": "#5"},
				"east": {"uv": [12.5, 10.375, 12.375, 10.5], "texture": "#5"},
				"south": {"uv": [12.5, 10.375, 12.375, 10.5], "texture": "#5"},
				"west": {"uv": [12.375, 10.375, 12.5, 10.5], "texture": "#5"},
				"up": {"uv": [12.5, 10.375, 12.375, 10.5], "rotation": 270, "texture": "#5"},
				"down": {"uv": [12.5, 10.375, 12.375, 10.5], "rotation": 90, "texture": "#5"}
			}
		},
		{
			"name": "gearhandcannon_80",
			"from": [7.10313, -1.36094, 7.82969],
			"to": [8.89688, 1.87031, 8.12344],
			"rotation": {"angle": 0, "axis": "y", "origin": [7.17813, -7.34844, -15.13281]},
			"faces": {
				"north": {"uv": [12.875, 10.375, 12.75, 11.75], "texture": "#5"},
				"east": {"uv": [12.875, 10.375, 12.75, 11.75], "texture": "#5"},
				"south": {"uv": [12.875, 10.375, 12.75, 11.75], "texture": "#5"},
				"west": {"uv": [12.75, 10.375, 12.875, 11.75], "texture": "#5"},
				"up": {"uv": [12.875, 10.375, 12.75, 10.5], "rotation": 270, "texture": "#5"},
				"down": {"uv": [12.875, 11.625, 12.75, 11.75], "rotation": 90, "texture": "#5"}
			}
		},
		{
			"name": "gearhandcannon_86",
			"from": [7.10313, -1.36094, 8.12344],
			"to": [8.89688, 1.28281, 8.41719],
			"rotation": {"angle": 0, "axis": "y", "origin": [7.17813, -7.34844, -15.13281]},
			"faces": {
				"north": {"uv": [13, 10.625, 12.875, 11.75], "texture": "#5"},
				"east": {"uv": [13, 10.625, 12.875, 11.75], "texture": "#5"},
				"south": {"uv": [13, 10.625, 12.875, 11.75], "texture": "#5"},
				"west": {"uv": [12.875, 10.625, 13, 11.75], "texture": "#5"},
				"up": {"uv": [13, 10.625, 12.875, 10.75], "rotation": 270, "texture": "#5"},
				"down": {"uv": [13, 11.625, 12.875, 11.75], "rotation": 90, "texture": "#5"}
			}
		},
		{
			"name": "gearhandcannon_88",
			"from": [7.10313, -1.06719, 8.41719],
			"to": [8.89688, 0.10781, 8.71094],
			"rotation": {"angle": 0, "axis": "y", "origin": [7.17813, -7.34844, -15.13281]},
			"faces": {
				"north": {"uv": [13.125, 11.125, 13, 11.625], "texture": "#5"},
				"east": {"uv": [13.125, 11.125, 13, 11.625], "texture": "#5"},
				"south": {"uv": [13.125, 11.125, 13, 11.625], "texture": "#5"},
				"west": {"uv": [13, 11.125, 13.125, 11.625], "texture": "#5"},
				"up": {"uv": [13.125, 11.125, 13, 11.25], "rotation": 270, "texture": "#5"},
				"down": {"uv": [13.125, 11.5, 13, 11.625], "rotation": 90, "texture": "#5"}
			}
		},
		{
			"name": "gearhandcannon_89",
			"from": [7.02813, 4.22031, 2.83594],
			"to": [8.97188, 4.51406, 7.82969],
			"rotation": {"angle": 0, "axis": "y", "origin": [7.25313, -7.29844, -11.02031]},
			"faces": {
				"north": {"uv": [9, 12.25, 8.875, 12.375], "texture": "#5"},
				"east": {"uv": [11, 12.25, 8.875, 12.375], "texture": "#5"},
				"south": {"uv": [11, 12.25, 10.875, 12.375], "texture": "#5"},
				"west": {"uv": [8.875, 12.25, 11, 12.375], "texture": "#5"},
				"up": {"uv": [11, 12.25, 8.875, 12.375], "rotation": 270, "texture": "#5"},
				"down": {"uv": [11, 12.25, 8.875, 12.375], "rotation": 90, "texture": "#5"}
			}
		},
		{
			"name": "gearhandcannon_90",
			"from": [7.02813, 3.92656, 2.83594],
			"to": [8.97188, 4.22031, 3.12969],
			"rotation": {"angle": 0, "axis": "y", "origin": [7.25313, -7.29844, -11.02031]},
			"faces": {
				"north": {"uv": [9, 12.375, 8.875, 12.5], "texture": "#5"},
				"east": {"uv": [9, 12.375, 8.875, 12.5], "texture": "#5"},
				"south": {"uv": [9, 12.375, 8.875, 12.5], "texture": "#5"},
				"west": {"uv": [8.875, 12.375, 9, 12.5], "texture": "#5"},
				"up": {"uv": [9, 12.375, 8.875, 12.5], "rotation": 270, "texture": "#5"},
				"down": {"uv": [9, 12.375, 8.875, 12.5], "rotation": 90, "texture": "#5"}
			}
		},
		{
			"name": "gearhandcannon_91",
			"from": [7.02813, 3.92656, 4.59844],
			"to": [8.97188, 4.22031, 4.89219],
			"rotation": {"angle": 0, "axis": "y", "origin": [7.25313, -7.29844, -11.02031]},
			"faces": {
				"north": {"uv": [9.75, 12.375, 9.625, 12.5], "texture": "#5"},
				"east": {"uv": [9.75, 12.375, 9.625, 12.5], "texture": "#5"},
				"south": {"uv": [9.75, 12.375, 9.625, 12.5], "texture": "#5"},
				"west": {"uv": [9.625, 12.375, 9.75, 12.5], "texture": "#5"},
				"up": {"uv": [9.75, 12.375, 9.625, 12.5], "rotation": 270, "texture": "#5"},
				"down": {"uv": [9.75, 12.375, 9.625, 12.5], "rotation": 90, "texture": "#5"}
			}
		},
		{
			"name": "gearhandcannon_92",
			"from": [7.02813, 3.63281, 4.89219],
			"to": [8.97188, 3.92656, 5.18594],
			"rotation": {"angle": 0, "axis": "y", "origin": [7.25313, -7.29844, -11.02031]},
			"faces": {
				"north": {"uv": [9.875, 12.5, 9.75, 12.625], "texture": "#5"},
				"east": {"uv": [9.875, 12.5, 9.75, 12.625], "texture": "#5"},
				"south": {"uv": [9.875, 12.5, 9.75, 12.625], "texture": "#5"},
				"west": {"uv": [9.75, 12.5, 9.875, 12.625], "texture": "#5"},
				"up": {"uv": [9.875, 12.5, 9.75, 12.625], "rotation": 270, "texture": "#5"},
				"down": {"uv": [9.875, 12.5, 9.75, 12.625], "rotation": 90, "texture": "#5"}
			}
		},
		{
			"name": "gearhandcannon_94",
			"from": [7.02813, 3.33906, 5.18594],
			"to": [8.97188, 3.63281, 5.47969],
			"rotation": {"angle": 0, "axis": "y", "origin": [7.25313, -7.29844, -11.02031]},
			"faces": {
				"north": {"uv": [10, 12.625, 9.875, 12.75], "texture": "#5"},
				"east": {"uv": [10, 12.625, 9.875, 12.75], "texture": "#5"},
				"south": {"uv": [10, 12.625, 9.875, 12.75], "texture": "#5"},
				"west": {"uv": [9.875, 12.625, 10, 12.75], "texture": "#5"},
				"up": {"uv": [10, 12.625, 9.875, 12.75], "rotation": 270, "texture": "#5"},
				"down": {"uv": [10, 12.625, 9.875, 12.75], "rotation": 90, "texture": "#5"}
			}
		},
		{
			"name": "gearhandcannon_95",
			"from": [7.02813, 3.04531, 5.47969],
			"to": [8.97188, 3.33906, 5.77344],
			"rotation": {"angle": 0, "axis": "y", "origin": [7.25313, -7.29844, -11.02031]},
			"faces": {
				"north": {"uv": [10.125, 12.75, 10, 12.875], "texture": "#5"},
				"east": {"uv": [10.125, 12.75, 10, 12.875], "texture": "#5"},
				"south": {"uv": [10.125, 12.75, 10, 12.875], "texture": "#5"},
				"west": {"uv": [10, 12.75, 10.125, 12.875], "texture": "#5"},
				"up": {"uv": [10.125, 12.75, 10, 12.875], "rotation": 270, "texture": "#5"},
				"down": {"uv": [10.125, 12.75, 10, 12.875], "rotation": 90, "texture": "#5"}
			}
		},
		{
			"name": "gearhandcannon_93",
			"from": [7.02812, -0.77344, 9.00469],
			"to": [8.97187, 0.10781, 9.29844],
			"rotation": {"angle": 0, "axis": "y", "origin": [7.02812, -4.11719, -11.31406]},
			"faces": {
				"north": {"uv": [11.75, 12.5, 11.625, 12.875], "texture": "#5"},
				"east": {"uv": [11.75, 12.5, 11.625, 12.875], "texture": "#5"},
				"south": {"uv": [11.75, 12.5, 11.625, 12.875], "texture": "#5"},
				"west": {"uv": [11.625, 12.5, 11.75, 12.875], "texture": "#5"},
				"up": {"uv": [11.75, 12.5, 11.625, 12.625], "rotation": 270, "texture": "#5"},
				"down": {"uv": [11.75, 12.75, 11.625, 12.875], "rotation": 90, "texture": "#5"}
			}
		},
		{
			"name": "gearhandcannon_96",
			"from": [7.02812, -1.36094, 8.71094],
			"to": [8.97187, -0.77344, 9.00469],
			"rotation": {"angle": 0, "axis": "y", "origin": [7.02812, -4.11719, -11.31406]},
			"faces": {
				"north": {"uv": [11.625, 12.875, 11.5, 13.125], "texture": "#5"},
				"east": {"uv": [11.625, 12.875, 11.5, 13.125], "texture": "#5"},
				"south": {"uv": [11.625, 12.875, 11.5, 13.125], "texture": "#5"},
				"west": {"uv": [11.5, 12.875, 11.625, 13.125], "texture": "#5"},
				"up": {"uv": [11.625, 12.875, 11.5, 13], "rotation": 270, "texture": "#5"},
				"down": {"uv": [11.625, 13, 11.5, 13.125], "rotation": 90, "texture": "#5"}
			}
		},
		{
			"name": "gearhandcannon_98",
			"from": [7.02812, -1.65469, 8.41719],
			"to": [8.97187, -1.06719, 8.71094],
			"rotation": {"angle": 0, "axis": "y", "origin": [7.02812, -4.11719, -11.31406]},
			"faces": {
				"north": {"uv": [11.5, 13, 11.375, 13.25], "texture": "#5"},
				"east": {"uv": [11.5, 13, 11.375, 13.25], "texture": "#5"},
				"south": {"uv": [11.5, 13, 11.375, 13.25], "texture": "#5"},
				"west": {"uv": [11.375, 13, 11.5, 13.25], "texture": "#5"},
				"up": {"uv": [11.5, 13, 11.375, 13.125], "rotation": 270, "texture": "#5"},
				"down": {"uv": [11.5, 13.125, 11.375, 13.25], "rotation": 90, "texture": "#5"}
			}
		},
		{
			"name": "gearhandcannon_101",
			"from": [7.02812, -1.65469, 6.65469],
			"to": [8.97187, -1.36094, 6.94844],
			"rotation": {"angle": 0, "axis": "y", "origin": [7.02812, -4.11719, -11.31406]},
			"faces": {
				"north": {"uv": [10.75, 13.125, 10.625, 13.25], "texture": "#5"},
				"east": {"uv": [10.75, 13.125, 10.625, 13.25], "texture": "#5"},
				"south": {"uv": [10.75, 13.125, 10.625, 13.25], "texture": "#5"},
				"west": {"uv": [10.625, 13.125, 10.75, 13.25], "texture": "#5"},
				"up": {"uv": [10.75, 13.125, 10.625, 13.25], "rotation": 270, "texture": "#5"},
				"down": {"uv": [10.75, 13.125, 10.625, 13.25], "rotation": 90, "texture": "#5"}
			}
		},
		{
			"name": "gearhandcannon_102",
			"from": [7.02812, -1.94844, 7.53594],
			"to": [8.97187, -1.36094, 8.12344],
			"rotation": {"angle": 0, "axis": "y", "origin": [7.02812, -4.11719, -11.31406]},
			"faces": {
				"north": {"uv": [11.125, 13.125, 11, 13.375], "texture": "#5"},
				"east": {"uv": [11.25, 13.125, 11, 13.375], "texture": "#5"},
				"south": {"uv": [11.25, 13.125, 11.125, 13.375], "texture": "#5"},
				"west": {"uv": [11, 13.125, 11.25, 13.375], "texture": "#5"},
				"up": {"uv": [11.25, 13.125, 11, 13.25], "rotation": 270, "texture": "#5"},
				"down": {"uv": [11.25, 13.25, 11, 13.375], "rotation": 90, "texture": "#5"}
			}
		},
		{
			"name": "gearhandcannon_103",
			"from": [7.02812, -1.65469, 8.12344],
			"to": [8.97187, -1.36094, 8.41719],
			"rotation": {"angle": 0, "axis": "y", "origin": [7.02812, -4.11719, -11.31406]},
			"faces": {
				"north": {"uv": [11.375, 13.125, 11.25, 13.25], "texture": "#5"},
				"east": {"uv": [11.375, 13.125, 11.25, 13.25], "texture": "#5"},
				"south": {"uv": [11.375, 13.125, 11.25, 13.25], "texture": "#5"},
				"west": {"uv": [11.25, 13.125, 11.375, 13.25], "texture": "#5"},
				"up": {"uv": [11.375, 13.125, 11.25, 13.25], "rotation": 270, "texture": "#5"},
				"down": {"uv": [11.375, 13.125, 11.25, 13.25], "rotation": 90, "texture": "#5"}
			}
		},
		{
			"name": "gearhandcannon_104",
			"from": [7.02812, -1.94844, 6.94844],
			"to": [8.97187, -1.65469, 7.53594],
			"rotation": {"angle": 0, "axis": "y", "origin": [7.02812, -4.11719, -11.31406]},
			"faces": {
				"north": {"uv": [10.875, 13.25, 10.75, 13.375], "texture": "#5"},
				"east": {"uv": [11, 13.25, 10.75, 13.375], "texture": "#5"},
				"south": {"uv": [11, 13.25, 10.875, 13.375], "texture": "#5"},
				"west": {"uv": [10.75, 13.25, 11, 13.375], "texture": "#5"},
				"up": {"uv": [11, 13.25, 10.75, 13.375], "rotation": 270, "texture": "#5"},
				"down": {"uv": [11, 13.25, 10.75, 13.375], "rotation": 90, "texture": "#5"}
			}
		},
		{
			"name": "gearhandcannon_107",
			"from": [7.02812, -2.24219, 7.24219],
			"to": [8.97187, -1.94844, 7.53594],
			"rotation": {"angle": 0, "axis": "y", "origin": [7.02812, -4.11719, -11.31406]},
			"faces": {
				"north": {"uv": [11, 13.375, 10.875, 13.5], "texture": "#5"},
				"east": {"uv": [11, 13.375, 10.875, 13.5], "texture": "#5"},
				"south": {"uv": [11, 13.375, 10.875, 13.5], "texture": "#5"},
				"west": {"uv": [10.875, 13.375, 11, 13.5], "texture": "#5"},
				"up": {"uv": [11, 13.375, 10.875, 13.5], "rotation": 270, "texture": "#5"},
				"down": {"uv": [11, 13.375, 10.875, 13.5], "rotation": 90, "texture": "#5"}
			}
		},
		{
			"name": "gearhandcannon_105",
			"from": [7.21563, -1.65469, 9.00469],
			"to": [8.78438, -0.77344, 9.29844],
			"rotation": {"angle": 0, "axis": "y", "origin": [7.21563, -3.23594, -11.31406]},
			"faces": {
				"north": {"uv": [11.75, 13.25, 11.625, 13.625], "texture": "#5"},
				"east": {"uv": [11.75, 13.25, 11.625, 13.625], "texture": "#5"},
				"south": {"uv": [11.75, 13.25, 11.625, 13.625], "texture": "#5"},
				"west": {"uv": [11.625, 13.25, 11.75, 13.625], "texture": "#5"},
				"up": {"uv": [11.75, 13.25, 11.625, 13.375], "rotation": 270, "texture": "#5"},
				"down": {"uv": [11.75, 13.5, 11.625, 13.625], "rotation": 90, "texture": "#5"}
			}
		},
		{
			"name": "gearhandcannon_110",
			"from": [7.21563, -1.94844, 8.71094],
			"to": [8.78438, -1.36094, 9.00469],
			"rotation": {"angle": 0, "axis": "y", "origin": [7.21563, -3.23594, -11.31406]},
			"faces": {
				"north": {"uv": [11.625, 13.5, 11.5, 13.75], "texture": "#5"},
				"east": {"uv": [11.625, 13.5, 11.5, 13.75], "texture": "#5"},
				"south": {"uv": [11.625, 13.5, 11.5, 13.75], "texture": "#5"},
				"west": {"uv": [11.5, 13.5, 11.625, 13.75], "texture": "#5"},
				"up": {"uv": [11.625, 13.5, 11.5, 13.625], "rotation": 270, "texture": "#5"},
				"down": {"uv": [11.625, 13.625, 11.5, 13.75], "rotation": 90, "texture": "#5"}
			}
		},
		{
			"name": "gearhandcannon_112",
			"from": [7.21563, -2.24219, 6.65469],
			"to": [8.78438, -1.65469, 6.94844],
			"rotation": {"angle": 0, "axis": "y", "origin": [7.21563, -3.23594, -11.31406]},
			"faces": {
				"north": {"uv": [10.75, 13.625, 10.625, 13.875], "texture": "#5"},
				"east": {"uv": [10.75, 13.625, 10.625, 13.875], "texture": "#5"},
				"south": {"uv": [10.75, 13.625, 10.625, 13.875], "texture": "#5"},
				"west": {"uv": [10.625, 13.625, 10.75, 13.875], "texture": "#5"},
				"up": {"uv": [10.75, 13.625, 10.625, 13.75], "rotation": 270, "texture": "#5"},
				"down": {"uv": [10.75, 13.75, 10.625, 13.875], "rotation": 90, "texture": "#5"}
			}
		},
		{
			"name": "gearhandcannon_113",
			"from": [7.21563, -2.24219, 8.12344],
			"to": [8.78438, -1.65469, 8.71094],
			"rotation": {"angle": 0, "axis": "y", "origin": [7.21563, -3.23594, -11.31406]},
			"faces": {
				"north": {"uv": [11.375, 13.625, 11.25, 13.875], "texture": "#5"},
				"east": {"uv": [11.5, 13.625, 11.25, 13.875], "texture": "#5"},
				"south": {"uv": [11.5, 13.625, 11.375, 13.875], "texture": "#5"},
				"west": {"uv": [11.25, 13.625, 11.5, 13.875], "texture": "#5"},
				"up": {"uv": [11.5, 13.625, 11.25, 13.75], "rotation": 270, "texture": "#5"},
				"down": {"uv": [11.5, 13.75, 11.25, 13.875], "rotation": 90, "texture": "#5"}
			}
		},
		{
			"name": "gearhandcannon_115",
			"from": [7.21563, -2.53594, 6.94844],
			"to": [8.78438, -1.94844, 7.24219],
			"rotation": {"angle": 0, "axis": "y", "origin": [7.21563, -3.23594, -11.31406]},
			"faces": {
				"north": {"uv": [10.875, 13.75, 10.75, 14], "texture": "#5"},
				"east": {"uv": [10.875, 13.75, 10.75, 14], "texture": "#5"},
				"south": {"uv": [10.875, 13.75, 10.75, 14], "texture": "#5"},
				"west": {"uv": [10.75, 13.75, 10.875, 14], "texture": "#5"},
				"up": {"uv": [10.875, 13.75, 10.75, 13.875], "rotation": 270, "texture": "#5"},
				"down": {"uv": [10.875, 13.875, 10.75, 14], "rotation": 90, "texture": "#5"}
			}
		},
		{
			"name": "gearhandcannon_116",
			"from": [7.21563, -2.24219, 7.53594],
			"to": [8.78438, -1.94844, 8.12344],
			"rotation": {"angle": 0, "axis": "y", "origin": [7.21563, -3.23594, -11.31406]},
			"faces": {
				"north": {"uv": [11.125, 13.75, 11, 13.875], "texture": "#5"},
				"east": {"uv": [11.25, 13.75, 11, 13.875], "texture": "#5"},
				"south": {"uv": [11.25, 13.75, 11.125, 13.875], "texture": "#5"},
				"west": {"uv": [11, 13.75, 11.25, 13.875], "texture": "#5"},
				"up": {"uv": [11.25, 13.75, 11, 13.875], "rotation": 270, "texture": "#5"},
				"down": {"uv": [11.25, 13.75, 11, 13.875], "rotation": 90, "texture": "#5"}
			}
		},
		{
			"name": "gearhandcannon_117",
			"from": [7.21563, -2.53594, 7.24219],
			"to": [8.78438, -2.24219, 7.82969],
			"rotation": {"angle": 0, "axis": "y", "origin": [7.21563, -3.23594, -11.31406]},
			"faces": {
				"north": {"uv": [11, 13.875, 10.875, 14], "texture": "#5"},
				"east": {"uv": [11.125, 13.875, 10.875, 14], "texture": "#5"},
				"south": {"uv": [11.125, 13.875, 11, 14], "texture": "#5"},
				"west": {"uv": [10.875, 13.875, 11.125, 14], "texture": "#5"},
				"up": {"uv": [11.125, 13.875, 10.875, 14], "rotation": 270, "texture": "#5"},
				"down": {"uv": [11.125, 13.875, 10.875, 14], "rotation": 90, "texture": "#5"}
			}
		},
		{
			"name": "gearhandcannon_97",
			"from": [6.84688, 4.22031, -2.09531],
			"to": [7.14063, 5.10156, -1.50156],
			"rotation": {"angle": 0, "axis": "y", "origin": [6.55312, -0.92656, 2.76406]},
			"faces": {
				"north": {"uv": [3.625, 13, 3.75, 13.375], "texture": "#5"},
				"east": {"uv": [3.75, 13, 3.625, 13.375], "texture": "#5"},
				"south": {"uv": [3.75, 13, 3.625, 13.375], "texture": "#5"},
				"west": {"uv": [3.75, 13, 3.625, 13.375], "texture": "#5"},
				"up": {"uv": [3.75, 13, 3.625, 13.125], "texture": "#5"},
				"down": {"uv": [3.75, 13.25, 3.625, 13.375], "texture": "#5"}
			}
		},
		{
			"name": "gearhandcannon_111",
			"from": [6.26875, 3.80781, -8.82969],
			"to": [6.26875, 4.10156, -2.36719],
			"rotation": {"angle": 0, "axis": "y", "origin": [5.69375, -6.65469, -6.63594]},
			"faces": {
				"north": {"uv": [1, 13.625, 0.875, 13.75], "texture": "#5"},
				"east": {"uv": [3.625, 13.625, 0.875, 13.75], "texture": "#5"},
				"south": {"uv": [3.625, 13.625, 3.5, 13.75], "texture": "#5"},
				"west": {"uv": [0.875, 13.625, 3.625, 13.75], "texture": "#5"},
				"up": {"uv": [3.625, 13.625, 0.875, 13.75], "rotation": 270, "texture": "#5"},
				"down": {"uv": [3.625, 13.625, 0.875, 13.75], "rotation": 90, "texture": "#5"}
			}
		},
		{
			"name": "gearhandcannon_99",
			"from": [7.14063, 4.51406, -2.09531],
			"to": [7.43437, 4.80781, -1.50156],
			"rotation": {"angle": 0, "axis": "y", "origin": [6.55312, -0.92656, 2.76406]},
			"faces": {
				"north": {"uv": [3.5, 13.125, 3.625, 13.25], "texture": "#5"},
				"east": {"uv": [3.625, 13.125, 3.5, 13.25], "texture": "#5"},
				"south": {"uv": [3.625, 13.125, 3.5, 13.25], "texture": "#5"},
				"west": {"uv": [3.625, 13.125, 3.5, 13.25], "texture": "#5"},
				"up": {"uv": [3.625, 13.125, 3.5, 13.25], "texture": "#5"},
				"down": {"uv": [3.625, 13.125, 3.5, 13.25], "texture": "#5"}
			}
		},
		{
			"name": "gearhandcannon_100",
			"from": [6.55313, 4.22031, -2.09531],
			"to": [6.84688, 4.80781, -1.50156],
			"rotation": {"angle": 0, "axis": "y", "origin": [6.55312, -0.92656, 2.76406]},
			"faces": {
				"north": {"uv": [3.75, 13.125, 3.875, 13.375], "texture": "#5"},
				"east": {"uv": [3.875, 13.125, 3.75, 13.375], "texture": "#5"},
				"south": {"uv": [3.875, 13.125, 3.75, 13.375], "texture": "#5"},
				"west": {"uv": [3.875, 13.125, 3.75, 13.375], "texture": "#5"},
				"up": {"uv": [3.875, 13.125, 3.75, 13.25], "texture": "#5"},
				"down": {"uv": [3.875, 13.25, 3.75, 13.375], "texture": "#5"}
			}
		},
		{
			"name": "gearhandcannon_106",
			"from": [5.96562, 4.22031, -2.34531],
			"to": [6.55312, 4.51406, -1.75156],
			"rotation": {"angle": 0, "axis": "y", "origin": [6.55312, -0.92656, 2.76406]},
			"faces": {
				"north": {"uv": [4, 13.375, 4.25, 13.5], "texture": "#5"},
				"east": {"uv": [4.125, 13.375, 4, 13.5], "texture": "#5"},
				"south": {"uv": [4.25, 13.375, 4, 13.5], "texture": "#5"},
				"west": {"uv": [4.25, 13.375, 4.125, 13.5], "texture": "#5"},
				"up": {"uv": [4.25, 13.375, 4, 13.5], "texture": "#5"},
				"down": {"uv": [4.25, 13.375, 4, 13.5], "texture": "#5"}
			}
		},
		{
			"name": "gearhandcannon_107",
			"from": [5.96562, 3.62656, -1.75256],
			"to": [6.55312, 4.22031, -1.75256],
			"rotation": {"angle": 0, "axis": "y", "origin": [6.55312, -0.92031, 2.76306]},
			"faces": {
				"north": {"uv": [4, 13.375, 4.25, 13.5], "texture": "#5"},
				"east": {"uv": [4.125, 13.375, 4, 13.5], "texture": "#5"},
				"south": {"uv": [4.25, 13.375, 4, 13.5], "texture": "#5"},
				"west": {"uv": [4.25, 13.375, 4.125, 13.5], "texture": "#5"},
				"up": {"uv": [4.25, 13.375, 4, 13.5], "texture": "#5"},
				"down": {"uv": [4.25, 13.375, 4, 13.5], "texture": "#5"}
			}
		},
		{
			"name": "gearhandcannon_108",
			"from": [6.55312, 3.63281, -2.34531],
			"to": [6.84687, 4.22031, -1.75156],
			"rotation": {"angle": 0, "axis": "y", "origin": [6.55312, -0.92656, 2.76406]},
			"faces": {
				"north": {"uv": [3.875, 13.5, 4, 13.75], "texture": "#5"},
				"east": {"uv": [4, 13.5, 3.875, 13.75], "texture": "#5"},
				"south": {"uv": [4, 13.5, 3.875, 13.75], "texture": "#5"},
				"west": {"uv": [4, 13.5, 3.875, 13.75], "texture": "#5"},
				"up": {"uv": [4, 13.5, 3.875, 13.625], "texture": "#5"},
				"down": {"uv": [4, 13.625, 3.875, 13.75], "texture": "#5"}
			}
		},
		{
			"name": "gearhandcannon_109",
			"from": [5.67187, 3.63281, -2.34531],
			"to": [5.96562, 4.22031, -1.75156],
			"rotation": {"angle": 0, "axis": "y", "origin": [6.55312, -0.92656, 2.76406]},
			"faces": {
				"north": {"uv": [4.25, 13.5, 4.375, 13.75], "texture": "#5"},
				"east": {"uv": [4.375, 13.5, 4.25, 13.75], "texture": "#5"},
				"south": {"uv": [4.375, 13.5, 4.25, 13.75], "texture": "#5"},
				"west": {"uv": [4.375, 13.5, 4.25, 13.75], "texture": "#5"},
				"up": {"uv": [4.375, 13.5, 4.25, 13.625], "texture": "#5"},
				"down": {"uv": [4.375, 13.625, 4.25, 13.75], "texture": "#5"}
			}
		},
		{
			"name": "gearhandcannon_114",
			"from": [5.96562, 3.33906, -2.34531],
			"to": [6.55312, 3.63281, -1.75156],
			"rotation": {"angle": 0, "axis": "y", "origin": [6.55312, -0.92656, 2.76406]},
			"faces": {
				"north": {"uv": [4, 13.75, 4.25, 13.875], "texture": "#5"},
				"east": {"uv": [4.125, 13.75, 4, 13.875], "texture": "#5"},
				"south": {"uv": [4.25, 13.75, 4, 13.875], "texture": "#5"},
				"west": {"uv": [4.25, 13.75, 4.125, 13.875], "texture": "#5"},
				"up": {"uv": [4.25, 13.75, 4, 13.875], "texture": "#5"},
				"down": {"uv": [4.25, 13.75, 4, 13.875], "texture": "#5"}
			}
		},
		{
			"name": "gearhandcannon_118",
			"from": [5.96562, 3.63281, -2.34531],
			"to": [6.55312, 4.22031, -2.34531],
			"rotation": {"angle": 0, "axis": "y", "origin": [6.55312, -0.92656, 2.76406]},
			"faces": {
				"north": {"uv": [4, 14, 4.25, 14.25], "texture": "#5"},
				"east": {"uv": [4.125, 14, 4, 14.25], "texture": "#5"},
				"south": {"uv": [4.25, 14, 4, 14.25], "texture": "#5"},
				"west": {"uv": [4.25, 14, 4.125, 14.25], "texture": "#5"},
				"up": {"uv": [4.25, 14, 4, 14.125], "texture": "#5"},
				"down": {"uv": [4.25, 14.125, 4, 14.25], "texture": "#5"}
			}
		}
	],
	"display": {
		"thirdperson_righthand": {
			"scale": [0, 0, 0]
		},
		"thirdperson_lefthand": {
			"translation": [0, 3.75, 3.5]
		},
		"firstperson_righthand": {
			"scale": [0, 0, 0]
		},
		"firstperson_lefthand": {
			"scale": [0, 0, 0]
		},
		"ground": {
			"scale": [0, 0, 0]
		},
		"gui": {
			"scale": [0, 0, 0]
		}
	},
	"groups": [
		{
			"name": "mag",
			"origin": [7.57344, -7.34844, -11.02031],
			"color": 0,
			"nbt": "{}",
			"children": [
				0,
				1,
				2,
				3,
				{
					"name": "bullets",
					"origin": [6.68438, 4.80781, 5.77969],
					"color": 0,
					"nbt": "{}",
					"children": [4, 5, 6, 7, 8, 9]
				}
			]
		},
		{
			"name": "gearhandcannon",
			"origin": [8, 8, 8],
			"color": 0,
			"nbt": "{}",
			"children": [
				{
					"name": "element_ice",
					"origin": [0, 0, 0],
					"color": 0,
					"nbt": "{}",
					"children": [10, 11]
				},
				{
					"name": "handcannon_frost",
					"origin": [8, 8, 8],
					"color": 0,
					"nbt": "{}",
					"children": [12, 13, 14, 15, 16, 17, 18, 19, 20, 21, 22, 23, 24, 25, 26, 27, 28]
				},
				{
					"name": "group",
					"origin": [7.01563, -7.34844, -11.02031],
					"color": 0,
					"nbt": "{}",
					"children": [29, 30, 31]
				},
				{
					"name": "group",
					"origin": [7.14063, -7.34844, -11.02031],
					"color": 0,
					"nbt": "{}",
					"children": [32, 33, 34, 35, 36, 37, 38, 39, 40, 41]
				},
				42,
				{
					"name": "group",
					"origin": [7.14063, -7.34844, -11.02031],
					"color": 0,
					"nbt": "{}",
					"children": [43, 44, 45]
				},
				46,
				{
					"name": "group",
					"origin": [6.77813, -7.34844, -11.02031],
					"color": 0,
					"nbt": "{}",
					"children": [47, 48, 49, 50, 51, 52, 53]
				},
				54,
				{
					"name": "group",
					"origin": [7.14063, -7.34844, -11.02031],
					"color": 0,
					"nbt": "{}",
					"children": [55, 56, 57]
				},
				{
					"name": "group",
					"origin": [7.75313, -7.34844, -11.02031],
					"color": 0,
					"nbt": "{}",
					"children": [58, 59, 60, 61, 62]
				},
				{
					"name": "group",
					"origin": [7.29063, -7.34844, -11.02031],
					"color": 0,
					"nbt": "{}",
					"children": [63, 64, 65, 66, 67]
				},
				68,
				{
					"name": "group",
					"origin": [7.14063, -7.34844, -11.02031],
					"color": 0,
					"nbt": "{}",
					"children": [69, 70, 71]
				},
				{
					"name": "group",
					"origin": [6.81563, -7.34844, -11.02031],
					"color": 0,
					"nbt": "{}",
					"children": [72, 73, 74]
				},
				75,
				76,
				{
					"name": "group",
					"origin": [6.47813, -7.34844, -11.02031],
					"color": 0,
					"nbt": "{}",
					"children": [77, 78, 79, 80, 81]
				},
				82,
				{
					"name": "group",
					"origin": [6.66563, -7.34844, -11.02031],
					"color": 0,
					"nbt": "{}",
					"children": [83, 84]
				},
				{
					"name": "group",
					"origin": [6.95313, -7.34844, -11.02031],
					"color": 0,
					"nbt": "{}",
					"children": [85, 86, 87, 88, 89, 90, 91, 92, 93, 94, 95, 96, 97, 98, 99, 100, 101, 102]
				},
				{
					"name": "group",
					"origin": [7.17813, -7.34844, -11.02031],
					"color": 0,
					"nbt": "{}",
					"children": [103, 104, 105, 106, 107, 108, 109, 110, 111, 112, 113]
				},
				{
					"name": "group",
					"origin": [7.25313, -7.34844, -11.02031],
					"color": 0,
					"nbt": "{}",
					"children": [114, 115, 116, 117, 118, 119]
				},
				{
					"name": "group",
					"origin": [7.02812, -7.34844, -11.02031],
					"color": 0,
					"nbt": "{}",
					"children": [120, 121, 122, 123, 124, 125, 126, 127]
				},
				{
					"name": "group",
					"origin": [7.21563, -7.34844, -11.02031],
					"color": 0,
					"nbt": "{}",
					"children": [128, 129, 130, 131, 132, 133, 134]
				},
				{
					"name": "group",
					"origin": [7.14063, -6.17344, -11.02031],
					"color": 0,
					"nbt": "{}",
					"children": [135, 136, 137, 138, 139, 140, 141, 142, 143, 144]
				}
			]
		}
	]
}