{
	"credit": "Made with Blockbench",
	"textures": {
		"0": "custom/other/lib_plate_1",
		"particle": "custom/other/lib_plate_1"
	},
	"elements": [
		{
			"from": [-8, 6.95, -8],
			"to": [24, 7.05, 24],
			"rotation": {"angle": 0, "axis": "y", "origin": [0, -12.05, 22]},
			"faces": {
				"north": {"uv": [16, 0, 0, 0.1], "texture": "#0"},
				"east": {"uv": [16, 0, 0, 0.1], "texture": "#0"},
				"south": {"uv": [16, 0, 0, 0.1], "texture": "#0"},
				"west": {"uv": [16, 0, 0, 0.1], "texture": "#0"},
				"up": {"uv": [0, 16, 16, 0], "texture": "#0"},
				"down": {"uv": [0, 0, 16, 16], "texture": "#0"}
			}
		}
	]
}