{
	"credit": "Made with Blockbench",
	"textures": {
		"0": "custom/other/sigil",
		"particle": "custom/other/sigil"
	},
	"elements": [
		{
			"from": [8.6648, 7.73985, 6],
			"to": [12.6648, 12.73985, 10],
			"rotation": {"angle": 0, "axis": "z", "origin": [10.6648, 14.23985, 8]},
			"faces": {
				"north": {"uv": [0.5, 0, 1, 0.625], "texture": "#0"},
				"east": {"uv": [0.5, 0, 1, 0.625], "texture": "#0"},
				"south": {"uv": [0.5, 0, 1, 0.625], "texture": "#0"},
				"west": {"uv": [0.5, 0, 1, 0.625], "texture": "#0"},
				"up": {"uv": [0.5, 0, 1, 0.5], "texture": "#0"},
				"down": {"uv": [0.5, 0, 1, 0.5], "texture": "#0"}
			}
		},
		{
			"from": [11, 0, 6],
			"to": [15, 9, 10],
			"rotation": {"angle": 22.5, "axis": "z", "origin": [13, 2.5, 8]},
			"faces": {
				"north": {"uv": [0.5, 0, 1, 1.125], "texture": "#0"},
				"east": {"uv": [0.5, 0, 1, 1.125], "texture": "#0"},
				"south": {"uv": [0.5, 0, 1, 1.125], "texture": "#0"},
				"west": {"uv": [0.5, 0, 1, 1.125], "texture": "#0"},
				"up": {"uv": [0.5, 0, 1, 0.5], "texture": "#0"},
				"down": {"uv": [0.5, 0, 1, 0.5], "texture": "#0"}
			}
		},
		{
			"from": [9.46927, 11.78418, 6],
			"to": [13.46927, 20.78418, 10],
			"rotation": {"angle": -22.5, "axis": "z", "origin": [11.46927, 14.28418, 8]},
			"faces": {
				"north": {"uv": [0.5, 0, 1, 1.125], "texture": "#0"},
				"east": {"uv": [0.5, 0, 1, 1.125], "texture": "#0"},
				"south": {"uv": [0.5, 0, 1, 1.125], "texture": "#0"},
				"west": {"uv": [0.5, 0, 1, 1.125], "texture": "#0"},
				"up": {"uv": [0.5, 0, 1, 0.5], "texture": "#0"},
				"down": {"uv": [0.5, 0, 1, 0.5], "texture": "#0"}
			}
		},
		{
			"from": [3, 7.73985, 6],
			"to": [7, 11.73985, 10],
			"rotation": {"angle": 0, "axis": "z", "origin": [5, 20.23985, 8]},
			"faces": {
				"north": {"uv": [0, 0, 0.5, 0.5], "texture": "#0"},
				"east": {"uv": [0, 0, 0.5, 0.5], "texture": "#0"},
				"south": {"uv": [0, 0, 0.5, 0.5], "texture": "#0"},
				"west": {"uv": [0, 0, 0.5, 0.5], "texture": "#0"},
				"up": {"uv": [0, 0, 0.5, 0.5], "texture": "#0"},
				"down": {"uv": [0, 0, 0.5, 0.5], "texture": "#0"}
			}
		},
		{
			"from": [3, 14.73985, 6],
			"to": [7, 18.73985, 10],
			"rotation": {"angle": 0, "axis": "z", "origin": [5, 20.23985, 8]},
			"faces": {
				"north": {"uv": [0, 0, 0.5, 0.5], "texture": "#0"},
				"east": {"uv": [0, 0, 0.5, 0.5], "texture": "#0"},
				"south": {"uv": [0, 0, 0.5, 0.5], "texture": "#0"},
				"west": {"uv": [0, 0, 0.5, 0.5], "texture": "#0"},
				"up": {"uv": [0, 0, 0.5, 0.5], "texture": "#0"},
				"down": {"uv": [0, 0, 0.5, 0.5], "texture": "#0"}
			}
		},
		{
			"from": [3, 0.73985, 6],
			"to": [7, 4.73985, 10],
			"rotation": {"angle": 0, "axis": "z", "origin": [5, 20.23985, 8]},
			"faces": {
				"north": {"uv": [0, 0, 0.5, 0.5], "texture": "#0"},
				"east": {"uv": [0, 0, 0.5, 0.5], "texture": "#0"},
				"south": {"uv": [0, 0, 0.5, 0.5], "texture": "#0"},
				"west": {"uv": [0, 0, 0.5, 0.5], "texture": "#0"},
				"up": {"uv": [0, 0, 0.5, 0.5], "texture": "#0"},
				"down": {"uv": [0, 0, 0.5, 0.5], "texture": "#0"}
			}
		}
	],
	"gui_light": "front",
	"display": {
		"thirdperson_righthand": {
			"rotation": [75, 45, 0],
			"translation": [0, 2.5, 0],
			"scale": [0.375, 0.375, 0.375]
		},
		"thirdperson_lefthand": {
			"rotation": [75, 45, 0],
			"translation": [0, 2.5, 0],
			"scale": [0.375, 0.375, 0.375]
		},
		"firstperson_righthand": {
			"rotation": [0, 45, 0],
			"scale": [0.4, 0.4, 0.4]
		},
		"firstperson_lefthand": {
			"rotation": [0, 225, 0],
			"scale": [0.4, 0.4, 0.4]
		},
		"ground": {
			"translation": [0, 3, 0],
			"scale": [0.25, 0.25, 0.25]
		},
		"gui": {
			"rotation": [30, 135, 0],
			"translation": [0.25, -1.75, 0],
			"scale": [0.625, 0.625, 0.625]
		},
		"fixed": {
			"scale": [0.5, 0.5, 0.5]
		}
	}
}