{
	"credit": "Made with Blockbench",
	"texture_size": [32, 32],
	"textures": {
		"0": "custom/other/sigil",
		"particle": "custom/other/sigil"
	},
	"elements": [
		{
			"from": [0, 6, 6],
			"to": [4, 15, 10],
			"rotation": {"angle": -22.5, "axis": "z", "origin": [2, 8.5, 8]},
			"faces": {
				"north": {"uv": [0, 0, 2, 4.5], "texture": "#0"},
				"east": {"uv": [2, 0, 4, 4.5], "texture": "#0"},
				"south": {"uv": [4, 0, 6, 4.5], "texture": "#0"},
				"west": {"uv": [0, 4.5, 2, 9], "texture": "#0"},
				"up": {"uv": [2, 13.5, 0, 11.5], "texture": "#0"},
				"down": {"uv": [4, 11.5, 2, 13.5], "texture": "#0"}
			}
		},
		{
			"from": [2.3352, 13.73985, 6.1],
			"to": [6.3352, 18.73985, 10],
			"rotation": {"angle": 0, "axis": "z", "origin": [4.3352, 20.23985, 8]},
			"faces": {
				"north": {"uv": [8, 8, 10, 10.5], "texture": "#0"},
				"east": {"uv": [0, 9, 2, 11.5], "texture": "#0"},
				"south": {"uv": [2, 9, 4, 11.5], "texture": "#0"},
				"west": {"uv": [4, 9, 6, 11.5], "texture": "#0"},
				"up": {"uv": [6, 13.5, 4, 11.5], "texture": "#0"},
				"down": {"uv": [8, 11.5, 6, 13.5], "texture": "#0"}
			}
		},
		{
			"from": [6, 3.73985, 6],
			"to": [10, 7.73985, 10],
			"rotation": {"angle": 0, "axis": "z", "origin": [8, 20.23985, 8]},
			"faces": {
				"north": {"uv": [12, 0, 14, 2], "texture": "#0"},
				"east": {"uv": [12, 2, 14, 4], "texture": "#0"},
				"south": {"uv": [12, 4, 14, 6], "texture": "#0"},
				"west": {"uv": [12, 6, 14, 8], "texture": "#0"},
				"up": {"uv": [14, 10, 12, 8], "texture": "#0"},
				"down": {"uv": [14, 10, 12, 12], "texture": "#0"}
			}
		},
		{
			"from": [12, 6, 6],
			"to": [16, 15, 10],
			"rotation": {"angle": 22.5, "axis": "z", "origin": [14, 8.5, 8]},
			"faces": {
				"north": {"uv": [2, 4.5, 4, 9], "texture": "#0"},
				"east": {"uv": [4, 4.5, 6, 9], "texture": "#0"},
				"south": {"uv": [6, 0, 8, 4.5], "texture": "#0"},
				"west": {"uv": [6, 4.5, 8, 9], "texture": "#0"},
				"up": {"uv": [14, 14, 12, 12], "texture": "#0"},
				"down": {"uv": [10, 13, 8, 15], "texture": "#0"}
			}
		},
		{
			"from": [9.6648, 13.73985, 6.1],
			"to": [13.6648, 18.73985, 10],
			"rotation": {"angle": 0, "axis": "z", "origin": [11.6648, 20.23985, 8]},
			"faces": {
				"north": {"uv": [6, 9, 8, 11.5], "texture": "#0"},
				"east": {"uv": [10, 8, 12, 10.5], "texture": "#0"},
				"south": {"uv": [8, 10.5, 10, 13], "texture": "#0"},
				"west": {"uv": [10, 10.5, 12, 13], "texture": "#0"},
				"up": {"uv": [12, 15, 10, 13], "texture": "#0"},
				"down": {"uv": [2, 13.5, 0, 15.5], "texture": "#0"}
			}
		},
		{
			"from": [4, -3.26015, 6],
			"to": [12, 0.73985, 10],
			"rotation": {"angle": 0, "axis": "z", "origin": [8, 20.23985, 8]},
			"faces": {
				"north": {"uv": [8, 0, 12, 2], "texture": "#0"},
				"east": {"uv": [2, 13.5, 4, 15.5], "texture": "#0"},
				"south": {"uv": [8, 2, 12, 4], "texture": "#0"},
				"west": {"uv": [4, 13.5, 6, 15.5], "texture": "#0"},
				"up": {"uv": [12, 6, 8, 4], "texture": "#0"},
				"down": {"uv": [12, 6, 8, 8], "texture": "#0"}
			}
		}
	],
	"gui_light": "front",
	"display": {
		"thirdperson_righthand": {
			"rotation": [75, 45, 0],
			"translation": [0, 2.5, 0],
			"scale": [0.375, 0.375, 0.375]
		},
		"thirdperson_lefthand": {
			"rotation": [75, 45, 0],
			"translation": [0, 2.5, 0],
			"scale": [0.375, 0.375, 0.375]
		},
		"firstperson_righthand": {
			"rotation": [0, 45, 0],
			"scale": [0.4, 0.4, 0.4]
		},
		"firstperson_lefthand": {
			"rotation": [0, 225, 0],
			"scale": [0.4, 0.4, 0.4]
		},
		"ground": {
			"translation": [0, 3, 0],
			"scale": [0.25, 0.25, 0.25]
		},
		"gui": {
			"rotation": [30, 135, 0],
			"translation": [0, -0.25, 0],
			"scale": [0.625, 0.625, 0.625]
		},
		"fixed": {
			"scale": [0.5, 0.5, 0.5]
		}
	},
	"groups": [
		{
			"name": "group",
			"origin": [8, 20.23985, 8],
			"color": 0,
			"children": [0, 1, 2, 3, 4, 5]
		}
	]
}