{
	"credit": "Made with Blockbench",
	"textures": {
		"0": "custom/other/sigil",
		"particle": "custom/other/sigil"
	},
	"elements": [
		{
			"from": [6.3352, 7.73985, 6],
			"to": [10.3352, 12.73985, 10],
			"rotation": {"angle": 0, "axis": "z", "origin": [8.3352, 14.23985, 8]},
			"faces": {
				"north": {"uv": [1, 0, 0.5, 0.625], "texture": "#0"},
				"east": {"uv": [1, 0, 0.5, 0.625], "texture": "#0"},
				"south": {"uv": [1, 0, 0.5, 0.625], "texture": "#0"},
				"west": {"uv": [1, 0, 0.5, 0.625], "texture": "#0"},
				"up": {"uv": [1, 0, 0.5, 0.5], "texture": "#0"},
				"down": {"uv": [1, 0, 0.5, 0.5], "texture": "#0"}
			}
		},
		{
			"from": [4, 0, 6],
			"to": [8, 9, 10],
			"rotation": {"angle": -22.5, "axis": "z", "origin": [6, 2.5, 8]},
			"faces": {
				"north": {"uv": [1, 0, 0.5, 1.125], "texture": "#0"},
				"east": {"uv": [1, 0, 0.5, 1.125], "texture": "#0"},
				"south": {"uv": [1, 0, 0.5, 1.125], "texture": "#0"},
				"west": {"uv": [1, 0, 0.5, 1.125], "texture": "#0"},
				"up": {"uv": [1, 0, 0.5, 0.5], "texture": "#0"},
				"down": {"uv": [1, 0, 0.5, 0.5], "texture": "#0"}
			}
		},
		{
			"from": [5.53073, 11.78418, 6],
			"to": [9.53073, 20.78418, 10],
			"rotation": {"angle": 22.5, "axis": "z", "origin": [7.53073, 14.28418, 8]},
			"faces": {
				"north": {"uv": [1, 0, 0.5, 1.125], "texture": "#0"},
				"east": {"uv": [1, 0, 0.5, 1.125], "texture": "#0"},
				"south": {"uv": [1, 0, 0.5, 1.125], "texture": "#0"},
				"west": {"uv": [1, 0, 0.5, 1.125], "texture": "#0"},
				"up": {"uv": [1, 0, 0.5, 0.5], "texture": "#0"},
				"down": {"uv": [1, 0, 0.5, 0.5], "texture": "#0"}
			}
		},
		{
			"from": [12, 7.73985, 6],
			"to": [16, 11.73985, 10],
			"rotation": {"angle": 0, "axis": "z", "origin": [14, 20.23985, 8]},
			"faces": {
				"north": {"uv": [0.5, 0, 0, 0.5], "texture": "#0"},
				"east": {"uv": [0.5, 0, 0, 0.5], "texture": "#0"},
				"south": {"uv": [0.5, 0, 0, 0.5], "texture": "#0"},
				"west": {"uv": [0.5, 0, 0, 0.5], "texture": "#0"},
				"up": {"uv": [0.5, 0, 0, 0.5], "texture": "#0"},
				"down": {"uv": [0.5, 0, 0, 0.5], "texture": "#0"}
			}
		},
		{
			"from": [0, 7.73985, 6],
			"to": [4, 11.73985, 10],
			"rotation": {"angle": 0, "axis": "z", "origin": [14, 20.23985, 8]},
			"faces": {
				"north": {"uv": [0.5, 0, 0, 0.5], "texture": "#0"},
				"east": {"uv": [0.5, 0, 0, 0.5], "texture": "#0"},
				"south": {"uv": [0.5, 0, 0, 0.5], "texture": "#0"},
				"west": {"uv": [0.5, 0, 0, 0.5], "texture": "#0"},
				"up": {"uv": [0.5, 0, 0, 0.5], "texture": "#0"},
				"down": {"uv": [0.5, 0, 0, 0.5], "texture": "#0"}
			}
		},
		{
			"from": [12, 14.73985, 6],
			"to": [16, 18.73985, 10],
			"rotation": {"angle": 0, "axis": "z", "origin": [14, 20.23985, 8]},
			"faces": {
				"north": {"uv": [0.5, 0, 0, 0.5], "texture": "#0"},
				"east": {"uv": [0.5, 0, 0, 0.5], "texture": "#0"},
				"south": {"uv": [0.5, 0, 0, 0.5], "texture": "#0"},
				"west": {"uv": [0.5, 0, 0, 0.5], "texture": "#0"},
				"up": {"uv": [0.5, 0, 0, 0.5], "texture": "#0"},
				"down": {"uv": [0.5, 0, 0, 0.5], "texture": "#0"}
			}
		},
		{
			"from": [12, 0.73985, 6],
			"to": [16, 4.73985, 10],
			"rotation": {"angle": 0, "axis": "z", "origin": [14, 20.23985, 8]},
			"faces": {
				"north": {"uv": [0.5, 0, 0, 0.5], "texture": "#0"},
				"east": {"uv": [0.5, 0, 0, 0.5], "texture": "#0"},
				"south": {"uv": [0.5, 0, 0, 0.5], "texture": "#0"},
				"west": {"uv": [0.5, 0, 0, 0.5], "texture": "#0"},
				"up": {"uv": [0.5, 0, 0, 0.5], "texture": "#0"},
				"down": {"uv": [0.5, 0, 0, 0.5], "texture": "#0"}
			}
		}
	],
	"gui_light": "front",
	"display": {
		"thirdperson_righthand": {
			"rotation": [75, 45, 0],
			"translation": [0, 2.5, 0],
			"scale": [0.375, 0.375, 0.375]
		},
		"thirdperson_lefthand": {
			"rotation": [75, 45, 0],
			"translation": [0, 2.5, 0],
			"scale": [0.375, 0.375, 0.375]
		},
		"firstperson_righthand": {
			"rotation": [0, 45, 0],
			"scale": [0.4, 0.4, 0.4]
		},
		"firstperson_lefthand": {
			"rotation": [0, 225, 0],
			"scale": [0.4, 0.4, 0.4]
		},
		"ground": {
			"translation": [0, 3, 0],
			"scale": [0.25, 0.25, 0.25]
		},
		"gui": {
			"rotation": [30, 135, 0],
			"translation": [-0.25, -1, 0],
			"scale": [0.625, 0.625, 0.625]
		},
		"fixed": {
			"scale": [0.5, 0.5, 0.5]
		}
	}
}