{
	"credit": "Made with Blockbench",
	"textures": {
		"4": "custom/ability/ranged2",
		"particle": "custom/ability/ranged2"
	},
	"elements": [
		{
			"from": [6, 8.5, 6],
			"to": [10, 10, 10],
			"rotation": {"angle": 0, "axis": "y", "origin": [8, 11, 9.75]},
			"faces": {
				"north": {"uv": [9, 9, 13, 10.5], "texture": "#4"},
				"east": {"uv": [0, 11, 4, 12.5], "texture": "#4"},
				"south": {"uv": [11, 0, 15, 1.5], "texture": "#4"},
				"west": {"uv": [11, 2, 15, 3.5], "texture": "#4"},
				"up": {"uv": [4, 4, 0, 0], "texture": "#4"},
				"down": {"uv": [4, 4, 0, 8], "texture": "#4"}
			}
		},
		{
			"from": [6, 6, 6],
			"to": [10, 7.5, 10],
			"rotation": {"angle": 0, "axis": "y", "origin": [8, 11, 9.75]},
			"faces": {
				"north": {"uv": [4, 11, 8, 12.5], "texture": "#4"},
				"east": {"uv": [11, 4, 15, 5.5], "texture": "#4"},
				"south": {"uv": [8, 11, 12, 12.5], "texture": "#4"},
				"west": {"uv": [12, 6, 16, 7.5], "texture": "#4"},
				"up": {"uv": [8, 4, 4, 0], "texture": "#4"},
				"down": {"uv": [8, 4, 4, 8], "texture": "#4"}
			}
		},
		{
			"from": [6.5, 7.5, 6.5],
			"to": [9.5, 8.5, 9.5],
			"rotation": {"angle": 0, "axis": "y", "origin": [8, 11, 9.75]},
			"faces": {
				"north": {"uv": [12, 8, 15, 9], "texture": "#4"},
				"east": {"uv": [12, 11, 15, 12], "texture": "#4"},
				"south": {"uv": [12, 12, 15, 13], "texture": "#4"},
				"west": {"uv": [0, 13, 3, 14], "texture": "#4"},
				"up": {"uv": [3, 11, 0, 8], "texture": "#4"},
				"down": {"uv": [11, 0, 8, 3], "texture": "#4"}
			}
		},
		{
			"from": [6.5, 10, 6.5],
			"to": [9.5, 10.5, 9.5],
			"rotation": {"angle": 0, "axis": "y", "origin": [8, 11, 9.75]},
			"faces": {
				"north": {"uv": [3, 13, 6, 13.5], "texture": "#4"},
				"east": {"uv": [6, 13, 9, 13.5], "texture": "#4"},
				"south": {"uv": [9, 13, 12, 13.5], "texture": "#4"},
				"west": {"uv": [13, 9, 16, 9.5], "texture": "#4"},
				"up": {"uv": [6, 11, 3, 8], "texture": "#4"},
				"down": {"uv": [11, 3, 8, 6], "texture": "#4"}
			}
		},
		{
			"from": [6.5, 5.5, 6.5],
			"to": [9.5, 6, 9.5],
			"rotation": {"angle": 0, "axis": "y", "origin": [8, 11, 9.75]},
			"faces": {
				"north": {"uv": [13, 10, 16, 10.5], "texture": "#4"},
				"east": {"uv": [12, 13, 15, 13.5], "texture": "#4"},
				"south": {"uv": [0, 14, 3, 14.5], "texture": "#4"},
				"west": {"uv": [3, 14, 6, 14.5], "texture": "#4"},
				"up": {"uv": [9, 11, 6, 8], "texture": "#4"},
				"down": {"uv": [12, 6, 9, 9], "texture": "#4"}
			}
		}
	],
	"display": {
		"thirdperson_righthand": {
			"scale": [0, 0, 0]
		},
		"thirdperson_lefthand": {
			"translation": [0, -0.5, 1.25],
			"scale": [0.97, 0.97, 0.97]
		},
		"firstperson_righthand": {
			"scale": [0, 0, 0]
		},
		"firstperson_lefthand": {
			"scale": [0, 0, 0]
		},
		"ground": {
			"scale": [0, 0, 0]
		},
		"gui": {
			"scale": [0, 0, 0]
		}
	},
	"groups": [
		{
			"name": "group",
			"origin": [6, 9, 7.75],
			"color": 0,
			"children": [0, 1, 2, 3, 4]
		}
	]
}