{
	"credit": "Made with Blockbench",
	"texture_size": [128, 128],
	"textures": {
		"0": "custom/other/amrwide",
		"particle": "custom/other/amrwide"
	},
	"elements": [
		{
			"from": [0, 0, 0],
			"to": [8, 16, 16],
			"faces": {
				"north": {"uv": [0, 0, 8, 16], "texture": "#0"},
				"east": {"uv": [0, 0, 2, 2], "texture": "#0"},
				"south": {"uv": [0, 0, 1, 2], "texture": "#0"},
				"west": {"uv": [0, 0, 2, 2], "texture": "#0"},
				"up": {"uv": [8, 0, 0, 0.94915], "texture": "#0"},
				"down": {"uv": [0, 15.05085, 8, 16], "texture": "#0"}
			}
		},
		{
			"from": [-7.39104, 0.05, 3.06147],
			"to": [0.60896, 16.05, 19.06147],
			"rotation": {"angle": 22.5, "axis": "y", "origin": [-7.39104, 0.05, 3.06147]},
			"faces": {
				"north": {"uv": [8, 0, 16, 16], "texture": "#0"},
				"east": {"uv": [0, 0, 2, 2], "texture": "#0"},
				"south": {"uv": [0, 0, 1, 2], "texture": "#0"},
				"west": {"uv": [0, 0, 2, 2], "texture": "#0"},
				"up": {"uv": [16, 0, 8, 0.94915], "texture": "#0"},
				"down": {"uv": [8, 15.05085, 16, 16], "texture": "#0"}
			}
		},
		{
			"from": [15.39104, 0.05, 3.06147],
			"to": [23.39104, 16.05, 19.06147],
			"rotation": {"angle": -22.5, "axis": "y", "origin": [23.39104, 0.05, 3.06147]},
			"faces": {
				"north": {"uv": [16, 0, 8, 16], "texture": "#0"},
				"east": {"uv": [2, 0, 0, 2], "texture": "#0"},
				"south": {"uv": [1, 0, 0, 2], "texture": "#0"},
				"west": {"uv": [2, 0, 0, 2], "texture": "#0"},
				"up": {"uv": [8, 0, 16, 0.94915], "texture": "#0"},
				"down": {"uv": [16, 15.05085, 8, 16], "texture": "#0"}
			}
		},
		{
			"from": [8, 0, 0],
			"to": [16, 16, 16],
			"rotation": {"angle": 0, "axis": "y", "origin": [16, 0, 0]},
			"faces": {
				"north": {"uv": [8, 0, 0, 16], "texture": "#0"},
				"east": {"uv": [2, 0, 0, 2], "texture": "#0"},
				"south": {"uv": [1, 0, 0, 2], "texture": "#0"},
				"west": {"uv": [2, 0, 0, 2], "texture": "#0"},
				"up": {"uv": [0, 0, 8, 0.94915], "texture": "#0"},
				"down": {"uv": [8, 15.05085, 0, 16], "texture": "#0"}
			}
		}
	],
	"display": {
		"thirdperson_righthand": {
			"scale": [0, 0, 0]
		},
		"thirdperson_lefthand": {
			"scale": [0, 0, 0]
		},
		"firstperson_lefthand": {
			"scale": [0, 0, 0]
		},
		"ground": {
			"scale": [0, 0, 0]
		},
		"gui": {
			"scale": [0, 0, 0]
		},
		"head": {
			"scale": [0.71, 0.95, 1]
		}
	}
}