{
	"credit": "Made with Blockbench",
	"textures": {
		"0": "custom/other/cluster_shot",
		"particle": "custom/other/cluster_shot"
	},
	"elements": [
		{
			"from": [6.5, 6.5, 2.75],
			"to": [9.5, 9.5, 8.75],
			"rotation": {"angle": 0, "axis": "y", "origin": [8, 8, 6.75]},
			"faces": {
				"north": {"uv": [3, 6, 6, 9], "texture": "#0"},
				"east": {"uv": [0, 0, 6, 3], "texture": "#0"},
				"south": {"uv": [6, 6, 9, 9], "texture": "#0"},
				"west": {"uv": [0, 3, 6, 6], "texture": "#0"},
				"up": {"uv": [3, 12, 0, 6], "texture": "#0"},
				"down": {"uv": [9, 0, 6, 6], "texture": "#0"}
			}
		},
		{
			"from": [6.5, 6.5, 9.75],
			"to": [9.5, 9.5, 10.75],
			"rotation": {"angle": 0, "axis": "y", "origin": [8, 8, 6.75]},
			"faces": {
				"north": {"uv": [9, 0, 12, 3], "texture": "#0"},
				"east": {"uv": [6, 9, 7, 12], "texture": "#0"},
				"south": {"uv": [3, 9, 6, 12], "texture": "#0"},
				"west": {"uv": [7, 9, 8, 12], "texture": "#0"},
				"up": {"uv": [12, 8, 9, 7], "texture": "#0"},
				"down": {"uv": [11, 9, 8, 10], "texture": "#0"}
			}
		},
		{
			"from": [7, 7, 8.75],
			"to": [9, 9, 9.75],
			"rotation": {"angle": 0, "axis": "y", "origin": [8, 8, 6.75]},
			"faces": {
				"north": {"uv": [9, 3, 11, 5], "texture": "#0"},
				"east": {"uv": [8, 10, 9, 12], "texture": "#0"},
				"south": {"uv": [9, 5, 11, 7], "texture": "#0"},
				"west": {"uv": [9, 10, 10, 12], "texture": "#0"},
				"up": {"uv": [11, 9, 9, 8], "texture": "#0"},
				"down": {"uv": [12, 10, 10, 11], "texture": "#0"}
			}
		}
	],
	"display": {
		"head": {
			"translation": [0, -3, -6.75],
			"scale": [3.26, 3.26, 3.26]
		}
	}
}