{
	"credit": "Made with Blockbench",
	"texture_size": [64, 64],
	"textures": {
		"0": "custom/other/duality_plate_0",
		"particle": "custom/other/duality_plate_0"
	},
	"elements": [
		{
			"from": [0, 8, 0],
			"to": [16, 10, 16],
			"rotation": {"angle": 0, "axis": "y", "origin": [8, 9, 8]},
			"faces": {
				"north": {"uv": [8.5, 4, 12.5, 4.5], "texture": "#0"},
				"east": {"uv": [8.5, 4.5, 12.5, 5], "texture": "#0"},
				"south": {"uv": [8.5, 5, 12.5, 5.5], "texture": "#0"},
				"west": {"uv": [8.5, 5.5, 12.5, 6], "texture": "#0"},
				"up": {"uv": [8.5, 4, 4.5, 0], "texture": "#0"},
				"down": {"uv": [8.5, 4, 4.5, 8], "texture": "#0"}
			}
		},
		{
			"from": [-1, 6.5, -1],
			"to": [17, 8, 17],
			"rotation": {"angle": 0, "axis": "y", "origin": [8, 9, 8]},
			"faces": {
				"north": {"uv": [8.5, 8, 13, 8.375], "texture": "#0"},
				"east": {"uv": [8.5, 8.5, 13, 8.875], "texture": "#0"},
				"south": {"uv": [0, 9, 4.5, 9.375], "texture": "#0"},
				"west": {"uv": [8.5, 9, 13, 9.375], "texture": "#0"},
				"up": {"uv": [4.5, 4.5, 0, 0], "texture": "#0"},
				"down": {"uv": [4.5, 4.5, 0, 9], "texture": "#0"}
			}
		},
		{
			"from": [0, 6.5, 0],
			"to": [16, 8.5, 16],
			"rotation": {"angle": 45, "axis": "y", "origin": [8, 9, 8]},
			"faces": {
				"north": {"uv": [8.5, 6, 12.5, 6.5], "texture": "#0"},
				"east": {"uv": [8.5, 6.5, 12.5, 7], "texture": "#0"},
				"south": {"uv": [8.5, 7, 12.5, 7.5], "texture": "#0"},
				"west": {"uv": [8.5, 7.5, 12.5, 8], "texture": "#0"},
				"up": {"uv": [8.5, 12, 4.5, 8], "texture": "#0"},
				"down": {"uv": [12.5, 0, 8.5, 4], "texture": "#0"}
			}
		}
	]
}