{
	"credit": "Made with Blockbench",
	"texture_size": [128, 128],
	"textures": {
		"0": "custom/other/dummy",
		"particle": "custom/other/dummy"
	},
	"elements": [
		{
			"from": [0, -16, 0],
			"to": [16, -14, 16],
			"faces": {
				"north": {"uv": [6.25, 9.375, 8.25, 9.625], "texture": "#0"},
				"east": {"uv": [8.25, 9.375, 10.25, 9.625], "texture": "#0"},
				"south": {"uv": [0, 9.5, 2, 9.75], "texture": "#0"},
				"west": {"uv": [9.5, 3, 11.5, 3.25], "texture": "#0"},
				"up": {"uv": [5.5, 2, 3.5, 0], "texture": "#0"},
				"down": {"uv": [5.5, 2, 3.5, 4], "texture": "#0"}
			}
		},
		{
			"from": [3, -14, 3],
			"to": [13, -1, 13],
			"faces": {
				"north": {"uv": [1.75, 7.125, 3, 8.75], "texture": "#0"},
				"east": {"uv": [3, 8.125, 4.25, 9.75], "texture": "#0"},
				"south": {"uv": [4.25, 8.125, 5.5, 9.75], "texture": "#0"},
				"west": {"uv": [8.25, 3, 9.5, 4.625], "texture": "#0"},
				"up": {"uv": [9.5, 5.875, 8.25, 4.625], "texture": "#0"},
				"down": {"uv": [9.5, 5.875, 8.25, 7.125], "texture": "#0"}
			}
		},
		{
			"from": [1, -1, 2],
			"to": [15, 18, 14],
			"faces": {
				"north": {"uv": [0, 0, 1.75, 2.375], "texture": "#0"},
				"east": {"uv": [3.5, 4, 5, 6.375], "texture": "#0"},
				"south": {"uv": [1.75, 0, 3.5, 2.375], "texture": "#0"},
				"west": {"uv": [0, 4.75, 1.5, 7.125], "texture": "#0"},
				"up": {"uv": [8.25, 8.5, 6.5, 7], "texture": "#0"},
				"down": {"uv": [1.75, 7.125, 0, 8.625], "texture": "#0"}
			}
		},
		{
			"from": [0.7, -1.3, 1.7],
			"to": [15.3, 18.3, 14.3],
			"faces": {
				"north": {"uv": [0, 2.375, 1.75, 4.75], "texture": "#0"},
				"east": {"uv": [1.5, 4.75, 3, 7.125], "texture": "#0"},
				"south": {"uv": [1.75, 2.375, 3.5, 4.75], "texture": "#0"},
				"west": {"uv": [5, 4, 6.5, 6.375], "texture": "#0"},
				"up": {"uv": [9, 1.5, 7.25, 0], "texture": "#0"},
				"down": {"uv": [9, 1.5, 7.25, 3], "texture": "#0"}
			}
		},
		{
			"from": [1, 18, 1],
			"to": [15, 32, 15],
			"faces": {
				"north": {"uv": [5.5, 0, 7.25, 1.75], "texture": "#0"},
				"east": {"uv": [5.5, 1.75, 7.25, 3.5], "texture": "#0"},
				"south": {"uv": [3, 6.375, 4.75, 8.125], "texture": "#0"},
				"west": {"uv": [4.75, 6.375, 6.5, 8.125], "texture": "#0"},
				"up": {"uv": [8.25, 5.25, 6.5, 3.5], "texture": "#0"},
				"down": {"uv": [8.25, 5.25, 6.5, 7], "texture": "#0"}
			}
		},
		{
			"from": [15, 10, 5],
			"to": [29, 16, 11],
			"faces": {
				"north": {"uv": [7.25, 8.625, 9, 9.375], "texture": "#0"},
				"east": {"uv": [9, 8.625, 9.75, 9.375], "texture": "#0"},
				"south": {"uv": [9, 0, 10.75, 0.75], "texture": "#0"},
				"west": {"uv": [5.5, 9.25, 6.25, 10], "texture": "#0"},
				"up": {"uv": [10.75, 1.5, 9, 0.75], "texture": "#0"},
				"down": {"uv": [10.75, 1.5, 9, 2.25], "texture": "#0"}
			}
		},
		{
			"from": [-13, 10, 5],
			"to": [1, 16, 11],
			"rotation": {"angle": 0, "axis": "y", "origin": [16, 0, 0]},
			"faces": {
				"north": {"uv": [8.25, 7.125, 10, 7.875], "texture": "#0"},
				"east": {"uv": [1.75, 8.75, 2.5, 9.5], "texture": "#0"},
				"south": {"uv": [8.25, 7.875, 10, 8.625], "texture": "#0"},
				"west": {"uv": [9, 2.25, 9.75, 3], "texture": "#0"},
				"up": {"uv": [7.25, 9.25, 5.5, 8.5], "texture": "#0"},
				"down": {"uv": [1.75, 8.625, 0, 9.375], "texture": "#0"}
			}
		}
	],
	"display": {
		"head": {
			"translation": [0, 9.75, 0],
			"scale": [2, 2, 2]
		}
	}
}