{
	"credit": "Made with Blockbench",
	"parent": "block/block",
	"textures": {
		"all": "block/candle_lit"
	},
	"elements": [
		{
			"from": [6, -3, 8],
			"to": [8, 0, 10],
			"rotation": {"angle": 0, "axis": "y", "origin": [0, -3, 0]},
			"faces": {
				"north": {"uv": [0, 8, 2, 11], "texture": "#all"},
				"east": {"uv": [0, 8, 2, 11], "texture": "#all"},
				"south": {"uv": [0, 8, 2, 11], "texture": "#all"},
				"west": {"uv": [0, 8, 2, 11], "texture": "#all"},
				"up": {"uv": [0, 6, 2, 8], "texture": "#all"},
				"down": {"uv": [0, 14, 2, 16], "texture": "#all", "cullface": "down"}
			}
		},
		{
			"from": [6.5, 0, 9],
			"to": [7.5, 1, 9],
			"rotation": {"angle": 45, "axis": "y", "origin": [7, 0, 9]},
			"faces": {
				"north": {"uv": [0, 5, 1, 6], "texture": "#all"},
				"south": {"uv": [1, 5, 0, 6], "texture": "#all"}
			}
		},
		{
			"from": [6.5, 0, 9],
			"to": [7.5, 1, 9],
			"rotation": {"angle": -45, "axis": "y", "origin": [7, 0, 9]},
			"faces": {
				"north": {"uv": [0, 5, 1, 6], "texture": "#all"},
				"south": {"uv": [1, 5, 0, 6], "texture": "#all"}
			}
		},
		{
			"from": [9, 0, 8],
			"to": [11, 5, 10],
			"faces": {
				"north": {"uv": [0, 8, 2, 13], "texture": "#all"},
				"east": {"uv": [0, 8, 2, 13], "texture": "#all"},
				"south": {"uv": [0, 8, 2, 13], "texture": "#all"},
				"west": {"uv": [0, 8, 2, 13], "texture": "#all"},
				"up": {"uv": [0, 6, 2, 8], "texture": "#all"},
				"down": {"uv": [0, 14, 2, 16], "texture": "#all", "cullface": "down"}
			}
		},
		{
			"from": [9.5, 5, 9],
			"to": [10.5, 6, 9],
			"rotation": {"angle": 45, "axis": "y", "origin": [10, 5, 9]},
			"faces": {
				"north": {"uv": [0, 5, 1, 6], "texture": "#all"},
				"south": {"uv": [1, 5, 0, 6], "texture": "#all"}
			}
		},
		{
			"from": [9.5, 5, 9],
			"to": [10.5, 6, 9],
			"rotation": {"angle": -45, "axis": "y", "origin": [10, 5, 9]},
			"faces": {
				"north": {"uv": [0, 5, 1, 6], "texture": "#all"},
				"south": {"uv": [1, 5, 0, 6], "texture": "#all"}
			}
		},
		{
			"from": [5, -2, 5],
			"to": [7, 3, 7],
			"rotation": {"angle": 0, "axis": "y", "origin": [0, -2, 0]},
			"faces": {
				"north": {"uv": [0, 8, 2, 13], "texture": "#all"},
				"east": {"uv": [0, 8, 2, 13], "texture": "#all"},
				"south": {"uv": [0, 8, 2, 13], "texture": "#all"},
				"west": {"uv": [0, 8, 2, 13], "texture": "#all"},
				"up": {"uv": [0, 6, 2, 8], "texture": "#all"},
				"down": {"uv": [0, 14, 2, 16], "texture": "#all", "cullface": "down"}
			}
		},
		{
			"from": [5.5, 3, 6],
			"to": [6.5, 4, 6],
			"rotation": {"angle": 45, "axis": "y", "origin": [6, 3, 6]},
			"faces": {
				"north": {"uv": [0, 5, 1, 6], "texture": "#all"},
				"south": {"uv": [1, 5, 0, 6], "texture": "#all"}
			}
		},
		{
			"from": [5.5, 3, 6],
			"to": [6.5, 4, 6],
			"rotation": {"angle": -45, "axis": "y", "origin": [6, 3, 6]},
			"faces": {
				"north": {"uv": [0, 5, 1, 6], "texture": "#all"},
				"south": {"uv": [1, 5, 0, 6], "texture": "#all"}
			}
		},
		{
			"from": [8, 2, 5],
			"to": [10, 8, 7],
			"rotation": {"angle": 0, "axis": "y", "origin": [0, 2, 0]},
			"faces": {
				"north": {"uv": [0, 8, 2, 14], "texture": "#all"},
				"east": {"uv": [0, 8, 2, 14], "texture": "#all"},
				"south": {"uv": [0, 8, 2, 14], "texture": "#all"},
				"west": {"uv": [0, 8, 2, 14], "texture": "#all"},
				"up": {"uv": [0, 6, 2, 8], "texture": "#all"},
				"down": {"uv": [0, 14, 2, 16], "texture": "#all", "cullface": "down"}
			}
		},
		{
			"from": [8.5, 8, 6],
			"to": [9.5, 9, 6],
			"rotation": {"angle": 45, "axis": "y", "origin": [9, 8, 6]},
			"faces": {
				"north": {"uv": [0, 5, 1, 6], "texture": "#all"},
				"south": {"uv": [0, 5, 1, 6], "texture": "#all"}
			}
		},
		{
			"from": [8.5, 8, 6],
			"to": [9.5, 9, 6],
			"rotation": {"angle": -45, "axis": "y", "origin": [9, 8, 6]},
			"faces": {
				"north": {"uv": [0, 5, 1, 6], "texture": "#all"},
				"south": {"uv": [0, 5, 1, 6], "texture": "#all"}
			}
		}
	]
}