{
	"credit": "Made with Blockbench",
	"textures": {
		"0": "custom/other/flowershield_flash",
		"particle": "custom/other/flowershield_flash"
	},
	"elements": [
		{
			"from": [-16, -16, -2],
			"to": [32, 32, -2],
			"rotation": {"angle": 0, "axis": "y", "origin": [8, 8, 20]},
			"faces": {
				"north": {"uv": [16, 0, 0, 16], "texture": "#0"},
				"east": {"uv": [0, 0, 0, 16], "texture": "#0"},
				"south": {"uv": [0, 0, 16, 16], "texture": "#0"},
				"west": {"uv": [0, 0, 0, 16], "texture": "#0"},
				"up": {"uv": [0, 0, 0, 16], "rotation": 270, "texture": "#0"},
				"down": {"uv": [0, 0, 0, 16], "rotation": 90, "texture": "#0"}
			}
		}
	],
	"display": {
		"head": {
			"translation": [0, -34.75, 0],
			"scale": [4, 1, 4]
		}
	}
}