{
	"credit": "Made with Blockbench",
	"texture_size": [64, 64],
	"textures": {
		"1": "custom/other/garden_receptor"
	},
	"elements": [
		{
			"from": [6, 6, 14],
			"to": [10, 10, 16],
			"rotation": {"angle": 0, "axis": "y", "origin": [0, 0, 16]},
			"faces": {
				"north": {"uv": [10.5, 3.5, 11.5, 4.5], "texture": "#1"},
				"east": {"uv": [3.5, 0, 4, 1], "texture": "#1"},
				"south": {"uv": [10.5, 4.5, 11.5, 5.5], "texture": "#1"},
				"west": {"uv": [3.5, 1, 4, 2], "texture": "#1"},
				"up": {"uv": [12.25, 3.5, 11.25, 3], "texture": "#1"},
				"down": {"uv": [12.25, 7, 11.25, 7.5], "texture": "#1"}
			}
		},
		{
			"from": [0, 13, 13],
			"to": [16, 16, 16],
			"rotation": {"angle": 0, "axis": "y", "origin": [0, 0, 16]},
			"faces": {
				"north": {"uv": [0, 4.5, 4, 5.25], "texture": "#1"},
				"east": {"uv": [0.75, 10.75, 1.5, 11.5], "texture": "#1"},
				"south": {"uv": [5, 0, 9, 0.75], "texture": "#1"},
				"west": {"uv": [1.5, 10.75, 2.25, 11.5], "texture": "#1"},
				"up": {"uv": [9, 1.5, 5, 0.75], "texture": "#1"},
				"down": {"uv": [9, 1.5, 5, 2.25], "texture": "#1"}
			}
		},
		{
			"from": [13, 3, 13],
			"to": [16, 13, 16],
			"rotation": {"angle": 0, "axis": "z", "origin": [8, 8, 14.5]},
			"faces": {
				"north": {"uv": [0.75, 8.25, 1.5, 10.75], "texture": "#1"},
				"east": {"uv": [1.5, 8.25, 2.25, 10.75], "texture": "#1"},
				"south": {"uv": [2.25, 8.25, 3, 10.75], "texture": "#1"},
				"west": {"uv": [3, 8.25, 3.75, 10.75], "texture": "#1"}
			}
		},
		{
			"from": [0, 0, 13],
			"to": [16, 3, 16],
			"rotation": {"angle": 0, "axis": "y", "origin": [16, 16, 16]},
			"faces": {
				"north": {"uv": [5, 2.25, 9, 3], "texture": "#1"},
				"east": {"uv": [10.75, 9, 11.5, 9.75], "texture": "#1"},
				"south": {"uv": [5, 3, 9, 3.75], "texture": "#1"},
				"west": {"uv": [10.75, 9.75, 11.5, 10.5], "texture": "#1"},
				"up": {"uv": [9, 4.5, 5, 3.75], "texture": "#1"},
				"down": {"uv": [9, 4.5, 5, 5.25], "texture": "#1"}
			}
		},
		{
			"from": [0, 3, 13],
			"to": [3, 13, 16],
			"rotation": {"angle": 0, "axis": "z", "origin": [8, 8, 14.5]},
			"faces": {
				"north": {"uv": [9, 0, 9.75, 2.5], "texture": "#1"},
				"east": {"uv": [9, 2.5, 9.75, 5], "texture": "#1"},
				"south": {"uv": [4.75, 9, 5.5, 11.5], "texture": "#1"},
				"west": {"uv": [9, 5, 9.75, 7.5], "texture": "#1"}
			}
		},
		{
			"from": [16, 0, 8],
			"to": [16, 3, 11],
			"rotation": {"angle": 0, "axis": "y", "origin": [16, 16, 16]},
			"faces": {
				"north": {"uv": [0, 5.25, 4, 6], "texture": "#1"},
				"east": {"uv": [11.25, 0, 12, 0.75], "texture": "#1"},
				"south": {"uv": [5, 5.25, 9, 6], "texture": "#1"},
				"west": {"uv": [12, 0, 11.25, 0.75], "texture": "#1"},
				"up": {"uv": [4, 6.75, 0, 6], "texture": "#1"},
				"down": {"uv": [9, 6, 5, 6.75], "texture": "#1"}
			}
		},
		{
			"from": [0, 0, 8],
			"to": [16, 0, 11],
			"rotation": {"angle": 0, "axis": "y", "origin": [16, 16, 16]},
			"faces": {
				"north": {"uv": [0, 5.25, 4, 6], "texture": "#1"},
				"east": {"uv": [11.25, 0, 12, 0.75], "texture": "#1"},
				"south": {"uv": [5, 5.25, 9, 6], "texture": "#1"},
				"west": {"uv": [11.25, 0.75, 12, 1.5], "texture": "#1"},
				"up": {"uv": [9, 6.75, 5, 6], "texture": "#1"},
				"down": {"uv": [9, 6, 5, 6.75], "texture": "#1"}
			}
		},
		{
			"from": [16, 3, 8],
			"to": [16, 13, 11],
			"rotation": {"angle": 0, "axis": "z", "origin": [8, 8, 14.5]},
			"faces": {
				"north": {"uv": [5.5, 9, 6.25, 11.5], "texture": "#1"},
				"east": {"uv": [6.25, 9, 7, 11.5], "texture": "#1"},
				"south": {"uv": [7, 9, 7.75, 11.5], "texture": "#1"},
				"west": {"uv": [7, 9, 6.25, 11.5], "texture": "#1"},
				"up": {"uv": [12, 2.25, 11.25, 1.5], "texture": "#1"}
			}
		},
		{
			"from": [16, 3, 3],
			"to": [16, 13, 6],
			"rotation": {"angle": 0, "axis": "z", "origin": [8, 8, 14.5]},
			"faces": {
				"north": {"uv": [8.5, 9, 9.25, 11.5], "texture": "#1"},
				"east": {"uv": [9.25, 9, 10, 11.5], "texture": "#1"},
				"south": {"uv": [9.75, 0, 10.5, 2.5], "texture": "#1"},
				"west": {"uv": [10, 9, 9.25, 11.5], "texture": "#1"},
				"down": {"uv": [12, 6.25, 11.25, 7], "texture": "#1"}
			}
		},
		{
			"from": [16, 13, 3],
			"to": [16, 16, 6],
			"rotation": {"angle": 0, "axis": "y", "origin": [0, 0, 16]},
			"faces": {
				"north": {"uv": [0, 6.75, 4, 7.5], "texture": "#1"},
				"east": {"uv": [10.75, 11.25, 11.5, 12], "texture": "#1"},
				"south": {"uv": [5, 6.75, 9, 7.5], "texture": "#1"},
				"west": {"uv": [11.5, 11.25, 10.75, 12], "texture": "#1"},
				"up": {"uv": [4, 8.25, 0, 7.5], "texture": "#1"},
				"down": {"uv": [9, 7.5, 5, 8.25], "texture": "#1"}
			}
		},
		{
			"from": [0, 16, 3],
			"to": [16, 16, 6],
			"rotation": {"angle": 0, "axis": "y", "origin": [0, 0, 16]},
			"faces": {
				"north": {"uv": [0, 6.75, 4, 7.5], "texture": "#1"},
				"east": {"uv": [10.75, 11.25, 11.5, 12], "texture": "#1"},
				"south": {"uv": [5, 6.75, 9, 7.5], "texture": "#1"},
				"west": {"uv": [0.75, 11.5, 1.5, 12.25], "texture": "#1"},
				"up": {"uv": [4, 8.25, 0, 7.5], "texture": "#1"},
				"down": {"uv": [4, 7.5, 0, 8.25], "texture": "#1"}
			}
		},
		{
			"from": [14.5, 7, 6],
			"to": [17.5, 17, 13],
			"rotation": {"angle": 22.5, "axis": "z", "origin": [15, 12, 11.5]},
			"faces": {
				"north": {"uv": [9.75, 5, 10.5, 7.5], "texture": "#1"},
				"east": {"uv": [0, 0, 1.75, 2.5], "texture": "#1"},
				"south": {"uv": [10, 9, 10.75, 11.5], "texture": "#1"},
				"west": {"uv": [1.75, 0, 3.5, 2.5], "texture": "#1"},
				"up": {"uv": [11.25, 1.75, 10.5, 0], "texture": "#1"},
				"down": {"uv": [11.25, 1.75, 10.5, 3.5], "texture": "#1"}
			}
		},
		{
			"from": [14, 6, 0.25],
			"to": [17, 10, 16.25],
			"rotation": {"angle": 0, "axis": "z", "origin": [8, 8, 14.75]},
			"faces": {
				"north": {"uv": [10.5, 5.5, 11.25, 6.5], "texture": "#1"},
				"east": {"uv": [0, 2.5, 4, 3.5], "texture": "#1"},
				"south": {"uv": [10.5, 6.5, 11.25, 7.5], "texture": "#1"},
				"west": {"uv": [0, 3.5, 4, 4.5], "texture": "#1"},
				"up": {"uv": [4.75, 12, 4, 8], "texture": "#1"},
				"down": {"uv": [0.75, 8.25, 0, 12.25], "texture": "#1"}
			}
		},
		{
			"from": [-2.5, -1.5, 0.25],
			"to": [1.5, 1.5, 16.25],
			"rotation": {"angle": -45, "axis": "z", "origin": [-0.5, 0, 8.25]},
			"faces": {
				"north": {"uv": [9, 7.5, 10, 8.25], "texture": "#1"},
				"east": {"uv": [4.75, 8.25, 8.75, 9], "texture": "#1"},
				"south": {"uv": [10, 7.5, 11, 8.25], "texture": "#1"},
				"west": {"uv": [8.75, 8.25, 12.75, 9], "texture": "#1"},
				"up": {"uv": [5, 4, 4, 0], "texture": "#1"},
				"down": {"uv": [5, 4, 4, 8], "texture": "#1"}
			}
		}
	],
	"display": {
		"thirdperson_righthand": {
			"rotation": [75, 45, 0],
			"translation": [0, 2.5, 0],
			"scale": [0.375, 0.375, 0.375]
		},
		"thirdperson_lefthand": {
			"rotation": [75, 45, 0],
			"translation": [0, 2.5, 0],
			"scale": [0.375, 0.375, 0.375]
		},
		"firstperson_righthand": {
			"rotation": [0, 45, 0],
			"scale": [0.4, 0.4, 0.4]
		},
		"firstperson_lefthand": {
			"rotation": [0, 225, 0],
			"scale": [0.4, 0.4, 0.4]
		},
		"ground": {
			"translation": [0, 3, 0],
			"scale": [0.25, 0.25, 0.25]
		},
		"gui": {
			"rotation": [30, 136, 0],
			"translation": [-1, 0, 0],
			"scale": [0.625, 0.625, 0.625]
		},
		"fixed": {
			"scale": [0.5, 0.5, 0.5]
		}
	}
}