{
	"credit": "Made with Blockbench",
	"texture_size": [64, 64],
	"textures": {
		"0": "custom/other/garden_beacon",
		"particle": "custom/other/garden_beacon"
	},
	"elements": [
		{
			"from": [0, 0, 13],
			"to": [16, 3, 16],
			"rotation": {"angle": 0, "axis": "y", "origin": [0, 16, 16]},
			"faces": {
				"north": {"uv": [0, 5.75, 4, 5], "texture": "#0"},
				"east": {"uv": [6.5, 7.5, 7.25, 6.75], "texture": "#0"},
				"south": {"uv": [5, 2.75, 9, 2], "texture": "#0"},
				"west": {"uv": [7.25, 0.75, 8, 0], "texture": "#0"},
				"up": {"uv": [9, 4.25, 5, 3.5], "texture": "#0"},
				"down": {"uv": [9, 2.75, 5, 3.5], "texture": "#0"}
			}
		},
		{
			"from": [13, 3, 13],
			"to": [16, 13, 16],
			"rotation": {"angle": 0, "axis": "z", "origin": [8, 8, 14.5]},
			"faces": {
				"north": {"uv": [0, 8.25, 0.75, 5.75], "texture": "#0"},
				"east": {"uv": [0.75, 8.25, 1.5, 5.75], "texture": "#0"},
				"south": {"uv": [1.5, 8.25, 2.25, 5.75], "texture": "#0"},
				"west": {"uv": [2.25, 8.25, 3, 5.75], "texture": "#0"},
				"up": {"uv": [8, 5, 7.25, 4.25], "texture": "#0"},
				"down": {"uv": [8, 0.75, 7.25, 1.5], "texture": "#0"}
			}
		},
		{
			"from": [3, 3, 15],
			"to": [13, 13, 16],
			"rotation": {"angle": 0, "axis": "y", "origin": [16, 19, 16]},
			"faces": {
				"north": {"uv": [0, 0, 2.5, 2.5], "texture": "#0"},
				"east": {"uv": [4.75, 5, 5, 7.5], "texture": "#0"},
				"south": {"uv": [0, 2.5, 2.5, 5], "texture": "#0"},
				"west": {"uv": [3.75, 5.75, 4, 8.25], "texture": "#0"},
				"up": {"uv": [9, 1.75, 6.5, 1.5], "texture": "#0"},
				"down": {"uv": [9, 1.75, 6.5, 2], "texture": "#0"}
			}
		},
		{
			"from": [14, 6, 0],
			"to": [17, 10, 16],
			"rotation": {"angle": -22.5, "axis": "y", "origin": [8, 8, 14.5]},
			"faces": {
				"north": {"uv": [6.5, 5.75, 7.25, 6.75], "texture": "#0"},
				"east": {"uv": [2.5, 0, 6.5, 1], "texture": "#0"},
				"south": {"uv": [5.75, 6.75, 6.5, 7.75], "texture": "#0"},
				"west": {"uv": [2.5, 1, 6.5, 2], "texture": "#0"},
				"up": {"uv": [4.75, 9, 4, 5], "texture": "#0"},
				"down": {"uv": [5.75, 4.25, 5, 8.25], "texture": "#0"}
			}
		},
		{
			"from": [14, 5, 6],
			"to": [17, 11, 16],
			"rotation": {"angle": -45, "axis": "y", "origin": [15.5, 8, 16]},
			"faces": {
				"north": {"uv": [6.5, 0, 7.25, 1.5], "texture": "#0"},
				"east": {"uv": [2.5, 2, 5, 3.5], "texture": "#0"},
				"south": {"uv": [6.5, 4.25, 7.25, 5.75], "texture": "#0"},
				"west": {"uv": [2.5, 3.5, 5, 5], "texture": "#0"},
				"up": {"uv": [3.75, 8.25, 3, 5.75], "texture": "#0"},
				"down": {"uv": [6.5, 4.25, 5.75, 6.75], "texture": "#0"}
			}
		},
		{
			"from": [-1, 6, 0],
			"to": [2, 10, 16],
			"rotation": {"angle": 22.5, "axis": "y", "origin": [8, 8, 14.5]},
			"faces": {
				"north": {"uv": [7.25, 5.75, 6.5, 6.75], "texture": "#0"},
				"east": {"uv": [6.5, 1, 2.5, 2], "texture": "#0"},
				"south": {"uv": [6.5, 6.75, 5.75, 7.75], "texture": "#0"},
				"west": {"uv": [6.5, 0, 2.5, 1], "texture": "#0"},
				"up": {"uv": [4, 9, 4.75, 5], "texture": "#0"},
				"down": {"uv": [5, 4.25, 5.75, 8.25], "texture": "#0"}
			}
		},
		{
			"from": [-1, 5, 6],
			"to": [2, 11, 16],
			"rotation": {"angle": 45, "axis": "y", "origin": [0.5, 8, 16]},
			"faces": {
				"north": {"uv": [7.25, 0, 6.5, 1.5], "texture": "#0"},
				"east": {"uv": [5, 3.5, 2.5, 5], "texture": "#0"},
				"south": {"uv": [7.25, 4.25, 6.5, 5.75], "texture": "#0"},
				"west": {"uv": [5, 2, 2.5, 3.5], "texture": "#0"},
				"up": {"uv": [3, 8.25, 3.75, 5.75], "texture": "#0"},
				"down": {"uv": [5.75, 4.25, 6.5, 6.75], "texture": "#0"}
			}
		},
		{
			"from": [6, -1, 0],
			"to": [10, 2, 16],
			"rotation": {"angle": -22.5, "axis": "x", "origin": [8, 8, 14.5]},
			"faces": {
				"north": {"uv": [7.25, 5.75, 6.5, 6.75], "rotation": 90, "texture": "#0"},
				"east": {"uv": [5, 4.25, 5.75, 8.25], "rotation": 270, "texture": "#0"},
				"south": {"uv": [6.5, 6.75, 5.75, 7.75], "rotation": 270, "texture": "#0"},
				"west": {"uv": [4, 9, 4.75, 5], "rotation": 270, "texture": "#0"},
				"up": {"uv": [6.5, 1, 2.5, 2], "rotation": 270, "texture": "#0"},
				"down": {"uv": [6.5, 0, 2.5, 1], "rotation": 270, "texture": "#0"}
			}
		},
		{
			"from": [5, -1, 6],
			"to": [11, 2, 16],
			"rotation": {"angle": -45, "axis": "x", "origin": [8, 0.5, 16]},
			"faces": {
				"north": {"uv": [7.25, 0, 6.5, 1.5], "rotation": 90, "texture": "#0"},
				"east": {"uv": [5.75, 4.25, 6.5, 6.75], "rotation": 270, "texture": "#0"},
				"south": {"uv": [7.25, 4.25, 6.5, 5.75], "rotation": 270, "texture": "#0"},
				"west": {"uv": [3, 8.25, 3.75, 5.75], "rotation": 270, "texture": "#0"},
				"up": {"uv": [5, 3.5, 2.5, 5], "rotation": 270, "texture": "#0"},
				"down": {"uv": [5, 2, 2.5, 3.5], "rotation": 270, "texture": "#0"}
			}
		},
		{
			"from": [6, 14, 0],
			"to": [10, 17, 16],
			"rotation": {"angle": 22.5, "axis": "x", "origin": [8, 8, 14.5]},
			"faces": {
				"north": {"uv": [6.5, 5.75, 7.25, 6.75], "rotation": 90, "texture": "#0"},
				"east": {"uv": [5.75, 4.25, 5, 8.25], "rotation": 270, "texture": "#0"},
				"south": {"uv": [5.75, 6.75, 6.5, 7.75], "rotation": 270, "texture": "#0"},
				"west": {"uv": [4.75, 9, 4, 5], "rotation": 270, "texture": "#0"},
				"up": {"uv": [2.5, 0, 6.5, 1], "rotation": 270, "texture": "#0"},
				"down": {"uv": [2.5, 1, 6.5, 2], "rotation": 270, "texture": "#0"}
			}
		},
		{
			"from": [5, 14, 6],
			"to": [11, 17, 16],
			"rotation": {"angle": 45, "axis": "x", "origin": [8, 15.5, 16]},
			"faces": {
				"north": {"uv": [6.5, 0, 7.25, 1.5], "rotation": 90, "texture": "#0"},
				"east": {"uv": [6.5, 4.25, 5.75, 6.75], "rotation": 270, "texture": "#0"},
				"south": {"uv": [6.5, 4.25, 7.25, 5.75], "rotation": 270, "texture": "#0"},
				"west": {"uv": [3.75, 8.25, 3, 5.75], "rotation": 270, "texture": "#0"},
				"up": {"uv": [2.5, 2, 5, 3.5], "rotation": 270, "texture": "#0"},
				"down": {"uv": [2.5, 3.5, 5, 5], "rotation": 270, "texture": "#0"}
			}
		},
		{
			"from": [0, 3, 13],
			"to": [3, 13, 16],
			"rotation": {"angle": 0, "axis": "z", "origin": [8, 8, 14.5]},
			"faces": {
				"north": {"uv": [0.75, 5.75, 0, 8.25], "texture": "#0"},
				"east": {"uv": [3, 5.75, 2.25, 8.25], "texture": "#0"},
				"south": {"uv": [2.25, 5.75, 1.5, 8.25], "texture": "#0"},
				"west": {"uv": [1.5, 5.75, 0.75, 8.25], "texture": "#0"},
				"up": {"uv": [7.25, 1.5, 8, 0.75], "texture": "#0"},
				"down": {"uv": [7.25, 4.25, 8, 5], "texture": "#0"}
			}
		},
		{
			"from": [0, 13, 13],
			"to": [16, 16, 16],
			"rotation": {"angle": 0, "axis": "y", "origin": [16, 0, 16]},
			"faces": {
				"north": {"uv": [4, 5, 0, 5.75], "texture": "#0"},
				"east": {"uv": [8, 0, 7.25, 0.75], "texture": "#0"},
				"south": {"uv": [9, 2, 5, 2.75], "texture": "#0"},
				"west": {"uv": [7.25, 6.75, 6.5, 7.5], "texture": "#0"},
				"up": {"uv": [5, 3.5, 9, 2.75], "texture": "#0"},
				"down": {"uv": [5, 3.5, 9, 4.25], "texture": "#0"}
			}
		}
	],
	"display": {
		"thirdperson_righthand": {
			"rotation": [75, 45, 0],
			"translation": [0, 2.5, 0],
			"scale": [0.375, 0.375, 0.375]
		},
		"thirdperson_lefthand": {
			"rotation": [75, 45, 0],
			"translation": [0, 2.5, 0],
			"scale": [0.375, 0.375, 0.375]
		},
		"firstperson_righthand": {
			"rotation": [0, 45, 0],
			"scale": [0.4, 0.4, 0.4]
		},
		"firstperson_lefthand": {
			"rotation": [0, 225, 0],
			"scale": [0.4, 0.4, 0.4]
		},
		"ground": {
			"translation": [0, 3, 0],
			"scale": [0.25, 0.25, 0.25]
		},
		"gui": {
			"rotation": [30, 225, 0],
			"scale": [0.625, 0.625, 0.625]
		},
		"fixed": {
			"scale": [0.5, 0.5, 0.5]
		}
	}
}