{
	"credit": "Made with Blockbench",
	"texture_size": [32, 32],
	"textures": {
		"0": "custom/other/greenhouse_fountain",
		"1": "custom/other/greenhouse_fountain_effect",
		"particle": "custom/other/greenhouse_fountain"
	},
	"elements": [
		{
			"from": [-1, 8.001, 14],
			"to": [17, 10.001, 14],
			"rotation": {"angle": 45, "axis": "x", "origin": [0, 8.001, 14]},
			"faces": {
				"north": {"uv": [6, 4, 12, 5], "texture": "#0"},
				"east": {"uv": [0, 0, 0, 1], "texture": "#0"},
				"south": {"uv": [12, 4, 6, 5], "texture": "#0"},
				"west": {"uv": [0, 0, 0, 1], "texture": "#0"},
				"up": {"uv": [6, 0, 0, 0], "texture": "#0"},
				"down": {"uv": [6, 0, 0, 0], "texture": "#0"}
			}
		},
		{
			"from": [-1, 9.41429, 15.4146],
			"to": [17, 9.41429, 19.4146],
			"rotation": {"angle": -22.5, "axis": "x", "origin": [0, 9.41429, 15.4146]},
			"faces": {
				"north": {"uv": [0, 0, 6, 0], "texture": "#0"},
				"east": {"uv": [0, 0, 2, 0], "texture": "#0"},
				"south": {"uv": [0, 0, 6, 0], "texture": "#0"},
				"west": {"uv": [0, 0, 2, 0], "texture": "#0"},
				"up": {"uv": [12, 2, 6, 0], "texture": "#0"},
				"down": {"uv": [12, 0, 6, 2], "texture": "#0"}
			}
		},
		{
			"from": [-1, 10.94495, 19.10973],
			"to": [17, 10.94495, 21.10973],
			"rotation": {"angle": 0, "axis": "x", "origin": [0, 10.94495, 13.88406]},
			"faces": {
				"north": {"uv": [0, 0, 6, 0], "texture": "#0"},
				"east": {"uv": [0, 0, 1, 0], "texture": "#0"},
				"south": {"uv": [0, 0, 6, 0], "texture": "#0"},
				"west": {"uv": [0, 0, 1, 0], "texture": "#0"},
				"up": {"uv": [12, 7, 6, 6], "texture": "#0"},
				"down": {"uv": [12, 6, 6, 7], "texture": "#0"}
			}
		},
		{
			"from": [-1, 11.94313, 21.30789],
			"to": [17, 11.94313, 23.30789],
			"rotation": {"angle": 22.5, "axis": "x", "origin": [0, 11.94313, 18.6997]},
			"faces": {
				"north": {"uv": [0, 0, 6, 0], "texture": "#0"},
				"east": {"uv": [0, 0, 1, 0], "texture": "#0"},
				"south": {"uv": [0, 0, 6, 0], "texture": "#0"},
				"west": {"uv": [0, 0, 1, 0], "texture": "#0"},
				"up": {"uv": [12, 9, 6, 8], "texture": "#0"},
				"down": {"uv": [12, 8, 6, 9], "texture": "#0"}
			}
		},
		{
			"from": [-1, 7.98166, 21.95846],
			"to": [17, 9.98166, 21.95846],
			"rotation": {"angle": -22.5, "axis": "x", "origin": [0, 12.58985, 21.95846]},
			"faces": {
				"north": {"uv": [12, 11, 6, 12], "texture": "#0"},
				"east": {"uv": [0, 0, 0, 1], "texture": "#0"},
				"south": {"uv": [6, 11, 12, 12], "texture": "#0"},
				"west": {"uv": [0, 0, 0, 1], "texture": "#0"},
				"up": {"uv": [6, 0, 0, 0], "texture": "#0"},
				"down": {"uv": [6, 0, 0, 0], "texture": "#0"}
			}
		},
		{
			"from": [-1, 8.001, 2],
			"to": [17, 10.001, 2],
			"rotation": {"angle": -45, "axis": "x", "origin": [0, 8.001, 2]},
			"faces": {
				"north": {"uv": [6, 4, 12, 5], "texture": "#0"},
				"east": {"uv": [0, 0, 0, 1], "texture": "#0"},
				"south": {"uv": [12, 4, 6, 5], "texture": "#0"},
				"west": {"uv": [0, 0, 0, 1], "texture": "#0"},
				"up": {"uv": [6, 0, 0, 0], "texture": "#0"},
				"down": {"uv": [6, 0, 0, 0], "texture": "#0"}
			}
		},
		{
			"from": [-1, 9.41429, -3.4146],
			"to": [17, 9.41429, 0.5854],
			"rotation": {"angle": 22.5, "axis": "x", "origin": [0, 9.41429, 0.5854]},
			"faces": {
				"north": {"uv": [6, 0, 0, 0], "texture": "#0"},
				"east": {"uv": [2, 0, 0, 0], "texture": "#0"},
				"south": {"uv": [6, 0, 0, 0], "texture": "#0"},
				"west": {"uv": [2, 0, 0, 0], "texture": "#0"},
				"up": {"uv": [12, 0, 6, 2], "texture": "#0"},
				"down": {"uv": [12, 2, 6, 0], "texture": "#0"}
			}
		},
		{
			"from": [-1, 10.94495, -5.10973],
			"to": [17, 10.94495, -3.10973],
			"rotation": {"angle": 0, "axis": "x", "origin": [0, 10.94495, 2.11594]},
			"faces": {
				"north": {"uv": [6, 0, 0, 0], "texture": "#0"},
				"east": {"uv": [1, 0, 0, 0], "texture": "#0"},
				"south": {"uv": [6, 0, 0, 0], "texture": "#0"},
				"west": {"uv": [1, 0, 0, 0], "texture": "#0"},
				"up": {"uv": [12, 6, 6, 7], "texture": "#0"},
				"down": {"uv": [12, 7, 6, 6], "texture": "#0"}
			}
		},
		{
			"from": [-1, 11.94313, -7.30789],
			"to": [17, 11.94313, -5.30789],
			"rotation": {"angle": -22.5, "axis": "x", "origin": [0, 11.94313, -2.6997]},
			"faces": {
				"north": {"uv": [6, 0, 0, 0], "texture": "#0"},
				"east": {"uv": [1, 0, 0, 0], "texture": "#0"},
				"south": {"uv": [6, 0, 0, 0], "texture": "#0"},
				"west": {"uv": [1, 0, 0, 0], "texture": "#0"},
				"up": {"uv": [12, 8, 6, 9], "texture": "#0"},
				"down": {"uv": [12, 9, 6, 8], "texture": "#0"}
			}
		},
		{
			"from": [-1, 7.98166, -5.95846],
			"to": [17, 9.98166, -5.95846],
			"rotation": {"angle": 22.5, "axis": "x", "origin": [0, 12.58985, -5.95846]},
			"faces": {
				"north": {"uv": [12, 11, 6, 12], "texture": "#0"},
				"east": {"uv": [0, 0, 0, 1], "texture": "#0"},
				"south": {"uv": [6, 11, 12, 12], "texture": "#0"},
				"west": {"uv": [0, 0, 0, 1], "texture": "#0"},
				"up": {"uv": [6, 0, 0, 0], "texture": "#0"},
				"down": {"uv": [6, 0, 0, 0], "texture": "#0"}
			}
		},
		{
			"from": [2.46652, 12.77833, -1],
			"to": [2.46652, 14.77833, 17],
			"rotation": {"angle": 45, "axis": "z", "origin": [8, 9.82653, 8]},
			"faces": {
				"north": {"uv": [0, 0, 0, 1], "texture": "#0"},
				"east": {"uv": [6, 4, 12, 5], "texture": "#0"},
				"south": {"uv": [0, 0, 0, 1], "texture": "#0"},
				"west": {"uv": [12, 4, 6, 5], "texture": "#0"},
				"up": {"uv": [6, 0, 0, 0], "rotation": 90, "texture": "#0"},
				"down": {"uv": [6, 0, 0, 0], "rotation": 270, "texture": "#0"}
			}
		},
		{
			"from": [-2.69244, 6.60823, -1],
			"to": [1.30756, 6.60823, 17],
			"rotation": {"angle": -22.5, "axis": "z", "origin": [8, 9.82653, 8]},
			"faces": {
				"north": {"uv": [0, 0, 2, 0], "texture": "#0"},
				"east": {"uv": [0, 0, 6, 0], "texture": "#0"},
				"south": {"uv": [0, 0, 2, 0], "texture": "#0"},
				"west": {"uv": [0, 0, 6, 0], "texture": "#0"},
				"up": {"uv": [12, 2, 6, 0], "rotation": 90, "texture": "#0"},
				"down": {"uv": [12, 0, 6, 2], "rotation": 270, "texture": "#0"}
			}
		},
		{
			"from": [-5.10973, 10.94495, -1],
			"to": [-3.10973, 10.94495, 17],
			"rotation": {"angle": 0, "axis": "x", "origin": [8, 9.82653, 8]},
			"faces": {
				"north": {"uv": [0, 0, 1, 0], "texture": "#0"},
				"east": {"uv": [0, 0, 6, 0], "texture": "#0"},
				"south": {"uv": [0, 0, 1, 0], "texture": "#0"},
				"west": {"uv": [0, 0, 6, 0], "texture": "#0"},
				"up": {"uv": [12, 7, 6, 6], "rotation": 90, "texture": "#0"},
				"down": {"uv": [12, 6, 6, 7], "rotation": 270, "texture": "#0"}
			}
		},
		{
			"from": [-5.68343, 15.87661, -1],
			"to": [-3.68343, 15.87661, 17],
			"rotation": {"angle": 22.5, "axis": "z", "origin": [8, 9.82653, 8]},
			"faces": {
				"north": {"uv": [0, 0, 1, 0], "texture": "#0"},
				"east": {"uv": [0, 0, 6, 0], "texture": "#0"},
				"south": {"uv": [0, 0, 1, 0], "texture": "#0"},
				"west": {"uv": [0, 0, 6, 0], "texture": "#0"},
				"up": {"uv": [12, 9, 6, 8], "rotation": 90, "texture": "#0"},
				"down": {"uv": [12, 8, 6, 9], "rotation": 270, "texture": "#0"}
			}
		},
		{
			"from": [-5.95341, 2.42965, -1],
			"to": [-5.95341, 4.42965, 17],
			"rotation": {"angle": -22.5, "axis": "z", "origin": [8, 9.82653, 8]},
			"faces": {
				"north": {"uv": [0, 0, 0, 1], "texture": "#0"},
				"east": {"uv": [12, 11, 6, 12], "texture": "#0"},
				"south": {"uv": [0, 0, 0, 1], "texture": "#0"},
				"west": {"uv": [6, 11, 12, 12], "texture": "#0"},
				"up": {"uv": [6, 0, 0, 0], "rotation": 90, "texture": "#0"},
				"down": {"uv": [6, 0, 0, 0], "rotation": 270, "texture": "#0"}
			}
		},
		{
			"from": [13.53348, 12.77833, -1],
			"to": [13.53348, 14.77833, 17],
			"rotation": {"angle": -45, "axis": "z", "origin": [8, 9.82653, 8]},
			"faces": {
				"north": {"uv": [0, 0, 0, 1], "texture": "#0"},
				"east": {"uv": [6, 4, 12, 5], "texture": "#0"},
				"south": {"uv": [0, 0, 0, 1], "texture": "#0"},
				"west": {"uv": [12, 4, 6, 5], "texture": "#0"},
				"up": {"uv": [6, 0, 0, 0], "rotation": 90, "texture": "#0"},
				"down": {"uv": [6, 0, 0, 0], "rotation": 270, "texture": "#0"}
			}
		},
		{
			"from": [14.69244, 6.60823, -1],
			"to": [18.69244, 6.60823, 17],
			"rotation": {"angle": 22.5, "axis": "z", "origin": [8, 9.82653, 8]},
			"faces": {
				"north": {"uv": [2, 0, 0, 0], "texture": "#0"},
				"east": {"uv": [6, 0, 0, 0], "texture": "#0"},
				"south": {"uv": [2, 0, 0, 0], "texture": "#0"},
				"west": {"uv": [6, 0, 0, 0], "texture": "#0"},
				"up": {"uv": [12, 0, 6, 2], "rotation": 90, "texture": "#0"},
				"down": {"uv": [12, 2, 6, 0], "rotation": 270, "texture": "#0"}
			}
		},
		{
			"from": [21.95341, 2.42965, -1],
			"to": [21.95341, 4.42965, 17],
			"rotation": {"angle": 22.5, "axis": "z", "origin": [8, 9.82653, 8]},
			"faces": {
				"north": {"uv": [0, 0, 0, 1], "texture": "#0"},
				"east": {"uv": [12, 11, 6, 12], "texture": "#0"},
				"south": {"uv": [0, 0, 0, 1], "texture": "#0"},
				"west": {"uv": [6, 11, 12, 12], "texture": "#0"},
				"up": {"uv": [6, 0, 0, 0], "rotation": 90, "texture": "#0"},
				"down": {"uv": [6, 0, 0, 0], "rotation": 270, "texture": "#0"}
			}
		},
		{
			"from": [19.68343, 15.87661, -1],
			"to": [21.68343, 15.87661, 17],
			"rotation": {"angle": -22.5, "axis": "z", "origin": [8, 9.82653, 8]},
			"faces": {
				"north": {"uv": [1, 0, 0, 0], "texture": "#0"},
				"east": {"uv": [6, 0, 0, 0], "texture": "#0"},
				"south": {"uv": [1, 0, 0, 0], "texture": "#0"},
				"west": {"uv": [6, 0, 0, 0], "texture": "#0"},
				"up": {"uv": [12, 8, 6, 9], "rotation": 90, "texture": "#0"},
				"down": {"uv": [12, 9, 6, 8], "rotation": 270, "texture": "#0"}
			}
		},
		{
			"from": [19.10973, 10.94495, -1],
			"to": [21.10973, 10.94495, 17],
			"rotation": {"angle": 0, "axis": "x", "origin": [8, 9.82653, 8]},
			"faces": {
				"north": {"uv": [1, 0, 0, 0], "texture": "#0"},
				"east": {"uv": [6, 0, 0, 0], "texture": "#0"},
				"south": {"uv": [1, 0, 0, 0], "texture": "#0"},
				"west": {"uv": [6, 0, 0, 0], "texture": "#0"},
				"up": {"uv": [12, 6, 6, 7], "rotation": 90, "texture": "#0"},
				"down": {"uv": [12, 7, 6, 6], "rotation": 270, "texture": "#0"}
			}
		},
		{
			"from": [2, 8, 2],
			"to": [14, 8, 14],
			"rotation": {"angle": 0, "axis": "y", "origin": [0, 8, 0]},
			"faces": {
				"north": {"uv": [0, 0, 6, 0], "texture": "#0"},
				"east": {"uv": [0, 0, 6, 0], "texture": "#0"},
				"south": {"uv": [0, 0, 6, 0], "texture": "#0"},
				"west": {"uv": [0, 0, 6, 0], "texture": "#0"},
				"up": {"uv": [6, 6, 0, 0], "texture": "#0"},
				"down": {"uv": [6, 0, 0, 6], "texture": "#0"}
			}
		},
		{
			"from": [-2, 8, 8],
			"to": [18, 28, 8],
			"rotation": {"angle": -45, "axis": "y", "origin": [8, 18, 8]},
			"faces": {
				"north": {"uv": [16, 0, 0, 16], "texture": "#1"},
				"south": {"uv": [0, 0, 16, 16], "texture": "#1"}
			}
		},
		{
			"from": [8, 8, -2],
			"to": [8, 28, 18],
			"rotation": {"angle": -45, "axis": "y", "origin": [8, 18, 8]},
			"faces": {
				"east": {"uv": [16, 0, 0, 16], "texture": "#1"},
				"west": {"uv": [0, 0, 16, 16], "texture": "#1"}
			}
		}
	]
}