{
	"credit": "Made with Blockbench",
	"texture_size": [64, 64],
	"textures": {
		"1": "custom/other/library_wipe",
		"3": "block/crying_obsidian",
		"particle": "block/crying_obsidian"
	},
	"elements": [
		{
			"from": [-8, 0, 9],
			"to": [8, 16, 9],
			"rotation": {"angle": 45, "axis": "z", "origin": [8, 8, 9]},
			"faces": {
				"north": {"uv": [0, 16, 16, 0], "rotation": 270, "texture": "#1"},
				"east": {"uv": [0, 0, 4, 0], "rotation": 90, "texture": "#1"},
				"south": {"uv": [0, 0, 16, 16], "rotation": 270, "texture": "#1"},
				"west": {"uv": [0, 0, 4, 0], "rotation": 90, "texture": "#1"},
				"up": {"uv": [0, 0, 0, 1.25], "rotation": 270, "texture": "#1"},
				"down": {"uv": [0, 0, 0, 1.25], "rotation": 270, "texture": "#1"}
			}
		},
		{
			"from": [8, 0, 8.875],
			"to": [24, 16, 8.875],
			"rotation": {"angle": -45, "axis": "z", "origin": [8, 8, 9]},
			"faces": {
				"north": {"uv": [0, 0, 16, 16], "rotation": 270, "texture": "#1"},
				"east": {"uv": [0, 0, 4, 0], "rotation": 90, "texture": "#1"},
				"south": {"uv": [0, 16, 16, 0], "rotation": 270, "texture": "#1"},
				"west": {"uv": [0, 0, 4, 0], "rotation": 90, "texture": "#1"},
				"up": {"uv": [0, 1.25, 0, 0], "rotation": 270, "texture": "#1"},
				"down": {"uv": [0, 1.25, 0, 0], "rotation": 270, "texture": "#1"}
			}
		},
		{
			"from": [8, 0, 9],
			"to": [24, 16, 9],
			"rotation": {"angle": 45, "axis": "z", "origin": [8, 8, 9]},
			"faces": {
				"north": {"uv": [16, 0, 0, 16], "rotation": 270, "texture": "#1"},
				"east": {"uv": [4, 0, 0, 0], "rotation": 90, "texture": "#1"},
				"south": {"uv": [16, 16, 0, 0], "rotation": 270, "texture": "#1"},
				"west": {"uv": [4, 0, 0, 0], "rotation": 90, "texture": "#1"},
				"up": {"uv": [0, 1.25, 0, 0], "rotation": 270, "texture": "#1"},
				"down": {"uv": [0, 1.25, 0, 0], "rotation": 270, "texture": "#1"}
			}
		},
		{
			"from": [-8, 0, 8.875],
			"to": [8, 16, 8.875],
			"rotation": {"angle": -45, "axis": "z", "origin": [8, 8, 9]},
			"faces": {
				"north": {"uv": [16, 16, 0, 0], "rotation": 270, "texture": "#1"},
				"east": {"uv": [4, 0, 0, 0], "rotation": 90, "texture": "#1"},
				"south": {"uv": [16, 0, 0, 16], "rotation": 270, "texture": "#1"},
				"west": {"uv": [4, 0, 0, 0], "rotation": 90, "texture": "#1"},
				"up": {"uv": [0, 0, 0, 1.25], "rotation": 270, "texture": "#1"},
				"down": {"uv": [0, 0, 0, 1.25], "rotation": 270, "texture": "#1"}
			}
		},
		{
			"from": [4, 10, 8],
			"to": [12, 12, 8],
			"rotation": {"angle": -45, "axis": "z", "origin": [8, 8, 8]},
			"faces": {
				"north": {"uv": [0, 16, 16, 0], "texture": "#3"},
				"east": {"uv": [0, 0, 0, 1.25], "rotation": 180, "texture": "#3"},
				"south": {"uv": [0, 8, 16, 16], "rotation": 180, "texture": "#3"},
				"west": {"uv": [0, 0, 0, 1.25], "rotation": 180, "texture": "#3"},
				"up": {"uv": [0, 0, 4, 0], "texture": "#3"},
				"down": {"uv": [0, 0, 4, 0], "texture": "#3"}
			}
		},
		{
			"from": [10, 6, 8],
			"to": [12, 10, 8],
			"rotation": {"angle": -45, "axis": "z", "origin": [8, 8, 8]},
			"faces": {
				"north": {"uv": [0, 16, 16, 0], "texture": "#3"},
				"east": {"uv": [0, 0, 0, 1.25], "rotation": 180, "texture": "#3"},
				"south": {"uv": [0, 8, 16, 16], "rotation": 180, "texture": "#3"},
				"west": {"uv": [0, 0, 0, 1.25], "rotation": 180, "texture": "#3"},
				"up": {"uv": [0, 0, 4, 0], "texture": "#3"},
				"down": {"uv": [0, 0, 4, 0], "texture": "#3"}
			}
		},
		{
			"from": [4, 6, 8],
			"to": [6, 10, 8],
			"rotation": {"angle": -45, "axis": "z", "origin": [8, 8, 8]},
			"faces": {
				"north": {"uv": [0, 16, 16, 0], "texture": "#3"},
				"east": {"uv": [0, 0, 0, 1.25], "rotation": 180, "texture": "#3"},
				"south": {"uv": [0, 8, 16, 16], "rotation": 180, "texture": "#3"},
				"west": {"uv": [0, 0, 0, 1.25], "rotation": 180, "texture": "#3"},
				"up": {"uv": [0, 0, 4, 0], "texture": "#3"},
				"down": {"uv": [0, 0, 4, 0], "texture": "#3"}
			}
		},
		{
			"from": [4, 4, 8],
			"to": [12, 6, 8],
			"rotation": {"angle": -45, "axis": "z", "origin": [8, 8, 8]},
			"faces": {
				"north": {"uv": [0, 16, 16, 0], "texture": "#3"},
				"east": {"uv": [0, 0, 0, 1.25], "rotation": 180, "texture": "#3"},
				"south": {"uv": [0, 8, 16, 16], "rotation": 180, "texture": "#3"},
				"west": {"uv": [0, 0, 0, 1.25], "rotation": 180, "texture": "#3"},
				"up": {"uv": [0, 0, 4, 0], "texture": "#3"},
				"down": {"uv": [0, 0, 4, 0], "texture": "#3"}
			}
		},
		{
			"from": [7, 7, 7.5],
			"to": [9, 9, 7.5],
			"rotation": {"angle": -45, "axis": "z", "origin": [8, 8, 8]},
			"faces": {
				"north": {"uv": [0, 16, 16, 0], "texture": "#3"},
				"east": {"uv": [0, 0, 0, 1.25], "rotation": 180, "texture": "#3"},
				"south": {"uv": [0, 8, 16, 16], "rotation": 180, "texture": "#3"},
				"west": {"uv": [0, 0, 0, 1.25], "rotation": 180, "texture": "#3"},
				"up": {"uv": [0, 0, 4, 0], "texture": "#3"},
				"down": {"uv": [0, 0, 4, 0], "texture": "#3"}
			}
		}
	],
	"display": {
		"thirdperson_righthand": {
			"scale": [0, 0, 0]
		},
		"thirdperson_lefthand": {
			"scale": [0, 0, 0]
		},
		"firstperson_lefthand": {
			"scale": [0, 0, 0]
		},
		"ground": {
			"scale": [0, 0, 0]
		},
		"gui": {
			"scale": [0, 0, 0]
		}
	},
	"groups": [
		{
			"name": "group",
			"origin": [8, 0, 0],
			"color": 0,
			"children": [0, 1, 2, 3, 4, 5, 6, 7, 8]
		}
	]
}