{
	"credit": "Made with Blockbench",
	"texture_size": [32, 32],
	"textures": {
		"0": "custom/other/library_beacon_off",
		"particle": "custom/other/library_beacon_off"
	},
	"elements": [
		{
			"from": [8, 0, -8],
			"to": [24, 16, 8],
			"faces": {
				"north": {"uv": [0, 0, 8, 8], "texture": "#0"},
				"east": {"uv": [8, 0, 0, 8], "texture": "#0"}
			}
		},
		{
			"from": [8, 16, -8],
			"to": [24, 24, 8],
			"rotation": {"angle": 0, "axis": "y", "origin": [0, 16, 0]},
			"faces": {
				"north": {"uv": [8, 4, 16, 0], "texture": "#0"},
				"east": {"uv": [16, 4, 8, 0], "texture": "#0"}
			}
		},
		{
			"from": [8, -8, -8],
			"to": [24, 0, 8],
			"faces": {
				"north": {"uv": [8, 0, 16, 4], "texture": "#0"},
				"east": {"uv": [16, 0, 8, 4], "texture": "#0"}
			}
		},
		{
			"from": [-8, 0, -8],
			"to": [8, 16, 8],
			"rotation": {"angle": 0, "axis": "y", "origin": [16, 0, 0]},
			"faces": {
				"north": {"uv": [8, 0, 0, 8], "texture": "#0"},
				"west": {"uv": [0, 0, 8, 8], "texture": "#0"}
			}
		},
		{
			"from": [-8, 16, -8],
			"to": [8, 24, 8],
			"rotation": {"angle": 0, "axis": "y", "origin": [16, 16, 0]},
			"faces": {
				"north": {"uv": [16, 4, 8, 0], "texture": "#0"},
				"west": {"uv": [8, 4, 16, 0], "texture": "#0"}
			}
		},
		{
			"from": [-8, -8, -8],
			"to": [8, 0, 8],
			"rotation": {"angle": 0, "axis": "y", "origin": [16, 0, 0]},
			"faces": {
				"north": {"uv": [16, 0, 8, 4], "texture": "#0"},
				"west": {"uv": [8, 0, 16, 4], "texture": "#0"}
			}
		},
		{
			"from": [8, 0, 8],
			"to": [24, 16, 24],
			"rotation": {"angle": 0, "axis": "y", "origin": [0, 0, 16]},
			"faces": {
				"east": {"uv": [0, 0, 8, 8], "texture": "#0"},
				"south": {"uv": [8, 0, 0, 8], "texture": "#0"}
			}
		},
		{
			"from": [8, 16, 8],
			"to": [24, 24, 24],
			"rotation": {"angle": 0, "axis": "y", "origin": [0, 16, 16]},
			"faces": {
				"east": {"uv": [8, 4, 16, 0], "texture": "#0"},
				"south": {"uv": [16, 4, 8, 0], "texture": "#0"}
			}
		},
		{
			"from": [8, -8, 8],
			"to": [24, 0, 24],
			"rotation": {"angle": 0, "axis": "y", "origin": [0, 0, 16]},
			"faces": {
				"east": {"uv": [8, 0, 16, 4], "texture": "#0"},
				"south": {"uv": [16, 0, 8, 4], "texture": "#0"}
			}
		},
		{
			"from": [-8, -8, 8],
			"to": [8, 0, 24],
			"rotation": {"angle": 0, "axis": "y", "origin": [16, 0, 16]},
			"faces": {
				"south": {"uv": [8, 0, 16, 4], "texture": "#0"},
				"west": {"uv": [16, 0, 8, 4], "texture": "#0"}
			}
		},
		{
			"from": [-8, 16, 8],
			"to": [8, 24, 24],
			"rotation": {"angle": 0, "axis": "y", "origin": [16, 16, 16]},
			"faces": {
				"south": {"uv": [8, 4, 16, 0], "texture": "#0"},
				"west": {"uv": [16, 4, 8, 0], "texture": "#0"}
			}
		},
		{
			"from": [-8, 0, 8],
			"to": [8, 16, 24],
			"rotation": {"angle": 0, "axis": "y", "origin": [16, 0, 16]},
			"faces": {
				"south": {"uv": [0, 0, 8, 8], "texture": "#0"},
				"west": {"uv": [8, 0, 0, 8], "texture": "#0"}
			}
		}
	],
	"display": {
		"thirdperson_righthand": {
			"scale": [0, 0, 0]
		},
		"thirdperson_lefthand": {
			"scale": [0, 0, 0]
		},
		"firstperson_lefthand": {
			"scale": [0, 0, 0]
		},
		"ground": {
			"scale": [0, 0, 0]
		},
		"gui": {
			"scale": [0, 0, 0]
		}
	}
}