{
	"credit": "Made with Blockbench",
	"texture_size": [64, 64],
	"textures": {
		"1": "custom/other/library_wipe",
		"2": "custom/other/hollowphage_aoe"
	},
	"elements": [
		{
			"from": [0, 16.00618, -2.93805],
			"to": [16, 23.00618, -2.93805],
			"rotation": {"angle": -22.5, "axis": "x", "origin": [8, 12.2686, 8]},
			"faces": {
				"north": {"uv": [0, 0, 16, 8], "texture": "#1"},
				"east": {"uv": [0, 0, 0, 1.25], "texture": "#1"},
				"south": {"uv": [16, 0, 0, 8], "texture": "#1"},
				"west": {"uv": [0, 0, 0, 1.25], "texture": "#1"},
				"up": {"uv": [0, 0, 4, 0], "texture": "#1"},
				"down": {"uv": [0, 0, 4, 0], "texture": "#1"}
			}
		},
		{
			"from": [0, 3.59339, 0.3615],
			"to": [16, 3.59339, 5.3615],
			"rotation": {"angle": 45, "axis": "x", "origin": [8, 12.2686, 8]},
			"faces": {
				"north": {"uv": [0, 0, 4, 0], "rotation": 180, "texture": "#1"},
				"east": {"uv": [0, 0, 0, 1.25], "rotation": 90, "texture": "#1"},
				"south": {"uv": [0, 0, 4, 0], "texture": "#1"},
				"west": {"uv": [0, 0, 0, 1.25], "rotation": 270, "texture": "#1"},
				"up": {"uv": [16, 8, 0, 16], "texture": "#1"},
				"down": {"uv": [16, 16, 0, 8], "texture": "#1"}
			}
		},
		{
			"from": [0, 16.00618, 18.93805],
			"to": [16, 23.00618, 18.93805],
			"rotation": {"angle": 22.5, "axis": "x", "origin": [8, 12.2686, 8]},
			"faces": {
				"north": {"uv": [16, 0, 0, 8], "texture": "#1"},
				"east": {"uv": [0, 0, 0, 1.25], "texture": "#1"},
				"south": {"uv": [0, 0, 16, 8], "texture": "#1"},
				"west": {"uv": [0, 0, 0, 1.25], "texture": "#1"},
				"up": {"uv": [4, 0, 0, 0], "texture": "#1"},
				"down": {"uv": [4, 0, 0, 0], "texture": "#1"}
			}
		},
		{
			"from": [0, 3.59339, 10.6385],
			"to": [16, 3.59339, 15.6385],
			"rotation": {"angle": -45, "axis": "x", "origin": [8, 12.2686, 8]},
			"faces": {
				"north": {"uv": [0, 0, 4, 0], "texture": "#1"},
				"east": {"uv": [0, 0, 0, 1.25], "rotation": 270, "texture": "#1"},
				"south": {"uv": [0, 0, 4, 0], "rotation": 180, "texture": "#1"},
				"west": {"uv": [0, 0, 0, 1.25], "rotation": 90, "texture": "#1"},
				"up": {"uv": [0, 16, 16, 8], "texture": "#1"},
				"down": {"uv": [0, 8, 16, 16], "texture": "#1"}
			}
		},
		{
			"from": [-2.93805, 16.00618, 0],
			"to": [-2.93805, 23.00618, 16],
			"rotation": {"angle": 22.5, "axis": "z", "origin": [8, 12.2686, 8]},
			"faces": {
				"north": {"uv": [0, 0, 0, 1.25], "texture": "#1"},
				"east": {"uv": [16, 0, 0, 8], "texture": "#1"},
				"south": {"uv": [0, 0, 0, 1.25], "texture": "#1"},
				"west": {"uv": [0, 0, 16, 8], "texture": "#1"},
				"up": {"uv": [4, 0, 0, 0], "rotation": 90, "texture": "#1"},
				"down": {"uv": [4, 0, 0, 0], "rotation": 270, "texture": "#1"}
			}
		},
		{
			"from": [0.3615, 3.59339, 0],
			"to": [5.3615, 3.59339, 16],
			"rotation": {"angle": -45, "axis": "z", "origin": [8, 12.2686, 8]},
			"faces": {
				"north": {"uv": [0, 0, 0, 1.25], "rotation": 90, "texture": "#1"},
				"east": {"uv": [0, 0, 4, 0], "texture": "#1"},
				"south": {"uv": [0, 0, 0, 1.25], "rotation": 270, "texture": "#1"},
				"west": {"uv": [0, 0, 4, 0], "rotation": 180, "texture": "#1"},
				"up": {"uv": [0, 16, 16, 8], "rotation": 90, "texture": "#1"},
				"down": {"uv": [0, 8, 16, 16], "rotation": 270, "texture": "#1"}
			}
		},
		{
			"from": [-3.67521, 8, 0],
			"to": [-3.67521, 17, 16],
			"rotation": {"angle": -45, "axis": "y", "origin": [8, 13.2686, 8]},
			"faces": {
				"north": {"uv": [0, 0, 0, 1.25], "texture": "#2"},
				"east": {"uv": [16, 0, 0, 8], "texture": "#2"},
				"south": {"uv": [0, 0, 0, 1.25], "texture": "#2"},
				"west": {"uv": [0, 0, 16, 8], "texture": "#2"},
				"up": {"uv": [0, 0, 4, 0], "rotation": 270, "texture": "#2"},
				"down": {"uv": [0, 0, 4, 0], "rotation": 90, "texture": "#2"}
			}
		},
		{
			"from": [19.67521, 8, 0],
			"to": [19.67521, 17, 16],
			"rotation": {"angle": 45, "axis": "y", "origin": [8, 13.2686, 8]},
			"faces": {
				"north": {"uv": [0, 0, 0, 1.25], "texture": "#2"},
				"east": {"uv": [16, 0, 0, 8], "texture": "#2"},
				"south": {"uv": [0, 0, 0, 1.25], "texture": "#2"},
				"west": {"uv": [0, 0, 16, 8], "texture": "#2"},
				"up": {"uv": [0, 0, 4, 0], "rotation": 270, "texture": "#2"},
				"down": {"uv": [0, 0, 4, 0], "rotation": 90, "texture": "#2"}
			}
		},
		{
			"from": [19.67521, 8, 0],
			"to": [19.67521, 17, 16],
			"rotation": {"angle": -45, "axis": "y", "origin": [8, 13.2686, 8]},
			"faces": {
				"north": {"uv": [0, 0, 0, 1.25], "texture": "#2"},
				"east": {"uv": [0, 0, 16, 8], "texture": "#2"},
				"south": {"uv": [0, 0, 0, 1.25], "texture": "#2"},
				"west": {"uv": [16, 0, 0, 8], "texture": "#2"},
				"up": {"uv": [4, 0, 0, 0], "rotation": 270, "texture": "#2"},
				"down": {"uv": [4, 0, 0, 0], "rotation": 90, "texture": "#2"}
			}
		},
		{
			"from": [-3.67521, 8, 0],
			"to": [-3.67521, 17, 16],
			"rotation": {"angle": 45, "axis": "y", "origin": [8, 13.2686, 8]},
			"faces": {
				"north": {"uv": [0, 0, 0, 1.25], "texture": "#2"},
				"east": {"uv": [0, 0, 16, 8], "texture": "#2"},
				"south": {"uv": [0, 0, 0, 1.25], "texture": "#2"},
				"west": {"uv": [16, 0, 0, 8], "texture": "#2"},
				"up": {"uv": [4, 0, 0, 0], "rotation": 270, "texture": "#2"},
				"down": {"uv": [4, 0, 0, 0], "rotation": 90, "texture": "#2"}
			}
		},
		{
			"from": [18.93805, 16.00618, 0],
			"to": [18.93805, 23.00618, 16],
			"rotation": {"angle": -22.5, "axis": "z", "origin": [8, 12.2686, 8]},
			"faces": {
				"north": {"uv": [0, 0, 0, 1.25], "texture": "#1"},
				"east": {"uv": [0, 0, 16, 8], "texture": "#1"},
				"south": {"uv": [0, 0, 0, 1.25], "texture": "#1"},
				"west": {"uv": [16, 0, 0, 8], "texture": "#1"},
				"up": {"uv": [0, 0, 4, 0], "rotation": 90, "texture": "#1"},
				"down": {"uv": [0, 0, 4, 0], "rotation": 270, "texture": "#1"}
			}
		},
		{
			"from": [10.6385, 3.59339, 0],
			"to": [15.6385, 3.59339, 16],
			"rotation": {"angle": 45, "axis": "z", "origin": [8, 12.2686, 8]},
			"faces": {
				"north": {"uv": [0, 0, 0, 1.25], "rotation": 270, "texture": "#1"},
				"east": {"uv": [0, 0, 4, 0], "rotation": 180, "texture": "#1"},
				"south": {"uv": [0, 0, 0, 1.25], "rotation": 90, "texture": "#1"},
				"west": {"uv": [0, 0, 4, 0], "texture": "#1"},
				"up": {"uv": [16, 8, 0, 16], "rotation": 90, "texture": "#1"},
				"down": {"uv": [16, 16, 0, 8], "rotation": 270, "texture": "#1"}
			}
		}
	],
	"display": {
		"thirdperson_righthand": {
			"scale": [0, 0, 0]
		},
		"thirdperson_lefthand": {
			"scale": [0, 0, 0]
		},
		"firstperson_lefthand": {
			"scale": [0, 0, 0]
		},
		"ground": {
			"scale": [0, 0, 0]
		},
		"gui": {
			"scale": [0, 0, 0]
		}
	},
	"groups": [
		{
			"name": "group",
			"origin": [8, 0, 0],
			"color": 0,
			"nbt": "{}",
			"children": [0, 1, 2, 3, 4, 5, 6, 7, 8, 9, 10, 11]
		}
	]
}