{
	"credit": "Made with Blockbench",
	"texture_size": [32, 32],
	"textures": {
		"0": "custom/other/library_beacon_on",
		"1": "custom/entity/mob/chest_light",
		"particle": "custom/other/library_beacon_on"
	},
	"elements": [
		{
			"from": [-8, 0, 8],
			"to": [8, 16, 24],
			"rotation": {"angle": 0, "axis": "y", "origin": [16, 0, 16]},
			"faces": {
				"south": {"uv": [0, 0, 8, 8], "texture": "#0"},
				"west": {"uv": [8, 0, 0, 8], "texture": "#0"}
			}
		},
		{
			"from": [-8, 0, -8],
			"to": [8, 16, 8],
			"rotation": {"angle": 0, "axis": "y", "origin": [16, 0, 0]},
			"faces": {
				"north": {"uv": [8, 0, 0, 8], "texture": "#0"},
				"west": {"uv": [0, 0, 8, 8], "texture": "#0"}
			}
		},
		{
			"from": [8, 0, -8],
			"to": [24, 16, 8],
			"faces": {
				"north": {"uv": [0, 0, 8, 8], "texture": "#0"},
				"east": {"uv": [8, 0, 0, 8], "texture": "#0"}
			}
		},
		{
			"from": [8, 0, 8],
			"to": [24, 16, 24],
			"rotation": {"angle": 0, "axis": "y", "origin": [0, 0, 16]},
			"faces": {
				"east": {"uv": [0, 0, 8, 8], "texture": "#0"},
				"south": {"uv": [8, 0, 0, 8], "texture": "#0"}
			}
		},
		{
			"from": [-12.47421, 18.66387, 1],
			"to": [-4.47421, 18.66387, 5],
			"rotation": {"angle": 22.5, "axis": "z", "origin": [8, 6.96927, 8]},
			"faces": {
				"north": {"uv": [0, 0, 4, 0], "texture": "#1"},
				"east": {"uv": [0, 0, 2, 0], "texture": "#1"},
				"south": {"uv": [0, 0, 4, 0], "texture": "#1"},
				"west": {"uv": [0, 0, 2, 0], "texture": "#1"},
				"up": {"uv": [0, 16, 2, 0], "rotation": 90, "texture": "#1"},
				"down": {"uv": [0, 16, 2, 1], "rotation": 90, "texture": "#1"}
			}
		},
		{
			"from": [-13.62226, 15.89223, 1],
			"to": [-5.62226, 15.89223, 5],
			"rotation": {"angle": 22.5, "axis": "z", "origin": [8, 6.96927, 8]},
			"faces": {
				"north": {"uv": [0, 0, 4, 0], "texture": "#1"},
				"east": {"uv": [0, 0, 2, 0], "texture": "#1"},
				"south": {"uv": [0, 0, 4, 0], "texture": "#1"},
				"west": {"uv": [0, 0, 2, 0], "texture": "#1"},
				"up": {"uv": [0, 16, 2, 0], "rotation": 90, "texture": "#1"},
				"down": {"uv": [0, 16, 2, 1], "rotation": 90, "texture": "#1"}
			}
		},
		{
			"from": [-15.91836, 10.34896, -2],
			"to": [-7.91836, 10.34896, 6],
			"rotation": {"angle": 22.5, "axis": "z", "origin": [8, 6.96927, 8]},
			"faces": {
				"north": {"uv": [0, 0, 4, 0], "texture": "#1"},
				"east": {"uv": [0, 0, 2, 0], "texture": "#1"},
				"south": {"uv": [0, 0, 4, 0], "texture": "#1"},
				"west": {"uv": [0, 0, 2, 0], "texture": "#1"},
				"up": {"uv": [0, 16, 2, 0], "rotation": 90, "texture": "#1"},
				"down": {"uv": [0, 16, 2, 1], "rotation": 90, "texture": "#1"}
			}
		},
		{
			"from": [-14.77031, 13.1206, -5],
			"to": [-6.77031, 13.1206, 0],
			"rotation": {"angle": 22.5, "axis": "z", "origin": [8, 6.96927, 8]},
			"faces": {
				"north": {"uv": [0, 0, 4, 0], "texture": "#1"},
				"east": {"uv": [0, 0, 2, 0], "texture": "#1"},
				"south": {"uv": [0, 0, 4, 0], "texture": "#1"},
				"west": {"uv": [0, 0, 2, 0], "texture": "#1"},
				"up": {"uv": [0, 16, 2, 0], "rotation": 90, "texture": "#1"},
				"down": {"uv": [0, 16, 2, 1], "rotation": 90, "texture": "#1"}
			}
		},
		{
			"from": [-15.91836, 10.34896, -5],
			"to": [-7.91836, 10.34896, -4],
			"rotation": {"angle": 22.5, "axis": "z", "origin": [8, 6.96927, 8]},
			"faces": {
				"north": {"uv": [0, 0, 4, 0], "texture": "#1"},
				"east": {"uv": [0, 0, 2, 0], "texture": "#1"},
				"south": {"uv": [0, 0, 4, 0], "texture": "#1"},
				"west": {"uv": [0, 0, 2, 0], "texture": "#1"},
				"up": {"uv": [0, 16, 2, 0], "rotation": 90, "texture": "#1"},
				"down": {"uv": [0, 16, 2, 1], "rotation": 90, "texture": "#1"}
			}
		},
		{
			"from": [-14.77031, 13.1206, 1],
			"to": [-6.77031, 13.1206, 2],
			"rotation": {"angle": 22.5, "axis": "z", "origin": [8, 6.96927, 8]},
			"faces": {
				"north": {"uv": [0, 0, 4, 0], "texture": "#1"},
				"east": {"uv": [0, 0, 2, 0], "texture": "#1"},
				"south": {"uv": [0, 0, 4, 0], "texture": "#1"},
				"west": {"uv": [0, 0, 2, 0], "texture": "#1"},
				"up": {"uv": [0, 16, 2, 0], "rotation": 90, "texture": "#1"},
				"down": {"uv": [0, 16, 2, 1], "rotation": 90, "texture": "#1"}
			}
		},
		{
			"from": [-13.62226, 15.89223, -1],
			"to": [-5.62226, 15.89223, 0],
			"rotation": {"angle": 22.5, "axis": "z", "origin": [8, 6.96927, 8]},
			"faces": {
				"north": {"uv": [0, 0, 4, 0], "texture": "#1"},
				"east": {"uv": [0, 0, 2, 0], "texture": "#1"},
				"south": {"uv": [0, 0, 4, 0], "texture": "#1"},
				"west": {"uv": [0, 0, 2, 0], "texture": "#1"},
				"up": {"uv": [0, 16, 2, 0], "rotation": 90, "texture": "#1"},
				"down": {"uv": [0, 16, 2, 1], "rotation": 90, "texture": "#1"}
			}
		},
		{
			"from": [-12.47421, 18.66387, -1],
			"to": [-4.47421, 18.66387, 0],
			"rotation": {"angle": 22.5, "axis": "z", "origin": [8, 6.96927, 8]},
			"faces": {
				"north": {"uv": [0, 0, 4, 0], "texture": "#1"},
				"east": {"uv": [0, 0, 2, 0], "texture": "#1"},
				"south": {"uv": [0, 0, 4, 0], "texture": "#1"},
				"west": {"uv": [0, 0, 2, 0], "texture": "#1"},
				"up": {"uv": [0, 16, 2, 0], "rotation": 90, "texture": "#1"},
				"down": {"uv": [0, 16, 2, 1], "rotation": 90, "texture": "#1"}
			}
		},
		{
			"from": [-12.47421, 18.66387, -3],
			"to": [-4.47421, 18.66387, -2],
			"rotation": {"angle": 22.5, "axis": "z", "origin": [8, 6.96927, 8]},
			"faces": {
				"north": {"uv": [0, 0, 4, 0], "texture": "#1"},
				"east": {"uv": [0, 0, 2, 0], "texture": "#1"},
				"south": {"uv": [0, 0, 4, 0], "texture": "#1"},
				"west": {"uv": [0, 0, 2, 0], "texture": "#1"},
				"up": {"uv": [0, 16, 2, 0], "rotation": 90, "texture": "#1"},
				"down": {"uv": [0, 16, 2, 1], "rotation": 90, "texture": "#1"}
			}
		},
		{
			"from": [-12.47421, 18.66387, -5],
			"to": [-4.47421, 18.66387, -4],
			"rotation": {"angle": 22.5, "axis": "z", "origin": [8, 6.96927, 8]},
			"faces": {
				"north": {"uv": [0, 0, 4, 0], "texture": "#1"},
				"east": {"uv": [0, 0, 2, 0], "texture": "#1"},
				"south": {"uv": [0, 0, 4, 0], "texture": "#1"},
				"west": {"uv": [0, 0, 2, 0], "texture": "#1"},
				"up": {"uv": [0, 16, 2, 0], "rotation": 90, "texture": "#1"},
				"down": {"uv": [0, 16, 2, 1], "rotation": 90, "texture": "#1"}
			}
		},
		{
			"from": [-13.62226, 15.89223, -5],
			"to": [-5.62226, 15.89223, -4],
			"rotation": {"angle": 22.5, "axis": "z", "origin": [8, 6.96927, 8]},
			"faces": {
				"north": {"uv": [0, 0, 4, 0], "texture": "#1"},
				"east": {"uv": [0, 0, 2, 0], "texture": "#1"},
				"south": {"uv": [0, 0, 4, 0], "texture": "#1"},
				"west": {"uv": [0, 0, 2, 0], "texture": "#1"},
				"up": {"uv": [0, 16, 2, 0], "rotation": 90, "texture": "#1"},
				"down": {"uv": [0, 16, 2, 1], "rotation": 90, "texture": "#1"}
			}
		},
		{
			"from": [-13.62226, 15.89223, 6],
			"to": [-5.62226, 15.89223, 7],
			"rotation": {"angle": 22.5, "axis": "z", "origin": [8, 6.96927, 8]},
			"faces": {
				"north": {"uv": [0, 0, 4, 0], "texture": "#1"},
				"east": {"uv": [0, 0, 2, 0], "texture": "#1"},
				"south": {"uv": [0, 0, 4, 0], "texture": "#1"},
				"west": {"uv": [0, 0, 2, 0], "texture": "#1"},
				"up": {"uv": [0, 16, 2, 0], "rotation": 90, "texture": "#1"},
				"down": {"uv": [0, 16, 2, 1], "rotation": 90, "texture": "#1"}
			}
		},
		{
			"from": [-12.47421, 18.66387, 1],
			"to": [-4.47421, 18.66387, 5],
			"rotation": {"angle": 22.5, "axis": "z", "origin": [8, 6.96927, 8]},
			"faces": {
				"north": {"uv": [0, 0, 4, 0], "texture": "#1"},
				"east": {"uv": [0, 0, 2, 0], "texture": "#1"},
				"south": {"uv": [0, 0, 4, 0], "texture": "#1"},
				"west": {"uv": [0, 0, 2, 0], "texture": "#1"},
				"up": {"uv": [0, 16, 2, 1], "rotation": 90, "texture": "#1"},
				"down": {"uv": [0, 16, 2, 1], "rotation": 90, "texture": "#1"}
			}
		},
		{
			"from": [-12.47421, 18.66387, 11],
			"to": [-4.47421, 18.66387, 15],
			"rotation": {"angle": 22.5, "axis": "z", "origin": [8, 6.96927, 8]},
			"faces": {
				"north": {"uv": [4, 0, 0, 0], "texture": "#1"},
				"east": {"uv": [2, 0, 0, 0], "texture": "#1"},
				"south": {"uv": [4, 0, 0, 0], "texture": "#1"},
				"west": {"uv": [2, 0, 0, 0], "texture": "#1"},
				"up": {"uv": [2, 16, 0, 0], "rotation": 90, "texture": "#1"},
				"down": {"uv": [2, 16, 0, 1], "rotation": 90, "texture": "#1"}
			}
		},
		{
			"from": [-12.47421, 18.66387, 11],
			"to": [-4.47421, 18.66387, 15],
			"rotation": {"angle": 22.5, "axis": "z", "origin": [8, 6.96927, 8]},
			"faces": {
				"north": {"uv": [4, 0, 0, 0], "texture": "#1"},
				"east": {"uv": [2, 0, 0, 0], "texture": "#1"},
				"south": {"uv": [4, 0, 0, 0], "texture": "#1"},
				"west": {"uv": [2, 0, 0, 0], "texture": "#1"},
				"up": {"uv": [2, 16, 0, 1], "rotation": 90, "texture": "#1"},
				"down": {"uv": [2, 16, 0, 1], "rotation": 90, "texture": "#1"}
			}
		},
		{
			"from": [-13.62226, 15.89223, 11],
			"to": [-5.62226, 15.89223, 15],
			"rotation": {"angle": 22.5, "axis": "z", "origin": [8, 6.96927, 8]},
			"faces": {
				"north": {"uv": [4, 0, 0, 0], "texture": "#1"},
				"east": {"uv": [2, 0, 0, 0], "texture": "#1"},
				"south": {"uv": [4, 0, 0, 0], "texture": "#1"},
				"west": {"uv": [2, 0, 0, 0], "texture": "#1"},
				"up": {"uv": [2, 16, 0, 0], "rotation": 90, "texture": "#1"},
				"down": {"uv": [2, 16, 0, 1], "rotation": 90, "texture": "#1"}
			}
		},
		{
			"from": [-15.91836, 10.34896, 10],
			"to": [-7.91836, 10.34896, 18],
			"rotation": {"angle": 22.5, "axis": "z", "origin": [8, 6.96927, 8]},
			"faces": {
				"north": {"uv": [4, 0, 0, 0], "texture": "#1"},
				"east": {"uv": [2, 0, 0, 0], "texture": "#1"},
				"south": {"uv": [4, 0, 0, 0], "texture": "#1"},
				"west": {"uv": [2, 0, 0, 0], "texture": "#1"},
				"up": {"uv": [2, 16, 0, 0], "rotation": 90, "texture": "#1"},
				"down": {"uv": [2, 16, 0, 1], "rotation": 90, "texture": "#1"}
			}
		},
		{
			"from": [-14.77031, 13.1206, 16],
			"to": [-6.77031, 13.1206, 21],
			"rotation": {"angle": 22.5, "axis": "z", "origin": [8, 6.96927, 8]},
			"faces": {
				"north": {"uv": [4, 0, 0, 0], "texture": "#1"},
				"east": {"uv": [2, 0, 0, 0], "texture": "#1"},
				"south": {"uv": [4, 0, 0, 0], "texture": "#1"},
				"west": {"uv": [2, 0, 0, 0], "texture": "#1"},
				"up": {"uv": [2, 16, 0, 0], "rotation": 90, "texture": "#1"},
				"down": {"uv": [2, 16, 0, 1], "rotation": 90, "texture": "#1"}
			}
		},
		{
			"from": [-15.91836, 10.34896, 20],
			"to": [-7.91836, 10.34896, 21],
			"rotation": {"angle": 22.5, "axis": "z", "origin": [8, 6.96927, 8]},
			"faces": {
				"north": {"uv": [4, 0, 0, 0], "texture": "#1"},
				"east": {"uv": [2, 0, 0, 0], "texture": "#1"},
				"south": {"uv": [4, 0, 0, 0], "texture": "#1"},
				"west": {"uv": [2, 0, 0, 0], "texture": "#1"},
				"up": {"uv": [2, 16, 0, 0], "rotation": 90, "texture": "#1"},
				"down": {"uv": [2, 16, 0, 1], "rotation": 90, "texture": "#1"}
			}
		},
		{
			"from": [-14.77031, 13.1206, 14],
			"to": [-6.77031, 13.1206, 15],
			"rotation": {"angle": 22.5, "axis": "z", "origin": [8, 6.96927, 8]},
			"faces": {
				"north": {"uv": [4, 0, 0, 0], "texture": "#1"},
				"east": {"uv": [2, 0, 0, 0], "texture": "#1"},
				"south": {"uv": [4, 0, 0, 0], "texture": "#1"},
				"west": {"uv": [2, 0, 0, 0], "texture": "#1"},
				"up": {"uv": [2, 16, 0, 0], "rotation": 90, "texture": "#1"},
				"down": {"uv": [2, 16, 0, 1], "rotation": 90, "texture": "#1"}
			}
		},
		{
			"from": [-13.62226, 15.89223, 16],
			"to": [-5.62226, 15.89223, 17],
			"rotation": {"angle": 22.5, "axis": "z", "origin": [8, 6.96927, 8]},
			"faces": {
				"north": {"uv": [4, 0, 0, 0], "texture": "#1"},
				"east": {"uv": [2, 0, 0, 0], "texture": "#1"},
				"south": {"uv": [4, 0, 0, 0], "texture": "#1"},
				"west": {"uv": [2, 0, 0, 0], "texture": "#1"},
				"up": {"uv": [2, 16, 0, 0], "rotation": 90, "texture": "#1"},
				"down": {"uv": [2, 16, 0, 1], "rotation": 90, "texture": "#1"}
			}
		},
		{
			"from": [-12.47421, 18.66387, 16],
			"to": [-4.47421, 18.66387, 17],
			"rotation": {"angle": 22.5, "axis": "z", "origin": [8, 6.96927, 8]},
			"faces": {
				"north": {"uv": [4, 0, 0, 0], "texture": "#1"},
				"east": {"uv": [2, 0, 0, 0], "texture": "#1"},
				"south": {"uv": [4, 0, 0, 0], "texture": "#1"},
				"west": {"uv": [2, 0, 0, 0], "texture": "#1"},
				"up": {"uv": [2, 16, 0, 0], "rotation": 90, "texture": "#1"},
				"down": {"uv": [2, 16, 0, 1], "rotation": 90, "texture": "#1"}
			}
		},
		{
			"from": [-12.47421, 18.66387, 18],
			"to": [-4.47421, 18.66387, 19],
			"rotation": {"angle": 22.5, "axis": "z", "origin": [8, 6.96927, 8]},
			"faces": {
				"north": {"uv": [4, 0, 0, 0], "texture": "#1"},
				"east": {"uv": [2, 0, 0, 0], "texture": "#1"},
				"south": {"uv": [4, 0, 0, 0], "texture": "#1"},
				"west": {"uv": [2, 0, 0, 0], "texture": "#1"},
				"up": {"uv": [2, 16, 0, 0], "rotation": 90, "texture": "#1"},
				"down": {"uv": [2, 16, 0, 1], "rotation": 90, "texture": "#1"}
			}
		},
		{
			"from": [-12.47421, 18.66387, 20],
			"to": [-4.47421, 18.66387, 21],
			"rotation": {"angle": 22.5, "axis": "z", "origin": [8, 6.96927, 8]},
			"faces": {
				"north": {"uv": [4, 0, 0, 0], "texture": "#1"},
				"east": {"uv": [2, 0, 0, 0], "texture": "#1"},
				"south": {"uv": [4, 0, 0, 0], "texture": "#1"},
				"west": {"uv": [2, 0, 0, 0], "texture": "#1"},
				"up": {"uv": [2, 16, 0, 0], "rotation": 90, "texture": "#1"},
				"down": {"uv": [2, 16, 0, 1], "rotation": 90, "texture": "#1"}
			}
		},
		{
			"from": [-13.62226, 15.89223, 20],
			"to": [-5.62226, 15.89223, 21],
			"rotation": {"angle": 22.5, "axis": "z", "origin": [8, 6.96927, 8]},
			"faces": {
				"north": {"uv": [4, 0, 0, 0], "texture": "#1"},
				"east": {"uv": [2, 0, 0, 0], "texture": "#1"},
				"south": {"uv": [4, 0, 0, 0], "texture": "#1"},
				"west": {"uv": [2, 0, 0, 0], "texture": "#1"},
				"up": {"uv": [2, 16, 0, 0], "rotation": 90, "texture": "#1"},
				"down": {"uv": [2, 16, 0, 1], "rotation": 90, "texture": "#1"}
			}
		},
		{
			"from": [-13.62226, 15.89223, 9],
			"to": [-5.62226, 15.89223, 10],
			"rotation": {"angle": 22.5, "axis": "z", "origin": [8, 6.96927, 8]},
			"faces": {
				"north": {"uv": [4, 0, 0, 0], "texture": "#1"},
				"east": {"uv": [2, 0, 0, 0], "texture": "#1"},
				"south": {"uv": [4, 0, 0, 0], "texture": "#1"},
				"west": {"uv": [2, 0, 0, 0], "texture": "#1"},
				"up": {"uv": [2, 16, 0, 0], "rotation": 90, "texture": "#1"},
				"down": {"uv": [2, 16, 0, 1], "rotation": 90, "texture": "#1"}
			}
		},
		{
			"from": [20.47421, 18.66387, 1],
			"to": [28.47421, 18.66387, 5],
			"rotation": {"angle": -22.5, "axis": "z", "origin": [8, 6.96927, 8]},
			"faces": {
				"north": {"uv": [4, 0, 0, 0], "texture": "#1"},
				"east": {"uv": [2, 0, 0, 0], "texture": "#1"},
				"south": {"uv": [4, 0, 0, 0], "texture": "#1"},
				"west": {"uv": [2, 0, 0, 0], "texture": "#1"},
				"up": {"uv": [0, 0, 2, 16], "rotation": 90, "texture": "#1"},
				"down": {"uv": [0, 1, 2, 16], "rotation": 90, "texture": "#1"}
			}
		},
		{
			"from": [20.47421, 18.66387, 1],
			"to": [28.47421, 18.66387, 5],
			"rotation": {"angle": -22.5, "axis": "z", "origin": [8, 6.96927, 8]},
			"faces": {
				"north": {"uv": [4, 0, 0, 0], "texture": "#1"},
				"east": {"uv": [2, 0, 0, 0], "texture": "#1"},
				"south": {"uv": [4, 0, 0, 0], "texture": "#1"},
				"west": {"uv": [2, 0, 0, 0], "texture": "#1"},
				"up": {"uv": [0, 1, 2, 16], "rotation": 90, "texture": "#1"},
				"down": {"uv": [0, 1, 2, 16], "rotation": 90, "texture": "#1"}
			}
		},
		{
			"from": [21.62226, 15.89223, 1],
			"to": [29.62226, 15.89223, 5],
			"rotation": {"angle": -22.5, "axis": "z", "origin": [8, 6.96927, 8]},
			"faces": {
				"north": {"uv": [4, 0, 0, 0], "texture": "#1"},
				"east": {"uv": [2, 0, 0, 0], "texture": "#1"},
				"south": {"uv": [4, 0, 0, 0], "texture": "#1"},
				"west": {"uv": [2, 0, 0, 0], "texture": "#1"},
				"up": {"uv": [0, 0, 2, 16], "rotation": 90, "texture": "#1"},
				"down": {"uv": [0, 1, 2, 16], "rotation": 90, "texture": "#1"}
			}
		},
		{
			"from": [23.91836, 10.34896, -2],
			"to": [31.91836, 10.34896, 6],
			"rotation": {"angle": -22.5, "axis": "z", "origin": [8, 6.96927, 8]},
			"faces": {
				"north": {"uv": [4, 0, 0, 0], "texture": "#1"},
				"east": {"uv": [2, 0, 0, 0], "texture": "#1"},
				"south": {"uv": [4, 0, 0, 0], "texture": "#1"},
				"west": {"uv": [2, 0, 0, 0], "texture": "#1"},
				"up": {"uv": [0, 0, 2, 16], "rotation": 90, "texture": "#1"},
				"down": {"uv": [0, 1, 2, 16], "rotation": 90, "texture": "#1"}
			}
		},
		{
			"from": [22.77031, 13.1206, -5],
			"to": [30.77031, 13.1206, 0],
			"rotation": {"angle": -22.5, "axis": "z", "origin": [8, 6.96927, 8]},
			"faces": {
				"north": {"uv": [4, 0, 0, 0], "texture": "#1"},
				"east": {"uv": [2, 0, 0, 0], "texture": "#1"},
				"south": {"uv": [4, 0, 0, 0], "texture": "#1"},
				"west": {"uv": [2, 0, 0, 0], "texture": "#1"},
				"up": {"uv": [0, 0, 2, 16], "rotation": 90, "texture": "#1"},
				"down": {"uv": [0, 1, 2, 16], "rotation": 90, "texture": "#1"}
			}
		},
		{
			"from": [23.91836, 10.34896, -5],
			"to": [31.91836, 10.34896, -4],
			"rotation": {"angle": -22.5, "axis": "z", "origin": [8, 6.96927, 8]},
			"faces": {
				"north": {"uv": [4, 0, 0, 0], "texture": "#1"},
				"east": {"uv": [2, 0, 0, 0], "texture": "#1"},
				"south": {"uv": [4, 0, 0, 0], "texture": "#1"},
				"west": {"uv": [2, 0, 0, 0], "texture": "#1"},
				"up": {"uv": [0, 0, 2, 16], "rotation": 90, "texture": "#1"},
				"down": {"uv": [0, 1, 2, 16], "rotation": 90, "texture": "#1"}
			}
		},
		{
			"from": [22.77031, 13.1206, 1],
			"to": [30.77031, 13.1206, 2],
			"rotation": {"angle": -22.5, "axis": "z", "origin": [8, 6.96927, 8]},
			"faces": {
				"north": {"uv": [4, 0, 0, 0], "texture": "#1"},
				"east": {"uv": [2, 0, 0, 0], "texture": "#1"},
				"south": {"uv": [4, 0, 0, 0], "texture": "#1"},
				"west": {"uv": [2, 0, 0, 0], "texture": "#1"},
				"up": {"uv": [0, 0, 2, 16], "rotation": 90, "texture": "#1"},
				"down": {"uv": [0, 1, 2, 16], "rotation": 90, "texture": "#1"}
			}
		},
		{
			"from": [21.62226, 15.89223, -1],
			"to": [29.62226, 15.89223, 0],
			"rotation": {"angle": -22.5, "axis": "z", "origin": [8, 6.96927, 8]},
			"faces": {
				"north": {"uv": [4, 0, 0, 0], "texture": "#1"},
				"east": {"uv": [2, 0, 0, 0], "texture": "#1"},
				"south": {"uv": [4, 0, 0, 0], "texture": "#1"},
				"west": {"uv": [2, 0, 0, 0], "texture": "#1"},
				"up": {"uv": [0, 0, 2, 16], "rotation": 90, "texture": "#1"},
				"down": {"uv": [0, 1, 2, 16], "rotation": 90, "texture": "#1"}
			}
		},
		{
			"from": [20.47421, 18.66387, -1],
			"to": [28.47421, 18.66387, 0],
			"rotation": {"angle": -22.5, "axis": "z", "origin": [8, 6.96927, 8]},
			"faces": {
				"north": {"uv": [4, 0, 0, 0], "texture": "#1"},
				"east": {"uv": [2, 0, 0, 0], "texture": "#1"},
				"south": {"uv": [4, 0, 0, 0], "texture": "#1"},
				"west": {"uv": [2, 0, 0, 0], "texture": "#1"},
				"up": {"uv": [0, 0, 2, 16], "rotation": 90, "texture": "#1"},
				"down": {"uv": [0, 1, 2, 16], "rotation": 90, "texture": "#1"}
			}
		},
		{
			"from": [20.47421, 18.66387, -3],
			"to": [28.47421, 18.66387, -2],
			"rotation": {"angle": -22.5, "axis": "z", "origin": [8, 6.96927, 8]},
			"faces": {
				"north": {"uv": [4, 0, 0, 0], "texture": "#1"},
				"east": {"uv": [2, 0, 0, 0], "texture": "#1"},
				"south": {"uv": [4, 0, 0, 0], "texture": "#1"},
				"west": {"uv": [2, 0, 0, 0], "texture": "#1"},
				"up": {"uv": [0, 0, 2, 16], "rotation": 90, "texture": "#1"},
				"down": {"uv": [0, 1, 2, 16], "rotation": 90, "texture": "#1"}
			}
		},
		{
			"from": [20.47421, 18.66387, -5],
			"to": [28.47421, 18.66387, -4],
			"rotation": {"angle": -22.5, "axis": "z", "origin": [8, 6.96927, 8]},
			"faces": {
				"north": {"uv": [4, 0, 0, 0], "texture": "#1"},
				"east": {"uv": [2, 0, 0, 0], "texture": "#1"},
				"south": {"uv": [4, 0, 0, 0], "texture": "#1"},
				"west": {"uv": [2, 0, 0, 0], "texture": "#1"},
				"up": {"uv": [0, 0, 2, 16], "rotation": 90, "texture": "#1"},
				"down": {"uv": [0, 1, 2, 16], "rotation": 90, "texture": "#1"}
			}
		},
		{
			"from": [21.62226, 15.89223, -5],
			"to": [29.62226, 15.89223, -4],
			"rotation": {"angle": -22.5, "axis": "z", "origin": [8, 6.96927, 8]},
			"faces": {
				"north": {"uv": [4, 0, 0, 0], "texture": "#1"},
				"east": {"uv": [2, 0, 0, 0], "texture": "#1"},
				"south": {"uv": [4, 0, 0, 0], "texture": "#1"},
				"west": {"uv": [2, 0, 0, 0], "texture": "#1"},
				"up": {"uv": [0, 0, 2, 16], "rotation": 90, "texture": "#1"},
				"down": {"uv": [0, 1, 2, 16], "rotation": 90, "texture": "#1"}
			}
		},
		{
			"from": [21.62226, 15.89223, 6],
			"to": [29.62226, 15.89223, 7],
			"rotation": {"angle": -22.5, "axis": "z", "origin": [8, 6.96927, 8]},
			"faces": {
				"north": {"uv": [4, 0, 0, 0], "texture": "#1"},
				"east": {"uv": [2, 0, 0, 0], "texture": "#1"},
				"south": {"uv": [4, 0, 0, 0], "texture": "#1"},
				"west": {"uv": [2, 0, 0, 0], "texture": "#1"},
				"up": {"uv": [0, 0, 2, 16], "rotation": 90, "texture": "#1"},
				"down": {"uv": [0, 1, 2, 16], "rotation": 90, "texture": "#1"}
			}
		},
		{
			"from": [21.62226, 15.89223, 9],
			"to": [29.62226, 15.89223, 10],
			"rotation": {"angle": -22.5, "axis": "z", "origin": [8, 6.96927, 8]},
			"faces": {
				"north": {"uv": [0, 0, 4, 0], "texture": "#1"},
				"east": {"uv": [0, 0, 2, 0], "texture": "#1"},
				"south": {"uv": [0, 0, 4, 0], "texture": "#1"},
				"west": {"uv": [0, 0, 2, 0], "texture": "#1"},
				"up": {"uv": [2, 0, 0, 16], "rotation": 90, "texture": "#1"},
				"down": {"uv": [2, 1, 0, 16], "rotation": 90, "texture": "#1"}
			}
		},
		{
			"from": [21.62226, 15.89223, 20],
			"to": [29.62226, 15.89223, 21],
			"rotation": {"angle": -22.5, "axis": "z", "origin": [8, 6.96927, 8]},
			"faces": {
				"north": {"uv": [0, 0, 4, 0], "texture": "#1"},
				"east": {"uv": [0, 0, 2, 0], "texture": "#1"},
				"south": {"uv": [0, 0, 4, 0], "texture": "#1"},
				"west": {"uv": [0, 0, 2, 0], "texture": "#1"},
				"up": {"uv": [2, 0, 0, 16], "rotation": 90, "texture": "#1"},
				"down": {"uv": [2, 1, 0, 16], "rotation": 90, "texture": "#1"}
			}
		},
		{
			"from": [20.47421, 18.66387, 20],
			"to": [28.47421, 18.66387, 21],
			"rotation": {"angle": -22.5, "axis": "z", "origin": [8, 6.96927, 8]},
			"faces": {
				"north": {"uv": [0, 0, 4, 0], "texture": "#1"},
				"east": {"uv": [0, 0, 2, 0], "texture": "#1"},
				"south": {"uv": [0, 0, 4, 0], "texture": "#1"},
				"west": {"uv": [0, 0, 2, 0], "texture": "#1"},
				"up": {"uv": [2, 0, 0, 16], "rotation": 90, "texture": "#1"},
				"down": {"uv": [2, 1, 0, 16], "rotation": 90, "texture": "#1"}
			}
		},
		{
			"from": [20.47421, 18.66387, 18],
			"to": [28.47421, 18.66387, 19],
			"rotation": {"angle": -22.5, "axis": "z", "origin": [8, 6.96927, 8]},
			"faces": {
				"north": {"uv": [0, 0, 4, 0], "texture": "#1"},
				"east": {"uv": [0, 0, 2, 0], "texture": "#1"},
				"south": {"uv": [0, 0, 4, 0], "texture": "#1"},
				"west": {"uv": [0, 0, 2, 0], "texture": "#1"},
				"up": {"uv": [2, 0, 0, 16], "rotation": 90, "texture": "#1"},
				"down": {"uv": [2, 1, 0, 16], "rotation": 90, "texture": "#1"}
			}
		},
		{
			"from": [20.47421, 18.66387, 16],
			"to": [28.47421, 18.66387, 17],
			"rotation": {"angle": -22.5, "axis": "z", "origin": [8, 6.96927, 8]},
			"faces": {
				"north": {"uv": [0, 0, 4, 0], "texture": "#1"},
				"east": {"uv": [0, 0, 2, 0], "texture": "#1"},
				"south": {"uv": [0, 0, 4, 0], "texture": "#1"},
				"west": {"uv": [0, 0, 2, 0], "texture": "#1"},
				"up": {"uv": [2, 0, 0, 16], "rotation": 90, "texture": "#1"},
				"down": {"uv": [2, 1, 0, 16], "rotation": 90, "texture": "#1"}
			}
		},
		{
			"from": [21.62226, 15.89223, 16],
			"to": [29.62226, 15.89223, 17],
			"rotation": {"angle": -22.5, "axis": "z", "origin": [8, 6.96927, 8]},
			"faces": {
				"north": {"uv": [0, 0, 4, 0], "texture": "#1"},
				"east": {"uv": [0, 0, 2, 0], "texture": "#1"},
				"south": {"uv": [0, 0, 4, 0], "texture": "#1"},
				"west": {"uv": [0, 0, 2, 0], "texture": "#1"},
				"up": {"uv": [2, 0, 0, 16], "rotation": 90, "texture": "#1"},
				"down": {"uv": [2, 1, 0, 16], "rotation": 90, "texture": "#1"}
			}
		},
		{
			"from": [22.77031, 13.1206, 14],
			"to": [30.77031, 13.1206, 15],
			"rotation": {"angle": -22.5, "axis": "z", "origin": [8, 6.96927, 8]},
			"faces": {
				"north": {"uv": [0, 0, 4, 0], "texture": "#1"},
				"east": {"uv": [0, 0, 2, 0], "texture": "#1"},
				"south": {"uv": [0, 0, 4, 0], "texture": "#1"},
				"west": {"uv": [0, 0, 2, 0], "texture": "#1"},
				"up": {"uv": [2, 0, 0, 16], "rotation": 90, "texture": "#1"},
				"down": {"uv": [2, 1, 0, 16], "rotation": 90, "texture": "#1"}
			}
		},
		{
			"from": [23.91836, 10.34896, 20],
			"to": [31.91836, 10.34896, 21],
			"rotation": {"angle": -22.5, "axis": "z", "origin": [8, 6.96927, 8]},
			"faces": {
				"north": {"uv": [0, 0, 4, 0], "texture": "#1"},
				"east": {"uv": [0, 0, 2, 0], "texture": "#1"},
				"south": {"uv": [0, 0, 4, 0], "texture": "#1"},
				"west": {"uv": [0, 0, 2, 0], "texture": "#1"},
				"up": {"uv": [2, 0, 0, 16], "rotation": 90, "texture": "#1"},
				"down": {"uv": [2, 1, 0, 16], "rotation": 90, "texture": "#1"}
			}
		},
		{
			"from": [22.77031, 13.1206, 16],
			"to": [30.77031, 13.1206, 21],
			"rotation": {"angle": -22.5, "axis": "z", "origin": [8, 6.96927, 8]},
			"faces": {
				"north": {"uv": [0, 0, 4, 0], "texture": "#1"},
				"east": {"uv": [0, 0, 2, 0], "texture": "#1"},
				"south": {"uv": [0, 0, 4, 0], "texture": "#1"},
				"west": {"uv": [0, 0, 2, 0], "texture": "#1"},
				"up": {"uv": [2, 0, 0, 16], "rotation": 90, "texture": "#1"},
				"down": {"uv": [2, 1, 0, 16], "rotation": 90, "texture": "#1"}
			}
		},
		{
			"from": [23.91836, 10.34896, 10],
			"to": [31.91836, 10.34896, 18],
			"rotation": {"angle": -22.5, "axis": "z", "origin": [8, 6.96927, 8]},
			"faces": {
				"north": {"uv": [0, 0, 4, 0], "texture": "#1"},
				"east": {"uv": [0, 0, 2, 0], "texture": "#1"},
				"south": {"uv": [0, 0, 4, 0], "texture": "#1"},
				"west": {"uv": [0, 0, 2, 0], "texture": "#1"},
				"up": {"uv": [2, 0, 0, 16], "rotation": 90, "texture": "#1"},
				"down": {"uv": [2, 1, 0, 16], "rotation": 90, "texture": "#1"}
			}
		},
		{
			"from": [21.62226, 15.89223, 11],
			"to": [29.62226, 15.89223, 15],
			"rotation": {"angle": -22.5, "axis": "z", "origin": [8, 6.96927, 8]},
			"faces": {
				"north": {"uv": [0, 0, 4, 0], "texture": "#1"},
				"east": {"uv": [0, 0, 2, 0], "texture": "#1"},
				"south": {"uv": [0, 0, 4, 0], "texture": "#1"},
				"west": {"uv": [0, 0, 2, 0], "texture": "#1"},
				"up": {"uv": [2, 0, 0, 16], "rotation": 90, "texture": "#1"},
				"down": {"uv": [2, 1, 0, 16], "rotation": 90, "texture": "#1"}
			}
		},
		{
			"from": [20.47421, 18.66387, 11],
			"to": [28.47421, 18.66387, 15],
			"rotation": {"angle": -22.5, "axis": "z", "origin": [8, 6.96927, 8]},
			"faces": {
				"north": {"uv": [0, 0, 4, 0], "texture": "#1"},
				"east": {"uv": [0, 0, 2, 0], "texture": "#1"},
				"south": {"uv": [0, 0, 4, 0], "texture": "#1"},
				"west": {"uv": [0, 0, 2, 0], "texture": "#1"},
				"up": {"uv": [2, 1, 0, 16], "rotation": 90, "texture": "#1"},
				"down": {"uv": [2, 1, 0, 16], "rotation": 90, "texture": "#1"}
			}
		},
		{
			"from": [20.47421, 18.66387, 11],
			"to": [28.47421, 18.66387, 15],
			"rotation": {"angle": -22.5, "axis": "z", "origin": [8, 6.96927, 8]},
			"faces": {
				"north": {"uv": [0, 0, 4, 0], "texture": "#1"},
				"east": {"uv": [0, 0, 2, 0], "texture": "#1"},
				"south": {"uv": [0, 0, 4, 0], "texture": "#1"},
				"west": {"uv": [0, 0, 2, 0], "texture": "#1"},
				"up": {"uv": [2, 0, 0, 16], "rotation": 90, "texture": "#1"},
				"down": {"uv": [2, 1, 0, 16], "rotation": 90, "texture": "#1"}
			}
		},
		{
			"from": [11, 18.66387, -12.47421],
			"to": [15, 18.66387, -4.47421],
			"rotation": {"angle": -22.5, "axis": "x", "origin": [8, 6.96927, 8]},
			"faces": {
				"north": {"uv": [0, 0, 2, 0], "texture": "#1"},
				"east": {"uv": [0, 0, 4, 0], "texture": "#1"},
				"south": {"uv": [0, 0, 2, 0], "texture": "#1"},
				"west": {"uv": [0, 0, 4, 0], "texture": "#1"},
				"up": {"uv": [0, 16, 2, 0], "rotation": 180, "texture": "#1"},
				"down": {"uv": [0, 16, 2, 1], "texture": "#1"}
			}
		},
		{
			"from": [11, 18.66387, -12.47421],
			"to": [15, 18.66387, -4.47421],
			"rotation": {"angle": -22.5, "axis": "x", "origin": [8, 6.96927, 8]},
			"faces": {
				"north": {"uv": [0, 0, 2, 0], "texture": "#1"},
				"east": {"uv": [0, 0, 4, 0], "texture": "#1"},
				"south": {"uv": [0, 0, 2, 0], "texture": "#1"},
				"west": {"uv": [0, 0, 4, 0], "texture": "#1"},
				"up": {"uv": [0, 16, 2, 1], "rotation": 180, "texture": "#1"},
				"down": {"uv": [0, 16, 2, 1], "texture": "#1"}
			}
		},
		{
			"from": [11, 15.89223, -13.62226],
			"to": [15, 15.89223, -5.62226],
			"rotation": {"angle": -22.5, "axis": "x", "origin": [8, 6.96927, 8]},
			"faces": {
				"north": {"uv": [0, 0, 2, 0], "texture": "#1"},
				"east": {"uv": [0, 0, 4, 0], "texture": "#1"},
				"south": {"uv": [0, 0, 2, 0], "texture": "#1"},
				"west": {"uv": [0, 0, 4, 0], "texture": "#1"},
				"up": {"uv": [0, 16, 2, 0], "rotation": 180, "texture": "#1"},
				"down": {"uv": [0, 16, 2, 1], "texture": "#1"}
			}
		},
		{
			"from": [10, 10.34896, -15.91836],
			"to": [18, 10.34896, -7.91836],
			"rotation": {"angle": -22.5, "axis": "x", "origin": [8, 6.96927, 8]},
			"faces": {
				"north": {"uv": [0, 0, 2, 0], "texture": "#1"},
				"east": {"uv": [0, 0, 4, 0], "texture": "#1"},
				"south": {"uv": [0, 0, 2, 0], "texture": "#1"},
				"west": {"uv": [0, 0, 4, 0], "texture": "#1"},
				"up": {"uv": [0, 16, 2, 0], "rotation": 180, "texture": "#1"},
				"down": {"uv": [0, 16, 2, 1], "texture": "#1"}
			}
		},
		{
			"from": [16, 13.1206, -14.77031],
			"to": [21, 13.1206, -6.77031],
			"rotation": {"angle": -22.5, "axis": "x", "origin": [8, 6.96927, 8]},
			"faces": {
				"north": {"uv": [0, 0, 2, 0], "texture": "#1"},
				"east": {"uv": [0, 0, 4, 0], "texture": "#1"},
				"south": {"uv": [0, 0, 2, 0], "texture": "#1"},
				"west": {"uv": [0, 0, 4, 0], "texture": "#1"},
				"up": {"uv": [0, 16, 2, 0], "rotation": 180, "texture": "#1"},
				"down": {"uv": [0, 16, 2, 1], "texture": "#1"}
			}
		},
		{
			"from": [20, 10.34896, -15.91836],
			"to": [21, 10.34896, -7.91836],
			"rotation": {"angle": -22.5, "axis": "x", "origin": [8, 6.96927, 8]},
			"faces": {
				"north": {"uv": [0, 0, 2, 0], "texture": "#1"},
				"east": {"uv": [0, 0, 4, 0], "texture": "#1"},
				"south": {"uv": [0, 0, 2, 0], "texture": "#1"},
				"west": {"uv": [0, 0, 4, 0], "texture": "#1"},
				"up": {"uv": [0, 16, 2, 0], "rotation": 180, "texture": "#1"},
				"down": {"uv": [0, 16, 2, 1], "texture": "#1"}
			}
		},
		{
			"from": [14, 13.1206, -14.77031],
			"to": [15, 13.1206, -6.77031],
			"rotation": {"angle": -22.5, "axis": "x", "origin": [8, 6.96927, 8]},
			"faces": {
				"north": {"uv": [0, 0, 2, 0], "texture": "#1"},
				"east": {"uv": [0, 0, 4, 0], "texture": "#1"},
				"south": {"uv": [0, 0, 2, 0], "texture": "#1"},
				"west": {"uv": [0, 0, 4, 0], "texture": "#1"},
				"up": {"uv": [0, 16, 2, 0], "rotation": 180, "texture": "#1"},
				"down": {"uv": [0, 16, 2, 1], "texture": "#1"}
			}
		},
		{
			"from": [16, 15.89223, -13.62226],
			"to": [17, 15.89223, -5.62226],
			"rotation": {"angle": -22.5, "axis": "x", "origin": [8, 6.96927, 8]},
			"faces": {
				"north": {"uv": [0, 0, 2, 0], "texture": "#1"},
				"east": {"uv": [0, 0, 4, 0], "texture": "#1"},
				"south": {"uv": [0, 0, 2, 0], "texture": "#1"},
				"west": {"uv": [0, 0, 4, 0], "texture": "#1"},
				"up": {"uv": [0, 16, 2, 0], "rotation": 180, "texture": "#1"},
				"down": {"uv": [0, 16, 2, 1], "texture": "#1"}
			}
		},
		{
			"from": [16, 18.66387, -12.47421],
			"to": [17, 18.66387, -4.47421],
			"rotation": {"angle": -22.5, "axis": "x", "origin": [8, 6.96927, 8]},
			"faces": {
				"north": {"uv": [0, 0, 2, 0], "texture": "#1"},
				"east": {"uv": [0, 0, 4, 0], "texture": "#1"},
				"south": {"uv": [0, 0, 2, 0], "texture": "#1"},
				"west": {"uv": [0, 0, 4, 0], "texture": "#1"},
				"up": {"uv": [0, 16, 2, 0], "rotation": 180, "texture": "#1"},
				"down": {"uv": [0, 16, 2, 1], "texture": "#1"}
			}
		},
		{
			"from": [18, 18.66387, -12.47421],
			"to": [19, 18.66387, -4.47421],
			"rotation": {"angle": -22.5, "axis": "x", "origin": [8, 6.96927, 8]},
			"faces": {
				"north": {"uv": [0, 0, 2, 0], "texture": "#1"},
				"east": {"uv": [0, 0, 4, 0], "texture": "#1"},
				"south": {"uv": [0, 0, 2, 0], "texture": "#1"},
				"west": {"uv": [0, 0, 4, 0], "texture": "#1"},
				"up": {"uv": [0, 16, 2, 0], "rotation": 180, "texture": "#1"},
				"down": {"uv": [0, 16, 2, 1], "texture": "#1"}
			}
		},
		{
			"from": [20, 18.66387, -12.47421],
			"to": [21, 18.66387, -4.47421],
			"rotation": {"angle": -22.5, "axis": "x", "origin": [8, 6.96927, 8]},
			"faces": {
				"north": {"uv": [0, 0, 2, 0], "texture": "#1"},
				"east": {"uv": [0, 0, 4, 0], "texture": "#1"},
				"south": {"uv": [0, 0, 2, 0], "texture": "#1"},
				"west": {"uv": [0, 0, 4, 0], "texture": "#1"},
				"up": {"uv": [0, 16, 2, 0], "rotation": 180, "texture": "#1"},
				"down": {"uv": [0, 16, 2, 1], "texture": "#1"}
			}
		},
		{
			"from": [20, 15.89223, -13.62226],
			"to": [21, 15.89223, -5.62226],
			"rotation": {"angle": -22.5, "axis": "x", "origin": [8, 6.96927, 8]},
			"faces": {
				"north": {"uv": [0, 0, 2, 0], "texture": "#1"},
				"east": {"uv": [0, 0, 4, 0], "texture": "#1"},
				"south": {"uv": [0, 0, 2, 0], "texture": "#1"},
				"west": {"uv": [0, 0, 4, 0], "texture": "#1"},
				"up": {"uv": [0, 16, 2, 0], "rotation": 180, "texture": "#1"},
				"down": {"uv": [0, 16, 2, 1], "texture": "#1"}
			}
		},
		{
			"from": [9, 15.89223, -13.62226],
			"to": [10, 15.89223, -5.62226],
			"rotation": {"angle": -22.5, "axis": "x", "origin": [8, 6.96927, 8]},
			"faces": {
				"north": {"uv": [0, 0, 2, 0], "texture": "#1"},
				"east": {"uv": [0, 0, 4, 0], "texture": "#1"},
				"south": {"uv": [0, 0, 2, 0], "texture": "#1"},
				"west": {"uv": [0, 0, 4, 0], "texture": "#1"},
				"up": {"uv": [0, 16, 2, 0], "rotation": 180, "texture": "#1"},
				"down": {"uv": [0, 16, 2, 1], "texture": "#1"}
			}
		},
		{
			"from": [6, 15.89223, -13.62226],
			"to": [7, 15.89223, -5.62226],
			"rotation": {"angle": -22.5, "axis": "x", "origin": [8, 6.96927, 8]},
			"faces": {
				"north": {"uv": [2, 0, 0, 0], "texture": "#1"},
				"east": {"uv": [4, 0, 0, 0], "texture": "#1"},
				"south": {"uv": [2, 0, 0, 0], "texture": "#1"},
				"west": {"uv": [4, 0, 0, 0], "texture": "#1"},
				"up": {"uv": [2, 16, 0, 0], "rotation": 180, "texture": "#1"},
				"down": {"uv": [2, 16, 0, 1], "texture": "#1"}
			}
		},
		{
			"from": [-5, 15.89223, -13.62226],
			"to": [-4, 15.89223, -5.62226],
			"rotation": {"angle": -22.5, "axis": "x", "origin": [8, 6.96927, 8]},
			"faces": {
				"north": {"uv": [2, 0, 0, 0], "texture": "#1"},
				"east": {"uv": [4, 0, 0, 0], "texture": "#1"},
				"south": {"uv": [2, 0, 0, 0], "texture": "#1"},
				"west": {"uv": [4, 0, 0, 0], "texture": "#1"},
				"up": {"uv": [2, 16, 0, 0], "rotation": 180, "texture": "#1"},
				"down": {"uv": [2, 16, 0, 1], "texture": "#1"}
			}
		},
		{
			"from": [-5, 18.66387, -12.47421],
			"to": [-4, 18.66387, -4.47421],
			"rotation": {"angle": -22.5, "axis": "x", "origin": [8, 6.96927, 8]},
			"faces": {
				"north": {"uv": [2, 0, 0, 0], "texture": "#1"},
				"east": {"uv": [4, 0, 0, 0], "texture": "#1"},
				"south": {"uv": [2, 0, 0, 0], "texture": "#1"},
				"west": {"uv": [4, 0, 0, 0], "texture": "#1"},
				"up": {"uv": [2, 16, 0, 0], "rotation": 180, "texture": "#1"},
				"down": {"uv": [2, 16, 0, 1], "texture": "#1"}
			}
		},
		{
			"from": [-3, 18.66387, -12.47421],
			"to": [-2, 18.66387, -4.47421],
			"rotation": {"angle": -22.5, "axis": "x", "origin": [8, 6.96927, 8]},
			"faces": {
				"north": {"uv": [2, 0, 0, 0], "texture": "#1"},
				"east": {"uv": [4, 0, 0, 0], "texture": "#1"},
				"south": {"uv": [2, 0, 0, 0], "texture": "#1"},
				"west": {"uv": [4, 0, 0, 0], "texture": "#1"},
				"up": {"uv": [2, 16, 0, 0], "rotation": 180, "texture": "#1"},
				"down": {"uv": [2, 16, 0, 1], "texture": "#1"}
			}
		},
		{
			"from": [-1, 18.66387, -12.47421],
			"to": [0, 18.66387, -4.47421],
			"rotation": {"angle": -22.5, "axis": "x", "origin": [8, 6.96927, 8]},
			"faces": {
				"north": {"uv": [2, 0, 0, 0], "texture": "#1"},
				"east": {"uv": [4, 0, 0, 0], "texture": "#1"},
				"south": {"uv": [2, 0, 0, 0], "texture": "#1"},
				"west": {"uv": [4, 0, 0, 0], "texture": "#1"},
				"up": {"uv": [2, 16, 0, 0], "rotation": 180, "texture": "#1"},
				"down": {"uv": [2, 16, 0, 1], "texture": "#1"}
			}
		},
		{
			"from": [-1, 15.89223, -13.62226],
			"to": [0, 15.89223, -5.62226],
			"rotation": {"angle": -22.5, "axis": "x", "origin": [8, 6.96927, 8]},
			"faces": {
				"north": {"uv": [2, 0, 0, 0], "texture": "#1"},
				"east": {"uv": [4, 0, 0, 0], "texture": "#1"},
				"south": {"uv": [2, 0, 0, 0], "texture": "#1"},
				"west": {"uv": [4, 0, 0, 0], "texture": "#1"},
				"up": {"uv": [2, 16, 0, 0], "rotation": 180, "texture": "#1"},
				"down": {"uv": [2, 16, 0, 1], "texture": "#1"}
			}
		},
		{
			"from": [1, 13.1206, -14.77031],
			"to": [2, 13.1206, -6.77031],
			"rotation": {"angle": -22.5, "axis": "x", "origin": [8, 6.96927, 8]},
			"faces": {
				"north": {"uv": [2, 0, 0, 0], "texture": "#1"},
				"east": {"uv": [4, 0, 0, 0], "texture": "#1"},
				"south": {"uv": [2, 0, 0, 0], "texture": "#1"},
				"west": {"uv": [4, 0, 0, 0], "texture": "#1"},
				"up": {"uv": [2, 16, 0, 0], "rotation": 180, "texture": "#1"},
				"down": {"uv": [2, 16, 0, 1], "texture": "#1"}
			}
		},
		{
			"from": [-5, 10.34896, -15.91836],
			"to": [-4, 10.34896, -7.91836],
			"rotation": {"angle": -22.5, "axis": "x", "origin": [8, 6.96927, 8]},
			"faces": {
				"north": {"uv": [2, 0, 0, 0], "texture": "#1"},
				"east": {"uv": [4, 0, 0, 0], "texture": "#1"},
				"south": {"uv": [2, 0, 0, 0], "texture": "#1"},
				"west": {"uv": [4, 0, 0, 0], "texture": "#1"},
				"up": {"uv": [2, 16, 0, 0], "rotation": 180, "texture": "#1"},
				"down": {"uv": [2, 16, 0, 1], "texture": "#1"}
			}
		},
		{
			"from": [-5, 13.1206, -14.77031],
			"to": [0, 13.1206, -6.77031],
			"rotation": {"angle": -22.5, "axis": "x", "origin": [8, 6.96927, 8]},
			"faces": {
				"north": {"uv": [2, 0, 0, 0], "texture": "#1"},
				"east": {"uv": [4, 0, 0, 0], "texture": "#1"},
				"south": {"uv": [2, 0, 0, 0], "texture": "#1"},
				"west": {"uv": [4, 0, 0, 0], "texture": "#1"},
				"up": {"uv": [2, 16, 0, 0], "rotation": 180, "texture": "#1"},
				"down": {"uv": [2, 16, 0, 1], "texture": "#1"}
			}
		},
		{
			"from": [-2, 10.34896, -15.91836],
			"to": [6, 10.34896, -7.91836],
			"rotation": {"angle": -22.5, "axis": "x", "origin": [8, 6.96927, 8]},
			"faces": {
				"north": {"uv": [2, 0, 0, 0], "texture": "#1"},
				"east": {"uv": [4, 0, 0, 0], "texture": "#1"},
				"south": {"uv": [2, 0, 0, 0], "texture": "#1"},
				"west": {"uv": [4, 0, 0, 0], "texture": "#1"},
				"up": {"uv": [2, 16, 0, 0], "rotation": 180, "texture": "#1"},
				"down": {"uv": [2, 16, 0, 1], "texture": "#1"}
			}
		},
		{
			"from": [1, 15.89223, -13.62226],
			"to": [5, 15.89223, -5.62226],
			"rotation": {"angle": -22.5, "axis": "x", "origin": [8, 6.96927, 8]},
			"faces": {
				"north": {"uv": [2, 0, 0, 0], "texture": "#1"},
				"east": {"uv": [4, 0, 0, 0], "texture": "#1"},
				"south": {"uv": [2, 0, 0, 0], "texture": "#1"},
				"west": {"uv": [4, 0, 0, 0], "texture": "#1"},
				"up": {"uv": [2, 16, 0, 0], "rotation": 180, "texture": "#1"},
				"down": {"uv": [2, 16, 0, 1], "texture": "#1"}
			}
		},
		{
			"from": [1, 18.66387, -12.47421],
			"to": [5, 18.66387, -4.47421],
			"rotation": {"angle": -22.5, "axis": "x", "origin": [8, 6.96927, 8]},
			"faces": {
				"north": {"uv": [2, 0, 0, 0], "texture": "#1"},
				"east": {"uv": [4, 0, 0, 0], "texture": "#1"},
				"south": {"uv": [2, 0, 0, 0], "texture": "#1"},
				"west": {"uv": [4, 0, 0, 0], "texture": "#1"},
				"up": {"uv": [2, 16, 0, 1], "rotation": 180, "texture": "#1"},
				"down": {"uv": [2, 16, 0, 1], "texture": "#1"}
			}
		},
		{
			"from": [1, 18.66387, -12.47421],
			"to": [5, 18.66387, -4.47421],
			"rotation": {"angle": -22.5, "axis": "x", "origin": [8, 6.96927, 8]},
			"faces": {
				"north": {"uv": [2, 0, 0, 0], "texture": "#1"},
				"east": {"uv": [4, 0, 0, 0], "texture": "#1"},
				"south": {"uv": [2, 0, 0, 0], "texture": "#1"},
				"west": {"uv": [4, 0, 0, 0], "texture": "#1"},
				"up": {"uv": [2, 16, 0, 0], "rotation": 180, "texture": "#1"},
				"down": {"uv": [2, 16, 0, 1], "texture": "#1"}
			}
		},
		{
			"from": [1, 18.66387, 20.47421],
			"to": [5, 18.66387, 28.47421],
			"rotation": {"angle": 22.5, "axis": "x", "origin": [8, 6.96927, 8]},
			"faces": {
				"north": {"uv": [0, 0, 2, 0], "texture": "#1"},
				"east": {"uv": [0, 0, 4, 0], "texture": "#1"},
				"south": {"uv": [0, 0, 2, 0], "texture": "#1"},
				"west": {"uv": [0, 0, 4, 0], "texture": "#1"},
				"up": {"uv": [2, 0, 0, 16], "rotation": 180, "texture": "#1"},
				"down": {"uv": [2, 1, 0, 16], "texture": "#1"}
			}
		},
		{
			"from": [1, 18.66387, 20.47421],
			"to": [5, 18.66387, 28.47421],
			"rotation": {"angle": 22.5, "axis": "x", "origin": [8, 6.96927, 8]},
			"faces": {
				"north": {"uv": [0, 0, 2, 0], "texture": "#1"},
				"east": {"uv": [0, 0, 4, 0], "texture": "#1"},
				"south": {"uv": [0, 0, 2, 0], "texture": "#1"},
				"west": {"uv": [0, 0, 4, 0], "texture": "#1"},
				"up": {"uv": [2, 1, 0, 16], "rotation": 180, "texture": "#1"},
				"down": {"uv": [2, 1, 0, 16], "texture": "#1"}
			}
		},
		{
			"from": [1, 15.89223, 21.62226],
			"to": [5, 15.89223, 29.62226],
			"rotation": {"angle": 22.5, "axis": "x", "origin": [8, 6.96927, 8]},
			"faces": {
				"north": {"uv": [0, 0, 2, 0], "texture": "#1"},
				"east": {"uv": [0, 0, 4, 0], "texture": "#1"},
				"south": {"uv": [0, 0, 2, 0], "texture": "#1"},
				"west": {"uv": [0, 0, 4, 0], "texture": "#1"},
				"up": {"uv": [2, 0, 0, 16], "rotation": 180, "texture": "#1"},
				"down": {"uv": [2, 1, 0, 16], "texture": "#1"}
			}
		},
		{
			"from": [-2, 10.34896, 23.91836],
			"to": [6, 10.34896, 31.91836],
			"rotation": {"angle": 22.5, "axis": "x", "origin": [8, 6.96927, 8]},
			"faces": {
				"north": {"uv": [0, 0, 2, 0], "texture": "#1"},
				"east": {"uv": [0, 0, 4, 0], "texture": "#1"},
				"south": {"uv": [0, 0, 2, 0], "texture": "#1"},
				"west": {"uv": [0, 0, 4, 0], "texture": "#1"},
				"up": {"uv": [2, 0, 0, 16], "rotation": 180, "texture": "#1"},
				"down": {"uv": [2, 1, 0, 16], "texture": "#1"}
			}
		},
		{
			"from": [-5, 13.1206, 22.77031],
			"to": [0, 13.1206, 30.77031],
			"rotation": {"angle": 22.5, "axis": "x", "origin": [8, 6.96927, 8]},
			"faces": {
				"north": {"uv": [0, 0, 2, 0], "texture": "#1"},
				"east": {"uv": [0, 0, 4, 0], "texture": "#1"},
				"south": {"uv": [0, 0, 2, 0], "texture": "#1"},
				"west": {"uv": [0, 0, 4, 0], "texture": "#1"},
				"up": {"uv": [2, 0, 0, 16], "rotation": 180, "texture": "#1"},
				"down": {"uv": [2, 1, 0, 16], "texture": "#1"}
			}
		},
		{
			"from": [-5, 10.34896, 23.91836],
			"to": [-4, 10.34896, 31.91836],
			"rotation": {"angle": 22.5, "axis": "x", "origin": [8, 6.96927, 8]},
			"faces": {
				"north": {"uv": [0, 0, 2, 0], "texture": "#1"},
				"east": {"uv": [0, 0, 4, 0], "texture": "#1"},
				"south": {"uv": [0, 0, 2, 0], "texture": "#1"},
				"west": {"uv": [0, 0, 4, 0], "texture": "#1"},
				"up": {"uv": [2, 0, 0, 16], "rotation": 180, "texture": "#1"},
				"down": {"uv": [2, 1, 0, 16], "texture": "#1"}
			}
		},
		{
			"from": [1, 13.1206, 22.77031],
			"to": [2, 13.1206, 30.77031],
			"rotation": {"angle": 22.5, "axis": "x", "origin": [8, 6.96927, 8]},
			"faces": {
				"north": {"uv": [0, 0, 2, 0], "texture": "#1"},
				"east": {"uv": [0, 0, 4, 0], "texture": "#1"},
				"south": {"uv": [0, 0, 2, 0], "texture": "#1"},
				"west": {"uv": [0, 0, 4, 0], "texture": "#1"},
				"up": {"uv": [2, 0, 0, 16], "rotation": 180, "texture": "#1"},
				"down": {"uv": [2, 1, 0, 16], "texture": "#1"}
			}
		},
		{
			"from": [-1, 15.89223, 21.62226],
			"to": [0, 15.89223, 29.62226],
			"rotation": {"angle": 22.5, "axis": "x", "origin": [8, 6.96927, 8]},
			"faces": {
				"north": {"uv": [0, 0, 2, 0], "texture": "#1"},
				"east": {"uv": [0, 0, 4, 0], "texture": "#1"},
				"south": {"uv": [0, 0, 2, 0], "texture": "#1"},
				"west": {"uv": [0, 0, 4, 0], "texture": "#1"},
				"up": {"uv": [2, 0, 0, 16], "rotation": 180, "texture": "#1"},
				"down": {"uv": [2, 1, 0, 16], "texture": "#1"}
			}
		},
		{
			"from": [-1, 18.66387, 20.47421],
			"to": [0, 18.66387, 28.47421],
			"rotation": {"angle": 22.5, "axis": "x", "origin": [8, 6.96927, 8]},
			"faces": {
				"north": {"uv": [0, 0, 2, 0], "texture": "#1"},
				"east": {"uv": [0, 0, 4, 0], "texture": "#1"},
				"south": {"uv": [0, 0, 2, 0], "texture": "#1"},
				"west": {"uv": [0, 0, 4, 0], "texture": "#1"},
				"up": {"uv": [2, 0, 0, 16], "rotation": 180, "texture": "#1"},
				"down": {"uv": [2, 1, 0, 16], "texture": "#1"}
			}
		},
		{
			"from": [-3, 18.66387, 20.47421],
			"to": [-2, 18.66387, 28.47421],
			"rotation": {"angle": 22.5, "axis": "x", "origin": [8, 6.96927, 8]},
			"faces": {
				"north": {"uv": [0, 0, 2, 0], "texture": "#1"},
				"east": {"uv": [0, 0, 4, 0], "texture": "#1"},
				"south": {"uv": [0, 0, 2, 0], "texture": "#1"},
				"west": {"uv": [0, 0, 4, 0], "texture": "#1"},
				"up": {"uv": [2, 0, 0, 16], "rotation": 180, "texture": "#1"},
				"down": {"uv": [2, 1, 0, 16], "texture": "#1"}
			}
		},
		{
			"from": [-5, 18.66387, 20.47421],
			"to": [-4, 18.66387, 28.47421],
			"rotation": {"angle": 22.5, "axis": "x", "origin": [8, 6.96927, 8]},
			"faces": {
				"north": {"uv": [0, 0, 2, 0], "texture": "#1"},
				"east": {"uv": [0, 0, 4, 0], "texture": "#1"},
				"south": {"uv": [0, 0, 2, 0], "texture": "#1"},
				"west": {"uv": [0, 0, 4, 0], "texture": "#1"},
				"up": {"uv": [2, 0, 0, 16], "rotation": 180, "texture": "#1"},
				"down": {"uv": [2, 1, 0, 16], "texture": "#1"}
			}
		},
		{
			"from": [-5, 15.89223, 21.62226],
			"to": [-4, 15.89223, 29.62226],
			"rotation": {"angle": 22.5, "axis": "x", "origin": [8, 6.96927, 8]},
			"faces": {
				"north": {"uv": [0, 0, 2, 0], "texture": "#1"},
				"east": {"uv": [0, 0, 4, 0], "texture": "#1"},
				"south": {"uv": [0, 0, 2, 0], "texture": "#1"},
				"west": {"uv": [0, 0, 4, 0], "texture": "#1"},
				"up": {"uv": [2, 0, 0, 16], "rotation": 180, "texture": "#1"},
				"down": {"uv": [2, 1, 0, 16], "texture": "#1"}
			}
		},
		{
			"from": [6, 15.89223, 21.62226],
			"to": [7, 15.89223, 29.62226],
			"rotation": {"angle": 22.5, "axis": "x", "origin": [8, 6.96927, 8]},
			"faces": {
				"north": {"uv": [0, 0, 2, 0], "texture": "#1"},
				"east": {"uv": [0, 0, 4, 0], "texture": "#1"},
				"south": {"uv": [0, 0, 2, 0], "texture": "#1"},
				"west": {"uv": [0, 0, 4, 0], "texture": "#1"},
				"up": {"uv": [2, 0, 0, 16], "rotation": 180, "texture": "#1"},
				"down": {"uv": [2, 1, 0, 16], "texture": "#1"}
			}
		},
		{
			"from": [9, 15.89223, 21.62226],
			"to": [10, 15.89223, 29.62226],
			"rotation": {"angle": 22.5, "axis": "x", "origin": [8, 6.96927, 8]},
			"faces": {
				"north": {"uv": [2, 0, 0, 0], "texture": "#1"},
				"east": {"uv": [4, 0, 0, 0], "texture": "#1"},
				"south": {"uv": [2, 0, 0, 0], "texture": "#1"},
				"west": {"uv": [4, 0, 0, 0], "texture": "#1"},
				"up": {"uv": [0, 0, 2, 16], "rotation": 180, "texture": "#1"},
				"down": {"uv": [0, 1, 2, 16], "texture": "#1"}
			}
		},
		{
			"from": [20, 15.89223, 21.62226],
			"to": [21, 15.89223, 29.62226],
			"rotation": {"angle": 22.5, "axis": "x", "origin": [8, 6.96927, 8]},
			"faces": {
				"north": {"uv": [2, 0, 0, 0], "texture": "#1"},
				"east": {"uv": [4, 0, 0, 0], "texture": "#1"},
				"south": {"uv": [2, 0, 0, 0], "texture": "#1"},
				"west": {"uv": [4, 0, 0, 0], "texture": "#1"},
				"up": {"uv": [0, 0, 2, 16], "rotation": 180, "texture": "#1"},
				"down": {"uv": [0, 1, 2, 16], "texture": "#1"}
			}
		},
		{
			"from": [20, 18.66387, 20.47421],
			"to": [21, 18.66387, 28.47421],
			"rotation": {"angle": 22.5, "axis": "x", "origin": [8, 6.96927, 8]},
			"faces": {
				"north": {"uv": [2, 0, 0, 0], "texture": "#1"},
				"east": {"uv": [4, 0, 0, 0], "texture": "#1"},
				"south": {"uv": [2, 0, 0, 0], "texture": "#1"},
				"west": {"uv": [4, 0, 0, 0], "texture": "#1"},
				"up": {"uv": [0, 0, 2, 16], "rotation": 180, "texture": "#1"},
				"down": {"uv": [0, 1, 2, 16], "texture": "#1"}
			}
		},
		{
			"from": [18, 18.66387, 20.47421],
			"to": [19, 18.66387, 28.47421],
			"rotation": {"angle": 22.5, "axis": "x", "origin": [8, 6.96927, 8]},
			"faces": {
				"north": {"uv": [2, 0, 0, 0], "texture": "#1"},
				"east": {"uv": [4, 0, 0, 0], "texture": "#1"},
				"south": {"uv": [2, 0, 0, 0], "texture": "#1"},
				"west": {"uv": [4, 0, 0, 0], "texture": "#1"},
				"up": {"uv": [0, 0, 2, 16], "rotation": 180, "texture": "#1"},
				"down": {"uv": [0, 1, 2, 16], "texture": "#1"}
			}
		},
		{
			"from": [16, 18.66387, 20.47421],
			"to": [17, 18.66387, 28.47421],
			"rotation": {"angle": 22.5, "axis": "x", "origin": [8, 6.96927, 8]},
			"faces": {
				"north": {"uv": [2, 0, 0, 0], "texture": "#1"},
				"east": {"uv": [4, 0, 0, 0], "texture": "#1"},
				"south": {"uv": [2, 0, 0, 0], "texture": "#1"},
				"west": {"uv": [4, 0, 0, 0], "texture": "#1"},
				"up": {"uv": [0, 0, 2, 16], "rotation": 180, "texture": "#1"},
				"down": {"uv": [0, 1, 2, 16], "texture": "#1"}
			}
		},
		{
			"from": [16, 15.89223, 21.62226],
			"to": [17, 15.89223, 29.62226],
			"rotation": {"angle": 22.5, "axis": "x", "origin": [8, 6.96927, 8]},
			"faces": {
				"north": {"uv": [2, 0, 0, 0], "texture": "#1"},
				"east": {"uv": [4, 0, 0, 0], "texture": "#1"},
				"south": {"uv": [2, 0, 0, 0], "texture": "#1"},
				"west": {"uv": [4, 0, 0, 0], "texture": "#1"},
				"up": {"uv": [0, 0, 2, 16], "rotation": 180, "texture": "#1"},
				"down": {"uv": [0, 1, 2, 16], "texture": "#1"}
			}
		},
		{
			"from": [14, 13.1206, 22.77031],
			"to": [15, 13.1206, 30.77031],
			"rotation": {"angle": 22.5, "axis": "x", "origin": [8, 6.96927, 8]},
			"faces": {
				"north": {"uv": [2, 0, 0, 0], "texture": "#1"},
				"east": {"uv": [4, 0, 0, 0], "texture": "#1"},
				"south": {"uv": [2, 0, 0, 0], "texture": "#1"},
				"west": {"uv": [4, 0, 0, 0], "texture": "#1"},
				"up": {"uv": [0, 0, 2, 16], "rotation": 180, "texture": "#1"},
				"down": {"uv": [0, 1, 2, 16], "texture": "#1"}
			}
		},
		{
			"from": [20, 10.34896, 23.91836],
			"to": [21, 10.34896, 31.91836],
			"rotation": {"angle": 22.5, "axis": "x", "origin": [8, 6.96927, 8]},
			"faces": {
				"north": {"uv": [2, 0, 0, 0], "texture": "#1"},
				"east": {"uv": [4, 0, 0, 0], "texture": "#1"},
				"south": {"uv": [2, 0, 0, 0], "texture": "#1"},
				"west": {"uv": [4, 0, 0, 0], "texture": "#1"},
				"up": {"uv": [0, 0, 2, 16], "rotation": 180, "texture": "#1"},
				"down": {"uv": [0, 1, 2, 16], "texture": "#1"}
			}
		},
		{
			"from": [16, 13.1206, 22.77031],
			"to": [21, 13.1206, 30.77031],
			"rotation": {"angle": 22.5, "axis": "x", "origin": [8, 6.96927, 8]},
			"faces": {
				"north": {"uv": [2, 0, 0, 0], "texture": "#1"},
				"east": {"uv": [4, 0, 0, 0], "texture": "#1"},
				"south": {"uv": [2, 0, 0, 0], "texture": "#1"},
				"west": {"uv": [4, 0, 0, 0], "texture": "#1"},
				"up": {"uv": [0, 0, 2, 16], "rotation": 180, "texture": "#1"},
				"down": {"uv": [0, 1, 2, 16], "texture": "#1"}
			}
		},
		{
			"from": [10, 10.34896, 23.91836],
			"to": [18, 10.34896, 31.91836],
			"rotation": {"angle": 22.5, "axis": "x", "origin": [8, 6.96927, 8]},
			"faces": {
				"north": {"uv": [2, 0, 0, 0], "texture": "#1"},
				"east": {"uv": [4, 0, 0, 0], "texture": "#1"},
				"south": {"uv": [2, 0, 0, 0], "texture": "#1"},
				"west": {"uv": [4, 0, 0, 0], "texture": "#1"},
				"up": {"uv": [0, 0, 2, 16], "rotation": 180, "texture": "#1"},
				"down": {"uv": [0, 1, 2, 16], "texture": "#1"}
			}
		},
		{
			"from": [11, 15.89223, 21.62226],
			"to": [15, 15.89223, 29.62226],
			"rotation": {"angle": 22.5, "axis": "x", "origin": [8, 6.96927, 8]},
			"faces": {
				"north": {"uv": [2, 0, 0, 0], "texture": "#1"},
				"east": {"uv": [4, 0, 0, 0], "texture": "#1"},
				"south": {"uv": [2, 0, 0, 0], "texture": "#1"},
				"west": {"uv": [4, 0, 0, 0], "texture": "#1"},
				"up": {"uv": [0, 0, 2, 16], "rotation": 180, "texture": "#1"},
				"down": {"uv": [0, 1, 2, 16], "texture": "#1"}
			}
		},
		{
			"from": [11, 18.66387, 20.47421],
			"to": [15, 18.66387, 28.47421],
			"rotation": {"angle": 22.5, "axis": "x", "origin": [8, 6.96927, 8]},
			"faces": {
				"north": {"uv": [2, 0, 0, 0], "texture": "#1"},
				"east": {"uv": [4, 0, 0, 0], "texture": "#1"},
				"south": {"uv": [2, 0, 0, 0], "texture": "#1"},
				"west": {"uv": [4, 0, 0, 0], "texture": "#1"},
				"up": {"uv": [0, 1, 2, 16], "rotation": 180, "texture": "#1"},
				"down": {"uv": [0, 1, 2, 16], "texture": "#1"}
			}
		},
		{
			"from": [11, 18.66387, 20.47421],
			"to": [15, 18.66387, 28.47421],
			"rotation": {"angle": 22.5, "axis": "x", "origin": [8, 6.96927, 8]},
			"faces": {
				"north": {"uv": [2, 0, 0, 0], "texture": "#1"},
				"east": {"uv": [4, 0, 0, 0], "texture": "#1"},
				"south": {"uv": [2, 0, 0, 0], "texture": "#1"},
				"west": {"uv": [4, 0, 0, 0], "texture": "#1"},
				"up": {"uv": [0, 0, 2, 16], "rotation": 180, "texture": "#1"},
				"down": {"uv": [0, 1, 2, 16], "texture": "#1"}
			}
		}
	],
	"display": {
		"thirdperson_righthand": {
			"scale": [0, 0, 0]
		},
		"thirdperson_lefthand": {
			"scale": [0, 0, 0]
		},
		"firstperson_lefthand": {
			"scale": [0, 0, 0]
		},
		"ground": {
			"scale": [0, 0, 0]
		},
		"gui": {
			"scale": [0, 0, 0]
		}
	},
	"groups": [
		{
			"name": "group",
			"origin": [0, 0, 16],
			"color": 0,
			"nbt": "{}",
			"children": [0, 1, 2, 3]
		},
		4,
		5,
		6,
		7,
		8,
		9,
		10,
		11,
		12,
		13,
		14,
		15,
		16,
		17,
		18,
		19,
		20,
		21,
		22,
		23,
		24,
		25,
		26,
		27,
		28,
		29,
		30,
		31,
		32,
		33,
		34,
		35,
		36,
		37,
		38,
		39,
		40,
		41,
		42,
		43,
		44,
		45,
		46,
		47,
		48,
		49,
		50,
		51,
		52,
		53,
		54,
		55,
		56,
		57,
		58,
		59,
		60,
		61,
		62,
		63,
		64,
		65,
		66,
		67,
		68,
		69,
		70,
		71,
		72,
		73,
		74,
		75,
		76,
		77,
		78,
		79,
		80,
		81,
		82,
		83,
		84,
		85,
		86,
		87,
		88,
		89,
		90,
		91,
		92,
		93,
		94,
		95,
		96,
		97,
		98,
		99,
		100,
		101,
		102,
		103,
		104,
		105,
		106,
		107
	]
}