{
	"credit": "Made with Blockbench",
	"texture_size": [64, 64],
	"textures": {
		"0": "custom/other/library_hollow_plate",
		"particle": "custom/other/library_hollow_plate"
	},
	"elements": [
		{
			"from": [15.18654, 10.95, 3.6811],
			"to": [18.43654, 12.95, 12.3311],
			"rotation": {"angle": 22.5, "axis": "y", "origin": [7.98845, 11.9625, 8]},
			"faces": {
				"north": {"uv": [5.5, 10.25, 6.375, 10.75], "texture": "#0"},
				"east": {"uv": [8, 9.5, 10.125, 10], "texture": "#0"},
				"south": {"uv": [4.5, 10.25, 5.375, 10.75], "texture": "#0"},
				"west": {"uv": [9.75, 8, 11.875, 8.5], "texture": "#0"},
				"up": {"uv": [5.625, 9.375, 3.5, 8.5], "rotation": 90, "texture": "#0"},
				"down": {"uv": [7.875, 9, 5.75, 9.875], "rotation": 270, "texture": "#0"}
			}
		},
		{
			"from": [0, 8, 0],
			"to": [16, 10, 16],
			"rotation": {"angle": 0, "axis": "y", "origin": [0, 8, 0]},
			"faces": {
				"north": {"uv": [8, 4.5, 12, 5], "texture": "#0"},
				"east": {"uv": [8, 4.5, 12, 5], "texture": "#0"},
				"south": {"uv": [8, 4.5, 12, 5], "texture": "#0"},
				"west": {"uv": [8, 4.5, 12, 5], "texture": "#0"},
				"up": {"uv": [4, 4, 0, 0], "texture": "#0"},
				"down": {"uv": [4, 4, 0, 8], "texture": "#0"}
			}
		},
		{
			"from": [0, 11, 0],
			"to": [16, 13, 16],
			"rotation": {"angle": 0, "axis": "y", "origin": [0, 8, 0]},
			"faces": {
				"north": {"uv": [8, 5, 12, 5.5], "texture": "#0"},
				"east": {"uv": [8, 5.5, 12, 6], "texture": "#0"},
				"south": {"uv": [8, 6, 12, 6.5], "texture": "#0"},
				"west": {"uv": [8, 6.5, 12, 7], "texture": "#0"},
				"up": {"uv": [8, 4, 4, 0], "texture": "#0"},
				"down": {"uv": [8, 4, 4, 8], "texture": "#0"}
			}
		},
		{
			"from": [1, 10, 1],
			"to": [15, 11, 15],
			"rotation": {"angle": 0, "axis": "y", "origin": [0, 8, 0]},
			"faces": {
				"north": {"uv": [3.5, 10, 7, 10.25], "texture": "#0"},
				"east": {"uv": [3.5, 10, 7, 10.25], "texture": "#0"},
				"south": {"uv": [3.5, 10, 7, 10.25], "texture": "#0"},
				"west": {"uv": [3.5, 10, 7, 10.25], "texture": "#0"}
			}
		},
		{
			"from": [3.62869, 10.975, -2.45692],
			"to": [12.32869, 12.975, 0.79308],
			"rotation": {"angle": -22.5, "axis": "y", "origin": [7.98845, 11.9625, 8]},
			"faces": {
				"north": {"uv": [8, 9, 10.125, 9.5], "texture": "#0"},
				"east": {"uv": [5.75, 8.5, 6.625, 9], "texture": "#0"},
				"south": {"uv": [3.5, 9.5, 5.625, 10], "texture": "#0"},
				"west": {"uv": [3.5, 10.25, 4.375, 10.75], "texture": "#0"},
				"up": {"uv": [10.125, 7.875, 8, 7], "texture": "#0"},
				"down": {"uv": [9.625, 8, 7.5, 8.875], "texture": "#0"}
			}
		},
		{
			"from": [3.66955, 10.95, -2.44808],
			"to": [12.31955, 12.95, 0.80192],
			"rotation": {"angle": 22.5, "axis": "y", "origin": [7.98845, 11.9625, 8]},
			"faces": {
				"north": {"uv": [8, 9.5, 10.125, 10], "texture": "#0"},
				"east": {"uv": [4.5, 10.25, 5.375, 10.75], "texture": "#0"},
				"south": {"uv": [9.75, 8, 11.875, 8.5], "texture": "#0"},
				"west": {"uv": [5.5, 10.25, 6.375, 10.75], "texture": "#0"},
				"up": {"uv": [5.625, 9.375, 3.5, 8.5], "texture": "#0"},
				"down": {"uv": [7.875, 9, 5.75, 9.875], "texture": "#0"}
			}
		},
		{
			"from": [3.62869, 10.95, 15.20692],
			"to": [12.32869, 12.95, 18.45692],
			"rotation": {"angle": 22.5, "axis": "y", "origin": [7.98845, 11.9625, 8]},
			"faces": {
				"north": {"uv": [5.625, 9.5, 3.5, 10], "texture": "#0"},
				"east": {"uv": [6.625, 8.5, 5.75, 9], "texture": "#0"},
				"south": {"uv": [10.125, 9, 8, 9.5], "texture": "#0"},
				"west": {"uv": [4.375, 10.25, 3.5, 10.75], "texture": "#0"},
				"up": {"uv": [10.125, 7, 8, 7.875], "texture": "#0"},
				"down": {"uv": [9.625, 8.875, 7.5, 8], "texture": "#0"}
			}
		},
		{
			"from": [3.66955, 10.975, 15.19808],
			"to": [12.31955, 12.975, 18.44808],
			"rotation": {"angle": -22.5, "axis": "y", "origin": [7.98845, 11.9625, 8]},
			"faces": {
				"north": {"uv": [11.875, 8, 9.75, 8.5], "texture": "#0"},
				"east": {"uv": [5.375, 10.25, 4.5, 10.75], "texture": "#0"},
				"south": {"uv": [10.125, 9.5, 8, 10], "texture": "#0"},
				"west": {"uv": [6.375, 10.25, 5.5, 10.75], "texture": "#0"},
				"up": {"uv": [5.625, 8.5, 3.5, 9.375], "texture": "#0"},
				"down": {"uv": [7.875, 9.875, 5.75, 9], "texture": "#0"}
			}
		},
		{
			"from": [15.19537, 10.975, 3.64024],
			"to": [18.44537, 12.975, 12.34024],
			"rotation": {"angle": -22.5, "axis": "y", "origin": [7.98845, 11.9625, 8]},
			"faces": {
				"north": {"uv": [3.5, 10.25, 4.375, 10.75], "texture": "#0"},
				"east": {"uv": [8, 9, 10.125, 9.5], "texture": "#0"},
				"south": {"uv": [5.75, 8.5, 6.625, 9], "texture": "#0"},
				"west": {"uv": [3.5, 9.5, 5.625, 10], "texture": "#0"},
				"up": {"uv": [10.125, 7.875, 8, 7], "rotation": 90, "texture": "#0"},
				"down": {"uv": [9.625, 8, 7.5, 8.875], "rotation": 270, "texture": "#0"}
			}
		},
		{
			"from": [-2.46847, 10.95, 3.64024],
			"to": [0.78153, 12.95, 12.34024],
			"rotation": {"angle": 22.5, "axis": "y", "origin": [7.98845, 11.9625, 8]},
			"faces": {
				"north": {"uv": [4.375, 10.25, 3.5, 10.75], "texture": "#0"},
				"east": {"uv": [5.625, 9.5, 3.5, 10], "texture": "#0"},
				"south": {"uv": [6.625, 8.5, 5.75, 9], "texture": "#0"},
				"west": {"uv": [10.125, 9, 8, 9.5], "texture": "#0"},
				"up": {"uv": [10.125, 7, 8, 7.875], "rotation": 90, "texture": "#0"},
				"down": {"uv": [9.625, 8.875, 7.5, 8], "rotation": 270, "texture": "#0"}
			}
		},
		{
			"from": [-2.45963, 10.975, 3.6811],
			"to": [0.79037, 12.975, 12.3311],
			"rotation": {"angle": -22.5, "axis": "y", "origin": [7.98845, 11.9625, 8]},
			"faces": {
				"north": {"uv": [6.375, 10.25, 5.5, 10.75], "texture": "#0"},
				"east": {"uv": [11.875, 8, 9.75, 8.5], "texture": "#0"},
				"south": {"uv": [5.375, 10.25, 4.5, 10.75], "texture": "#0"},
				"west": {"uv": [10.125, 9.5, 8, 10], "texture": "#0"},
				"up": {"uv": [5.625, 8.5, 3.5, 9.375], "rotation": 90, "texture": "#0"},
				"down": {"uv": [7.875, 9.875, 5.75, 9], "rotation": 270, "texture": "#0"}
			}
		}
	],
	"display": {
		"thirdperson_righthand": {
			"scale": [0, 0, 0]
		},
		"thirdperson_lefthand": {
			"scale": [0, 0, 0]
		},
		"firstperson_lefthand": {
			"scale": [0, 0, 0]
		},
		"ground": {
			"scale": [0, 0, 0]
		},
		"gui": {
			"scale": [0, 0, 0]
		}
	},
	"groups": [
		{
			"name": "group",
			"origin": [7.98845, 3.9625, 8],
			"color": 0,
			"nbt": "{}",
			"children": [0, 1, 2, 3, 4, 5, 6, 7, 8, 9, 10]
		}
	]
}