{
	"credit": "Made with Blockbench",
	"texture_size": [64, 64],
	"textures": {
		"0": "custom/other/serpent_tail",
		"particle": "custom/other/serpent_tail"
	},
	"elements": [
		{
			"from": [5, 2, 0],
			"to": [11, 14, 17],
			"rotation": {"angle": 0, "axis": "y", "origin": [8, 8, 8.5]},
			"faces": {
				"north": {"uv": [8.5, 8.5, 10, 11.5], "texture": "#0"},
				"east": {"uv": [0, 0, 4.25, 3], "texture": "#0"},
				"south": {"uv": [0, 9, 1.5, 12], "texture": "#0"},
				"west": {"uv": [0, 3, 4.25, 6], "texture": "#0"},
				"up": {"uv": [10, 4.25, 8.5, 0], "texture": "#0"},
				"down": {"uv": [10, 4.25, 8.5, 8.5], "texture": "#0"}
			}
		},
		{
			"from": [6, 14, 0],
			"to": [10, 16, 14],
			"rotation": {"angle": 0, "axis": "y", "origin": [8, 8, 8.5]},
			"faces": {
				"north": {"uv": [7.5, 9, 8.5, 9.5], "texture": "#0"},
				"east": {"uv": [10, 3, 13.5, 3.5], "texture": "#0"},
				"south": {"uv": [7.5, 9.5, 8.5, 10], "texture": "#0"},
				"west": {"uv": [10, 3.5, 13.5, 4], "texture": "#0"},
				"up": {"uv": [2.5, 12.5, 1.5, 9], "texture": "#0"},
				"down": {"uv": [3.5, 9, 2.5, 12.5], "texture": "#0"}
			}
		},
		{
			"from": [6, 0, 0],
			"to": [10, 2, 14],
			"rotation": {"angle": 0, "axis": "y", "origin": [8, 8, 8.5]},
			"faces": {
				"north": {"uv": [10, 5, 11, 5.5], "texture": "#0"},
				"east": {"uv": [10, 4, 13.5, 4.5], "texture": "#0"},
				"south": {"uv": [10, 5.5, 11, 6], "texture": "#0"},
				"west": {"uv": [10, 4.5, 13.5, 5], "texture": "#0"},
				"up": {"uv": [4.5, 12.5, 3.5, 9], "texture": "#0"},
				"down": {"uv": [5.5, 9, 4.5, 12.5], "texture": "#0"}
			}
		},
		{
			"from": [5, 2, 0],
			"to": [5, 14, 17],
			"rotation": {"angle": -22.5, "axis": "z", "origin": [5, 14, 8.5]},
			"faces": {
				"north": {"uv": [0, 0, 0, 3], "texture": "#0"},
				"east": {"uv": [8.5, 3, 4.25, 6], "texture": "#0"},
				"south": {"uv": [0, 0, 0, 3], "texture": "#0"},
				"west": {"uv": [4.25, 3, 8.5, 6], "texture": "#0"},
				"up": {"uv": [0, 4.25, 0, 0], "texture": "#0"},
				"down": {"uv": [0, 0, 0, 4.25], "texture": "#0"}
			}
		},
		{
			"from": [11, 2, 0],
			"to": [11, 14, 17],
			"rotation": {"angle": 22.5, "axis": "z", "origin": [11, 14, 8.5]},
			"faces": {
				"north": {"uv": [0, 0, 0, 3], "texture": "#0"},
				"east": {"uv": [0, 6, 4.25, 9], "texture": "#0"},
				"south": {"uv": [0, 0, 0, 3], "texture": "#0"},
				"west": {"uv": [4.25, 6, 0, 9], "texture": "#0"},
				"up": {"uv": [0, 4.25, 0, 0], "texture": "#0"},
				"down": {"uv": [0, 0, 0, 4.25], "texture": "#0"}
			}
		},
		{
			"from": [7, 10.7315, 16.34985],
			"to": [9, 13.7315, 31.34985],
			"rotation": {"angle": 22.5, "axis": "x", "origin": [8, 12.2315, 17.34985]},
			"faces": {
				"north": {"uv": [10, 6, 10.5, 6.75], "texture": "#0"},
				"east": {"uv": [10, 0, 13.75, 0.75], "texture": "#0"},
				"south": {"uv": [10, 6.75, 10.5, 7.5], "texture": "#0"},
				"west": {"uv": [10, 0.75, 13.75, 1.5], "texture": "#0"},
				"up": {"uv": [6, 12.75, 5.5, 9], "texture": "#0"},
				"down": {"uv": [6.5, 9, 6, 12.75], "texture": "#0"}
			}
		},
		{
			"from": [7, 2.2685, 16.34985],
			"to": [9, 5.2685, 31.34985],
			"rotation": {"angle": -22.5, "axis": "x", "origin": [8, 3.7685, 17.34985]},
			"faces": {
				"north": {"uv": [7.5, 10, 8, 10.75], "texture": "#0"},
				"east": {"uv": [10, 1.5, 13.75, 2.25], "texture": "#0"},
				"south": {"uv": [10, 7.5, 10.5, 8.25], "texture": "#0"},
				"west": {"uv": [10, 2.25, 13.75, 3], "texture": "#0"},
				"up": {"uv": [7, 12.75, 6.5, 9], "texture": "#0"},
				"down": {"uv": [7.5, 9, 7, 12.75], "texture": "#0"}
			}
		}
	],
	"display": {
		"head": {
			"translation": [0, 9.75, 0],
			"scale": [2, 2, 2]
		}
	}
}