{
	"credit": "Made with Blockbench",
	"texture_size": [128, 128],
	"textures": {
		"0": "custom/other/serpent_head",
		"particle": "custom/other/serpent_head"
	},
	"elements": [
		{
			"from": [3.5, -3.84907, 11.71319],
			"to": [12.5, 12.15093, 13.71319],
			"rotation": {"angle": 22.5, "axis": "x", "origin": [8, 8, 8.75]},
			"faces": {
				"north": {"uv": [0, 0, 1.125, 2], "texture": "#0"},
				"east": {"uv": [1.5, 6.875, 1.75, 8.875], "texture": "#0"},
				"south": {"uv": [1.125, 0, 2.25, 2], "texture": "#0"},
				"west": {"uv": [1.75, 6.875, 2, 8.875], "texture": "#0"},
				"up": {"uv": [9.25, 6.875, 8.125, 6.625], "texture": "#0"},
				"down": {"uv": [9.375, 3, 8.25, 3.25], "texture": "#0"}
			}
		},
		{
			"from": [12.5, -3.84907, 9.71319],
			"to": [12.5, 7.15093, 11.71319],
			"rotation": {"angle": 22.5, "axis": "x", "origin": [8, 8, 8.75]},
			"faces": {
				"north": {"uv": [0, 0, 0, 1.375], "texture": "#0"},
				"east": {"uv": [6.5, 8.25, 6.75, 9.625], "texture": "#0"},
				"south": {"uv": [0, 0, 0, 1.375], "texture": "#0"},
				"west": {"uv": [6.75, 8.25, 6.5, 9.625], "texture": "#0"},
				"up": {"uv": [0, 0.25, 0, 0], "texture": "#0"},
				"down": {"uv": [0, 0, 0, 0.25], "texture": "#0"}
			}
		},
		{
			"from": [3.5, -3.84907, 9.71319],
			"to": [3.5, 7.15093, 11.71319],
			"rotation": {"angle": 22.5, "axis": "x", "origin": [8, 8, 8.75]},
			"faces": {
				"north": {"uv": [0, 0, 0, 1.375], "texture": "#0"},
				"east": {"uv": [7.5, 8.25, 7.25, 9.625], "texture": "#0"},
				"south": {"uv": [0, 0, 0, 1.375], "texture": "#0"},
				"west": {"uv": [7.25, 8.25, 7.5, 9.625], "texture": "#0"},
				"up": {"uv": [0, 0.25, 0, 0], "texture": "#0"},
				"down": {"uv": [0, 0, 0, 0.25], "texture": "#0"}
			}
		},
		{
			"from": [3.5, -3.84907, 7.71319],
			"to": [12.5, -3.84907, 11.71319],
			"rotation": {"angle": 22.5, "axis": "x", "origin": [8, 8, 8.75]},
			"faces": {
				"north": {"uv": [0, 0, 1.125, 0], "texture": "#0"},
				"east": {"uv": [0, 0, 0.5, 0], "texture": "#0"},
				"south": {"uv": [0, 0, 1.125, 0], "texture": "#0"},
				"west": {"uv": [0, 0, 0.5, 0], "texture": "#0"},
				"up": {"uv": [1.5, 7.375, 0.375, 6.875], "texture": "#0"},
				"down": {"uv": [1.5, 6.875, 0.375, 7.375], "texture": "#0"}
			}
		},
		{
			"from": [4.5, -4.84907, 13.71319],
			"to": [11.5, 0.15093, 15.71319],
			"rotation": {"angle": 22.5, "axis": "x", "origin": [8, 8, 8.75]},
			"faces": {
				"north": {"uv": [4.75, 2.375, 5.625, 3], "texture": "#0"},
				"east": {"uv": [2, 6.875, 2.25, 7.5], "texture": "#0"},
				"south": {"uv": [6.875, 0.5, 7.75, 1.125], "texture": "#0"},
				"west": {"uv": [1.25, 8.5, 1.5, 9.125], "texture": "#0"},
				"up": {"uv": [8.125, 2.5, 7.25, 2.25], "texture": "#0"},
				"down": {"uv": [9.125, 5.75, 8.25, 6], "texture": "#0"}
			}
		},
		{
			"from": [2.5, 0.15093, 13.71319],
			"to": [13.5, 12.15093, 16.71319],
			"rotation": {"angle": 22.5, "axis": "x", "origin": [8, 8, 8.75]},
			"faces": {
				"north": {"uv": [3.375, 0, 4.75, 1.5], "texture": "#0"},
				"east": {"uv": [2.875, 6.625, 3.25, 8.125], "texture": "#0"},
				"south": {"uv": [3.375, 1.5, 4.75, 3], "texture": "#0"},
				"west": {"uv": [3.25, 6.625, 3.625, 8.125], "texture": "#0"},
				"up": {"uv": [8, 6.625, 6.625, 6.25], "texture": "#0"},
				"down": {"uv": [8.25, 1.125, 6.875, 1.5], "texture": "#0"}
			}
		},
		{
			"from": [13.5, 6.15093, 13.71319],
			"to": [20.5, 12.15093, 17.71319],
			"rotation": {"angle": 22.5, "axis": "x", "origin": [8, 8, 8.75]},
			"faces": {
				"north": {"uv": [5.875, 0, 6.75, 0.75], "texture": "#0"},
				"east": {"uv": [7.625, 8.125, 8.125, 8.875], "texture": "#0"},
				"south": {"uv": [3.125, 5.875, 4, 6.625], "texture": "#0"},
				"west": {"uv": [8.125, 8.125, 8.625, 8.875], "texture": "#0"},
				"up": {"uv": [8.125, 5.375, 7.25, 4.875], "texture": "#0"},
				"down": {"uv": [8.125, 5.375, 7.25, 5.875], "texture": "#0"}
			}
		},
		{
			"from": [-4.5, 6.15093, 13.71319],
			"to": [2.5, 12.15093, 17.71319],
			"rotation": {"angle": 22.5, "axis": "x", "origin": [8, 8, 8.75]},
			"faces": {
				"north": {"uv": [5.75, 5.875, 6.625, 6.625], "texture": "#0"},
				"east": {"uv": [8.25, 2.25, 8.75, 3], "texture": "#0"},
				"south": {"uv": [6, 0.75, 6.875, 1.5], "texture": "#0"},
				"west": {"uv": [3.75, 8.25, 4.25, 9], "texture": "#0"},
				"up": {"uv": [4.875, 7.875, 4, 7.375], "texture": "#0"},
				"down": {"uv": [5.75, 7.375, 4.875, 7.875], "texture": "#0"}
			}
		},
		{
			"from": [1.11397, 10.53884, 0],
			"to": [10.11397, 13.53884, 16],
			"rotation": {"angle": 22.5, "axis": "z", "origin": [8, 8, 8.75]},
			"faces": {
				"north": {"uv": [7.625, 7, 8.75, 7.375], "texture": "#0"},
				"east": {"uv": [5.75, 3.375, 7.75, 3.75], "texture": "#0"},
				"south": {"uv": [7.625, 7.375, 8.75, 7.75], "texture": "#0"},
				"west": {"uv": [5.75, 3.75, 7.75, 4.125], "texture": "#0"},
				"up": {"uv": [1.125, 4, 0, 2], "texture": "#0"},
				"down": {"uv": [2.25, 2, 1.125, 4], "texture": "#0"}
			}
		},
		{
			"from": [1.11397, 2.53884, 0],
			"to": [6.11397, 10.53884, 0],
			"rotation": {"angle": 22.5, "axis": "z", "origin": [8, 8, 8.75]},
			"faces": {
				"north": {"uv": [4, 6.375, 4.625, 7.375], "texture": "#0"},
				"east": {"uv": [0, 0, 0, 1], "texture": "#0"},
				"south": {"uv": [4.625, 6.375, 4, 7.375], "texture": "#0"},
				"west": {"uv": [0, 0, 0, 1], "texture": "#0"},
				"up": {"uv": [0.625, 0, 0, 0], "texture": "#0"},
				"down": {"uv": [0.625, 0, 0, 0], "texture": "#0"}
			}
		},
		{
			"from": [9.88603, 2.53884, 0],
			"to": [14.88603, 10.53884, 0],
			"rotation": {"angle": -22.5, "axis": "z", "origin": [8, 8, 8.75]},
			"faces": {
				"north": {"uv": [6.625, 1.5, 7.25, 2.5], "texture": "#0"},
				"east": {"uv": [0, 0, 0, 1], "texture": "#0"},
				"south": {"uv": [7.25, 1.5, 6.625, 2.5], "texture": "#0"},
				"west": {"uv": [0, 0, 0, 1], "texture": "#0"},
				"up": {"uv": [0.625, 0, 0, 0], "texture": "#0"},
				"down": {"uv": [0.625, 0, 0, 0], "texture": "#0"}
			}
		},
		{
			"from": [1.11397, 13.53884, 3],
			"to": [10.11397, 16.53884, 16],
			"rotation": {"angle": 22.5, "axis": "z", "origin": [8, 8, 8.75]},
			"faces": {
				"north": {"uv": [7.75, 3.625, 8.875, 4], "texture": "#0"},
				"east": {"uv": [6.625, 2.5, 8.25, 2.875], "texture": "#0"},
				"south": {"uv": [7.75, 4, 8.875, 4.375], "texture": "#0"},
				"west": {"uv": [6.625, 2.875, 8.25, 3.25], "texture": "#0"},
				"up": {"uv": [4.5, 4.625, 3.375, 3], "texture": "#0"},
				"down": {"uv": [1.125, 4, 0, 5.625], "texture": "#0"}
			}
		},
		{
			"from": [-0.88603, 13.53884, 6],
			"to": [3.11397, 18.53884, 11],
			"rotation": {"angle": 22.5, "axis": "z", "origin": [8, 8, 8.75]},
			"faces": {
				"north": {"uv": [8.25, 0.875, 8.75, 1.5], "texture": "#0"},
				"east": {"uv": [6, 1.5, 6.625, 2.125], "texture": "#0"},
				"south": {"uv": [0.75, 8.5, 1.25, 9.125], "texture": "#0"},
				"west": {"uv": [5.125, 7.875, 5.75, 8.5], "texture": "#0"},
				"up": {"uv": [9, 2.125, 8.5, 1.5], "texture": "#0"},
				"down": {"uv": [2.5, 8.5, 2, 9.125], "texture": "#0"}
			}
		},
		{
			"from": [12.88603, 13.53884, 6],
			"to": [16.88603, 18.53884, 11],
			"rotation": {"angle": -22.5, "axis": "z", "origin": [8, 8, 8.75]},
			"faces": {
				"north": {"uv": [2.5, 8.5, 3, 9.125], "texture": "#0"},
				"east": {"uv": [3.125, 8.125, 3.75, 8.75], "texture": "#0"},
				"south": {"uv": [5, 8.5, 5.5, 9.125], "texture": "#0"},
				"west": {"uv": [8.125, 4.75, 8.75, 5.375], "texture": "#0"},
				"up": {"uv": [6, 9.125, 5.5, 8.5], "texture": "#0"},
				"down": {"uv": [6.5, 8.5, 6, 9.125], "texture": "#0"}
			}
		},
		{
			"from": [6.5, 12.84331, 2],
			"to": [9.5, 16.84331, 14],
			"rotation": {"angle": 0, "axis": "z", "origin": [8, 8, 8.75]},
			"faces": {
				"north": {"uv": [4, 5.875, 4.375, 6.375], "texture": "#0"},
				"east": {"uv": [5.75, 4.875, 7.25, 5.375], "texture": "#0"},
				"south": {"uv": [0, 8.375, 0.375, 8.875], "texture": "#0"},
				"west": {"uv": [5.75, 5.375, 7.25, 5.875], "texture": "#0"},
				"up": {"uv": [4, 8.125, 3.625, 6.625], "texture": "#0"},
				"down": {"uv": [0.375, 6.875, 0, 8.375], "texture": "#0"}
			}
		},
		{
			"from": [4.5, 15.84331, 13],
			"to": [11.5, 23.84331, 16],
			"rotation": {"angle": 0, "axis": "z", "origin": [8, 8, 8.75]},
			"faces": {
				"north": {"uv": [2.25, 5.625, 3.125, 6.625], "texture": "#0"},
				"east": {"uv": [4.25, 8.25, 4.625, 9.25], "texture": "#0"},
				"south": {"uv": [5.75, 2.375, 6.625, 3.375], "texture": "#0"},
				"west": {"uv": [4.625, 8.25, 5, 9.25], "texture": "#0"},
				"up": {"uv": [2.875, 8, 2, 7.625], "texture": "#0"},
				"down": {"uv": [9, 5.375, 8.125, 5.75], "texture": "#0"}
			}
		},
		{
			"from": [0.11397, 13.53884, 14],
			"to": [10.11397, 22.53884, 17],
			"rotation": {"angle": 22.5, "axis": "z", "origin": [8, 8, 8.75]},
			"faces": {
				"north": {"uv": [4.5, 3, 5.75, 4.125], "texture": "#0"},
				"east": {"uv": [0.75, 7.375, 1.125, 8.5], "texture": "#0"},
				"south": {"uv": [4.5, 4.125, 5.75, 5.25], "texture": "#0"},
				"west": {"uv": [1.125, 7.375, 1.5, 8.5], "texture": "#0"},
				"up": {"uv": [8.125, 7, 6.875, 6.625], "texture": "#0"},
				"down": {"uv": [6.5, 7, 5.25, 7.375], "texture": "#0"}
			}
		},
		{
			"from": [-7.85678, 2.70425, 16],
			"to": [1.14322, 12.70425, 19],
			"rotation": {"angle": -22.5, "axis": "z", "origin": [8, 8, 8.75]},
			"faces": {
				"north": {"uv": [3.375, 4.625, 4.5, 5.875], "texture": "#0"},
				"east": {"uv": [6.5, 7, 6.875, 8.25], "texture": "#0"},
				"south": {"uv": [4.75, 0, 5.875, 1.25], "texture": "#0"},
				"west": {"uv": [6.875, 7, 7.25, 8.25], "texture": "#0"},
				"up": {"uv": [8.875, 4.75, 7.75, 4.375], "texture": "#0"},
				"down": {"uv": [8.75, 7.75, 7.625, 8.125], "texture": "#0"}
			}
		},
		{
			"from": [14.85678, 2.70425, 16],
			"to": [23.85678, 12.70425, 19],
			"rotation": {"angle": 22.5, "axis": "z", "origin": [8, 8, 8.75]},
			"faces": {
				"north": {"uv": [0, 5.625, 1.125, 6.875], "texture": "#0"},
				"east": {"uv": [7.25, 7, 7.625, 8.25], "texture": "#0"},
				"south": {"uv": [1.125, 5.625, 2.25, 6.875], "texture": "#0"},
				"west": {"uv": [0.375, 7.375, 0.75, 8.625], "texture": "#0"},
				"up": {"uv": [9.125, 6.625, 8, 6.25], "texture": "#0"},
				"down": {"uv": [3.125, 8.125, 2, 8.5], "texture": "#0"}
			}
		},
		{
			"from": [5.88603, 13.53884, 14],
			"to": [15.88603, 22.53884, 17],
			"rotation": {"angle": -22.5, "axis": "z", "origin": [8, 8, 8.75]},
			"faces": {
				"north": {"uv": [4.75, 1.25, 6, 2.375], "texture": "#0"},
				"east": {"uv": [5.75, 7.375, 6.125, 8.5], "texture": "#0"},
				"south": {"uv": [4.5, 5.25, 5.75, 6.375], "texture": "#0"},
				"west": {"uv": [6.125, 7.375, 6.5, 8.5], "texture": "#0"},
				"up": {"uv": [8.5, 1.875, 7.25, 1.5], "texture": "#0"},
				"down": {"uv": [8.5, 1.875, 7.25, 2.25], "texture": "#0"}
			}
		},
		{
			"from": [5.88603, 13.53884, 3],
			"to": [14.88603, 16.53884, 16],
			"rotation": {"angle": -22.5, "axis": "z", "origin": [8, 8, 8.75]},
			"faces": {
				"north": {"uv": [7.875, 0, 9, 0.375], "texture": "#0"},
				"east": {"uv": [5.25, 6.625, 6.875, 7], "texture": "#0"},
				"south": {"uv": [4, 7.875, 5.125, 8.25], "texture": "#0"},
				"west": {"uv": [6.625, 5.875, 8.25, 6.25], "texture": "#0"},
				"up": {"uv": [2.25, 5.625, 1.125, 4], "texture": "#0"},
				"down": {"uv": [3.375, 4, 2.25, 5.625], "texture": "#0"}
			}
		},
		{
			"from": [5.88603, 10.53884, 0],
			"to": [14.88603, 13.53884, 16],
			"rotation": {"angle": -22.5, "axis": "z", "origin": [8, 8, 8.75]},
			"faces": {
				"north": {"uv": [7.75, 0.5, 8.875, 0.875], "texture": "#0"},
				"east": {"uv": [5.75, 4.125, 7.75, 4.5], "texture": "#0"},
				"south": {"uv": [7.75, 3.25, 8.875, 3.625], "texture": "#0"},
				"west": {"uv": [5.75, 4.5, 7.75, 4.875], "texture": "#0"},
				"up": {"uv": [3.375, 2, 2.25, 0], "texture": "#0"},
				"down": {"uv": [3.375, 2, 2.25, 4], "texture": "#0"}
			}
		}
	],
	"display": {
		"head": {
			"translation": [0, 9.75, 0],
			"scale": [2, 2, 2]
		}
	}
}