{
	"credit": "Made with Blockbench",
	"texture_size": [32, 32],
	"textures": {
		"0": "custom/other/zealotnade",
		"particle": "custom/other/zealotnade"
	},
	"elements": [
		{
			"from": [6.425, 6.425, 6.425],
			"to": [9.575, 9.575, 9.575],
			"rotation": {"angle": 0, "axis": "y", "origin": [8, 8, 8]},
			"faces": {
				"north": {"uv": [0, 0, 1.5, 1.5], "texture": "#0"},
				"east": {"uv": [0, 1.5, 1.5, 3], "texture": "#0"},
				"south": {"uv": [1.5, 0, 3, 1.5], "texture": "#0"},
				"west": {"uv": [1.5, 1.5, 3, 3], "texture": "#0"},
				"up": {"uv": [1.5, 4.5, 0, 3], "texture": "#0"},
				"down": {"uv": [4.5, 0, 3, 1.5], "texture": "#0"}
			}
		},
		{
			"from": [7.055, 9.575, 7.055],
			"to": [8.945, 12.725, 8.945],
			"rotation": {"angle": 0, "axis": "y", "origin": [8, 8, 8]},
			"faces": {
				"north": {"uv": [4.5, 2, 5.5, 3.5], "texture": "#0"},
				"east": {"uv": [3, 4.5, 4, 6], "texture": "#0"},
				"south": {"uv": [4.5, 3.5, 5.5, 5], "texture": "#0"},
				"west": {"uv": [1.5, 5, 2.5, 6.5], "texture": "#0"},
				"up": {"uv": [8, 5.5, 7, 4.5], "texture": "#0"},
				"down": {"uv": [6.5, 7, 5.5, 8], "texture": "#0"}
			}
		},
		{
			"from": [7.055, 3.275, 7.055],
			"to": [8.945, 6.425, 8.945],
			"rotation": {"angle": 0, "axis": "y", "origin": [8, 8, 8]},
			"faces": {
				"north": {"uv": [4, 5, 5, 6.5], "texture": "#0"},
				"east": {"uv": [5, 5, 6, 6.5], "texture": "#0"},
				"south": {"uv": [0, 5.5, 1, 7], "texture": "#0"},
				"west": {"uv": [5.5, 2, 6.5, 3.5], "texture": "#0"},
				"up": {"uv": [7.5, 8, 6.5, 7], "texture": "#0"},
				"down": {"uv": [8.5, 0, 7.5, 1], "texture": "#0"}
			}
		},
		{
			"from": [7.055, 7.055, 3.275],
			"to": [8.945, 8.945, 6.425],
			"rotation": {"angle": 0, "axis": "x", "origin": [8, 8, 8]},
			"faces": {
				"north": {"uv": [7.5, 2, 8.5, 3], "texture": "#0"},
				"east": {"uv": [6, 1, 7.5, 2], "texture": "#0"},
				"south": {"uv": [3, 7.5, 4, 8.5], "texture": "#0"},
				"west": {"uv": [6, 6, 7.5, 7], "texture": "#0"},
				"up": {"uv": [2, 8, 1, 6.5], "texture": "#0"},
				"down": {"uv": [7.5, 2, 6.5, 3.5], "texture": "#0"}
			}
		},
		{
			"from": [7.055, 7.055, 9.575],
			"to": [8.945, 8.945, 12.725],
			"rotation": {"angle": 0, "axis": "x", "origin": [8, 8, 8]},
			"faces": {
				"north": {"uv": [7.5, 1, 8.5, 2], "texture": "#0"},
				"east": {"uv": [5.5, 3.5, 7, 4.5], "texture": "#0"},
				"south": {"uv": [2, 7.5, 3, 8.5], "texture": "#0"},
				"west": {"uv": [6, 0, 7.5, 1], "texture": "#0"},
				"up": {"uv": [3.5, 7.5, 2.5, 6], "texture": "#0"},
				"down": {"uv": [7, 4.5, 6, 6], "texture": "#0"}
			}
		},
		{
			"from": [3.275, 7.055, 7.055],
			"to": [6.425, 8.945, 8.945],
			"rotation": {"angle": 0, "axis": "y", "origin": [8, 8, 8]},
			"faces": {
				"north": {"uv": [1.5, 3, 3, 4], "texture": "#0"},
				"east": {"uv": [3.5, 6.5, 4.5, 7.5], "texture": "#0"},
				"south": {"uv": [3, 1.5, 4.5, 2.5], "texture": "#0"},
				"west": {"uv": [4.5, 6.5, 5.5, 7.5], "texture": "#0"},
				"up": {"uv": [4.5, 3.5, 3, 2.5], "texture": "#0"},
				"down": {"uv": [4.5, 3.5, 3, 4.5], "texture": "#0"}
			}
		},
		{
			"from": [9.575, 7.055, 7.055],
			"to": [12.725, 8.945, 8.945],
			"rotation": {"angle": 0, "axis": "y", "origin": [8, 8, 8]},
			"faces": {
				"north": {"uv": [1.5, 4, 3, 5], "texture": "#0"},
				"east": {"uv": [0, 7, 1, 8], "texture": "#0"},
				"south": {"uv": [0, 4.5, 1.5, 5.5], "texture": "#0"},
				"west": {"uv": [7, 3.5, 8, 4.5], "texture": "#0"},
				"up": {"uv": [6, 1, 4.5, 0], "texture": "#0"},
				"down": {"uv": [6, 1, 4.5, 2], "texture": "#0"}
			}
		}
	],
	"display": {
		"head": {
			"translation": [0, -3, -6.75],
			"scale": [3.26, 3.26, 3.26]
		}
	}
}