{
	"credit": "Made with Blockbench",
	"texture_size": [64, 64],
	"textures": {
		"0": "custom/entity/effect/zealotnade_aoe",
		"particle": "custom/entity/effect/zealotnade_aoe"
	},
	"elements": [
		{
			"from": [-8, 8, -8],
			"to": [24, 8, 24],
			"rotation": {"angle": 0, "axis": "y", "origin": [0, 8, 0]},
			"faces": {
				"north": {"uv": [0, 0, 16, 0], "texture": "#0"},
				"east": {"uv": [0, 0, 16, 0], "texture": "#0"},
				"south": {"uv": [0, 0, 16, 0], "texture": "#0"},
				"west": {"uv": [0, 0, 16, 0], "texture": "#0"},
				"up": {"uv": [0, 0, 16, 16], "texture": "#0"},
				"down": {"uv": [0, 0, 16, 16], "texture": "#0"}
			}
		}
	],
	"display": {
		"head": {
			"translation": [0, 9.75, 0],
			"scale": [2, 2, 2]
		}
	}
}