{
  "textures": {
	"layer0": "item/feather"
  },
  "overrides": [	  

  { "predicate": { "custom_model_data": 10000 }, "model": "custom/ult/melee1/armor1/idle" },
  { "predicate": { "custom_model_data": 10100 }, "model": "custom/ult/melee1/armor1/handling/0" },
  { "predicate": { "custom_model_data": 10101 }, "model": "custom/ult/melee1/armor1/handling/1" },
  { "predicate": { "custom_model_data": 10102 }, "model": "custom/ult/melee1/armor1/handling/2" },
  { "predicate": { "custom_model_data": 10103 }, "model": "custom/ult/melee1/armor1/handling/3" },
  { "predicate": { "custom_model_data": 10104 }, "model": "custom/ult/melee1/armor1/handling/4" },
  { "predicate": { "custom_model_data": 10105 }, "model": "custom/ult/melee1/armor1/handling/5" },
  { "predicate": { "custom_model_data": 10106 }, "model": "custom/ult/melee1/armor1/handling/6" },
  { "predicate": { "custom_model_data": 10200 }, "model": "custom/ult/melee1/armor1/attack_1/0" },
  { "predicate": { "custom_model_data": 10201 }, "model": "custom/ult/melee1/armor1/attack_1/1" },
  { "predicate": { "custom_model_data": 10202 }, "model": "custom/ult/melee1/armor1/attack_1/2" },
  { "predicate": { "custom_model_data": 10203 }, "model": "custom/ult/melee1/armor1/attack_1/3" },
  { "predicate": { "custom_model_data": 10204 }, "model": "custom/ult/melee1/armor1/attack_1/4" },
  { "predicate": { "custom_model_data": 10205 }, "model": "custom/ult/melee1/armor1/attack_1/5" },
  { "predicate": { "custom_model_data": 10206 }, "model": "custom/ult/melee1/armor1/attack_1/6" },


  
  { "predicate": { "custom_model_data": 20000 }, "model": "custom/ult/melee2/armor1/attack_1/0" },
  { "predicate": { "custom_model_data": 20001 }, "model": "custom/ult/melee2/armor1/attack_1/1" },
  { "predicate": { "custom_model_data": 20002 }, "model": "custom/ult/melee2/armor1/attack_1/2" },
  { "predicate": { "custom_model_data": 20003 }, "model": "custom/ult/melee2/armor1/attack_1/3" },
  { "predicate": { "custom_model_data": 20004 }, "model": "custom/ult/melee2/armor1/attack_1/4" },
  { "predicate": { "custom_model_data": 20005 }, "model": "custom/ult/melee2/armor1/attack_1/5" },
  { "predicate": { "custom_model_data": 20006 }, "model": "custom/ult/melee2/armor1/attack_1/6" },
  { "predicate": { "custom_model_data": 20007 }, "model": "custom/ult/melee2/armor1/attack_1/7" },
  { "predicate": { "custom_model_data": 20008 }, "model": "custom/ult/melee2/armor1/attack_1/8" },
  { "predicate": { "custom_model_data": 20009 }, "model": "custom/ult/melee2/armor1/attack_1/9" },
  { "predicate": { "custom_model_data": 20010 }, "model": "custom/ult/melee2/armor1/attack_1/10" },
  { "predicate": { "custom_model_data": 20011 }, "model": "custom/ult/melee2/armor1/attack_1/11" },
  { "predicate": { "custom_model_data": 20012 }, "model": "custom/ult/melee2/armor1/attack_1/12" },
  { "predicate": { "custom_model_data": 20013 }, "model": "custom/ult/melee2/armor1/attack_1/13" },
  { "predicate": { "custom_model_data": 20014 }, "model": "custom/ult/melee2/armor1/attack_1/14" },
  { "predicate": { "custom_model_data": 20015 }, "model": "custom/ult/melee2/armor1/attack_1/15" },
  { "predicate": { "custom_model_data": 20016 }, "model": "custom/ult/melee2/armor1/attack_1/16" },


  
  { "predicate": { "custom_model_data": 30000 }, "model": "custom/ult/ranged1/armor1/idle" },
  { "predicate": { "custom_model_data": 30001 }, "model": "custom/ult/ranged1/armor1/sprint/1" },
  { "predicate": { "custom_model_data": 30002 }, "model": "custom/ult/ranged1/armor1/sprint/2" },
  { "predicate": { "custom_model_data": 30003 }, "model": "custom/ult/ranged1/armor1/sprint/3" },
  { "predicate": { "custom_model_data": 30004 }, "model": "custom/ult/ranged1/armor1/sprint/4" },
  { "predicate": { "custom_model_data": 30005 }, "model": "custom/ult/ranged1/armor1/sprint/5" },
  { "predicate": { "custom_model_data": 30006 }, "model": "custom/ult/ranged1/armor1/sprint/6" },
  { "predicate": { "custom_model_data": 30100 }, "model": "custom/ult/ranged1/armor1/handling/0" },
  { "predicate": { "custom_model_data": 30101 }, "model": "custom/ult/ranged1/armor1/handling/1" },
  { "predicate": { "custom_model_data": 30102 }, "model": "custom/ult/ranged1/armor1/handling/2" },
  { "predicate": { "custom_model_data": 30103 }, "model": "custom/ult/ranged1/armor1/handling/3" },
  { "predicate": { "custom_model_data": 30104 }, "model": "custom/ult/ranged1/armor1/handling/4" },
  { "predicate": { "custom_model_data": 30105 }, "model": "custom/ult/ranged1/armor1/handling/5" },
  { "predicate": { "custom_model_data": 30106 }, "model": "custom/ult/ranged1/armor1/handling/6" },
  { "predicate": { "custom_model_data": 30107 }, "model": "custom/ult/ranged1/armor1/handling/7" },
  { "predicate": { "custom_model_data": 30108 }, "model": "custom/ult/ranged1/armor1/handling/8" },
  { "predicate": { "custom_model_data": 30109 }, "model": "custom/ult/ranged1/armor1/handling/9" },
  { "predicate": { "custom_model_data": 30110 }, "model": "custom/ult/ranged1/armor1/handling/10" },
  { "predicate": { "custom_model_data": 30111 }, "model": "custom/ult/ranged1/armor1/handling/11" },
  { "predicate": { "custom_model_data": 30112 }, "model": "custom/ult/ranged1/armor1/handling/12" },
  { "predicate": { "custom_model_data": 30113 }, "model": "custom/ult/ranged1/armor1/handling/13" },
  { "predicate": { "custom_model_data": 30114 }, "model": "custom/ult/ranged1/armor1/handling/14" },
  { "predicate": { "custom_model_data": 30115 }, "model": "custom/ult/ranged1/armor1/handling/15" },
  { "predicate": { "custom_model_data": 30116 }, "model": "custom/ult/ranged1/armor1/handling/16" },
  { "predicate": { "custom_model_data": 30200 }, "model": "custom/ult/ranged1/armor1/attack_1/0" },
  { "predicate": { "custom_model_data": 30201 }, "model": "custom/ult/ranged1/armor1/attack_1/1" },
  { "predicate": { "custom_model_data": 30202 }, "model": "custom/ult/ranged1/armor1/attack_1/2" },
  { "predicate": { "custom_model_data": 30203 }, "model": "custom/ult/ranged1/armor1/attack_1/3" },
  { "predicate": { "custom_model_data": 30204 }, "model": "custom/ult/ranged1/armor1/attack_1/4" },
  { "predicate": { "custom_model_data": 30205 }, "model": "custom/ult/ranged1/armor1/attack_1/5" },
  { "predicate": { "custom_model_data": 30206 }, "model": "custom/ult/ranged1/armor1/attack_1/6" },
  { "predicate": { "custom_model_data": 30207 }, "model": "custom/ult/ranged1/armor1/attack_1/7" },
  { "predicate": { "custom_model_data": 30208 }, "model": "custom/ult/ranged1/armor1/attack_1/8" },
  { "predicate": { "custom_model_data": 30209 }, "model": "custom/ult/ranged1/armor1/attack_1/9" },
  { "predicate": { "custom_model_data": 30210 }, "model": "custom/ult/ranged1/armor1/attack_1/10" },
  { "predicate": { "custom_model_data": 30211 }, "model": "custom/ult/ranged1/armor1/attack_1/11" },
  { "predicate": { "custom_model_data": 30212 }, "model": "custom/ult/ranged1/armor1/attack_1/12" },
  { "predicate": { "custom_model_data": 30213 }, "model": "custom/ult/ranged1/armor1/attack_1/13" },

  

  { "predicate": { "custom_model_data": 40000 }, "model": "custom/ult/ranged2/armor1/attack_1/0" },
  { "predicate": { "custom_model_data": 40001 }, "model": "custom/ult/ranged2/armor1/attack_1/1" },
  { "predicate": { "custom_model_data": 40002 }, "model": "custom/ult/ranged2/armor1/attack_1/2" },
  { "predicate": { "custom_model_data": 40003 }, "model": "custom/ult/ranged2/armor1/attack_1/3" },
  { "predicate": { "custom_model_data": 40004 }, "model": "custom/ult/ranged2/armor1/attack_1/4" },
  { "predicate": { "custom_model_data": 40005 }, "model": "custom/ult/ranged2/armor1/attack_1/5" },
  { "predicate": { "custom_model_data": 40006 }, "model": "custom/ult/ranged2/armor1/attack_1/6" },
  { "predicate": { "custom_model_data": 40007 }, "model": "custom/ult/ranged2/armor1/attack_1/7" },
  { "predicate": { "custom_model_data": 40008 }, "model": "custom/ult/ranged2/armor1/attack_1/8" },
  { "predicate": { "custom_model_data": 40009 }, "model": "custom/ult/ranged2/armor1/attack_1/9" },
  { "predicate": { "custom_model_data": 40010 }, "model": "custom/ult/ranged2/armor1/attack_1/10" },
  { "predicate": { "custom_model_data": 40011 }, "model": "custom/ult/ranged2/armor1/attack_1/11" },
  { "predicate": { "custom_model_data": 40012 }, "model": "custom/ult/ranged2/armor1/attack_1/12" },
  { "predicate": { "custom_model_data": 40013 }, "model": "custom/ult/ranged2/armor1/attack_1/13" },
  { "predicate": { "custom_model_data": 40014 }, "model": "custom/ult/ranged2/armor1/attack_1/14" },
  { "predicate": { "custom_model_data": 40015 }, "model": "custom/ult/ranged2/armor1/attack_1/15" },
  { "predicate": { "custom_model_data": 40016 }, "model": "custom/ult/ranged2/armor1/attack_1/16" },


  
  { "predicate": { "custom_model_data": 50000 }, "model": "custom/ult/mage1/armor1/tp/0" },
  { "predicate": { "custom_model_data": 50001 }, "model": "custom/ult/mage1/armor1/tp/1" },
  { "predicate": { "custom_model_data": 50002 }, "model": "custom/ult/mage1/armor1/tp/2" },
  { "predicate": { "custom_model_data": 50003 }, "model": "custom/ult/mage1/armor1/tp/3" },
  { "predicate": { "custom_model_data": 50004 }, "model": "custom/ult/mage1/armor1/tp/4" },
  { "predicate": { "custom_model_data": 50005 }, "model": "custom/ult/mage1/armor1/tp/5" },
  { "predicate": { "custom_model_data": 50006 }, "model": "custom/ult/mage1/armor1/tp/6" },
  { "predicate": { "custom_model_data": 50007 }, "model": "custom/ult/mage1/armor1/tp/7" },
  { "predicate": { "custom_model_data": 50008 }, "model": "custom/ult/mage1/armor1/tp/8" },
  { "predicate": { "custom_model_data": 50009 }, "model": "custom/ult/mage1/armor1/tp/9" },
  { "predicate": { "custom_model_data": 50010 }, "model": "custom/ult/mage1/armor1/tp/10" },
  { "predicate": { "custom_model_data": 50011 }, "model": "custom/ult/mage1/armor1/tp/11" },
  { "predicate": { "custom_model_data": 50012 }, "model": "custom/ult/mage1/armor1/tp/12" },
  { "predicate": { "custom_model_data": 50013 }, "model": "custom/ult/mage1/armor1/tp/13" },
  { "predicate": { "custom_model_data": 50014 }, "model": "custom/ult/mage1/armor1/tp/14" },
  { "predicate": { "custom_model_data": 50015 }, "model": "custom/ult/mage1/armor1/tp/15" },
  { "predicate": { "custom_model_data": 50016 }, "model": "custom/ult/mage1/armor1/tp/16" },
  { "predicate": { "custom_model_data": 50017 }, "model": "custom/ult/mage1/armor1/tp/17" },
  { "predicate": { "custom_model_data": 50018 }, "model": "custom/ult/mage1/armor1/tp/18" },
  { "predicate": { "custom_model_data": 50019 }, "model": "custom/ult/mage1/armor1/tp/19" },
  { "predicate": { "custom_model_data": 50020 }, "model": "custom/ult/mage1/armor1/tp/20" },
  { "predicate": { "custom_model_data": 50021 }, "model": "custom/ult/mage1/armor1/tp/21" },
  { "predicate": { "custom_model_data": 50022 }, "model": "custom/ult/mage1/armor1/tp/22" },
  { "predicate": { "custom_model_data": 50023 }, "model": "custom/ult/mage1/armor1/tp/23" },
  { "predicate": { "custom_model_data": 50024 }, "model": "custom/ult/mage1/armor1/tp/24" },
  { "predicate": { "custom_model_data": 50025 }, "model": "custom/ult/mage1/armor1/tp/25" },
  { "predicate": { "custom_model_data": 50026 }, "model": "custom/ult/mage1/armor1/tp/26" },
  { "predicate": { "custom_model_data": 50027 }, "model": "custom/ult/mage1/armor1/tp/27" },
  { "predicate": { "custom_model_data": 50028 }, "model": "custom/ult/mage1/armor1/tp/28" },
  { "predicate": { "custom_model_data": 50029 }, "model": "custom/ult/mage1/armor1/tp/29" },
  { "predicate": { "custom_model_data": 50030 }, "model": "custom/ult/mage1/armor1/tp/30" },
  { "predicate": { "custom_model_data": 50031 }, "model": "custom/ult/mage1/armor1/tp/31" },
  { "predicate": { "custom_model_data": 50032 }, "model": "custom/ult/mage1/armor1/attack_1/0" },
  { "predicate": { "custom_model_data": 50033 }, "model": "custom/ult/mage1/armor1/attack_1/1" },
  { "predicate": { "custom_model_data": 50034 }, "model": "custom/ult/mage1/armor1/attack_1/2" },
  { "predicate": { "custom_model_data": 50035 }, "model": "custom/ult/mage1/armor1/attack_1/3" },
  { "predicate": { "custom_model_data": 50036 }, "model": "custom/ult/mage1/armor1/attack_1/4" },
  { "predicate": { "custom_model_data": 50037 }, "model": "custom/ult/mage1/armor1/attack_1/5" },
  { "predicate": { "custom_model_data": 50038 }, "model": "custom/ult/mage1/armor1/attack_1/6" },
  { "predicate": { "custom_model_data": 50039 }, "model": "custom/ult/mage1/armor1/attack_1/7" },
  { "predicate": { "custom_model_data": 50040 }, "model": "custom/ult/mage1/armor1/attack_1/8" },
  { "predicate": { "custom_model_data": 50041 }, "model": "custom/ult/mage1/armor1/attack_1/9" },
  { "predicate": { "custom_model_data": 50042 }, "model": "custom/ult/mage1/armor1/attack_1/10" },
  { "predicate": { "custom_model_data": 50043 }, "model": "custom/ult/mage1/armor1/attack_1/11" },
  { "predicate": { "custom_model_data": 50044 }, "model": "custom/ult/mage1/armor1/attack_1/12" },
  { "predicate": { "custom_model_data": 50045 }, "model": "custom/ult/mage1/armor1/attack_1/13" },
  { "predicate": { "custom_model_data": 50046 }, "model": "custom/ult/mage1/armor1/attack_1/14" },
  { "predicate": { "custom_model_data": 50047 }, "model": "custom/ult/mage1/armor1/attack_1/15" },
  { "predicate": { "custom_model_data": 50048 }, "model": "custom/ult/mage1/armor1/attack_1/16" },
  { "predicate": { "custom_model_data": 50049 }, "model": "custom/ult/mage1/armor1/attack_1/17" },
  { "predicate": { "custom_model_data": 50050 }, "model": "custom/ult/mage1/armor1/attack_1/18" },
  { "predicate": { "custom_model_data": 50051 }, "model": "custom/ult/mage1/armor1/attack_1/19" },
  { "predicate": { "custom_model_data": 50052 }, "model": "custom/ult/mage1/armor1/attack_1/20" },
  { "predicate": { "custom_model_data": 50053 }, "model": "custom/ult/mage1/armor1/attack_1/21" },
  { "predicate": { "custom_model_data": 50054 }, "model": "custom/ult/mage1/armor1/attack_1/22" },
  { "predicate": { "custom_model_data": 50055 }, "model": "custom/ult/mage1/armor1/attack_1/23" },
  { "predicate": { "custom_model_data": 50056 }, "model": "custom/ult/mage1/armor1/attack_1/24" },
  { "predicate": { "custom_model_data": 50057 }, "model": "custom/ult/mage1/armor1/attack_1/25" },
  { "predicate": { "custom_model_data": 50058 }, "model": "custom/ult/mage1/armor1/attack_1/26" },
  { "predicate": { "custom_model_data": 50059 }, "model": "custom/ult/mage1/armor1/attack_1/27" },



  { "predicate": { "custom_model_data": 60000 }, "model": "custom/ult/mage2/armor1/attack_1/0" },
  { "predicate": { "custom_model_data": 60001 }, "model": "custom/ult/mage2/armor1/attack_1/1" },
  { "predicate": { "custom_model_data": 60002 }, "model": "custom/ult/mage2/armor1/attack_1/2" },
  { "predicate": { "custom_model_data": 60003 }, "model": "custom/ult/mage2/armor1/attack_1/3" },
  { "predicate": { "custom_model_data": 60004 }, "model": "custom/ult/mage2/armor1/attack_1/4" },
  { "predicate": { "custom_model_data": 60005 }, "model": "custom/ult/mage2/armor1/attack_1/5" },
  { "predicate": { "custom_model_data": 60006 }, "model": "custom/ult/mage2/armor1/attack_1/6" },
  { "predicate": { "custom_model_data": 60007 }, "model": "custom/ult/mage2/armor1/attack_1/7" },
  { "predicate": { "custom_model_data": 60008 }, "model": "custom/ult/mage2/armor1/attack_1/8" },
  { "predicate": { "custom_model_data": 60009 }, "model": "custom/ult/mage2/armor1/attack_1/9" },
  { "predicate": { "custom_model_data": 60010 }, "model": "custom/ult/mage2/armor1/attack_1/10" },
  { "predicate": { "custom_model_data": 60011 }, "model": "custom/ult/mage2/armor1/attack_1/11" },
  { "predicate": { "custom_model_data": 60012 }, "model": "custom/ult/mage2/armor1/attack_1/12" },
  { "predicate": { "custom_model_data": 60013 }, "model": "custom/ult/mage2/armor1/attack_1/13" },
  { "predicate": { "custom_model_data": 60014 }, "model": "custom/ult/mage2/armor1/attack_1/14" },
  { "predicate": { "custom_model_data": 60015 }, "model": "custom/ult/mage2/armor1/attack_1/15" },
  { "predicate": { "custom_model_data": 60016 }, "model": "custom/ult/mage2/armor1/attack_1/16" },
  { "predicate": { "custom_model_data": 60017 }, "model": "custom/ult/mage2/armor1/attack_1/17" },
  { "predicate": { "custom_model_data": 60018 }, "model": "custom/ult/mage2/armor1/attack_1/18" },
  { "predicate": { "custom_model_data": 60019 }, "model": "custom/ult/mage2/armor1/attack_1/19" },
  { "predicate": { "custom_model_data": 60020 }, "model": "custom/ult/mage2/armor1/attack_1/20" },
  { "predicate": { "custom_model_data": 60021 }, "model": "custom/ult/mage2/armor1/attack_1/21" },
  { "predicate": { "custom_model_data": 60022 }, "model": "custom/ult/mage2/armor1/attack_1/22" },
  { "predicate": { "custom_model_data": 60023 }, "model": "custom/ult/mage2/armor1/attack_1/23" },
  { "predicate": { "custom_model_data": 60024 }, "model": "custom/ult/mage2/armor1/attack_1/24" },
  { "predicate": { "custom_model_data": 60025 }, "model": "custom/ult/mage2/armor1/attack_1/25" },
  { "predicate": { "custom_model_data": 60026 }, "model": "custom/ult/mage2/armor1/attack_1/26" },
  { "predicate": { "custom_model_data": 60027 }, "model": "custom/ult/mage2/armor1/attack_1/27" },
  { "predicate": { "custom_model_data": 60028 }, "model": "custom/ult/mage2/armor1/attack_1/28" },
  { "predicate": { "custom_model_data": 60029 }, "model": "custom/ult/mage2/armor1/attack_1/29" },
  { "predicate": { "custom_model_data": 60030 }, "model": "custom/ult/mage2/armor1/attack_1/30" },
  { "predicate": { "custom_model_data": 60031 }, "model": "custom/ult/mage2/armor1/attack_1/31" },
  { "predicate": { "custom_model_data": 60032 }, "model": "custom/ult/mage2/armor1/attack_1/32" },
  { "predicate": { "custom_model_data": 60033 }, "model": "custom/ult/mage2/armor1/attack_1/33" },
  { "predicate": { "custom_model_data": 60034 }, "model": "custom/ult/mage2/armor1/attack_1/34" },
  { "predicate": { "custom_model_data": 60035 }, "model": "custom/ult/mage2/armor1/attack_1/35" },
  { "predicate": { "custom_model_data": 60049 }, "model": "custom/ult/mage2/armor1/attack_1/49" },
  { "predicate": { "custom_model_data": 60050 }, "model": "custom/ult/mage2/armor1/attack_1/50" },
  { "predicate": { "custom_model_data": 60051 }, "model": "custom/ult/mage2/armor1/attack_1/51" },
  { "predicate": { "custom_model_data": 60052 }, "model": "custom/ult/mage2/armor1/attack_1/52" },
  { "predicate": { "custom_model_data": 60053 }, "model": "custom/ult/mage2/armor1/attack_1/53" },
  { "predicate": { "custom_model_data": 60054 }, "model": "custom/ult/mage2/armor1/attack_1/54" },
  { "predicate": { "custom_model_data": 60055 }, "model": "custom/ult/mage2/armor1/attack_1/55" },
  { "predicate": { "custom_model_data": 60056 }, "model": "custom/ult/mage2/armor1/attack_1/56" },
  { "predicate": { "custom_model_data": 60057 }, "model": "custom/ult/mage2/armor1/attack_1/57" },
  { "predicate": { "custom_model_data": 60058 }, "model": "custom/ult/mage2/armor1/attack_1/58" },
  { "predicate": { "custom_model_data": 60059 }, "model": "custom/ult/mage2/armor1/attack_1/59" },
  { "predicate": { "custom_model_data": 60060 }, "model": "custom/ult/mage2/armor1/attack_1/60" },
  { "predicate": { "custom_model_data": 60061 }, "model": "custom/ult/mage2/armor1/attack_1/61" },
  { "predicate": { "custom_model_data": 60062 }, "model": "custom/ult/mage2/armor1/attack_1/62" },
  { "predicate": { "custom_model_data": 60063 }, "model": "custom/ult/mage2/armor1/attack_1/63" },
  { "predicate": { "custom_model_data": 60064 }, "model": "custom/ult/mage2/armor1/attack_1/64" },
  { "predicate": { "custom_model_data": 60065 }, "model": "custom/ult/mage2/armor1/attack_1/65" },
  { "predicate": { "custom_model_data": 60066 }, "model": "custom/ult/mage2/armor1/attack_1/66" },
  { "predicate": { "custom_model_data": 60067 }, "model": "custom/ult/mage2/armor1/attack_1/67" },
  { "predicate": { "custom_model_data": 60068 }, "model": "custom/ult/mage2/armor1/attack_1/68" }

	]
}
