{
	"parent": "item/generated",
	"textures": {
		"layer0": "minecraft:item/white_dye"
	},
	"overrides": [
		{
			"predicate": {
				"custom_model_data": 1
			},
			"model": "item/animated_java_empty"
		},
		{
			"predicate": {
				"custom_model_data": 2
			},
			"model": "minecraft:custom/entity/player/ranged"
		},
		{
			"predicate": {
				"custom_model_data": 3
			},
			"model": "minecraft:custom/entity/player/ranged_verge"
		},
		{
			"predicate": {
				"custom_model_data": 4
			},
			"model": "minecraft:custom/entity/player/mage"
		},
		{
			"predicate": {
				"custom_model_data": 5
			},
			"model": "minecraft:custom/entity/player/mage_verge"
		},
		{
			"predicate": {
				"custom_model_data": 6
			},
			"model": "minecraft:custom/entity/player/melee"
		},
		{
			"predicate": {
				"custom_model_data": 7
			},
			"model": "minecraft:custom/entity/player/melee_verge"
		},
		{
			"predicate": {
				"custom_model_data": 8
			},
			"model": "minecraft:custom/entity/player/head"
		},
		{
			"predicate": {
				"custom_model_data": 9
			},
			"model": "minecraft:custom/entity/player/arm_r"
		},
		{
			"predicate": {
				"custom_model_data": 10
			},
			"model": "minecraft:custom/entity/player/arm_l"
		},
		{
			"predicate": {
				"custom_model_data": 11
			},
			"model": "minecraft:custom/entity/player/body"
		},
		{
			"predicate": {
				"custom_model_data": 12
			},
			"model": "minecraft:custom/entity/player/leg_l"
		},
		{
			"predicate": {
				"custom_model_data": 13
			},
			"model": "minecraft:custom/entity/player/leg_r"
		},
		{
			"predicate": {
				"custom_model_data": 14
			},
			"model": "minecraft:custom/entity/player/ranged/ranged"
		},
		{
			"predicate": {
				"custom_model_data": 15
			},
			"model": "minecraft:custom/entity/player/ranged/ranged_verge"
		},
		{
			"predicate": {
				"custom_model_data": 16
			},
			"model": "minecraft:custom/entity/player/ranged/mage"
		},
		{
			"predicate": {
				"custom_model_data": 17
			},
			"model": "minecraft:custom/entity/player/ranged/mage_verge"
		},
		{
			"predicate": {
				"custom_model_data": 18
			},
			"model": "minecraft:custom/entity/player/ranged/melee"
		},
		{
			"predicate": {
				"custom_model_data": 19
			},
			"model": "minecraft:custom/entity/player/ranged/melee_verge"
		},
		{
			"predicate": {
				"custom_model_data": 20
			},
			"model": "minecraft:custom/entity/player/ranged/head"
		},
		{
			"predicate": {
				"custom_model_data": 21
			},
			"model": "minecraft:custom/entity/player/ranged/arm_r"
		},
		{
			"predicate": {
				"custom_model_data": 22
			},
			"model": "minecraft:custom/entity/player/ranged/arm_l"
		},
		{
			"predicate": {
				"custom_model_data": 23
			},
			"model": "minecraft:custom/entity/player/ranged/body"
		},
		{
			"predicate": {
				"custom_model_data": 24
			},
			"model": "minecraft:custom/entity/player/ranged/leg_l"
		},
		{
			"predicate": {
				"custom_model_data": 25
			},
			"model": "minecraft:custom/entity/player/ranged/leg_r"
		},
		{
			"predicate": {
				"custom_model_data": 26
			},
			"model": "minecraft:custom/entity/player/ranged_verge/ranged"
		},
		{
			"predicate": {
				"custom_model_data": 27
			},
			"model": "minecraft:custom/entity/player/ranged_verge/ranged_verge"
		},
		{
			"predicate": {
				"custom_model_data": 28
			},
			"model": "minecraft:custom/entity/player/ranged_verge/mage"
		},
		{
			"predicate": {
				"custom_model_data": 29
			},
			"model": "minecraft:custom/entity/player/ranged_verge/mage_verge"
		},
		{
			"predicate": {
				"custom_model_data": 30
			},
			"model": "minecraft:custom/entity/player/ranged_verge/melee"
		},
		{
			"predicate": {
				"custom_model_data": 31
			},
			"model": "minecraft:custom/entity/player/ranged_verge/melee_verge"
		},
		{
			"predicate": {
				"custom_model_data": 32
			},
			"model": "minecraft:custom/entity/player/ranged_verge/head"
		},
		{
			"predicate": {
				"custom_model_data": 33
			},
			"model": "minecraft:custom/entity/player/ranged_verge/arm_r"
		},
		{
			"predicate": {
				"custom_model_data": 34
			},
			"model": "minecraft:custom/entity/player/ranged_verge/arm_l"
		},
		{
			"predicate": {
				"custom_model_data": 35
			},
			"model": "minecraft:custom/entity/player/ranged_verge/body"
		},
		{
			"predicate": {
				"custom_model_data": 36
			},
			"model": "minecraft:custom/entity/player/ranged_verge/leg_l"
		},
		{
			"predicate": {
				"custom_model_data": 37
			},
			"model": "minecraft:custom/entity/player/ranged_verge/leg_r"
		},
		{
			"predicate": {
				"custom_model_data": 38
			},
			"model": "minecraft:custom/entity/player/mage/ranged"
		},
		{
			"predicate": {
				"custom_model_data": 39
			},
			"model": "minecraft:custom/entity/player/mage/ranged_verge"
		},
		{
			"predicate": {
				"custom_model_data": 40
			},
			"model": "minecraft:custom/entity/player/mage/mage"
		},
		{
			"predicate": {
				"custom_model_data": 41
			},
			"model": "minecraft:custom/entity/player/mage/mage_verge"
		},
		{
			"predicate": {
				"custom_model_data": 42
			},
			"model": "minecraft:custom/entity/player/mage/melee"
		},
		{
			"predicate": {
				"custom_model_data": 43
			},
			"model": "minecraft:custom/entity/player/mage/melee_verge"
		},
		{
			"predicate": {
				"custom_model_data": 44
			},
			"model": "minecraft:custom/entity/player/mage/head"
		},
		{
			"predicate": {
				"custom_model_data": 45
			},
			"model": "minecraft:custom/entity/player/mage/arm_r"
		},
		{
			"predicate": {
				"custom_model_data": 46
			},
			"model": "minecraft:custom/entity/player/mage/arm_l"
		},
		{
			"predicate": {
				"custom_model_data": 47
			},
			"model": "minecraft:custom/entity/player/mage/body"
		},
		{
			"predicate": {
				"custom_model_data": 48
			},
			"model": "minecraft:custom/entity/player/mage/leg_l"
		},
		{
			"predicate": {
				"custom_model_data": 49
			},
			"model": "minecraft:custom/entity/player/mage/leg_r"
		},
		{
			"predicate": {
				"custom_model_data": 50
			},
			"model": "minecraft:custom/entity/player/mage_verge/ranged"
		},
		{
			"predicate": {
				"custom_model_data": 51
			},
			"model": "minecraft:custom/entity/player/mage_verge/ranged_verge"
		},
		{
			"predicate": {
				"custom_model_data": 52
			},
			"model": "minecraft:custom/entity/player/mage_verge/mage"
		},
		{
			"predicate": {
				"custom_model_data": 53
			},
			"model": "minecraft:custom/entity/player/mage_verge/mage_verge"
		},
		{
			"predicate": {
				"custom_model_data": 54
			},
			"model": "minecraft:custom/entity/player/mage_verge/melee"
		},
		{
			"predicate": {
				"custom_model_data": 55
			},
			"model": "minecraft:custom/entity/player/mage_verge/melee_verge"
		},
		{
			"predicate": {
				"custom_model_data": 56
			},
			"model": "minecraft:custom/entity/player/mage_verge/head"
		},
		{
			"predicate": {
				"custom_model_data": 57
			},
			"model": "minecraft:custom/entity/player/mage_verge/arm_r"
		},
		{
			"predicate": {
				"custom_model_data": 58
			},
			"model": "minecraft:custom/entity/player/mage_verge/arm_l"
		},
		{
			"predicate": {
				"custom_model_data": 59
			},
			"model": "minecraft:custom/entity/player/mage_verge/body"
		},
		{
			"predicate": {
				"custom_model_data": 60
			},
			"model": "minecraft:custom/entity/player/mage_verge/leg_l"
		},
		{
			"predicate": {
				"custom_model_data": 61
			},
			"model": "minecraft:custom/entity/player/mage_verge/leg_r"
		},
		{
			"predicate": {
				"custom_model_data": 62
			},
			"model": "minecraft:custom/entity/player/melee/ranged"
		},
		{
			"predicate": {
				"custom_model_data": 63
			},
			"model": "minecraft:custom/entity/player/melee/ranged_verge"
		},
		{
			"predicate": {
				"custom_model_data": 64
			},
			"model": "minecraft:custom/entity/player/melee/mage"
		},
		{
			"predicate": {
				"custom_model_data": 65
			},
			"model": "minecraft:custom/entity/player/melee/mage_verge"
		},
		{
			"predicate": {
				"custom_model_data": 66
			},
			"model": "minecraft:custom/entity/player/melee/melee"
		},
		{
			"predicate": {
				"custom_model_data": 67
			},
			"model": "minecraft:custom/entity/player/melee/melee_verge"
		},
		{
			"predicate": {
				"custom_model_data": 68
			},
			"model": "minecraft:custom/entity/player/melee/head"
		},
		{
			"predicate": {
				"custom_model_data": 69
			},
			"model": "minecraft:custom/entity/player/melee/arm_r"
		},
		{
			"predicate": {
				"custom_model_data": 70
			},
			"model": "minecraft:custom/entity/player/melee/arm_l"
		},
		{
			"predicate": {
				"custom_model_data": 71
			},
			"model": "minecraft:custom/entity/player/melee/body"
		},
		{
			"predicate": {
				"custom_model_data": 72
			},
			"model": "minecraft:custom/entity/player/melee/leg_l"
		},
		{
			"predicate": {
				"custom_model_data": 73
			},
			"model": "minecraft:custom/entity/player/melee/leg_r"
		},
		{
			"predicate": {
				"custom_model_data": 74
			},
			"model": "minecraft:custom/entity/player/melee_verge/ranged"
		},
		{
			"predicate": {
				"custom_model_data": 75
			},
			"model": "minecraft:custom/entity/player/melee_verge/ranged_verge"
		},
		{
			"predicate": {
				"custom_model_data": 76
			},
			"model": "minecraft:custom/entity/player/melee_verge/mage"
		},
		{
			"predicate": {
				"custom_model_data": 77
			},
			"model": "minecraft:custom/entity/player/melee_verge/mage_verge"
		},
		{
			"predicate": {
				"custom_model_data": 78
			},
			"model": "minecraft:custom/entity/player/melee_verge/melee"
		},
		{
			"predicate": {
				"custom_model_data": 79
			},
			"model": "minecraft:custom/entity/player/melee_verge/melee_verge"
		},
		{
			"predicate": {
				"custom_model_data": 80
			},
			"model": "minecraft:custom/entity/player/melee_verge/head"
		},
		{
			"predicate": {
				"custom_model_data": 81
			},
			"model": "minecraft:custom/entity/player/melee_verge/arm_r"
		},
		{
			"predicate": {
				"custom_model_data": 82
			},
			"model": "minecraft:custom/entity/player/melee_verge/arm_l"
		},
		{
			"predicate": {
				"custom_model_data": 83
			},
			"model": "minecraft:custom/entity/player/melee_verge/body"
		},
		{
			"predicate": {
				"custom_model_data": 84
			},
			"model": "minecraft:custom/entity/player/melee_verge/leg_l"
		},
		{
			"predicate": {
				"custom_model_data": 85
			},
			"model": "minecraft:custom/entity/player/melee_verge/leg_r"
		},
		{
			"predicate": {
				"custom_model_data": 86
			},
			"model": "minecraft:custom/entity/mob/revenant/armcubes2"
		},
		{
			"predicate": {
				"custom_model_data": 87
			},
			"model": "minecraft:custom/entity/mob/revenant/armcubes1"
		},
		{
			"predicate": {
				"custom_model_data": 88
			},
			"model": "minecraft:custom/entity/mob/revenant/bodycubes"
		},
		{
			"predicate": {
				"custom_model_data": 89
			},
			"model": "minecraft:custom/entity/mob/revenant/glow"
		},
		{
			"predicate": {
				"custom_model_data": 90
			},
			"model": "minecraft:custom/entity/mob/revenant/head"
		},
		{
			"predicate": {
				"custom_model_data": 91
			},
			"model": "minecraft:custom/entity/mob/revenant/finger_5"
		},
		{
			"predicate": {
				"custom_model_data": 92
			},
			"model": "minecraft:custom/entity/mob/revenant/finger_6"
		},
		{
			"predicate": {
				"custom_model_data": 93
			},
			"model": "minecraft:custom/entity/mob/revenant/finger_7"
		},
		{
			"predicate": {
				"custom_model_data": 94
			},
			"model": "minecraft:custom/entity/mob/revenant/handl"
		},
		{
			"predicate": {
				"custom_model_data": 95
			},
			"model": "minecraft:custom/entity/mob/revenant/elbow_l"
		},
		{
			"predicate": {
				"custom_model_data": 96
			},
			"model": "minecraft:custom/entity/mob/revenant/arm_l"
		},
		{
			"predicate": {
				"custom_model_data": 97
			},
			"model": "minecraft:custom/entity/mob/revenant/finger_2"
		},
		{
			"predicate": {
				"custom_model_data": 98
			},
			"model": "minecraft:custom/entity/mob/revenant/finger_3"
		},
		{
			"predicate": {
				"custom_model_data": 99
			},
			"model": "minecraft:custom/entity/mob/revenant/finger_4"
		},
		{
			"predicate": {
				"custom_model_data": 100
			},
			"model": "minecraft:custom/entity/mob/revenant/handr"
		},
		{
			"predicate": {
				"custom_model_data": 101
			},
			"model": "minecraft:custom/entity/mob/revenant/elbow_r"
		},
		{
			"predicate": {
				"custom_model_data": 102
			},
			"model": "minecraft:custom/entity/mob/revenant/arm_r"
		},
		{
			"predicate": {
				"custom_model_data": 103
			},
			"model": "minecraft:custom/entity/mob/revenant/portal"
		},
		{
			"predicate": {
				"custom_model_data": 104
			},
			"model": "minecraft:custom/entity/mob/revenant/ascended/armcubes2"
		},
		{
			"predicate": {
				"custom_model_data": 105
			},
			"model": "minecraft:custom/entity/mob/revenant/ascended/armcubes1"
		},
		{
			"predicate": {
				"custom_model_data": 106
			},
			"model": "minecraft:custom/entity/mob/revenant/ascended/bodycubes"
		},
		{
			"predicate": {
				"custom_model_data": 107
			},
			"model": "minecraft:custom/entity/mob/revenant/ascended/glow"
		},
		{
			"predicate": {
				"custom_model_data": 108
			},
			"model": "minecraft:custom/entity/mob/revenant/ascended/head"
		},
		{
			"predicate": {
				"custom_model_data": 109
			},
			"model": "minecraft:custom/entity/mob/revenant/ascended/finger_5"
		},
		{
			"predicate": {
				"custom_model_data": 110
			},
			"model": "minecraft:custom/entity/mob/revenant/ascended/finger_6"
		},
		{
			"predicate": {
				"custom_model_data": 111
			},
			"model": "minecraft:custom/entity/mob/revenant/ascended/finger_7"
		},
		{
			"predicate": {
				"custom_model_data": 112
			},
			"model": "minecraft:custom/entity/mob/revenant/ascended/handl"
		},
		{
			"predicate": {
				"custom_model_data": 113
			},
			"model": "minecraft:custom/entity/mob/revenant/ascended/elbow_l"
		},
		{
			"predicate": {
				"custom_model_data": 114
			},
			"model": "minecraft:custom/entity/mob/revenant/ascended/arm_l"
		},
		{
			"predicate": {
				"custom_model_data": 115
			},
			"model": "minecraft:custom/entity/mob/revenant/ascended/finger_2"
		},
		{
			"predicate": {
				"custom_model_data": 116
			},
			"model": "minecraft:custom/entity/mob/revenant/ascended/finger_3"
		},
		{
			"predicate": {
				"custom_model_data": 117
			},
			"model": "minecraft:custom/entity/mob/revenant/ascended/finger_4"
		},
		{
			"predicate": {
				"custom_model_data": 118
			},
			"model": "minecraft:custom/entity/mob/revenant/ascended/handr"
		},
		{
			"predicate": {
				"custom_model_data": 119
			},
			"model": "minecraft:custom/entity/mob/revenant/ascended/elbow_r"
		},
		{
			"predicate": {
				"custom_model_data": 120
			},
			"model": "minecraft:custom/entity/mob/revenant/ascended/arm_r"
		},
		{
			"predicate": {
				"custom_model_data": 121
			},
			"model": "minecraft:custom/entity/mob/revenant/ascended/portal"
		},
		{
			"predicate": {
				"custom_model_data": 122
			},
			"model": "minecraft:custom/entity/mob/revenant/hurt/armcubes2"
		},
		{
			"predicate": {
				"custom_model_data": 123
			},
			"model": "minecraft:custom/entity/mob/revenant/hurt/armcubes1"
		},
		{
			"predicate": {
				"custom_model_data": 124
			},
			"model": "minecraft:custom/entity/mob/revenant/hurt/bodycubes"
		},
		{
			"predicate": {
				"custom_model_data": 125
			},
			"model": "minecraft:custom/entity/mob/revenant/hurt/glow"
		},
		{
			"predicate": {
				"custom_model_data": 126
			},
			"model": "minecraft:custom/entity/mob/revenant/hurt/head"
		},
		{
			"predicate": {
				"custom_model_data": 127
			},
			"model": "minecraft:custom/entity/mob/revenant/hurt/finger_5"
		},
		{
			"predicate": {
				"custom_model_data": 128
			},
			"model": "minecraft:custom/entity/mob/revenant/hurt/finger_6"
		},
		{
			"predicate": {
				"custom_model_data": 129
			},
			"model": "minecraft:custom/entity/mob/revenant/hurt/finger_7"
		},
		{
			"predicate": {
				"custom_model_data": 130
			},
			"model": "minecraft:custom/entity/mob/revenant/hurt/handl"
		},
		{
			"predicate": {
				"custom_model_data": 131
			},
			"model": "minecraft:custom/entity/mob/revenant/hurt/elbow_l"
		},
		{
			"predicate": {
				"custom_model_data": 132
			},
			"model": "minecraft:custom/entity/mob/revenant/hurt/arm_l"
		},
		{
			"predicate": {
				"custom_model_data": 133
			},
			"model": "minecraft:custom/entity/mob/revenant/hurt/finger_2"
		},
		{
			"predicate": {
				"custom_model_data": 134
			},
			"model": "minecraft:custom/entity/mob/revenant/hurt/finger_3"
		},
		{
			"predicate": {
				"custom_model_data": 135
			},
			"model": "minecraft:custom/entity/mob/revenant/hurt/finger_4"
		},
		{
			"predicate": {
				"custom_model_data": 136
			},
			"model": "minecraft:custom/entity/mob/revenant/hurt/handr"
		},
		{
			"predicate": {
				"custom_model_data": 137
			},
			"model": "minecraft:custom/entity/mob/revenant/hurt/elbow_r"
		},
		{
			"predicate": {
				"custom_model_data": 138
			},
			"model": "minecraft:custom/entity/mob/revenant/hurt/arm_r"
		},
		{
			"predicate": {
				"custom_model_data": 139
			},
			"model": "minecraft:custom/entity/mob/revenant/hurt/portal"
		},
		{
			"predicate": {
				"custom_model_data": 140
			},
			"model": "minecraft:custom/entity/mob/revenant/ascended_hurt/armcubes2"
		},
		{
			"predicate": {
				"custom_model_data": 141
			},
			"model": "minecraft:custom/entity/mob/revenant/ascended_hurt/armcubes1"
		},
		{
			"predicate": {
				"custom_model_data": 142
			},
			"model": "minecraft:custom/entity/mob/revenant/ascended_hurt/bodycubes"
		},
		{
			"predicate": {
				"custom_model_data": 143
			},
			"model": "minecraft:custom/entity/mob/revenant/ascended_hurt/glow"
		},
		{
			"predicate": {
				"custom_model_data": 144
			},
			"model": "minecraft:custom/entity/mob/revenant/ascended_hurt/head"
		},
		{
			"predicate": {
				"custom_model_data": 145
			},
			"model": "minecraft:custom/entity/mob/revenant/ascended_hurt/finger_5"
		},
		{
			"predicate": {
				"custom_model_data": 146
			},
			"model": "minecraft:custom/entity/mob/revenant/ascended_hurt/finger_6"
		},
		{
			"predicate": {
				"custom_model_data": 147
			},
			"model": "minecraft:custom/entity/mob/revenant/ascended_hurt/finger_7"
		},
		{
			"predicate": {
				"custom_model_data": 148
			},
			"model": "minecraft:custom/entity/mob/revenant/ascended_hurt/handl"
		},
		{
			"predicate": {
				"custom_model_data": 149
			},
			"model": "minecraft:custom/entity/mob/revenant/ascended_hurt/elbow_l"
		},
		{
			"predicate": {
				"custom_model_data": 150
			},
			"model": "minecraft:custom/entity/mob/revenant/ascended_hurt/arm_l"
		},
		{
			"predicate": {
				"custom_model_data": 151
			},
			"model": "minecraft:custom/entity/mob/revenant/ascended_hurt/finger_2"
		},
		{
			"predicate": {
				"custom_model_data": 152
			},
			"model": "minecraft:custom/entity/mob/revenant/ascended_hurt/finger_3"
		},
		{
			"predicate": {
				"custom_model_data": 153
			},
			"model": "minecraft:custom/entity/mob/revenant/ascended_hurt/finger_4"
		},
		{
			"predicate": {
				"custom_model_data": 154
			},
			"model": "minecraft:custom/entity/mob/revenant/ascended_hurt/handr"
		},
		{
			"predicate": {
				"custom_model_data": 155
			},
			"model": "minecraft:custom/entity/mob/revenant/ascended_hurt/elbow_r"
		},
		{
			"predicate": {
				"custom_model_data": 156
			},
			"model": "minecraft:custom/entity/mob/revenant/ascended_hurt/arm_r"
		},
		{
			"predicate": {
				"custom_model_data": 157
			},
			"model": "minecraft:custom/entity/mob/revenant/ascended_hurt/portal"
		},
		{
			"predicate": {
				"custom_model_data": 158
			},
			"model": "minecraft:custom/entity/mob/revenant/phased/armcubes2"
		},
		{
			"predicate": {
				"custom_model_data": 159
			},
			"model": "minecraft:custom/entity/mob/revenant/phased/armcubes1"
		},
		{
			"predicate": {
				"custom_model_data": 160
			},
			"model": "minecraft:custom/entity/mob/revenant/phased/bodycubes"
		},
		{
			"predicate": {
				"custom_model_data": 161
			},
			"model": "minecraft:custom/entity/mob/revenant/phased/glow"
		},
		{
			"predicate": {
				"custom_model_data": 162
			},
			"model": "minecraft:custom/entity/mob/revenant/phased/head"
		},
		{
			"predicate": {
				"custom_model_data": 163
			},
			"model": "minecraft:custom/entity/mob/revenant/phased/finger_5"
		},
		{
			"predicate": {
				"custom_model_data": 164
			},
			"model": "minecraft:custom/entity/mob/revenant/phased/finger_6"
		},
		{
			"predicate": {
				"custom_model_data": 165
			},
			"model": "minecraft:custom/entity/mob/revenant/phased/finger_7"
		},
		{
			"predicate": {
				"custom_model_data": 166
			},
			"model": "minecraft:custom/entity/mob/revenant/phased/handl"
		},
		{
			"predicate": {
				"custom_model_data": 167
			},
			"model": "minecraft:custom/entity/mob/revenant/phased/elbow_l"
		},
		{
			"predicate": {
				"custom_model_data": 168
			},
			"model": "minecraft:custom/entity/mob/revenant/phased/arm_l"
		},
		{
			"predicate": {
				"custom_model_data": 169
			},
			"model": "minecraft:custom/entity/mob/revenant/phased/finger_2"
		},
		{
			"predicate": {
				"custom_model_data": 170
			},
			"model": "minecraft:custom/entity/mob/revenant/phased/finger_3"
		},
		{
			"predicate": {
				"custom_model_data": 171
			},
			"model": "minecraft:custom/entity/mob/revenant/phased/finger_4"
		},
		{
			"predicate": {
				"custom_model_data": 172
			},
			"model": "minecraft:custom/entity/mob/revenant/phased/handr"
		},
		{
			"predicate": {
				"custom_model_data": 173
			},
			"model": "minecraft:custom/entity/mob/revenant/phased/elbow_r"
		},
		{
			"predicate": {
				"custom_model_data": 174
			},
			"model": "minecraft:custom/entity/mob/revenant/phased/arm_r"
		},
		{
			"predicate": {
				"custom_model_data": 175
			},
			"model": "minecraft:custom/entity/mob/revenant/phased/portal"
		}
	],
	"animated_java": {
		"rigs": {
			"player": {
				"used_ids": [
					2,
					3,
					4,
					5,
					6,
					7,
					8,
					9,
					10,
					11,
					12,
					13,
					14,
					15,
					16,
					17,
					18,
					19,
					20,
					21,
					22,
					23,
					24,
					25,
					26,
					27,
					28,
					29,
					30,
					31,
					32,
					33,
					34,
					35,
					36,
					37,
					38,
					39,
					40,
					41,
					42,
					43,
					44,
					45,
					46,
					47,
					48,
					49,
					50,
					51,
					52,
					53,
					54,
					55,
					56,
					57,
					58,
					59,
					60,
					61,
					62,
					63,
					64,
					65,
					66,
					67,
					68,
					69,
					70,
					71,
					72,
					73,
					74,
					75,
					76,
					77,
					78,
					79,
					80,
					81,
					82,
					83,
					84,
					85
				]
			},
			"mob_revenant": {
				"used_ids": [
					86,
					87,
					88,
					89,
					90,
					91,
					92,
					93,
					94,
					95,
					96,
					97,
					98,
					99,
					100,
					101,
					102,
					103,
					104,
					105,
					106,
					107,
					108,
					109,
					110,
					111,
					112,
					113,
					114,
					115,
					116,
					117,
					118,
					119,
					120,
					121,
					122,
					123,
					124,
					125,
					126,
					127,
					128,
					129,
					130,
					131,
					132,
					133,
					134,
					135,
					136,
					137,
					138,
					139,
					140,
					141,
					142,
					143,
					144,
					145,
					146,
					147,
					148,
					149,
					150,
					151,
					152,
					153,
					154,
					155,
					156,
					157,
					158,
					159,
					160,
					161,
					162,
					163,
					164,
					165,
					166,
					167,
					168,
					169,
					170,
					171,
					172,
					173,
					174,
					175
				]
			}
		}
	}
}