{
	"parent": "item/generated",
	"textures": {
		"layer0": "minecraft:item/blaze_rod"
	},
	"overrides": [
		{
			"predicate": {
				"custom_model_data": 1
			},
			"model": "item/animated_java_empty"
		},
		{
			"predicate": {
				"custom_model_data": 2
			},
			"model": "minecraft:custom/entity/mob/shammas/barrel"
		},
		{
			"predicate": {
				"custom_model_data": 3
			},
			"model": "minecraft:custom/entity/mob/shammas/gun1"
		},
		{
			"predicate": {
				"custom_model_data": 4
			},
			"model": "minecraft:custom/entity/mob/shammas/barrel2"
		},
		{
			"predicate": {
				"custom_model_data": 5
			},
			"model": "minecraft:custom/entity/mob/shammas/gun2"
		},
		{
			"predicate": {
				"custom_model_data": 6
			},
			"model": "minecraft:custom/entity/mob/shammas/hurt/barrel"
		},
		{
			"predicate": {
				"custom_model_data": 7
			},
			"model": "minecraft:custom/entity/mob/shammas/hurt/gun1"
		},
		{
			"predicate": {
				"custom_model_data": 8
			},
			"model": "minecraft:custom/entity/mob/shammas/hurt/barrel2"
		},
		{
			"predicate": {
				"custom_model_data": 9
			},
			"model": "minecraft:custom/entity/mob/shammas/hurt/gun2"
		}
	],
	"animated_java": {
		"rigs": {
			"boss_shammas_gun": {
				"used_ids": [
					2,
					3,
					4,
					5,
					6,
					7,
					8,
					9
				]
			}
		}
	}
}