{
	"parent": "item/generated",
	"textures": {
		"layer0": "minecraft:item/blue_dye"
	},
	"overrides": [
		{
			"predicate": {
				"custom_model_data": 1
			},
			"model": "item/animated_java_empty"
		},
		{
			"predicate": {
				"custom_model_data": 2
			},
			"model": "minecraft:custom/entity/mob/zealot/glow2"
		},
		{
			"predicate": {
				"custom_model_data": 3
			},
			"model": "minecraft:custom/entity/mob/zealot/zealotsniper"
		},
		{
			"predicate": {
				"custom_model_data": 4
			},
			"model": "minecraft:custom/entity/mob/zealot/elbow_r"
		},
		{
			"predicate": {
				"custom_model_data": 5
			},
			"model": "minecraft:custom/entity/mob/zealot/arm_r"
		},
		{
			"predicate": {
				"custom_model_data": 6
			},
			"model": "minecraft:custom/entity/mob/zealot/elbow_l"
		},
		{
			"predicate": {
				"custom_model_data": 7
			},
			"model": "minecraft:custom/entity/mob/zealot/arm_l"
		},
		{
			"predicate": {
				"custom_model_data": 8
			},
			"model": "minecraft:custom/entity/mob/zealot/horn"
		},
		{
			"predicate": {
				"custom_model_data": 9
			},
			"model": "minecraft:custom/entity/mob/zealot/glow"
		},
		{
			"predicate": {
				"custom_model_data": 10
			},
			"model": "minecraft:custom/entity/mob/zealot/head"
		},
		{
			"predicate": {
				"custom_model_data": 11
			},
			"model": "minecraft:custom/entity/mob/zealot/upper_body"
		},
		{
			"predicate": {
				"custom_model_data": 12
			},
			"model": "minecraft:custom/entity/mob/zealot/body"
		},
		{
			"predicate": {
				"custom_model_data": 13
			},
			"model": "minecraft:custom/entity/mob/zealot/portal"
		},
		{
			"predicate": {
				"custom_model_data": 14
			},
			"model": "minecraft:custom/entity/mob/zealot/ascended/glow2"
		},
		{
			"predicate": {
				"custom_model_data": 15
			},
			"model": "minecraft:custom/entity/mob/zealot/ascended/zealotsniper"
		},
		{
			"predicate": {
				"custom_model_data": 16
			},
			"model": "minecraft:custom/entity/mob/zealot/ascended/elbow_r"
		},
		{
			"predicate": {
				"custom_model_data": 17
			},
			"model": "minecraft:custom/entity/mob/zealot/ascended/arm_r"
		},
		{
			"predicate": {
				"custom_model_data": 18
			},
			"model": "minecraft:custom/entity/mob/zealot/ascended/elbow_l"
		},
		{
			"predicate": {
				"custom_model_data": 19
			},
			"model": "minecraft:custom/entity/mob/zealot/ascended/arm_l"
		},
		{
			"predicate": {
				"custom_model_data": 20
			},
			"model": "minecraft:custom/entity/mob/zealot/ascended/horn"
		},
		{
			"predicate": {
				"custom_model_data": 21
			},
			"model": "minecraft:custom/entity/mob/zealot/ascended/glow"
		},
		{
			"predicate": {
				"custom_model_data": 22
			},
			"model": "minecraft:custom/entity/mob/zealot/ascended/head"
		},
		{
			"predicate": {
				"custom_model_data": 23
			},
			"model": "minecraft:custom/entity/mob/zealot/ascended/upper_body"
		},
		{
			"predicate": {
				"custom_model_data": 24
			},
			"model": "minecraft:custom/entity/mob/zealot/ascended/body"
		},
		{
			"predicate": {
				"custom_model_data": 25
			},
			"model": "minecraft:custom/entity/mob/zealot/ascended/portal"
		},
		{
			"predicate": {
				"custom_model_data": 26
			},
			"model": "minecraft:custom/entity/mob/zealot/hurt/glow2"
		},
		{
			"predicate": {
				"custom_model_data": 27
			},
			"model": "minecraft:custom/entity/mob/zealot/hurt/zealotsniper"
		},
		{
			"predicate": {
				"custom_model_data": 28
			},
			"model": "minecraft:custom/entity/mob/zealot/hurt/elbow_r"
		},
		{
			"predicate": {
				"custom_model_data": 29
			},
			"model": "minecraft:custom/entity/mob/zealot/hurt/arm_r"
		},
		{
			"predicate": {
				"custom_model_data": 30
			},
			"model": "minecraft:custom/entity/mob/zealot/hurt/elbow_l"
		},
		{
			"predicate": {
				"custom_model_data": 31
			},
			"model": "minecraft:custom/entity/mob/zealot/hurt/arm_l"
		},
		{
			"predicate": {
				"custom_model_data": 32
			},
			"model": "minecraft:custom/entity/mob/zealot/hurt/horn"
		},
		{
			"predicate": {
				"custom_model_data": 33
			},
			"model": "minecraft:custom/entity/mob/zealot/hurt/glow"
		},
		{
			"predicate": {
				"custom_model_data": 34
			},
			"model": "minecraft:custom/entity/mob/zealot/hurt/head"
		},
		{
			"predicate": {
				"custom_model_data": 35
			},
			"model": "minecraft:custom/entity/mob/zealot/hurt/upper_body"
		},
		{
			"predicate": {
				"custom_model_data": 36
			},
			"model": "minecraft:custom/entity/mob/zealot/hurt/body"
		},
		{
			"predicate": {
				"custom_model_data": 37
			},
			"model": "minecraft:custom/entity/mob/zealot/hurt/portal"
		},
		{
			"predicate": {
				"custom_model_data": 38
			},
			"model": "minecraft:custom/entity/mob/zealot/ascended_hurt/glow2"
		},
		{
			"predicate": {
				"custom_model_data": 39
			},
			"model": "minecraft:custom/entity/mob/zealot/ascended_hurt/zealotsniper"
		},
		{
			"predicate": {
				"custom_model_data": 40
			},
			"model": "minecraft:custom/entity/mob/zealot/ascended_hurt/elbow_r"
		},
		{
			"predicate": {
				"custom_model_data": 41
			},
			"model": "minecraft:custom/entity/mob/zealot/ascended_hurt/arm_r"
		},
		{
			"predicate": {
				"custom_model_data": 42
			},
			"model": "minecraft:custom/entity/mob/zealot/ascended_hurt/elbow_l"
		},
		{
			"predicate": {
				"custom_model_data": 43
			},
			"model": "minecraft:custom/entity/mob/zealot/ascended_hurt/arm_l"
		},
		{
			"predicate": {
				"custom_model_data": 44
			},
			"model": "minecraft:custom/entity/mob/zealot/ascended_hurt/horn"
		},
		{
			"predicate": {
				"custom_model_data": 45
			},
			"model": "minecraft:custom/entity/mob/zealot/ascended_hurt/glow"
		},
		{
			"predicate": {
				"custom_model_data": 46
			},
			"model": "minecraft:custom/entity/mob/zealot/ascended_hurt/head"
		},
		{
			"predicate": {
				"custom_model_data": 47
			},
			"model": "minecraft:custom/entity/mob/zealot/ascended_hurt/upper_body"
		},
		{
			"predicate": {
				"custom_model_data": 48
			},
			"model": "minecraft:custom/entity/mob/zealot/ascended_hurt/body"
		},
		{
			"predicate": {
				"custom_model_data": 49
			},
			"model": "minecraft:custom/entity/mob/zealot/ascended_hurt/portal"
		}
	],
	"animated_java": {
		"rigs": {
			"mob_zealot": {
				"used_ids": [
					2,
					3,
					4,
					5,
					6,
					7,
					8,
					9,
					10,
					11,
					12,
					13,
					14,
					15,
					16,
					17,
					18,
					19,
					20,
					21,
					22,
					23,
					24,
					25,
					26,
					27,
					28,
					29,
					30,
					31,
					32,
					33,
					34,
					35,
					36,
					37,
					38,
					39,
					40,
					41,
					42,
					43,
					44,
					45,
					46,
					47,
					48,
					49
				]
			}
		}
	}
}