{
  "parent": "item/generated",
  "textures": {
	"layer0": "item/diamond"
  },
  "overrides": [
	  { "predicate": { "custom_model_data": 10001 }, "model": "custom/melee/slash/slash_normal_short_1" },
    { "predicate": { "custom_model_data": 10002 }, "model": "custom/melee/slash/slash_normal_short_2" },
    { "predicate": { "custom_model_data": 10003 }, "model": "custom/melee/slash/slash_normal_short_3" },
    { "predicate": { "custom_model_data": 10004 }, "model": "custom/melee/slash/slash_normal_short_4" },

    { "predicate": { "custom_model_data": 10011 }, "model": "custom/melee/slash/slash_long_normal_1" },
    { "predicate": { "custom_model_data": 10012 }, "model": "custom/melee/slash/slash_long_normal_2" },
    { "predicate": { "custom_model_data": 10013 }, "model": "custom/melee/slash/slash_long_normal_3" },
    { "predicate": { "custom_model_data": 10014 }, "model": "custom/melee/slash/slash_long_normal_4" },
    { "predicate": { "custom_model_data": 10015 }, "model": "custom/melee/slash/slash_long_normal_5" },
    { "predicate": { "custom_model_data": 10016 }, "model": "custom/melee/slash/slash_long_normal_6" },

    { "predicate": { "custom_model_data": 10021 }, "model": "custom/melee/slash/slash_normal_sword_1" },
    { "predicate": { "custom_model_data": 10022 }, "model": "custom/melee/slash/slash_normal_sword_2" },
    { "predicate": { "custom_model_data": 10023 }, "model": "custom/melee/slash/slash_normal_sword_3" },
    { "predicate": { "custom_model_data": 10024 }, "model": "custom/melee/slash/slash_normal_sword_4" },
    { "predicate": { "custom_model_data": 10025 }, "model": "custom/melee/slash/slash_normal_sword_5" },
    { "predicate": { "custom_model_data": 10026 }, "model": "custom/melee/slash/slash_normal_sword_6" },

    { "predicate": { "custom_model_data": 10031 }, "model": "custom/melee/slash/slash_heal_wide_1" },
    { "predicate": { "custom_model_data": 10032 }, "model": "custom/melee/slash/slash_heal_wide_2" },
    { "predicate": { "custom_model_data": 10033 }, "model": "custom/melee/slash/slash_heal_wide_3" },
    { "predicate": { "custom_model_data": 10034 }, "model": "custom/melee/slash/slash_heal_wide_4" },
    { "predicate": { "custom_model_data": 10035 }, "model": "custom/melee/slash/slash_heal_wide_5" },
    { "predicate": { "custom_model_data": 10036 }, "model": "custom/melee/slash/slash_heal_wide_6" },
    { "predicate": { "custom_model_data": 10037 }, "model": "custom/melee/slash/slash_heal_wide_7" },

    { "predicate": { "custom_model_data": 10041 }, "model": "custom/melee/slash/slash_verge_short_1" },
    { "predicate": { "custom_model_data": 10042 }, "model": "custom/melee/slash/slash_verge_short_2" },
    { "predicate": { "custom_model_data": 10043 }, "model": "custom/melee/slash/slash_verge_short_3" },
    { "predicate": { "custom_model_data": 10044 }, "model": "custom/melee/slash/slash_verge_short_4" },

    { "predicate": { "custom_model_data": 10051 }, "model": "custom/melee/slash/slash_verge_wide_1" },
    { "predicate": { "custom_model_data": 10052 }, "model": "custom/melee/slash/slash_verge_wide_2" },
    { "predicate": { "custom_model_data": 10053 }, "model": "custom/melee/slash/slash_verge_wide_3" },
    { "predicate": { "custom_model_data": 10054 }, "model": "custom/melee/slash/slash_verge_wide_4" },
    { "predicate": { "custom_model_data": 10055 }, "model": "custom/melee/slash/slash_verge_wide_5" },
    { "predicate": { "custom_model_data": 10056 }, "model": "custom/melee/slash/slash_verge_wide_6" },
    { "predicate": { "custom_model_data": 10057 }, "model": "custom/melee/slash/slash_verge_wide_7" },

    { "predicate": { "custom_model_data": 10061 }, "model": "custom/melee/slash/slash_verge_sword_1" },
    { "predicate": { "custom_model_data": 10062 }, "model": "custom/melee/slash/slash_verge_sword_2" },
    { "predicate": { "custom_model_data": 10063 }, "model": "custom/melee/slash/slash_verge_sword_3" },
    { "predicate": { "custom_model_data": 10064 }, "model": "custom/melee/slash/slash_verge_sword_4" },
    { "predicate": { "custom_model_data": 10065 }, "model": "custom/melee/slash/slash_verge_sword_5" },
    { "predicate": { "custom_model_data": 10066 }, "model": "custom/melee/slash/slash_verge_sword_6" },

    { "predicate": { "custom_model_data": 10101 }, "model": "custom/melee/slash/slash_hammer_normal_1" },
    { "predicate": { "custom_model_data": 10102 }, "model": "custom/melee/slash/slash_hammer_normal_2" },
    { "predicate": { "custom_model_data": 10103 }, "model": "custom/melee/slash/slash_hammer_normal_3" },
    { "predicate": { "custom_model_data": 10104 }, "model": "custom/melee/slash/slash_hammer_normal_4" },
    { "predicate": { "custom_model_data": 10105 }, "model": "custom/melee/slash/slash_hammer_normal_5" },
    { "predicate": { "custom_model_data": 10106 }, "model": "custom/melee/slash/slash_hammer_normal_6" },
    { "predicate": { "custom_model_data": 10107 }, "model": "custom/melee/slash/slash_hammer_normal_7" },
    { "predicate": { "custom_model_data": 10108 }, "model": "custom/melee/slash/slash_hammer_normal_8" },

    { "predicate": { "custom_model_data": 10111 }, "model": "custom/melee/slash/slash_hammer_verge_1" },
    { "predicate": { "custom_model_data": 10112 }, "model": "custom/melee/slash/slash_hammer_verge_2" },
    { "predicate": { "custom_model_data": 10113 }, "model": "custom/melee/slash/slash_hammer_verge_3" },
    { "predicate": { "custom_model_data": 10114 }, "model": "custom/melee/slash/slash_hammer_verge_4" },
    { "predicate": { "custom_model_data": 10115 }, "model": "custom/melee/slash/slash_hammer_verge_5" },
    { "predicate": { "custom_model_data": 10116 }, "model": "custom/melee/slash/slash_hammer_verge_6" },
    { "predicate": { "custom_model_data": 10117 }, "model": "custom/melee/slash/slash_hammer_verge_7" },
    { "predicate": { "custom_model_data": 10118 }, "model": "custom/melee/slash/slash_hammer_verge_8" },

    { "predicate": { "custom_model_data": 10121 }, "model": "custom/melee/slash/executioner_aoe_1" },
    { "predicate": { "custom_model_data": 10122 }, "model": "custom/melee/slash/executioner_aoe_2" },
    { "predicate": { "custom_model_data": 10123 }, "model": "custom/melee/slash/executioner_aoe_3" },
    { "predicate": { "custom_model_data": 10124 }, "model": "custom/melee/slash/executioner_aoe_4" },
    { "predicate": { "custom_model_data": 10125 }, "model": "custom/melee/slash/executioner_aoe_5" },
    { "predicate": { "custom_model_data": 10126 }, "model": "custom/melee/slash/executioner_aoe_6" },
    { "predicate": { "custom_model_data": 10127 }, "model": "custom/melee/slash/executioner_aoe_7" },
    { "predicate": { "custom_model_data": 10128 }, "model": "custom/melee/slash/executioner_aoe_8" },
    { "predicate": { "custom_model_data": 10129 }, "model": "custom/melee/slash/executioner_aoe_9" },
    { "predicate": { "custom_model_data": 10130 }, "model": "custom/melee/slash/executioner_aoe_10" },
    { "predicate": { "custom_model_data": 10131 }, "model": "custom/melee/slash/executioner_aoe_11" },

    { "predicate": { "custom_model_data": 10141 }, "model": "custom/melee/slash/slash_normal_scythe_1" },
    { "predicate": { "custom_model_data": 10142 }, "model": "custom/melee/slash/slash_normal_scythe_2" },
    { "predicate": { "custom_model_data": 10143 }, "model": "custom/melee/slash/slash_normal_scythe_3" },
    { "predicate": { "custom_model_data": 10144 }, "model": "custom/melee/slash/slash_normal_scythe_4" },
    { "predicate": { "custom_model_data": 10145 }, "model": "custom/melee/slash/slash_normal_scythe_5" },
    { "predicate": { "custom_model_data": 10146 }, "model": "custom/melee/slash/slash_normal_scythe_6" },
    { "predicate": { "custom_model_data": 10147 }, "model": "custom/melee/slash/slash_normal_scythe_7" },
    { "predicate": { "custom_model_data": 10148 }, "model": "custom/melee/slash/slash_normal_scythe_8" },

    { "predicate": { "custom_model_data": 10151 }, "model": "custom/melee/slash/slash_verge_scythe_1" },
    { "predicate": { "custom_model_data": 10152 }, "model": "custom/melee/slash/slash_verge_scythe_2" },
    { "predicate": { "custom_model_data": 10153 }, "model": "custom/melee/slash/slash_verge_scythe_3" },
    { "predicate": { "custom_model_data": 10154 }, "model": "custom/melee/slash/slash_verge_scythe_4" },
    { "predicate": { "custom_model_data": 10155 }, "model": "custom/melee/slash/slash_verge_scythe_5" },
    { "predicate": { "custom_model_data": 10156 }, "model": "custom/melee/slash/slash_verge_scythe_6" },
    { "predicate": { "custom_model_data": 10157 }, "model": "custom/melee/slash/slash_verge_scythe_7" },
    { "predicate": { "custom_model_data": 10158 }, "model": "custom/melee/slash/slash_verge_scythe_8" },

    { "predicate": { "custom_model_data": 20001 }, "model": "custom/ability/melee1ability_slash_1" },
    { "predicate": { "custom_model_data": 20002 }, "model": "custom/ability/melee1ability_slash_2" },
    { "predicate": { "custom_model_data": 20003 }, "model": "custom/ability/melee1ability_slash_3" },
    { "predicate": { "custom_model_data": 20004 }, "model": "custom/ability/melee1ability_slash_4" },
    { "predicate": { "custom_model_data": 20005 }, "model": "custom/ability/melee1ability_slash_5" },
    { "predicate": { "custom_model_data": 20006 }, "model": "custom/ability/melee1ability_slash_6" },
    { "predicate": { "custom_model_data": 20007 }, "model": "custom/ability/melee1ability_slash_7" },



    { "predicate": { "custom_model_data": 30001 }, "model": "custom/entity/slash/halfling_1" },
    { "predicate": { "custom_model_data": 30002 }, "model": "custom/entity/slash/halfling_2" },
    { "predicate": { "custom_model_data": 30003 }, "model": "custom/entity/slash/halfling_3" },
    { "predicate": { "custom_model_data": 30004 }, "model": "custom/entity/slash/halfling_4" }
	]
}
