{
  "parent": "item/generated",
  "textures": {
	"layer0": "item/emerald"
  },
  "overrides": [
    { "predicate": { "custom_model_data": 1 }, "model": "custom/other/amr_wide" },

	  { "predicate": { "custom_model_data": 10001 }, "model": "custom/other/ranged2_passive_marker" },
    { "predicate": { "custom_model_data": 10002 }, "model": "custom/other/markedforult" },
    { "predicate": { "custom_model_data": 10003 }, "model": "custom/other/nihility" },

    { "predicate": { "custom_model_data": 10004 }, "model": "custom/other/flowershield_red" },
    { "predicate": { "custom_model_data": 10005 }, "model": "custom/other/flowershield_blue" },
    { "predicate": { "custom_model_data": 10006 }, "model": "custom/other/flowershield_yellow" },
    { "predicate": { "custom_model_data": 10007 }, "model": "custom/other/flowershield_flash" },
    { "predicate": { "custom_model_data": 10008 }, "model": "custom/other/oracle" },

    { "predicate": { "custom_model_data": 10009 }, "model": "custom/other/executable" },

    { "predicate": { "custom_model_data": 10010 }, "model": "custom/other/flowershield_purple" },
    { "predicate": { "custom_model_data": 10011 }, "model": "custom/other/flowershield_green" },
    { "predicate": { "custom_model_data": 10012 }, "model": "custom/other/flowershield_orange" },

    { "predicate": { "custom_model_data": 10013 }, "model": "custom/other/flowershield_break_1" },
    { "predicate": { "custom_model_data": 10014 }, "model": "custom/other/flowershield_break_2" },
    { "predicate": { "custom_model_data": 10015 }, "model": "custom/other/flowershield_break_3" },
    { "predicate": { "custom_model_data": 10016 }, "model": "custom/other/flowershield_break_4" },

    { "predicate": { "custom_model_data": 20001 }, "model": "custom/ability/ranged2_scatter" },
    { "predicate": { "custom_model_data": 20002 }, "model": "custom/ability/grimoire" },
    { "predicate": { "custom_model_data": 20003 }, "model": "custom/ult/grimoire_page1" },
    { "predicate": { "custom_model_data": 20004 }, "model": "custom/ult/grimoire_page2" },
    { "predicate": { "custom_model_data": 20005 }, "model": "custom/ult/grimoire_page3" },
    { "predicate": { "custom_model_data": 20006 }, "model": "custom/ult/grimoire_page4" },
    { "predicate": { "custom_model_data": 20007 }, "model": "custom/ult/cradle" },
    { "predicate": { "custom_model_data": 20008 }, "model": "custom/ult/cradle_tp" },
    { "predicate": { "custom_model_data": 20009 }, "model": "custom/ult/frostburn_ray" },
    { "predicate": { "custom_model_data": 20010 }, "model": "custom/ult/guillotine" },
    { "predicate": { "custom_model_data": 20011 }, "model": "custom/melee/chaosfists/chaos_r" },
    { "predicate": { "custom_model_data": 20012 }, "model": "custom/melee/chaosfists/chaos_l" },
    { "predicate": { "custom_model_data": 20013 }, "model": "custom/melee/zenith/echo" },
    { "predicate": { "custom_model_data": 20014 }, "model": "custom/ult/nihility_aoe_1" },
    { "predicate": { "custom_model_data": 20015 }, "model": "custom/ult/nihility_aoe_2" },
    { "predicate": { "custom_model_data": 20016 }, "model": "custom/ult/nihility_aoe_3" },
    { "predicate": { "custom_model_data": 20017 }, "model": "custom/ult/nihility_aoe_4" },
    { "predicate": { "custom_model_data": 20018 }, "model": "custom/ult/bastion" },

    { "predicate": { "custom_model_data": 30001 }, "model": "custom/entity/effect/halflinghowl_1" },
    { "predicate": { "custom_model_data": 30002 }, "model": "custom/entity/effect/halflinghowl_2" },
    { "predicate": { "custom_model_data": 30003 }, "model": "custom/entity/effect/halflinghowl_3" },
    { "predicate": { "custom_model_data": 30004 }, "model": "custom/entity/effect/halflinghowl_4" },
    { "predicate": { "custom_model_data": 30005 }, "model": "custom/entity/effect/halflinghowl_5" },
    { "predicate": { "custom_model_data": 30006 }, "model": "custom/entity/effect/halflinghowl_6" },
    { "predicate": { "custom_model_data": 30007 }, "model": "custom/entity/effect/halflinghowl_7" },
    { "predicate": { "custom_model_data": 30008 }, "model": "custom/entity/effect/halflinghowl_8" },
    { "predicate": { "custom_model_data": 30009 }, "model": "custom/entity/effect/halflinghowl_9" },
    { "predicate": { "custom_model_data": 30010 }, "model": "custom/entity/effect/halflinghowl_10" },

    { "predicate": { "custom_model_data": 30011 }, "model": "custom/entity/effect/votaryheal_1" },
    { "predicate": { "custom_model_data": 30012 }, "model": "custom/entity/effect/votaryheal_2" },
    { "predicate": { "custom_model_data": 30013 }, "model": "custom/entity/effect/votaryheal_3" },
    { "predicate": { "custom_model_data": 30014 }, "model": "custom/entity/effect/votaryheal_4" },
    { "predicate": { "custom_model_data": 30015 }, "model": "custom/entity/effect/votaryheal_5" },
    { "predicate": { "custom_model_data": 30016 }, "model": "custom/entity/effect/votaryheal_6" },
    { "predicate": { "custom_model_data": 30017 }, "model": "custom/entity/effect/votaryheal_7" },
    { "predicate": { "custom_model_data": 30018 }, "model": "custom/entity/effect/votaryheal_8" },
    { "predicate": { "custom_model_data": 30019 }, "model": "custom/entity/effect/votary_bolt" },

    { "predicate": { "custom_model_data": 30020 }, "model": "custom/entity/effect/hollowphageaoe" },

    { "predicate": { "custom_model_data": 30021 }, "model": "custom/entity/effect/duality_laser" },
    { "predicate": { "custom_model_data": 30022 }, "model": "custom/other/verge_spike" },
    { "predicate": { "custom_model_data": 30023 }, "model": "custom/entity/effect/shammas_aoe" },
    { "predicate": { "custom_model_data": 30024 }, "model": "custom/entity/effect/shammasnade" },
    { "predicate": { "custom_model_data": 30025 }, "model": "custom/entity/effect/shammas_ray" },

    { "predicate": { "custom_model_data": 30026 }, "model": "custom/other/serpent_head" },
    { "predicate": { "custom_model_data": 30027 }, "model": "custom/other/serpent_body" },
    { "predicate": { "custom_model_data": 30028 }, "model": "custom/other/serpent_tail" },

    { "predicate": { "custom_model_data": 30029 }, "model": "custom/other/dummy" },

    { "predicate": { "custom_model_data": 30030 }, "model": "custom/entity/effect/hollow_tangle" },
    { "predicate": { "custom_model_data": 30031 }, "model": "custom/entity/effect/hollow_tangle_player" },

    { "predicate": { "custom_model_data": 30032 }, "model": "custom/entity/effect/zealot_ray" },

    { "predicate": { "custom_model_data": 30033 }, "model": "custom/entity/effect/duality_cannon_aoe" },
    { "predicate": { "custom_model_data": 30034 }, "model": "custom/entity/effect/duality_cannon" },

    { "predicate": { "custom_model_data": 40001 }, "model": "custom/other/evoker_seal" },
    { "predicate": { "custom_model_data": 40002 }, "model": "custom/other/evoker_barrier" },
    { "predicate": { "custom_model_data": 40003 }, "model": "custom/other/cluster_bomb" },
    { "predicate": { "custom_model_data": 40004 }, "model": "custom/other/cluster_shot" },
    { "predicate": { "custom_model_data": 40005 }, "model": "custom/other/verge_seal" },
    { "predicate": { "custom_model_data": 40006 }, "model": "custom/other/zealotnade" },
    { "predicate": { "custom_model_data": 40007 }, "model": "custom/other/zealotnade_aoe" },
    { "predicate": { "custom_model_data": 40008 }, "model": "custom/other/verge_portal" },
    { "predicate": { "custom_model_data": 40009 }, "model": "custom/other/tether" },
    { "predicate": { "custom_model_data": 40010 }, "model": "custom/other/garden_receptor" },
    { "predicate": { "custom_model_data": 40011 }, "model": "custom/other/garden_beacon" },
    { "predicate": { "custom_model_data": 40021 }, "model": "custom/other/canvas/map_1" },
    { "predicate": { "custom_model_data": 40022 }, "model": "custom/other/canvas/map_2" },
    { "predicate": { "custom_model_data": 40023 }, "model": "custom/other/canvas/map_3" },
    { "predicate": { "custom_model_data": 40024 }, "model": "custom/other/canvas/map_4" },
    { "predicate": { "custom_model_data": 40025 }, "model": "custom/other/canvas/map_5" },
    { "predicate": { "custom_model_data": 40026 }, "model": "custom/other/canvas/map_6" },
    { "predicate": { "custom_model_data": 40027 }, "model": "custom/other/canvas/map_7" },
    { "predicate": { "custom_model_data": 40028 }, "model": "custom/other/canvas/map_8" },
    { "predicate": { "custom_model_data": 40029 }, "model": "custom/other/canvas/map_9" },
    { "predicate": { "custom_model_data": 40030 }, "model": "custom/other/fog/layer_1" },
    { "predicate": { "custom_model_data": 40031 }, "model": "custom/other/fog/layer_2" },
    { "predicate": { "custom_model_data": 40032 }, "model": "custom/other/fog/layer_3" },
    { "predicate": { "custom_model_data": 40033 }, "model": "custom/other/fog/layer_4" },
    { "predicate": { "custom_model_data": 40034 }, "model": "custom/other/voidball_platform/1" },
    { "predicate": { "custom_model_data": 40035 }, "model": "custom/other/voidball_platform/2" },
    { "predicate": { "custom_model_data": 40036 }, "model": "custom/other/anathema_shade" },
    { "predicate": { "custom_model_data": 40037 }, "model": "custom/other/anathema_call" },
    { "predicate": { "custom_model_data": 40038 }, "model": "custom/other/library_beacon_off" },
    { "predicate": { "custom_model_data": 40039 }, "model": "custom/other/library_beacon_on" },
    { "predicate": { "custom_model_data": 40041 }, "model": "custom/other/lib_plate_icon/1" },
    { "predicate": { "custom_model_data": 40042 }, "model": "custom/other/lib_plate_icon/2" },
    { "predicate": { "custom_model_data": 40043 }, "model": "custom/other/lib_plate_icon/3" },
    { "predicate": { "custom_model_data": 40044 }, "model": "custom/other/lib_plate_icon/4" },
    { "predicate": { "custom_model_data": 40045 }, "model": "custom/other/lib_plate_icon/5" },
    { "predicate": { "custom_model_data": 40046 }, "model": "custom/other/lib_plate_icon/6" },
    { "predicate": { "custom_model_data": 40047 }, "model": "custom/other/lib_plate_icon/7" },
    { "predicate": { "custom_model_data": 40048 }, "model": "custom/other/lib_plate_icon/8" },
    { "predicate": { "custom_model_data": 40049 }, "model": "custom/other/floating_candles_1" },
    { "predicate": { "custom_model_data": 40050 }, "model": "custom/other/floating_candles_2" },
    { "predicate": { "custom_model_data": 40051 }, "model": "custom/other/floating_candles_3" },
    { "predicate": { "custom_model_data": 40052 }, "model": "custom/other/duality_miasma" },
    { "predicate": { "custom_model_data": 40053 }, "model": "custom/other/duality_plate_0" },
    { "predicate": { "custom_model_data": 40054 }, "model": "custom/other/duality_plate_1" },
    { "predicate": { "custom_model_data": 40055 }, "model": "custom/other/library_wipe" },
    { "predicate": { "custom_model_data": 40061 }, "model": "custom/other/duality_miasma_transition_1" },
    { "predicate": { "custom_model_data": 40062 }, "model": "custom/other/duality_miasma_transition_2" },
    { "predicate": { "custom_model_data": 40063 }, "model": "custom/other/duality_miasma_transition_3" },
    { "predicate": { "custom_model_data": 40064 }, "model": "custom/other/duality_miasma_transition_4" },
    { "predicate": { "custom_model_data": 40065 }, "model": "custom/other/duality_miasma_transition_5" },
    { "predicate": { "custom_model_data": 40066 }, "model": "custom/other/duality_miasma_transition_6" },
    { "predicate": { "custom_model_data": 40067 }, "model": "custom/other/duality_miasma_transition_7" },
    { "predicate": { "custom_model_data": 40068 }, "model": "custom/other/library_hollow_plate" },
    { "predicate": { "custom_model_data": 40069 }, "model": "custom/other/library_hollow_plate_effect" },
    { "predicate": { "custom_model_data": 40070 }, "model": "custom/other/lib_strike" },

    { "predicate": { "custom_model_data": 40100 }, "model": "custom/other/spire_mountain/0" },
    { "predicate": { "custom_model_data": 40101 }, "model": "custom/other/spire_mountain/1" },
    { "predicate": { "custom_model_data": 40102 }, "model": "custom/other/spire_mountain/2" },
    { "predicate": { "custom_model_data": 40103 }, "model": "custom/other/spire_mountain/3" },
    { "predicate": { "custom_model_data": 40104 }, "model": "custom/other/spire_mountain/4" },
    { "predicate": { "custom_model_data": 40105 }, "model": "custom/other/spire_mountain/5" },
    { "predicate": { "custom_model_data": 40106 }, "model": "custom/other/spire_mountain/6" },
    { "predicate": { "custom_model_data": 40107 }, "model": "custom/other/spire_mountain/7" },
    { "predicate": { "custom_model_data": 40108 }, "model": "custom/other/spire_mountain/8" },
    { "predicate": { "custom_model_data": 40109 }, "model": "custom/other/spire_mountain/9" },
    { "predicate": { "custom_model_data": 40110 }, "model": "custom/other/spire_mountain/10" },
    { "predicate": { "custom_model_data": 40111 }, "model": "custom/other/spire_mountain/11" },
    { "predicate": { "custom_model_data": 40112 }, "model": "custom/other/spire_mountain/12" },
    { "predicate": { "custom_model_data": 40113 }, "model": "custom/other/spire_mountain/13" },
    { "predicate": { "custom_model_data": 40114 }, "model": "custom/other/spire_mountain/14" },
    { "predicate": { "custom_model_data": 40115 }, "model": "custom/other/spire_mountain/15" },
    { "predicate": { "custom_model_data": 40116 }, "model": "custom/other/spire_mountain/16" },

    { "predicate": { "custom_model_data": 40200 }, "model": "custom/other/spire_greenhouse/0" },
    { "predicate": { "custom_model_data": 40201 }, "model": "custom/other/spire_greenhouse/1" },
    { "predicate": { "custom_model_data": 40202 }, "model": "custom/other/spire_greenhouse/2" },
    { "predicate": { "custom_model_data": 40203 }, "model": "custom/other/spire_greenhouse/3" },
    { "predicate": { "custom_model_data": 40204 }, "model": "custom/other/spire_greenhouse/4" },
    { "predicate": { "custom_model_data": 40205 }, "model": "custom/other/spire_greenhouse/5" },
    { "predicate": { "custom_model_data": 40206 }, "model": "custom/other/spire_greenhouse/6" },
    { "predicate": { "custom_model_data": 40207 }, "model": "custom/other/spire_greenhouse/7" },
    { "predicate": { "custom_model_data": 40208 }, "model": "custom/other/spire_greenhouse/8" },
    { "predicate": { "custom_model_data": 40209 }, "model": "custom/other/spire_greenhouse/9" },
    { "predicate": { "custom_model_data": 40210 }, "model": "custom/other/spire_greenhouse/10" },
    { "predicate": { "custom_model_data": 40211 }, "model": "custom/other/spire_greenhouse/11" },
    { "predicate": { "custom_model_data": 40212 }, "model": "custom/other/spire_greenhouse/12" },
    { "predicate": { "custom_model_data": 40213 }, "model": "custom/other/spire_greenhouse/13" },
    { "predicate": { "custom_model_data": 40214 }, "model": "custom/other/spire_greenhouse/14" },
    { "predicate": { "custom_model_data": 40215 }, "model": "custom/other/spire_greenhouse/15" },
    { "predicate": { "custom_model_data": 40216 }, "model": "custom/other/spire_greenhouse/16" },
    { "predicate": { "custom_model_data": 40217 }, "model": "custom/other/spire_greenhouse/17" },
    { "predicate": { "custom_model_data": 40218 }, "model": "custom/other/spire_greenhouse/18" },
    { "predicate": { "custom_model_data": 40219 }, "model": "custom/other/spire_greenhouse/19" },
    { "predicate": { "custom_model_data": 40220 }, "model": "custom/other/spire_greenhouse/20" },

    { "predicate": { "custom_model_data": 40231 }, "model": "custom/other/greenhouse_fountain" },

    { "predicate": { "custom_model_data": 50001 }, "model": "custom/modifier/purist_on" },
    { "predicate": { "custom_model_data": 50002 }, "model": "custom/modifier/purist_off" },
    { "predicate": { "custom_model_data": 50003 }, "model": "custom/modifier/hard_on" },
    { "predicate": { "custom_model_data": 50004 }, "model": "custom/modifier/hard_off" },
    { "predicate": { "custom_model_data": 50005 }, "model": "custom/modifier/empyrean_on" },
    { "predicate": { "custom_model_data": 50006 }, "model": "custom/modifier/empyrean_off" },
    { "predicate": { "custom_model_data": 50010 }, "model": "custom/other/controls" },
    { "predicate": { "custom_model_data": 50011 }, "model": "custom/other/creds" },
    { "predicate": { "custom_model_data": 50012 }, "model": "custom/other/wipe" },
    { "predicate": { "custom_model_data": 50013 }, "model": "custom/other/wipe_text" },
    { "predicate": { "custom_model_data": 50014 }, "model": "custom/other/title" },
    { "predicate": { "custom_model_data": 50015 }, "model": "custom/other/discord" },

    { "predicate": { "custom_model_data": 60001 }, "model": "custom/other/sigil/sigil_1" },
    { "predicate": { "custom_model_data": 60002 }, "model": "custom/other/sigil/sigil_2" },
    { "predicate": { "custom_model_data": 60003 }, "model": "custom/other/sigil/sigil_3" },
    { "predicate": { "custom_model_data": 60004 }, "model": "custom/other/sigil/sigil_4" },
    { "predicate": { "custom_model_data": 60005 }, "model": "custom/other/sigil/sigil_5" },
    { "predicate": { "custom_model_data": 60006 }, "model": "custom/other/sigil/sigil_6" },
    { "predicate": { "custom_model_data": 60007 }, "model": "custom/other/sigil/sigil_7" },
    { "predicate": { "custom_model_data": 60008 }, "model": "custom/other/sigil/sigil_8" },
    { "predicate": { "custom_model_data": 60009 }, "model": "custom/other/sigil/all_sigils" },
    { "predicate": { "custom_model_data": 60010 }, "model": "custom/other/advancement/chest" },
    { "predicate": { "custom_model_data": 60011 }, "model": "custom/other/advancement/chest_all" },
    { "predicate": { "custom_model_data": 60012 }, "model": "custom/other/advancement/seed" },
    { "predicate": { "custom_model_data": 60013 }, "model": "custom/other/advancement/anathema" },
    { "predicate": { "custom_model_data": 60014 }, "model": "custom/other/advancement/voidball" },
    { "predicate": { "custom_model_data": 60015 }, "model": "custom/other/advancement/flowergun" },
    { "predicate": { "custom_model_data": 60016 }, "model": "custom/other/advancement/shammas" },
    { "predicate": { "custom_model_data": 60017 }, "model": "custom/other/advancement/spire" },
    { "predicate": { "custom_model_data": 60018 }, "model": "custom/other/advancement/library" },
    { "predicate": { "custom_model_data": 60019 }, "model": "custom/other/advancement/libchallenge" },
    { "predicate": { "custom_model_data": 60020 }, "model": "custom/other/advancement/all_melee1" },
    { "predicate": { "custom_model_data": 60021 }, "model": "custom/other/advancement/all_melee2" },
    { "predicate": { "custom_model_data": 60022 }, "model": "custom/other/advancement/all_ranged1" },
    { "predicate": { "custom_model_data": 60023 }, "model": "custom/other/advancement/all_ranged2" },
    { "predicate": { "custom_model_data": 60024 }, "model": "custom/other/advancement/all_mage1" },
    { "predicate": { "custom_model_data": 60025 }, "model": "custom/other/advancement/all_mage2" },
    { "predicate": { "custom_model_data": 60026 }, "model": "custom/other/advancement/giant" },
    { "predicate": { "custom_model_data": 60027 }, "model": "custom/other/advancement/duality" },
    { "predicate": { "custom_model_data": 60028 }, "model": "custom/other/advancement/dualitychallenge" },
    { "predicate": { "custom_model_data": 60029 }, "model": "custom/other/advancement/modifier_1" },
    { "predicate": { "custom_model_data": 60030 }, "model": "custom/other/advancement/modifier_2" },
    { "predicate": { "custom_model_data": 60031 }, "model": "custom/other/advancement/modifier_3" },
    { "predicate": { "custom_model_data": 60032 }, "model": "custom/other/advancement/flawless" },
    { "predicate": { "custom_model_data": 60033 }, "model": "custom/other/advancement/all_mods" },
    { "predicate": { "custom_model_data": 60034 }, "model": "custom/other/advancement/completion" }

	]
}
