{
  "textures": {
	"layer0": "item/feather"
  },
  "overrides": [	  

  { "predicate": { "custom_model_data": 10000 }, "model": "custom/ability/melee1/armor1/idle" },
  { "predicate": { "custom_model_data": 10001 }, "model": "custom/ability/melee1/armor1/sprint/1" },
  { "predicate": { "custom_model_data": 10002 }, "model": "custom/ability/melee1/armor1/sprint/2" },
  { "predicate": { "custom_model_data": 10003 }, "model": "custom/ability/melee1/armor1/sprint/3" },
  { "predicate": { "custom_model_data": 10004 }, "model": "custom/ability/melee1/armor1/sprint/4" },
  { "predicate": { "custom_model_data": 10100 }, "model": "custom/ability/melee1/armor1/handling/0" },
  { "predicate": { "custom_model_data": 10101 }, "model": "custom/ability/melee1/armor1/handling/1" },
  { "predicate": { "custom_model_data": 10102 }, "model": "custom/ability/melee1/armor1/handling/2" },
  { "predicate": { "custom_model_data": 10103 }, "model": "custom/ability/melee1/armor1/handling/3" },
  { "predicate": { "custom_model_data": 10104 }, "model": "custom/ability/melee1/armor1/handling/4" },
  { "predicate": { "custom_model_data": 10105 }, "model": "custom/ability/melee1/armor1/handling/5" },
  { "predicate": { "custom_model_data": 10106 }, "model": "custom/ability/melee1/armor1/handling/6" },
  { "predicate": { "custom_model_data": 10107 }, "model": "custom/ability/melee1/armor1/handling/7" },
  { "predicate": { "custom_model_data": 10200 }, "model": "custom/ability/melee1/armor1/attack_1/0" },
  { "predicate": { "custom_model_data": 10201 }, "model": "custom/ability/melee1/armor1/attack_1/1" },
  { "predicate": { "custom_model_data": 10202 }, "model": "custom/ability/melee1/armor1/attack_1/2" },
  { "predicate": { "custom_model_data": 10203 }, "model": "custom/ability/melee1/armor1/attack_1/3" },
  { "predicate": { "custom_model_data": 10204 }, "model": "custom/ability/melee1/armor1/attack_1/4" },
  { "predicate": { "custom_model_data": 10205 }, "model": "custom/ability/melee1/armor1/attack_1/5" },
  { "predicate": { "custom_model_data": 10206 }, "model": "custom/ability/melee1/armor1/attack_1/6" },
  { "predicate": { "custom_model_data": 10207 }, "model": "custom/ability/melee1/armor1/attack_1/7" },
  { "predicate": { "custom_model_data": 10208 }, "model": "custom/ability/melee1/armor1/attack_1/8" },
  { "predicate": { "custom_model_data": 10209 }, "model": "custom/ability/melee1/armor1/attack_1/9" },
  { "predicate": { "custom_model_data": 10210 }, "model": "custom/ability/melee1/armor1/attack_1/10" },
  { "predicate": { "custom_model_data": 10211 }, "model": "custom/ability/melee1/armor1/attack_1/11" },
  { "predicate": { "custom_model_data": 10212 }, "model": "custom/ability/melee1/armor1/attack_1/12" },
  { "predicate": { "custom_model_data": 10213 }, "model": "custom/ability/melee1/armor1/attack_1/13" },
  { "predicate": { "custom_model_data": 10214 }, "model": "custom/ability/melee1/armor1/attack_1/14" },
  { "predicate": { "custom_model_data": 10215 }, "model": "custom/ability/melee1/armor1/attack_1/15" },
  { "predicate": { "custom_model_data": 10216 }, "model": "custom/ability/melee1/armor1/attack_1/16" },
  { "predicate": { "custom_model_data": 10217 }, "model": "custom/ability/melee1/armor1/attack_1/17" },
  { "predicate": { "custom_model_data": 10218 }, "model": "custom/ability/melee1/armor1/attack_1/18" },
  { "predicate": { "custom_model_data": 10219 }, "model": "custom/ability/melee1/armor1/attack_1/19" },
  { "predicate": { "custom_model_data": 10220 }, "model": "custom/ability/melee1/armor1/attack_1/20" },
  { "predicate": { "custom_model_data": 10230 }, "model": "custom/ability/melee1/armor1/attack_1/30" },
  { "predicate": { "custom_model_data": 10300 }, "model": "custom/ability/melee1/armor1/cd" },



  { "predicate": { "custom_model_data": 20000 }, "model": "custom/ability/melee2/armor1/idle" },
  { "predicate": { "custom_model_data": 20100 }, "model": "custom/ability/melee2/armor1/handling/0" },
  { "predicate": { "custom_model_data": 20101 }, "model": "custom/ability/melee2/armor1/handling/1" },
  { "predicate": { "custom_model_data": 20102 }, "model": "custom/ability/melee2/armor1/handling/2" },
  { "predicate": { "custom_model_data": 20103 }, "model": "custom/ability/melee2/armor1/handling/3" },
  { "predicate": { "custom_model_data": 20104 }, "model": "custom/ability/melee2/armor1/handling/4" },
  { "predicate": { "custom_model_data": 20105 }, "model": "custom/ability/melee2/armor1/handling/5" },
  { "predicate": { "custom_model_data": 20106 }, "model": "custom/ability/melee2/armor1/handling/6" },
  { "predicate": { "custom_model_data": 20107 }, "model": "custom/ability/melee2/armor1/handling/7" },
  { "predicate": { "custom_model_data": 20201 }, "model": "custom/ability/melee2/armor1/channel/1" },
  { "predicate": { "custom_model_data": 20202 }, "model": "custom/ability/melee2/armor1/channel/2" },
  { "predicate": { "custom_model_data": 20203 }, "model": "custom/ability/melee2/armor1/channel/3" },
  { "predicate": { "custom_model_data": 20204 }, "model": "custom/ability/melee2/armor1/channel/4" },
  { "predicate": { "custom_model_data": 20205 }, "model": "custom/ability/melee2/armor1/channel/5" },
  { "predicate": { "custom_model_data": 20206 }, "model": "custom/ability/melee2/armor1/channel/6" },
  { "predicate": { "custom_model_data": 20207 }, "model": "custom/ability/melee2/armor1/channel/7" },
  { "predicate": { "custom_model_data": 20208 }, "model": "custom/ability/melee2/armor1/channel/8" },
  { "predicate": { "custom_model_data": 20209 }, "model": "custom/ability/melee2/armor1/channel/9" },
  { "predicate": { "custom_model_data": 20210 }, "model": "custom/ability/melee2/armor1/channel/10" },
  { "predicate": { "custom_model_data": 20300 }, "model": "custom/ability/melee2/armor1/cd" },



  { "predicate": { "custom_model_data": 30000 }, "model": "custom/ability/ranged1/armor1/idle" },
  { "predicate": { "custom_model_data": 30001 }, "model": "custom/ability/ranged1/armor1/sprint/1" },
  { "predicate": { "custom_model_data": 30002 }, "model": "custom/ability/ranged1/armor1/sprint/2" },
  { "predicate": { "custom_model_data": 30003 }, "model": "custom/ability/ranged1/armor1/sprint/3" },
  { "predicate": { "custom_model_data": 30003 }, "model": "custom/ability/ranged1/armor1/sprint/4" },
  { "predicate": { "custom_model_data": 30100 }, "model": "custom/ability/ranged1/armor1/handling/0" },
  { "predicate": { "custom_model_data": 30101 }, "model": "custom/ability/ranged1/armor1/handling/1" },
  { "predicate": { "custom_model_data": 30102 }, "model": "custom/ability/ranged1/armor1/handling/2" },
  { "predicate": { "custom_model_data": 30103 }, "model": "custom/ability/ranged1/armor1/handling/3" },
  { "predicate": { "custom_model_data": 30104 }, "model": "custom/ability/ranged1/armor1/handling/4" },
  { "predicate": { "custom_model_data": 30105 }, "model": "custom/ability/ranged1/armor1/handling/5" },
  { "predicate": { "custom_model_data": 30106 }, "model": "custom/ability/ranged1/armor1/handling/6" },
  { "predicate": { "custom_model_data": 30107 }, "model": "custom/ability/ranged1/armor1/handling/7" },
  { "predicate": { "custom_model_data": 30108 }, "model": "custom/ability/ranged1/armor1/handling/8" },
  { "predicate": { "custom_model_data": 30109 }, "model": "custom/ability/ranged1/armor1/handling/9" },
  { "predicate": { "custom_model_data": 30110 }, "model": "custom/ability/ranged1/armor1/handling/10" },
  { "predicate": { "custom_model_data": 30200 }, "model": "custom/ability/ranged1/armor1/attack_1/0" },
  { "predicate": { "custom_model_data": 30201 }, "model": "custom/ability/ranged1/armor1/attack_1/1" },
  { "predicate": { "custom_model_data": 30202 }, "model": "custom/ability/ranged1/armor1/attack_1/2" },
  { "predicate": { "custom_model_data": 30203 }, "model": "custom/ability/ranged1/armor1/attack_1/3" },
  { "predicate": { "custom_model_data": 30204 }, "model": "custom/ability/ranged1/armor1/attack_1/4" },
  { "predicate": { "custom_model_data": 30205 }, "model": "custom/ability/ranged1/armor1/attack_1/5" },
  { "predicate": { "custom_model_data": 30206 }, "model": "custom/ability/ranged1/armor1/attack_1/6" },
  { "predicate": { "custom_model_data": 30207 }, "model": "custom/ability/ranged1/armor1/attack_1/7" },
  { "predicate": { "custom_model_data": 30208 }, "model": "custom/ability/ranged1/armor1/attack_1/8" },
  { "predicate": { "custom_model_data": 30209 }, "model": "custom/ability/ranged1/armor1/attack_1/9" },
  { "predicate": { "custom_model_data": 30210 }, "model": "custom/ability/ranged1/armor1/attack_1/10" },
  { "predicate": { "custom_model_data": 30211 }, "model": "custom/ability/ranged1/armor1/attack_1/11" },
  { "predicate": { "custom_model_data": 30212 }, "model": "custom/ability/ranged1/armor1/attack_1/12" },
  { "predicate": { "custom_model_data": 30300 }, "model": "custom/ability/ranged1/armor1/cd" },
  { "predicate": { "custom_model_data": 30400 }, "model": "custom/ability/ranged1/armor1/idle/0" },
  { "predicate": { "custom_model_data": 30401 }, "model": "custom/ability/ranged1/armor1/idle/1" },
  { "predicate": { "custom_model_data": 30402 }, "model": "custom/ability/ranged1/armor1/idle/2" },
  { "predicate": { "custom_model_data": 30403 }, "model": "custom/ability/ranged1/armor1/idle/3" },
  { "predicate": { "custom_model_data": 30404 }, "model": "custom/ability/ranged1/armor1/idle/4" },
  { "predicate": { "custom_model_data": 30405 }, "model": "custom/ability/ranged1/armor1/idle/5" },
  { "predicate": { "custom_model_data": 30406 }, "model": "custom/ability/ranged1/armor1/idle/6" },
  { "predicate": { "custom_model_data": 30407 }, "model": "custom/ability/ranged1/armor1/idle/7" },
  { "predicate": { "custom_model_data": 30408 }, "model": "custom/ability/ranged1/armor1/idle/8" },
  { "predicate": { "custom_model_data": 30409 }, "model": "custom/ability/ranged1/armor1/idle/9" },

  { "predicate": { "custom_model_data": 40000 }, "model": "custom/ability/ranged2/armor1/idle" },
  { "predicate": { "custom_model_data": 40001 }, "model": "custom/ability/ranged2/armor1/sprint/1" },
  { "predicate": { "custom_model_data": 40002 }, "model": "custom/ability/ranged2/armor1/sprint/2" },
  { "predicate": { "custom_model_data": 40003 }, "model": "custom/ability/ranged2/armor1/sprint/3" },
  { "predicate": { "custom_model_data": 40003 }, "model": "custom/ability/ranged2/armor1/sprint/4" },
  { "predicate": { "custom_model_data": 40100 }, "model": "custom/ability/ranged2/armor1/handling/0" },
  { "predicate": { "custom_model_data": 40101 }, "model": "custom/ability/ranged2/armor1/handling/1" },
  { "predicate": { "custom_model_data": 40102 }, "model": "custom/ability/ranged2/armor1/handling/2" },
  { "predicate": { "custom_model_data": 40103 }, "model": "custom/ability/ranged2/armor1/handling/3" },
  { "predicate": { "custom_model_data": 40104 }, "model": "custom/ability/ranged2/armor1/handling/4" },
  { "predicate": { "custom_model_data": 40105 }, "model": "custom/ability/ranged2/armor1/handling/5" },
  { "predicate": { "custom_model_data": 40106 }, "model": "custom/ability/ranged2/armor1/handling/6" },
  { "predicate": { "custom_model_data": 40107 }, "model": "custom/ability/ranged2/armor1/handling/7" },
  { "predicate": { "custom_model_data": 40108 }, "model": "custom/ability/ranged2/armor1/handling/8" },
  { "predicate": { "custom_model_data": 40109 }, "model": "custom/ability/ranged2/armor1/handling/9" },
  { "predicate": { "custom_model_data": 40110 }, "model": "custom/ability/ranged2/armor1/handling/10" },
  { "predicate": { "custom_model_data": 40111 }, "model": "custom/ability/ranged2/armor1/handling/11" },
  { "predicate": { "custom_model_data": 40112 }, "model": "custom/ability/ranged2/armor1/handling/12" },
  { "predicate": { "custom_model_data": 40113 }, "model": "custom/ability/ranged2/armor1/handling/13" },
  { "predicate": { "custom_model_data": 40200 }, "model": "custom/ability/ranged2/armor1/attack_1/0" },
  { "predicate": { "custom_model_data": 40201 }, "model": "custom/ability/ranged2/armor1/attack_1/1" },
  { "predicate": { "custom_model_data": 40202 }, "model": "custom/ability/ranged2/armor1/attack_1/2" },
  { "predicate": { "custom_model_data": 40203 }, "model": "custom/ability/ranged2/armor1/attack_1/3" },
  { "predicate": { "custom_model_data": 40204 }, "model": "custom/ability/ranged2/armor1/attack_1/4" },
  { "predicate": { "custom_model_data": 40205 }, "model": "custom/ability/ranged2/armor1/attack_1/5" },
  { "predicate": { "custom_model_data": 40206 }, "model": "custom/ability/ranged2/armor1/attack_1/6" },
  { "predicate": { "custom_model_data": 40207 }, "model": "custom/ability/ranged2/armor1/attack_1/7" },
  { "predicate": { "custom_model_data": 40208 }, "model": "custom/ability/ranged2/armor1/attack_1/8" },
  { "predicate": { "custom_model_data": 40209 }, "model": "custom/ability/ranged2/armor1/attack_1/9" },
  { "predicate": { "custom_model_data": 40210 }, "model": "custom/ability/ranged2/armor1/attack_1/10" },
  { "predicate": { "custom_model_data": 40211 }, "model": "custom/ability/ranged2/armor1/attack_1/11" },
  { "predicate": { "custom_model_data": 40212 }, "model": "custom/ability/ranged2/armor1/attack_1/12" },
  { "predicate": { "custom_model_data": 40213 }, "model": "custom/ability/ranged2/armor1/attack_1/13" },
  { "predicate": { "custom_model_data": 40214 }, "model": "custom/ability/ranged2/armor1/attack_1/14" },
  { "predicate": { "custom_model_data": 40300 }, "model": "custom/ability/ranged2/armor1/cd" },

  { "predicate": { "custom_model_data": 50000 }, "model": "custom/ability/mage1/armor1/idle" },
  { "predicate": { "custom_model_data": 50001 }, "model": "custom/ability/mage1/armor1/sprint/1" },
  { "predicate": { "custom_model_data": 50002 }, "model": "custom/ability/mage1/armor1/sprint/2" },
  { "predicate": { "custom_model_data": 50003 }, "model": "custom/ability/mage1/armor1/sprint/3" },
  { "predicate": { "custom_model_data": 50100 }, "model": "custom/ability/mage1/armor1/handling/0" },
  { "predicate": { "custom_model_data": 50101 }, "model": "custom/ability/mage1/armor1/handling/1" },
  { "predicate": { "custom_model_data": 50102 }, "model": "custom/ability/mage1/armor1/handling/2" },
  { "predicate": { "custom_model_data": 50103 }, "model": "custom/ability/mage1/armor1/handling/3" },
  { "predicate": { "custom_model_data": 50104 }, "model": "custom/ability/mage1/armor1/handling/4" },
  { "predicate": { "custom_model_data": 50105 }, "model": "custom/ability/mage1/armor1/handling/5" },
  { "predicate": { "custom_model_data": 50106 }, "model": "custom/ability/mage1/armor1/handling/6" },
  { "predicate": { "custom_model_data": 50200 }, "model": "custom/ability/mage1/armor1/attack_1/0" },
  { "predicate": { "custom_model_data": 50201 }, "model": "custom/ability/mage1/armor1/attack_1/1" },
  { "predicate": { "custom_model_data": 50202 }, "model": "custom/ability/mage1/armor1/attack_1/2" },
  { "predicate": { "custom_model_data": 50203 }, "model": "custom/ability/mage1/armor1/attack_1/3" },
  { "predicate": { "custom_model_data": 50204 }, "model": "custom/ability/mage1/armor1/attack_1/4" },
  { "predicate": { "custom_model_data": 50205 }, "model": "custom/ability/mage1/armor1/attack_1/5" },
  { "predicate": { "custom_model_data": 50206 }, "model": "custom/ability/mage1/armor1/attack_1/6" },
  { "predicate": { "custom_model_data": 50207 }, "model": "custom/ability/mage1/armor1/attack_1/7" },
  { "predicate": { "custom_model_data": 50208 }, "model": "custom/ability/mage1/armor1/attack_1/8" },
  { "predicate": { "custom_model_data": 50209 }, "model": "custom/ability/mage1/armor1/attack_1/9" },
  { "predicate": { "custom_model_data": 50210 }, "model": "custom/ability/mage1/armor1/attack_1/10" },
  { "predicate": { "custom_model_data": 50211 }, "model": "custom/ability/mage1/armor1/attack_1/11" },
  { "predicate": { "custom_model_data": 50212 }, "model": "custom/ability/mage1/armor1/attack_1/12" },
  { "predicate": { "custom_model_data": 50213 }, "model": "custom/ability/mage1/armor1/attack_1/13" },
  { "predicate": { "custom_model_data": 50214 }, "model": "custom/ability/mage1/armor1/attack_1/14" },
  { "predicate": { "custom_model_data": 50215 }, "model": "custom/ability/mage1/armor1/attack_1/15" },
  { "predicate": { "custom_model_data": 50216 }, "model": "custom/ability/mage1/armor1/attack_1/16" },
  { "predicate": { "custom_model_data": 50217 }, "model": "custom/ability/mage1/armor1/attack_1/17" },
  { "predicate": { "custom_model_data": 50300 }, "model": "custom/ability/mage1/armor1/cd" },

  { "predicate": { "custom_model_data": 60000 }, "model": "custom/ability/mage2/armor1/idle" },
  { "predicate": { "custom_model_data": 60001 }, "model": "custom/ability/mage2/armor1/sprint/1" },
  { "predicate": { "custom_model_data": 60002 }, "model": "custom/ability/mage2/armor1/sprint/2" },
  { "predicate": { "custom_model_data": 60003 }, "model": "custom/ability/mage2/armor1/sprint/3" },
  { "predicate": { "custom_model_data": 60004 }, "model": "custom/ability/mage2/armor1/sprint/4" },
  { "predicate": { "custom_model_data": 60005 }, "model": "custom/ability/mage2/armor1/sprint/5" },
  { "predicate": { "custom_model_data": 60006 }, "model": "custom/ability/mage2/armor1/sprint/6" },
  { "predicate": { "custom_model_data": 60100 }, "model": "custom/ability/mage2/armor1/handling/0" },
  { "predicate": { "custom_model_data": 60101 }, "model": "custom/ability/mage2/armor1/handling/1" },
  { "predicate": { "custom_model_data": 60102 }, "model": "custom/ability/mage2/armor1/handling/2" },
  { "predicate": { "custom_model_data": 60103 }, "model": "custom/ability/mage2/armor1/handling/3" },
  { "predicate": { "custom_model_data": 60104 }, "model": "custom/ability/mage2/armor1/handling/4" },
  { "predicate": { "custom_model_data": 60105 }, "model": "custom/ability/mage2/armor1/handling/5" },
  { "predicate": { "custom_model_data": 60106 }, "model": "custom/ability/mage2/armor1/handling/6" },
  { "predicate": { "custom_model_data": 60107 }, "model": "custom/ability/mage2/armor1/handling/7" },
  { "predicate": { "custom_model_data": 60108 }, "model": "custom/ability/mage2/armor1/handling/8" },
  { "predicate": { "custom_model_data": 60109 }, "model": "custom/ability/mage2/armor1/handling/9" },
  { "predicate": { "custom_model_data": 60110 }, "model": "custom/ability/mage2/armor1/handling/10" },
  { "predicate": { "custom_model_data": 60200 }, "model": "custom/ability/mage2/armor1/attack_1/0" },
  { "predicate": { "custom_model_data": 60201 }, "model": "custom/ability/mage2/armor1/attack_1/1" },
  { "predicate": { "custom_model_data": 60202 }, "model": "custom/ability/mage2/armor1/attack_1/2" },
  { "predicate": { "custom_model_data": 60203 }, "model": "custom/ability/mage2/armor1/attack_1/3" },
  { "predicate": { "custom_model_data": 60204 }, "model": "custom/ability/mage2/armor1/attack_1/4" },
  { "predicate": { "custom_model_data": 60205 }, "model": "custom/ability/mage2/armor1/attack_1/5" },
  { "predicate": { "custom_model_data": 60206 }, "model": "custom/ability/mage2/armor1/attack_1/6" },
  { "predicate": { "custom_model_data": 60207 }, "model": "custom/ability/mage2/armor1/attack_1/7" },
  { "predicate": { "custom_model_data": 60208 }, "model": "custom/ability/mage2/armor1/attack_1/8" },
  { "predicate": { "custom_model_data": 60209 }, "model": "custom/ability/mage2/armor1/attack_1/9" },
  { "predicate": { "custom_model_data": 60210 }, "model": "custom/ability/mage2/armor1/attack_1/10" },
  { "predicate": { "custom_model_data": 60300 }, "model": "custom/ability/mage2/armor1/cd" }

	]
}
