{
	"parent": "item/generated",
	"textures": {
		"layer0": "item/emerald"
	},
	"overrides": [
		{
			"predicate": {
				"custom_model_data": 1
			},
			"model": "item/animated_java_empty"
		},
		{
			"predicate": {
				"custom_model_data": 2
			},
			"model": "minecraft:custom/entity/mob/oracle/portal"
		},
		{
			"predicate": {
				"custom_model_data": 3
			},
			"model": "minecraft:custom/entity/mob/oracle/arm_r_sub_3"
		},
		{
			"predicate": {
				"custom_model_data": 4
			},
			"model": "minecraft:custom/entity/mob/oracle/arm_r_sub_2"
		},
		{
			"predicate": {
				"custom_model_data": 5
			},
			"model": "minecraft:custom/entity/mob/oracle/arm_r_sub_1"
		},
		{
			"predicate": {
				"custom_model_data": 6
			},
			"model": "minecraft:custom/entity/mob/oracle/arm_r"
		},
		{
			"predicate": {
				"custom_model_data": 7
			},
			"model": "minecraft:custom/entity/mob/oracle/arm_l_sub_3"
		},
		{
			"predicate": {
				"custom_model_data": 8
			},
			"model": "minecraft:custom/entity/mob/oracle/arm_l_sub_2"
		},
		{
			"predicate": {
				"custom_model_data": 9
			},
			"model": "minecraft:custom/entity/mob/oracle/arm_l_sub_1"
		},
		{
			"predicate": {
				"custom_model_data": 10
			},
			"model": "minecraft:custom/entity/mob/oracle/arm_l"
		},
		{
			"predicate": {
				"custom_model_data": 11
			},
			"model": "minecraft:custom/entity/mob/oracle/hanging"
		},
		{
			"predicate": {
				"custom_model_data": 12
			},
			"model": "minecraft:custom/entity/mob/oracle/glow"
		},
		{
			"predicate": {
				"custom_model_data": 13
			},
			"model": "minecraft:custom/entity/mob/oracle/head"
		},
		{
			"predicate": {
				"custom_model_data": 14
			},
			"model": "minecraft:custom/entity/mob/oracle/cloth_back_1"
		},
		{
			"predicate": {
				"custom_model_data": 15
			},
			"model": "minecraft:custom/entity/mob/oracle/cloth_back_2"
		},
		{
			"predicate": {
				"custom_model_data": 16
			},
			"model": "minecraft:custom/entity/mob/oracle/cloth_front_1_sub"
		},
		{
			"predicate": {
				"custom_model_data": 17
			},
			"model": "minecraft:custom/entity/mob/oracle/cloth_front_1"
		},
		{
			"predicate": {
				"custom_model_data": 18
			},
			"model": "minecraft:custom/entity/mob/oracle/cloth_front_2_sub"
		},
		{
			"predicate": {
				"custom_model_data": 19
			},
			"model": "minecraft:custom/entity/mob/oracle/cloth_front_2"
		},
		{
			"predicate": {
				"custom_model_data": 20
			},
			"model": "minecraft:custom/entity/mob/oracle/body"
		},
		{
			"predicate": {
				"custom_model_data": 21
			},
			"model": "minecraft:custom/entity/mob/oracle/hurt/portal"
		},
		{
			"predicate": {
				"custom_model_data": 22
			},
			"model": "minecraft:custom/entity/mob/oracle/hurt/arm_r_sub_3"
		},
		{
			"predicate": {
				"custom_model_data": 23
			},
			"model": "minecraft:custom/entity/mob/oracle/hurt/arm_r_sub_2"
		},
		{
			"predicate": {
				"custom_model_data": 24
			},
			"model": "minecraft:custom/entity/mob/oracle/hurt/arm_r_sub_1"
		},
		{
			"predicate": {
				"custom_model_data": 25
			},
			"model": "minecraft:custom/entity/mob/oracle/hurt/arm_r"
		},
		{
			"predicate": {
				"custom_model_data": 26
			},
			"model": "minecraft:custom/entity/mob/oracle/hurt/arm_l_sub_3"
		},
		{
			"predicate": {
				"custom_model_data": 27
			},
			"model": "minecraft:custom/entity/mob/oracle/hurt/arm_l_sub_2"
		},
		{
			"predicate": {
				"custom_model_data": 28
			},
			"model": "minecraft:custom/entity/mob/oracle/hurt/arm_l_sub_1"
		},
		{
			"predicate": {
				"custom_model_data": 29
			},
			"model": "minecraft:custom/entity/mob/oracle/hurt/arm_l"
		},
		{
			"predicate": {
				"custom_model_data": 30
			},
			"model": "minecraft:custom/entity/mob/oracle/hurt/hanging"
		},
		{
			"predicate": {
				"custom_model_data": 31
			},
			"model": "minecraft:custom/entity/mob/oracle/hurt/glow"
		},
		{
			"predicate": {
				"custom_model_data": 32
			},
			"model": "minecraft:custom/entity/mob/oracle/hurt/head"
		},
		{
			"predicate": {
				"custom_model_data": 33
			},
			"model": "minecraft:custom/entity/mob/oracle/hurt/cloth_back_1"
		},
		{
			"predicate": {
				"custom_model_data": 34
			},
			"model": "minecraft:custom/entity/mob/oracle/hurt/cloth_back_2"
		},
		{
			"predicate": {
				"custom_model_data": 35
			},
			"model": "minecraft:custom/entity/mob/oracle/hurt/cloth_front_1_sub"
		},
		{
			"predicate": {
				"custom_model_data": 36
			},
			"model": "minecraft:custom/entity/mob/oracle/hurt/cloth_front_1"
		},
		{
			"predicate": {
				"custom_model_data": 37
			},
			"model": "minecraft:custom/entity/mob/oracle/hurt/cloth_front_2_sub"
		},
		{
			"predicate": {
				"custom_model_data": 38
			},
			"model": "minecraft:custom/entity/mob/oracle/hurt/cloth_front_2"
		},
		{
			"predicate": {
				"custom_model_data": 39
			},
			"model": "minecraft:custom/entity/mob/oracle/hurt/body"
		},
		{
			"predicate": {
				"custom_model_data": 10001
			},
			"model": "custom/other/ranged2_passive_marker"
		},
		{
			"predicate": {
				"custom_model_data": 10002
			},
			"model": "custom/other/markedforult"
		},
		{
			"predicate": {
				"custom_model_data": 10003
			},
			"model": "custom/other/nihility"
		},
		{
			"predicate": {
				"custom_model_data": 10004
			},
			"model": "custom/other/flowershield_red"
		},
		{
			"predicate": {
				"custom_model_data": 10005
			},
			"model": "custom/other/flowershield_blue"
		},
		{
			"predicate": {
				"custom_model_data": 10006
			},
			"model": "custom/other/flowershield_yellow"
		},
		{
			"predicate": {
				"custom_model_data": 10007
			},
			"model": "custom/other/flowershield_flash"
		},
		{
			"predicate": {
				"custom_model_data": 20001
			},
			"model": "custom/ability/ranged2_scatter"
		},
		{
			"predicate": {
				"custom_model_data": 20002
			},
			"model": "custom/ability/grimoire"
		},
		{
			"predicate": {
				"custom_model_data": 20003
			},
			"model": "custom/ult/grimoire_page1"
		},
		{
			"predicate": {
				"custom_model_data": 20004
			},
			"model": "custom/ult/grimoire_page2"
		},
		{
			"predicate": {
				"custom_model_data": 20005
			},
			"model": "custom/ult/grimoire_page3"
		},
		{
			"predicate": {
				"custom_model_data": 20006
			},
			"model": "custom/ult/grimoire_page4"
		},
		{
			"predicate": {
				"custom_model_data": 20007
			},
			"model": "custom/ult/cradle"
		},
		{
			"predicate": {
				"custom_model_data": 20008
			},
			"model": "custom/ult/cradle_tp"
		},
		{
			"predicate": {
				"custom_model_data": 20009
			},
			"model": "custom/ult/frostburn_ray"
		},
		{
			"predicate": {
				"custom_model_data": 20010
			},
			"model": "custom/ult/guillotine"
		},
		{
			"predicate": {
				"custom_model_data": 20011
			},
			"model": "custom/melee/chaosfists/chaos_r"
		},
		{
			"predicate": {
				"custom_model_data": 20012
			},
			"model": "custom/melee/chaosfists/chaos_l"
		},
		{
			"predicate": {
				"custom_model_data": 20013
			},
			"model": "custom/melee/zenith/echo"
		},
		{
			"predicate": {
				"custom_model_data": 20014
			},
			"model": "custom/ult/nihility_aoe_1"
		},
		{
			"predicate": {
				"custom_model_data": 20015
			},
			"model": "custom/ult/nihility_aoe_2"
		},
		{
			"predicate": {
				"custom_model_data": 20016
			},
			"model": "custom/ult/nihility_aoe_3"
		},
		{
			"predicate": {
				"custom_model_data": 20017
			},
			"model": "custom/ult/nihility_aoe_4"
		},
		{
			"predicate": {
				"custom_model_data": 20018
			},
			"model": "custom/ult/bastion"
		},
		{
			"predicate": {
				"custom_model_data": 30001
			},
			"model": "custom/entity/effect/halflinghowl_1"
		},
		{
			"predicate": {
				"custom_model_data": 30002
			},
			"model": "custom/entity/effect/halflinghowl_2"
		},
		{
			"predicate": {
				"custom_model_data": 30003
			},
			"model": "custom/entity/effect/halflinghowl_3"
		},
		{
			"predicate": {
				"custom_model_data": 30004
			},
			"model": "custom/entity/effect/halflinghowl_4"
		},
		{
			"predicate": {
				"custom_model_data": 30005
			},
			"model": "custom/entity/effect/halflinghowl_5"
		},
		{
			"predicate": {
				"custom_model_data": 30006
			},
			"model": "custom/entity/effect/halflinghowl_6"
		},
		{
			"predicate": {
				"custom_model_data": 30007
			},
			"model": "custom/entity/effect/halflinghowl_7"
		},
		{
			"predicate": {
				"custom_model_data": 30008
			},
			"model": "custom/entity/effect/halflinghowl_8"
		},
		{
			"predicate": {
				"custom_model_data": 30009
			},
			"model": "custom/entity/effect/halflinghowl_9"
		},
		{
			"predicate": {
				"custom_model_data": 30010
			},
			"model": "custom/entity/effect/halflinghowl_10"
		},
		{
			"predicate": {
				"custom_model_data": 40001
			},
			"model": "custom/other/evoker_seal"
		},
		{
			"predicate": {
				"custom_model_data": 40002
			},
			"model": "custom/other/evoker_barrier"
		},
		{
			"predicate": {
				"custom_model_data": 40003
			},
			"model": "custom/other/cluster_bomb"
		},
		{
			"predicate": {
				"custom_model_data": 40004
			},
			"model": "custom/other/cluster_shot"
		},
		{
			"predicate": {
				"custom_model_data": 40005
			},
			"model": "custom/other/verge_seal"
		},
		{
			"predicate": {
				"custom_model_data": 40006
			},
			"model": "custom/other/zealotnade"
		},
		{
			"predicate": {
				"custom_model_data": 40007
			},
			"model": "custom/other/zealotnade_aoe"
		},
		{
			"predicate": {
				"custom_model_data": 40008
			},
			"model": "custom/other/verge_portal"
		}
	],
	"animated_java": {
		"rigs": {
			"ORIGINAL_PREDICATE_FILE": {
				"used_ids": [
					10001,
					10002,
					10003,
					10004,
					10005,
					10006,
					10007,
					20001,
					20002,
					20003,
					20004,
					20005,
					20006,
					20007,
					20008,
					20009,
					20010,
					20011,
					20012,
					20013,
					20014,
					20015,
					20016,
					20017,
					20018,
					30001,
					30002,
					30003,
					30004,
					30005,
					30006,
					30007,
					30008,
					30009,
					30010,
					40001,
					40002,
					40003,
					40004,
					40005,
					40006,
					40007,
					40008
				]
			},
			"mob_oracle": {
				"used_ids": [
					2,
					3,
					4,
					5,
					6,
					7,
					8,
					9,
					10,
					11,
					12,
					13,
					14,
					15,
					16,
					17,
					18,
					19,
					20,
					21,
					22,
					23,
					24,
					25,
					26,
					27,
					28,
					29,
					30,
					31,
					32,
					33,
					34,
					35,
					36,
					37,
					38,
					39
				]
			}
		}
	}
}