{
  "textures": {
	"layer0": "item/feather"
  },
  "overrides": [	  

  { "predicate": { "custom_model_data": 20000 }, "model": "custom/ability/melee2/armor1/idle" },
  { "predicate": { "custom_model_data": 20100 }, "model": "custom/ability/melee2/armor1/handling/0" },
  { "predicate": { "custom_model_data": 20101 }, "model": "custom/ability/melee2/armor1/handling/1" },
  { "predicate": { "custom_model_data": 20102 }, "model": "custom/ability/melee2/armor1/handling/2" },
  { "predicate": { "custom_model_data": 20103 }, "model": "custom/ability/melee2/armor1/handling/3" },
  { "predicate": { "custom_model_data": 20104 }, "model": "custom/ability/melee2/armor1/handling/4" },
  { "predicate": { "custom_model_data": 20105 }, "model": "custom/ability/melee2/armor1/handling/5" },
  { "predicate": { "custom_model_data": 20106 }, "model": "custom/ability/melee2/armor1/handling/6" },
  { "predicate": { "custom_model_data": 20107 }, "model": "custom/ability/melee2/armor1/handling/7" },
  { "predicate": { "custom_model_data": 20201 }, "model": "custom/ability/melee2/armor1/channel/1" },
  { "predicate": { "custom_model_data": 20202 }, "model": "custom/ability/melee2/armor1/channel/2" },
  { "predicate": { "custom_model_data": 20203 }, "model": "custom/ability/melee2/armor1/channel/3" },
  { "predicate": { "custom_model_data": 20204 }, "model": "custom/ability/melee2/armor1/channel/4" },
  { "predicate": { "custom_model_data": 20205 }, "model": "custom/ability/melee2/armor1/channel/5" },
  { "predicate": { "custom_model_data": 20206 }, "model": "custom/ability/melee2/armor1/channel/6" },
  { "predicate": { "custom_model_data": 20207 }, "model": "custom/ability/melee2/armor1/channel/7" },
  { "predicate": { "custom_model_data": 20208 }, "model": "custom/ability/melee2/armor1/channel/8" },
  { "predicate": { "custom_model_data": 20209 }, "model": "custom/ability/melee2/armor1/channel/9" },
  { "predicate": { "custom_model_data": 20210 }, "model": "custom/ability/melee2/armor1/channel/10" },
  { "predicate": { "custom_model_data": 20300 }, "model": "custom/ability/melee2/armor1/cd" },

  { "predicate": { "custom_model_data": 30000 }, "model": "custom/ability/melee2/armor2/idle" },
  { "predicate": { "custom_model_data": 30100 }, "model": "custom/ability/melee2/armor2/handling/0" },
  { "predicate": { "custom_model_data": 30101 }, "model": "custom/ability/melee2/armor2/handling/1" },
  { "predicate": { "custom_model_data": 30102 }, "model": "custom/ability/melee2/armor2/handling/2" },
  { "predicate": { "custom_model_data": 30103 }, "model": "custom/ability/melee2/armor2/handling/3" },
  { "predicate": { "custom_model_data": 30104 }, "model": "custom/ability/melee2/armor2/handling/4" },
  { "predicate": { "custom_model_data": 30105 }, "model": "custom/ability/melee2/armor2/handling/5" },
  { "predicate": { "custom_model_data": 30106 }, "model": "custom/ability/melee2/armor2/handling/6" },
  { "predicate": { "custom_model_data": 30107 }, "model": "custom/ability/melee2/armor2/handling/7" },
  { "predicate": { "custom_model_data": 30201 }, "model": "custom/ability/melee2/armor2/channel/1" },
  { "predicate": { "custom_model_data": 30202 }, "model": "custom/ability/melee2/armor2/channel/2" },
  { "predicate": { "custom_model_data": 30203 }, "model": "custom/ability/melee2/armor2/channel/3" },
  { "predicate": { "custom_model_data": 30204 }, "model": "custom/ability/melee2/armor2/channel/4" },
  { "predicate": { "custom_model_data": 30205 }, "model": "custom/ability/melee2/armor2/channel/5" },
  { "predicate": { "custom_model_data": 30206 }, "model": "custom/ability/melee2/armor2/channel/6" },
  { "predicate": { "custom_model_data": 30207 }, "model": "custom/ability/melee2/armor2/channel/7" },
  { "predicate": { "custom_model_data": 30208 }, "model": "custom/ability/melee2/armor2/channel/8" },
  { "predicate": { "custom_model_data": 30209 }, "model": "custom/ability/melee2/armor2/channel/9" },
  { "predicate": { "custom_model_data": 30210 }, "model": "custom/ability/melee2/armor2/channel/10" },
  { "predicate": { "custom_model_data": 30300 }, "model": "custom/ability/melee2/armor2/cd" }

	]
}
