{
	"textures": {
	  "layer0": "block/red_wool"
	},
	"overrides": [

		{ "predicate": { "custom_model_data": 10000 }, "model": "custom/other/item/seed/mage1/idle" },
		{ "predicate": { "custom_model_data": 10001 }, "model": "custom/other/item/seed/mage1/sprint/1" },
		{ "predicate": { "custom_model_data": 10002 }, "model": "custom/other/item/seed/mage1/sprint/2" },
		{ "predicate": { "custom_model_data": 10003 }, "model": "custom/other/item/seed/mage1/sprint/3" },
		{ "predicate": { "custom_model_data": 10004 }, "model": "custom/other/item/seed/mage1/sprint/4" },
		{ "predicate": { "custom_model_data": 10100 }, "model": "custom/other/item/seed/mage1/handling/0" },
		{ "predicate": { "custom_model_data": 10101 }, "model": "custom/other/item/seed/mage1/handling/1" },
		{ "predicate": { "custom_model_data": 10102 }, "model": "custom/other/item/seed/mage1/handling/2" },
		{ "predicate": { "custom_model_data": 10103 }, "model": "custom/other/item/seed/mage1/handling/3" },
		{ "predicate": { "custom_model_data": 10104 }, "model": "custom/other/item/seed/mage1/handling/4" },
		{ "predicate": { "custom_model_data": 10105 }, "model": "custom/other/item/seed/mage1/handling/5" },
		{ "predicate": { "custom_model_data": 10106 }, "model": "custom/other/item/seed/mage1/handling/6" },
		{ "predicate": { "custom_model_data": 10107 }, "model": "custom/other/item/seed/mage1/handling/7" },
		{ "predicate": { "custom_model_data": 10108 }, "model": "custom/other/item/seed/mage1/handling/8" },
		{ "predicate": { "custom_model_data": 10109 }, "model": "custom/other/item/seed/mage1/handling/9" },
		{ "predicate": { "custom_model_data": 10110 }, "model": "custom/other/item/seed/mage1/handling/10" },

		{ "predicate": { "custom_model_data": 20000 }, "model": "custom/other/item/flowergun_red/mage1/idle" },
		{ "predicate": { "custom_model_data": 20001 }, "model": "custom/other/item/flowergun_red/mage1/sprint/1" },
		{ "predicate": { "custom_model_data": 20002 }, "model": "custom/other/item/flowergun_red/mage1/sprint/2" },
		{ "predicate": { "custom_model_data": 20003 }, "model": "custom/other/item/flowergun_red/mage1/sprint/3" },
		{ "predicate": { "custom_model_data": 20004 }, "model": "custom/other/item/flowergun_red/mage1/sprint/4" },
		{ "predicate": { "custom_model_data": 20005 }, "model": "custom/other/item/flowergun_red/mage1/sprint/5" },
		{ "predicate": { "custom_model_data": 20006 }, "model": "custom/other/item/flowergun_red/mage1/sprint/6" },
		{ "predicate": { "custom_model_data": 20100 }, "model": "custom/other/item/flowergun_red/mage1/handling/0" },
		{ "predicate": { "custom_model_data": 20101 }, "model": "custom/other/item/flowergun_red/mage1/handling/1" },
		{ "predicate": { "custom_model_data": 20102 }, "model": "custom/other/item/flowergun_red/mage1/handling/2" },
		{ "predicate": { "custom_model_data": 20103 }, "model": "custom/other/item/flowergun_red/mage1/handling/3" },
		{ "predicate": { "custom_model_data": 20104 }, "model": "custom/other/item/flowergun_red/mage1/handling/4" },
		{ "predicate": { "custom_model_data": 20105 }, "model": "custom/other/item/flowergun_red/mage1/handling/5" },
		{ "predicate": { "custom_model_data": 20106 }, "model": "custom/other/item/flowergun_red/mage1/handling/6" },
		{ "predicate": { "custom_model_data": 20107 }, "model": "custom/other/item/flowergun_red/mage1/handling/7" },
		{ "predicate": { "custom_model_data": 20108 }, "model": "custom/other/item/flowergun_red/mage1/handling/8" },
		{ "predicate": { "custom_model_data": 20109 }, "model": "custom/other/item/flowergun_red/mage1/handling/9" },
		{ "predicate": { "custom_model_data": 20110 }, "model": "custom/other/item/flowergun_red/mage1/handling/10" },
		{ "predicate": { "custom_model_data": 20111 }, "model": "custom/other/item/flowergun_red/mage1/handling/11" },
		{ "predicate": { "custom_model_data": 20112 }, "model": "custom/other/item/flowergun_red/mage1/handling/12" },
		{ "predicate": { "custom_model_data": 20113 }, "model": "custom/other/item/flowergun_red/mage1/handling/13" },
		{ "predicate": { "custom_model_data": 20114 }, "model": "custom/other/item/flowergun_red/mage1/handling/14" },
		{ "predicate": { "custom_model_data": 20115 }, "model": "custom/other/item/flowergun_red/mage1/handling/15" },
		{ "predicate": { "custom_model_data": 20201 }, "model": "custom/other/item/flowergun_red/mage1/cast/1" },
		{ "predicate": { "custom_model_data": 20202 }, "model": "custom/other/item/flowergun_red/mage1/cast/2" },
		{ "predicate": { "custom_model_data": 20203 }, "model": "custom/other/item/flowergun_red/mage1/cast/3" },
		{ "predicate": { "custom_model_data": 20204 }, "model": "custom/other/item/flowergun_red/mage1/cast/4" },
		{ "predicate": { "custom_model_data": 20205 }, "model": "custom/other/item/flowergun_red/mage1/cast/5" },
		{ "predicate": { "custom_model_data": 20206 }, "model": "custom/other/item/flowergun_red/mage1/cast/6" },
		{ "predicate": { "custom_model_data": 20207 }, "model": "custom/other/item/flowergun_red/mage1/cast/7" },
		{ "predicate": { "custom_model_data": 20208 }, "model": "custom/other/item/flowergun_red/mage1/cast/8" },
		{ "predicate": { "custom_model_data": 20209 }, "model": "custom/other/item/flowergun_red/mage1/cast/9" },
		{ "predicate": { "custom_model_data": 20210 }, "model": "custom/other/item/flowergun_red/mage1/cast/10" },
		{ "predicate": { "custom_model_data": 20301 }, "model": "custom/other/item/flowergun_red/mage1/charge/1" },
		{ "predicate": { "custom_model_data": 20302 }, "model": "custom/other/item/flowergun_red/mage1/charge/2" },
		{ "predicate": { "custom_model_data": 20303 }, "model": "custom/other/item/flowergun_red/mage1/charge/3" },
		{ "predicate": { "custom_model_data": 20304 }, "model": "custom/other/item/flowergun_red/mage1/charge/4" },
		{ "predicate": { "custom_model_data": 20305 }, "model": "custom/other/item/flowergun_red/mage1/charge/5" },
		{ "predicate": { "custom_model_data": 20306 }, "model": "custom/other/item/flowergun_red/mage1/charge/6" },
		{ "predicate": { "custom_model_data": 20307 }, "model": "custom/other/item/flowergun_red/mage1/charge/7" },
		{ "predicate": { "custom_model_data": 20308 }, "model": "custom/other/item/flowergun_red/mage1/charge/8" },
		{ "predicate": { "custom_model_data": 20309 }, "model": "custom/other/item/flowergun_red/mage1/charge/9" },
		{ "predicate": { "custom_model_data": 20310 }, "model": "custom/other/item/flowergun_red/mage1/charge/10" },

		{ "predicate": { "custom_model_data": 30000 }, "model": "custom/other/item/flowergun_blue/mage1/idle" },
		{ "predicate": { "custom_model_data": 30001 }, "model": "custom/other/item/flowergun_blue/mage1/sprint/1" },
		{ "predicate": { "custom_model_data": 30002 }, "model": "custom/other/item/flowergun_blue/mage1/sprint/2" },
		{ "predicate": { "custom_model_data": 30003 }, "model": "custom/other/item/flowergun_blue/mage1/sprint/3" },
		{ "predicate": { "custom_model_data": 30004 }, "model": "custom/other/item/flowergun_blue/mage1/sprint/4" },
		{ "predicate": { "custom_model_data": 30005 }, "model": "custom/other/item/flowergun_blue/mage1/sprint/5" },
		{ "predicate": { "custom_model_data": 30006 }, "model": "custom/other/item/flowergun_blue/mage1/sprint/6" },
		{ "predicate": { "custom_model_data": 30007 }, "model": "custom/other/item/flowergun_blue/mage1/sprint/7" },
		{ "predicate": { "custom_model_data": 30100 }, "model": "custom/other/item/flowergun_blue/mage1/handling/0" },
		{ "predicate": { "custom_model_data": 30101 }, "model": "custom/other/item/flowergun_blue/mage1/handling/1" },
		{ "predicate": { "custom_model_data": 30102 }, "model": "custom/other/item/flowergun_blue/mage1/handling/2" },
		{ "predicate": { "custom_model_data": 30103 }, "model": "custom/other/item/flowergun_blue/mage1/handling/3" },
		{ "predicate": { "custom_model_data": 30104 }, "model": "custom/other/item/flowergun_blue/mage1/handling/4" },
		{ "predicate": { "custom_model_data": 30105 }, "model": "custom/other/item/flowergun_blue/mage1/handling/5" },
		{ "predicate": { "custom_model_data": 30106 }, "model": "custom/other/item/flowergun_blue/mage1/handling/6" },
		{ "predicate": { "custom_model_data": 30107 }, "model": "custom/other/item/flowergun_blue/mage1/handling/7" },
		{ "predicate": { "custom_model_data": 30108 }, "model": "custom/other/item/flowergun_blue/mage1/handling/8" },
		{ "predicate": { "custom_model_data": 30109 }, "model": "custom/other/item/flowergun_blue/mage1/handling/9" },
		{ "predicate": { "custom_model_data": 30110 }, "model": "custom/other/item/flowergun_blue/mage1/handling/10" },
		{ "predicate": { "custom_model_data": 30111 }, "model": "custom/other/item/flowergun_blue/mage1/handling/11" },
		{ "predicate": { "custom_model_data": 30112 }, "model": "custom/other/item/flowergun_blue/mage1/handling/12" },
		{ "predicate": { "custom_model_data": 30113 }, "model": "custom/other/item/flowergun_blue/mage1/handling/13" },
		{ "predicate": { "custom_model_data": 30114 }, "model": "custom/other/item/flowergun_blue/mage1/handling/14" },
		{ "predicate": { "custom_model_data": 30115 }, "model": "custom/other/item/flowergun_blue/mage1/handling/15" },
		{ "predicate": { "custom_model_data": 30116 }, "model": "custom/other/item/flowergun_blue/mage1/handling/16" },
		{ "predicate": { "custom_model_data": 30117 }, "model": "custom/other/item/flowergun_blue/mage1/handling/17" },
		{ "predicate": { "custom_model_data": 30118 }, "model": "custom/other/item/flowergun_blue/mage1/handling/18" },
		{ "predicate": { "custom_model_data": 30200 }, "model": "custom/other/item/flowergun_blue/mage1/attack_1/0" },
		{ "predicate": { "custom_model_data": 30201 }, "model": "custom/other/item/flowergun_blue/mage1/attack_1/1" },
		{ "predicate": { "custom_model_data": 30202 }, "model": "custom/other/item/flowergun_blue/mage1/attack_1/2" },
		{ "predicate": { "custom_model_data": 30203 }, "model": "custom/other/item/flowergun_blue/mage1/attack_1/3" },
		{ "predicate": { "custom_model_data": 30204 }, "model": "custom/other/item/flowergun_blue/mage1/attack_1/4" },
		{ "predicate": { "custom_model_data": 30205 }, "model": "custom/other/item/flowergun_blue/mage1/attack_1/5" },
		{ "predicate": { "custom_model_data": 30206 }, "model": "custom/other/item/flowergun_blue/mage1/attack_1/6" },
		{ "predicate": { "custom_model_data": 30207 }, "model": "custom/other/item/flowergun_blue/mage1/attack_1/7" },
		{ "predicate": { "custom_model_data": 30208 }, "model": "custom/other/item/flowergun_blue/mage1/attack_1/8" },
		{ "predicate": { "custom_model_data": 30209 }, "model": "custom/other/item/flowergun_blue/mage1/attack_1/9" },
		{ "predicate": { "custom_model_data": 30210 }, "model": "custom/other/item/flowergun_blue/mage1/attack_1/10" },
		{ "predicate": { "custom_model_data": 30211 }, "model": "custom/other/item/flowergun_blue/mage1/attack_1/11" },
		{ "predicate": { "custom_model_data": 30212 }, "model": "custom/other/item/flowergun_blue/mage1/attack_1/12" },
		{ "predicate": { "custom_model_data": 30213 }, "model": "custom/other/item/flowergun_blue/mage1/attack_1/13" },
		{ "predicate": { "custom_model_data": 30214 }, "model": "custom/other/item/flowergun_blue/mage1/attack_1/14" },
		{ "predicate": { "custom_model_data": 30215 }, "model": "custom/other/item/flowergun_blue/mage1/attack_1/15" },
		{ "predicate": { "custom_model_data": 30216 }, "model": "custom/other/item/flowergun_blue/mage1/attack_1/16" },
		{ "predicate": { "custom_model_data": 30217 }, "model": "custom/other/item/flowergun_blue/mage1/attack_1/17" },
		{ "predicate": { "custom_model_data": 30218 }, "model": "custom/other/item/flowergun_blue/mage1/attack_1/18" },
		{ "predicate": { "custom_model_data": 30219 }, "model": "custom/other/item/flowergun_blue/mage1/attack_1/19" },

		{ "predicate": { "custom_model_data": 40000 }, "model": "custom/other/item/flowergun_yellow/mage1/idle" },
		{ "predicate": { "custom_model_data": 40001 }, "model": "custom/other/item/flowergun_yellow/mage1/sprint/1" },
		{ "predicate": { "custom_model_data": 40002 }, "model": "custom/other/item/flowergun_yellow/mage1/sprint/2" },
		{ "predicate": { "custom_model_data": 40003 }, "model": "custom/other/item/flowergun_yellow/mage1/sprint/3" },
		{ "predicate": { "custom_model_data": 40004 }, "model": "custom/other/item/flowergun_yellow/mage1/sprint/4" },
		{ "predicate": { "custom_model_data": 40100 }, "model": "custom/other/item/flowergun_yellow/mage1/handling/0" },
		{ "predicate": { "custom_model_data": 40101 }, "model": "custom/other/item/flowergun_yellow/mage1/handling/1" },
		{ "predicate": { "custom_model_data": 40102 }, "model": "custom/other/item/flowergun_yellow/mage1/handling/2" },
		{ "predicate": { "custom_model_data": 40103 }, "model": "custom/other/item/flowergun_yellow/mage1/handling/3" },
		{ "predicate": { "custom_model_data": 40104 }, "model": "custom/other/item/flowergun_yellow/mage1/handling/4" },
		{ "predicate": { "custom_model_data": 40105 }, "model": "custom/other/item/flowergun_yellow/mage1/handling/5" },
		{ "predicate": { "custom_model_data": 40106 }, "model": "custom/other/item/flowergun_yellow/mage1/handling/6" },
		{ "predicate": { "custom_model_data": 40107 }, "model": "custom/other/item/flowergun_yellow/mage1/handling/7" },
		{ "predicate": { "custom_model_data": 40108 }, "model": "custom/other/item/flowergun_yellow/mage1/handling/8" },
		{ "predicate": { "custom_model_data": 40109 }, "model": "custom/other/item/flowergun_yellow/mage1/handling/9" },
		{ "predicate": { "custom_model_data": 40110 }, "model": "custom/other/item/flowergun_yellow/mage1/handling/10" },
		{ "predicate": { "custom_model_data": 40200 }, "model": "custom/other/item/flowergun_yellow/mage1/attack_1/0" },
		{ "predicate": { "custom_model_data": 40201 }, "model": "custom/other/item/flowergun_yellow/mage1/attack_1/1" },
		{ "predicate": { "custom_model_data": 40202 }, "model": "custom/other/item/flowergun_yellow/mage1/attack_1/2" },
		{ "predicate": { "custom_model_data": 40203 }, "model": "custom/other/item/flowergun_yellow/mage1/attack_1/3" },
		{ "predicate": { "custom_model_data": 40204 }, "model": "custom/other/item/flowergun_yellow/mage1/attack_1/4" },
		{ "predicate": { "custom_model_data": 40205 }, "model": "custom/other/item/flowergun_yellow/mage1/attack_1/5" },
		{ "predicate": { "custom_model_data": 40206 }, "model": "custom/other/item/flowergun_yellow/mage1/attack_1/6" },
		{ "predicate": { "custom_model_data": 40207 }, "model": "custom/other/item/flowergun_yellow/mage1/attack_1/7" },
		{ "predicate": { "custom_model_data": 40208 }, "model": "custom/other/item/flowergun_yellow/mage1/attack_1/8" },
		{ "predicate": { "custom_model_data": 40209 }, "model": "custom/other/item/flowergun_yellow/mage1/attack_1/9" },
		{ "predicate": { "custom_model_data": 40210 }, "model": "custom/other/item/flowergun_yellow/mage1/attack_1/10" },
		{ "predicate": { "custom_model_data": 40211 }, "model": "custom/other/item/flowergun_yellow/mage1/attack_1/11" },
		{ "predicate": { "custom_model_data": 40212 }, "model": "custom/other/item/flowergun_yellow/mage1/attack_1/12" },

		{ "predicate": { "custom_model_data": 50000 }, "model": "custom/other/item/voidball/mage1/idle" },
		{ "predicate": { "custom_model_data": 50001 }, "model": "custom/other/item/voidball/mage1/sprint/1" },
		{ "predicate": { "custom_model_data": 50002 }, "model": "custom/other/item/voidball/mage1/sprint/2" },
		{ "predicate": { "custom_model_data": 50003 }, "model": "custom/other/item/voidball/mage1/sprint/3" },
		{ "predicate": { "custom_model_data": 50004 }, "model": "custom/other/item/voidball/mage1/sprint/4" },
		{ "predicate": { "custom_model_data": 50100 }, "model": "custom/other/item/voidball/mage1/handling/0" },
		{ "predicate": { "custom_model_data": 50101 }, "model": "custom/other/item/voidball/mage1/handling/1" },
		{ "predicate": { "custom_model_data": 50102 }, "model": "custom/other/item/voidball/mage1/handling/2" },
		{ "predicate": { "custom_model_data": 50103 }, "model": "custom/other/item/voidball/mage1/handling/3" },
		{ "predicate": { "custom_model_data": 50104 }, "model": "custom/other/item/voidball/mage1/handling/4" },
		{ "predicate": { "custom_model_data": 50105 }, "model": "custom/other/item/voidball/mage1/handling/5" },
		{ "predicate": { "custom_model_data": 50106 }, "model": "custom/other/item/voidball/mage1/handling/6" },
		{ "predicate": { "custom_model_data": 50107 }, "model": "custom/other/item/voidball/mage1/handling/7" },
		{ "predicate": { "custom_model_data": 50108 }, "model": "custom/other/item/voidball/mage1/handling/8" },
		{ "predicate": { "custom_model_data": 50109 }, "model": "custom/other/item/voidball/mage1/handling/9" },
		{ "predicate": { "custom_model_data": 50110 }, "model": "custom/other/item/voidball/mage1/handling/10" }

	  ]
  }
  