{
	"credit": "Made with Blockbench",
	"texture_size": [128, 128],
	"textures": {
		"0": "custom/other/voidball_platform_1",
		"particle": "custom/other/voidball_platform_1"
	},
	"elements": [
		{
			"from": [-8, 9, -8],
			"to": [24, 16, 24],
			"rotation": {"angle": 0, "axis": "y", "origin": [8, 8, 8]},
			"faces": {
				"north": {"uv": [6.625, 2, 10.625, 2.875], "texture": "#0"},
				"east": {"uv": [6.625, 2.875, 10.625, 3.75], "texture": "#0"},
				"south": {"uv": [6.625, 3.75, 10.625, 4.625], "texture": "#0"},
				"west": {"uv": [6.625, 4.625, 10.625, 5.5], "texture": "#0"},
				"up": {"uv": [4, 4, 0, 0], "texture": "#0"},
				"down": {"uv": [4, 4, 0, 8], "texture": "#0"}
			}
		},
		{
			"from": [4.71793, 1.87707, -7.95],
			"to": [25.21793, 9.87707, 23.95],
			"rotation": {"angle": 22.5, "axis": "z", "origin": [9.21793, 9.87707, 7.95]},
			"faces": {
				"north": {"uv": [6.625, 5.5, 9.25, 6.5], "texture": "#0"},
				"east": {"uv": [6.625, 0, 10.625, 1], "texture": "#0"},
				"south": {"uv": [6.625, 6.5, 9.25, 7.5], "texture": "#0"},
				"west": {"uv": [6.625, 1, 10.625, 2], "texture": "#0"},
				"up": {"uv": [6.625, 4, 4, 0], "texture": "#0"},
				"down": {"uv": [6.625, 4, 4, 8], "texture": "#0"}
			}
		},
		{
			"from": [-9.21793, 1.87707, -7.85],
			"to": [11.28207, 9.87707, 23.85],
			"rotation": {"angle": -22.5, "axis": "z", "origin": [6.78207, 9.87707, 7.85]},
			"faces": {
				"north": {"uv": [9.25, 5.5, 6.625, 6.5], "texture": "#0"},
				"east": {"uv": [10.625, 1, 6.625, 2], "texture": "#0"},
				"south": {"uv": [9.25, 6.5, 6.625, 7.5], "texture": "#0"},
				"west": {"uv": [10.625, 0, 6.625, 1], "texture": "#0"},
				"up": {"uv": [4, 4, 6.625, 0], "texture": "#0"},
				"down": {"uv": [4, 4, 6.625, 8], "texture": "#0"}
			}
		},
		{
			"from": [-8, 1.87707, -9.21793],
			"to": [23.7, 9.87707, 11.28207],
			"rotation": {"angle": 22.5, "axis": "x", "origin": [8, 9.87707, 6.78207]},
			"faces": {
				"north": {"uv": [10.625, 0, 6.625, 1], "texture": "#0"},
				"east": {"uv": [9.25, 5.5, 6.625, 6.5], "texture": "#0"},
				"south": {"uv": [10.625, 1, 6.625, 2], "texture": "#0"},
				"west": {"uv": [9.25, 6.5, 6.625, 7.5], "texture": "#0"},
				"up": {"uv": [4, 4, 6.625, 0], "rotation": 90, "texture": "#0"},
				"down": {"uv": [4, 4, 6.625, 8], "rotation": 270, "texture": "#0"}
			}
		},
		{
			"from": [-8.1, 1.87707, 4.71793],
			"to": [23.8, 9.87707, 25.21793],
			"rotation": {"angle": -22.5, "axis": "x", "origin": [7.9, 9.87707, 9.21793]},
			"faces": {
				"north": {"uv": [6.625, 1, 10.625, 2], "texture": "#0"},
				"east": {"uv": [6.625, 5.5, 9.25, 6.5], "texture": "#0"},
				"south": {"uv": [6.625, 0, 10.625, 1], "texture": "#0"},
				"west": {"uv": [6.625, 6.5, 9.25, 7.5], "texture": "#0"},
				"up": {"uv": [6.625, 4, 4, 0], "rotation": 90, "texture": "#0"},
				"down": {"uv": [6.625, 4, 4, 8], "rotation": 270, "texture": "#0"}
			}
		}
	],
	"display": {
		"thirdperson_righthand": {
			"scale": [0, 0, 0]
		},
		"thirdperson_lefthand": {
			"scale": [0, 0, 0]
		},
		"firstperson_lefthand": {
			"scale": [0, 0, 0]
		},
		"ground": {
			"scale": [0, 0, 0]
		},
		"gui": {
			"scale": [0, 0, 0]
		}
	}
}