{
	"credit": "Made with Blockbench",
	"textures": {
		"0": "custom/other/fog_3",
		"particle": "custom/other/fog_3"
	},
	"elements": [
		{
			"from": [21.93397, 0, -0.7716],
			"to": [21.93397, 16, 5.2284],
			"rotation": {"angle": 22.5, "axis": "y", "origin": [21.93397, 8, 2.2284]},
			"faces": {
				"north": {"uv": [0, 0, 0, 16], "texture": "#0"},
				"east": {"uv": [0, 0, 1, 1], "texture": "#0"},
				"south": {"uv": [0, 0, 0, 16], "texture": "#0"},
				"west": {"uv": [8, 0, 16, 16], "texture": "#0"},
				"up": {"uv": [0, 0, 8, 0], "rotation": 90, "texture": "#0"},
				"down": {"uv": [0, 0, 8, 0], "rotation": 270, "texture": "#0"}
			}
		},
		{
			"from": [14.20084, 0, 0.87027],
			"to": [20.20084, 16, 0.87027],
			"rotation": {"angle": -45, "axis": "y", "origin": [22.20084, 8, 0.87027]},
			"faces": {
				"north": {"uv": [0, 0, 1, 1], "texture": "#0"},
				"east": {"uv": [0, 0, 0, 16], "texture": "#0"},
				"south": {"uv": [0, 0, 8, 16], "texture": "#0"},
				"west": {"uv": [0, 0, 0, 16], "texture": "#0"},
				"up": {"uv": [0, 0, 8, 0], "texture": "#0"},
				"down": {"uv": [0, 0, 8, 0], "texture": "#0"}
			}
		},
		{
			"from": [5, 0, 23.08298],
			"to": [11, 16, 23.08298],
			"rotation": {"angle": 0, "axis": "y", "origin": [3, 8, 23.08298]},
			"faces": {
				"north": {"uv": [0, 0, 8, 16], "texture": "#0"},
				"east": {"uv": [0, 0, 0, 16], "texture": "#0"},
				"south": {"uv": [0, 0, 1, 1], "texture": "#0"},
				"west": {"uv": [0, 0, 0, 16], "texture": "#0"},
				"up": {"uv": [8, 0, 0, 0], "texture": "#0"},
				"down": {"uv": [8, 0, 0, 0], "texture": "#0"}
			}
		},
		{
			"from": [-0.77202, 0, 21.93485],
			"to": [5.22798, 16, 21.93485],
			"rotation": {"angle": -22.5, "axis": "y", "origin": [2.22798, 8, 21.93485]},
			"faces": {
				"north": {"uv": [8, 0, 16, 16], "texture": "#0"},
				"east": {"uv": [0, 0, 0, 16], "texture": "#0"},
				"south": {"uv": [0, 0, 1, 1], "texture": "#0"},
				"west": {"uv": [0, 0, 0, 16], "texture": "#0"},
				"up": {"uv": [8, 0, 0, 0], "texture": "#0"},
				"down": {"uv": [8, 0, 0, 0], "texture": "#0"}
			}
		},
		{
			"from": [-4.20084, 0, 0.87027],
			"to": [1.79916, 16, 0.87027],
			"rotation": {"angle": 45, "axis": "y", "origin": [-6.20084, 8, 0.87027]},
			"faces": {
				"north": {"uv": [1, 0, 0, 1], "texture": "#0"},
				"east": {"uv": [0, 0, 0, 16], "texture": "#0"},
				"south": {"uv": [8, 0, 0, 16], "texture": "#0"},
				"west": {"uv": [0, 0, 0, 16], "texture": "#0"},
				"up": {"uv": [8, 0, 0, 0], "texture": "#0"},
				"down": {"uv": [8, 0, 0, 0], "texture": "#0"}
			}
		},
		{
			"from": [-5.93397, 0, -0.7716],
			"to": [-5.93397, 16, 5.2284],
			"rotation": {"angle": -22.5, "axis": "y", "origin": [-5.93397, 8, 2.2284]},
			"faces": {
				"north": {"uv": [0, 0, 0, 16], "texture": "#0"},
				"east": {"uv": [16, 0, 8, 16], "texture": "#0"},
				"south": {"uv": [0, 0, 0, 16], "texture": "#0"},
				"west": {"uv": [1, 0, 0, 1], "texture": "#0"},
				"up": {"uv": [0, 0, 8, 0], "rotation": 90, "texture": "#0"},
				"down": {"uv": [0, 0, 8, 0], "rotation": 270, "texture": "#0"}
			}
		}
	],
	"display": {
		"head": {
			"translation": [0, -3, -6.75],
			"scale": [3.26, 3.26, 3.26]
		}
	},
	"groups": [
		{
			"name": "group",
			"origin": [13.00038, 8, 23.08298],
			"color": 0,
			"nbt": "{}",
			"children": [0, 1, 2, 3, 4, 5]
		}
	]
}