{
	"credit": "Made with Blockbench",
	"textures": {
		"0": "custom/other/fog_2",
		"particle": "custom/other/fog_2"
	},
	"elements": [
		{
			"from": [5, 0, -7.08298],
			"to": [11, 16, -7.08298],
			"rotation": {"angle": 0, "axis": "y", "origin": [13, 8, -7.08298]},
			"faces": {
				"north": {"uv": [0, 0, 1, 1], "texture": "#0"},
				"east": {"uv": [0, 0, 0, 16], "texture": "#0"},
				"south": {"uv": [0, 0, 4, 16], "texture": "#0"},
				"west": {"uv": [0, 0, 0, 16], "texture": "#0"},
				"up": {"uv": [0, 0, 8, 0], "texture": "#0"},
				"down": {"uv": [0, 0, 8, 0], "texture": "#0"}
			}
		},
		{
			"from": [10.77202, 0, -5.93485],
			"to": [16.77202, 16, -5.93485],
			"rotation": {"angle": -22.5, "axis": "y", "origin": [13.77202, 8, -5.93485]},
			"faces": {
				"north": {"uv": [0, 0, 1, 1], "texture": "#0"},
				"east": {"uv": [0, 0, 0, 16], "texture": "#0"},
				"south": {"uv": [4, 0, 8, 16], "texture": "#0"},
				"west": {"uv": [0, 0, 0, 16], "texture": "#0"},
				"up": {"uv": [0, 0, 8, 0], "texture": "#0"},
				"down": {"uv": [0, 0, 8, 0], "texture": "#0"}
			}
		},
		{
			"from": [15.6653, 0, -2.66527],
			"to": [21.6653, 16, -2.66527],
			"rotation": {"angle": -45, "axis": "y", "origin": [18.6653, 8, -2.66527]},
			"faces": {
				"north": {"uv": [0, 0, 1, 1], "texture": "#0"},
				"east": {"uv": [0, 0, 0, 16], "texture": "#0"},
				"south": {"uv": [8, 0, 12, 16], "texture": "#0"},
				"west": {"uv": [0, 0, 0, 16], "texture": "#0"},
				"up": {"uv": [0, 0, 8, 0], "texture": "#0"},
				"down": {"uv": [0, 0, 8, 0], "texture": "#0"}
			}
		},
		{
			"from": [21.93397, 0, -0.7716],
			"to": [21.93397, 16, 5.2284],
			"rotation": {"angle": 22.5, "axis": "y", "origin": [21.93397, 8, 2.2284]},
			"faces": {
				"north": {"uv": [0, 0, 0, 16], "texture": "#0"},
				"east": {"uv": [0, 0, 1, 1], "texture": "#0"},
				"south": {"uv": [0, 0, 0, 16], "texture": "#0"},
				"west": {"uv": [12, 0, 16, 16], "texture": "#0"},
				"up": {"uv": [0, 0, 8, 0], "rotation": 90, "texture": "#0"},
				"down": {"uv": [0, 0, 8, 0], "rotation": 270, "texture": "#0"}
			}
		},
		{
			"from": [5, 0, 23.08298],
			"to": [11, 16, 23.08298],
			"rotation": {"angle": 0, "axis": "y", "origin": [3, 8, 23.08298]},
			"faces": {
				"north": {"uv": [0, 0, 4, 16], "texture": "#0"},
				"east": {"uv": [0, 0, 0, 16], "texture": "#0"},
				"south": {"uv": [0, 0, 1, 1], "texture": "#0"},
				"west": {"uv": [0, 0, 0, 16], "texture": "#0"},
				"up": {"uv": [8, 0, 0, 0], "texture": "#0"},
				"down": {"uv": [8, 0, 0, 0], "texture": "#0"}
			}
		},
		{
			"from": [-0.77202, 0, 21.93485],
			"to": [5.22798, 16, 21.93485],
			"rotation": {"angle": -22.5, "axis": "y", "origin": [2.22798, 8, 21.93485]},
			"faces": {
				"north": {"uv": [4, 0, 8, 16], "texture": "#0"},
				"east": {"uv": [0, 0, 0, 16], "texture": "#0"},
				"south": {"uv": [0, 0, 1, 1], "texture": "#0"},
				"west": {"uv": [0, 0, 0, 16], "texture": "#0"},
				"up": {"uv": [8, 0, 0, 0], "texture": "#0"},
				"down": {"uv": [8, 0, 0, 0], "texture": "#0"}
			}
		},
		{
			"from": [-5.6653, 0, 18.66527],
			"to": [0.3347, 16, 18.66527],
			"rotation": {"angle": -45, "axis": "y", "origin": [-2.6653, 8, 18.66527]},
			"faces": {
				"north": {"uv": [8, 0, 12, 16], "texture": "#0"},
				"east": {"uv": [0, 0, 0, 16], "texture": "#0"},
				"south": {"uv": [0, 0, 1, 1], "texture": "#0"},
				"west": {"uv": [0, 0, 0, 16], "texture": "#0"},
				"up": {"uv": [8, 0, 0, 0], "texture": "#0"},
				"down": {"uv": [8, 0, 0, 0], "texture": "#0"}
			}
		},
		{
			"from": [-5.93397, 0, 10.7716],
			"to": [-5.93397, 16, 16.7716],
			"rotation": {"angle": 22.5, "axis": "y", "origin": [-5.93397, 8, 13.7716]},
			"faces": {
				"north": {"uv": [0, 0, 0, 16], "texture": "#0"},
				"east": {"uv": [12, 0, 16, 16], "texture": "#0"},
				"south": {"uv": [0, 0, 0, 16], "texture": "#0"},
				"west": {"uv": [0, 0, 1, 1], "texture": "#0"},
				"up": {"uv": [8, 0, 0, 0], "rotation": 90, "texture": "#0"},
				"down": {"uv": [8, 0, 0, 0], "rotation": 270, "texture": "#0"}
			}
		}
	],
	"display": {
		"head": {
			"translation": [0, -3, -6.75],
			"scale": [3.26, 3.26, 3.26]
		}
	},
	"groups": [
		{
			"name": "group",
			"origin": [13.00038, 8, 23.08298],
			"color": 0,
			"nbt": "{}",
			"children": [0, 1, 2, 3, 4, 5, 6, 7]
		}
	]
}