{
	"credit": "Made with Blockbench",
	"textures": {
		"4": "custom/ult/nihility",
		"particle": "custom/ult/nihility"
	},
	"elements": [
		{
			"from": [11, 11, 11],
			"to": [5, 5, 5],
			"rotation": {"angle": 0, "axis": "y", "origin": [11, -4, 11]},
			"faces": {
				"north": {"uv": [0, 0, 16, 16], "texture": "#4"},
				"east": {"uv": [0, 0, 16, 16], "texture": "#4"},
				"south": {"uv": [0, 0, 16, 16], "texture": "#4"},
				"west": {"uv": [0, 0, 16, 16], "texture": "#4"},
				"up": {"uv": [0, 0, 16, 16], "texture": "#4"},
				"down": {"uv": [0, 0, 16, 16], "texture": "#4"}
			}
		},
		{
			"from": [5.3, 5.3, 5.3],
			"to": [10.7, 10.7, 10.7],
			"rotation": {"angle": 0, "axis": "y", "origin": [5, -10, 5]},
			"faces": {
				"north": {"uv": [1, 1, 15, 15], "texture": "#4"},
				"east": {"uv": [1, 1, 15, 15], "texture": "#4"},
				"south": {"uv": [1, 1, 15, 15], "texture": "#4"},
				"west": {"uv": [1, 1, 15, 15], "texture": "#4"},
				"up": {"uv": [1, 1, 15, 15], "texture": "#4"},
				"down": {"uv": [1, 1, 15, 15], "texture": "#4"}
			}
		}
	],
	"gui_light": "front",
	"display": {
		"thirdperson_righthand": {
			"rotation": [75, 45, 0],
			"translation": [0, 2.5, 0],
			"scale": [0.375, 0.375, 0.375]
		},
		"thirdperson_lefthand": {
			"rotation": [75, 45, 0],
			"translation": [0, 2.5, 0],
			"scale": [0.375, 0.375, 0.375]
		},
		"firstperson_righthand": {
			"rotation": [0, 45, 0],
			"scale": [0.4, 0.4, 0.4]
		},
		"firstperson_lefthand": {
			"rotation": [0, 225, 0],
			"scale": [0.4, 0.4, 0.4]
		},
		"ground": {
			"translation": [0, 3, 0],
			"scale": [0.25, 0.25, 0.25]
		},
		"gui": {
			"rotation": [30, 225, 0],
			"scale": [1.63, 1.63, 1.63]
		},
		"fixed": {
			"scale": [0.5, 0.5, 0.5]
		}
	},
	"groups": [
		{
			"name": "group",
			"origin": [5, -10, 5],
			"color": 0,
			"nbt": "{}",
			"children": [0, 1]
		}
	]
}