{
	"credit": "Made with Blockbench",
	"textures": {
		"0": "custom/entity/mob/anathema"
	},
	"elements": [
		{
			"from": [6.53, 10.30224, 5.755],
			"to": [9.47, 15.07974, 10.78975],
			"rotation": {"angle": 0, "axis": "y", "origin": [8, 6.25974, 8.6215]},
			"faces": {
				"north": {"uv": [12.008, 3.258, 12.492, 3.992], "texture": "#0"},
				"east": {"uv": [2.258, 11.258, 2.992, 11.992], "texture": "#0"},
				"south": {"uv": [3.508, 12.008, 3.992, 12.742], "texture": "#0"},
				"west": {"uv": [11.258, 3.258, 11.992, 3.992], "texture": "#0"},
				"up": {"uv": [4.492, 12.742, 4.008, 12.008], "texture": "#0"},
				"down": {"uv": [12.492, 5.008, 12.008, 5.742], "texture": "#0"}
			}
		},
		{
			"from": [6.383, 12.36024, 4.873],
			"to": [9.617, 15.59424, 8.107],
			"rotation": {"angle": 0, "axis": "y", "origin": [8, 5.52474, 9.3565]},
			"faces": {
				"north": {"uv": [12.508, 0.508, 12.992, 0.992], "texture": "#0"},
				"east": {"uv": [1.008, 12.508, 1.492, 12.992], "texture": "#0"},
				"south": {"uv": [12.508, 1.008, 12.992, 1.492], "texture": "#0"},
				"west": {"uv": [12.508, 2.758, 12.992, 3.242], "texture": "#0"},
				"up": {"uv": [12.992, 3.742, 12.508, 3.258], "texture": "#0"},
				"down": {"uv": [12.992, 5.008, 12.508, 5.492], "texture": "#0"}
			}
		},
		{
			"from": [7.265, 13.97724, 2.26375],
			"to": [8.735, 21.32724, 2.26375],
			"rotation": {"angle": 22.5, "axis": "x", "origin": [8, 13.97724, 2.26375]},
			"faces": {
				"north": {"uv": [2.758, 12.008, 2.992, 13.242], "texture": "#0"},
				"east": {"uv": [0.008, 0.008, 0.008, 1.242], "texture": "#0"},
				"south": {"uv": [12.258, 7.758, 12.492, 8.992], "texture": "#0"},
				"west": {"uv": [0.008, 0.008, 0.008, 1.242], "texture": "#0"},
				"up": {"uv": [0.242, 0.008, 0.008, 0.008], "texture": "#0"},
				"down": {"uv": [0.242, 0.008, 0.008, 0.008], "texture": "#0"}
			}
		},
		{
			"from": [7.265, 6.62724, 2.26375],
			"to": [8.735, 13.97724, 2.26375],
			"rotation": {"angle": -22.5, "axis": "x", "origin": [8, 13.97724, 2.26375]},
			"faces": {
				"north": {"uv": [8.008, 12.258, 8.242, 13.492], "texture": "#0"},
				"east": {"uv": [0.008, 0.008, 0.008, 1.242], "texture": "#0"},
				"south": {"uv": [8.258, 12.258, 8.492, 13.492], "texture": "#0"},
				"west": {"uv": [0.008, 0.008, 0.008, 1.242], "texture": "#0"},
				"up": {"uv": [0.242, 0.008, 0.008, 0.008], "texture": "#0"},
				"down": {"uv": [0.242, 0.008, 0.008, 0.008], "texture": "#0"}
			}
		},
		{
			"from": [6.53, 12.50724, 2.08],
			"to": [9.47, 15.44724, 2.08],
			"rotation": {"angle": 0, "axis": "y", "origin": [8, 13.97724, 2.08]},
			"faces": {
				"north": {"uv": [12.508, 5.508, 12.992, 5.992], "texture": "#0"},
				"east": {"uv": [0.008, 0.008, 0.008, 0.492], "texture": "#0"},
				"south": {"uv": [12.508, 6.008, 12.992, 6.492], "texture": "#0"},
				"west": {"uv": [0.008, 0.008, 0.008, 0.492], "texture": "#0"},
				"up": {"uv": [0.492, 0.008, 0.008, 0.008], "texture": "#0"},
				"down": {"uv": [0.492, 0.008, 0.008, 0.008], "texture": "#0"}
			}
		},
		{
			"from": [9.1025, 13.09524, 2.19025],
			"to": [16.4525, 14.56524, 2.19025],
			"rotation": {"angle": 45, "axis": "z", "origin": [9.1025, 13.83024, 2.19025]},
			"faces": {
				"north": {"uv": [12.258, 4.758, 13.492, 4.992], "texture": "#0"},
				"east": {"uv": [0.008, 0.008, 0.008, 0.242], "texture": "#0"},
				"south": {"uv": [12.258, 7.008, 13.492, 7.242], "texture": "#0"},
				"west": {"uv": [0.008, 0.008, 0.008, 0.242], "texture": "#0"},
				"up": {"uv": [1.242, 0.008, 0.008, 0.008], "texture": "#0"},
				"down": {"uv": [1.242, 0.008, 0.008, 0.008], "texture": "#0"}
			}
		},
		{
			"from": [12.75566, 16.95968, 2.19025],
			"to": [14.22566, 21.36968, 2.19025],
			"rotation": {"angle": 22.5, "axis": "z", "origin": [10.63121, 19.22632, 2.19025]},
			"faces": {
				"north": {"uv": [8.008, 4.258, 8.742, 4.492], "rotation": 90, "texture": "#0"},
				"east": {"uv": [0.742, 0.008, 0.008, 0.008], "rotation": 270, "texture": "#0"},
				"south": {"uv": [9.758, 2.258, 10.492, 2.492], "rotation": 270, "texture": "#0"},
				"west": {"uv": [0.742, 0.008, 0.008, 0.008], "rotation": 270, "texture": "#0"},
				"up": {"uv": [0.008, 0.008, 0.008, 0.242], "rotation": 270, "texture": "#0"},
				"down": {"uv": [0.008, 0.008, 0.008, 0.242], "rotation": 270, "texture": "#0"}
			}
		},
		{
			"from": [3.59, 13.87071, 8.94361],
			"to": [12.41, 21.58821, 8.94361],
			"rotation": {"angle": 22.5, "axis": "x", "origin": [8, 13.68696, 8.94361]},
			"faces": {
				"north": {"uv": [0.008, 7.508, 1.492, 8.742], "texture": "#0"},
				"east": {"uv": [0.008, 0.008, 0.008, 1.242], "texture": "#0"},
				"south": {"uv": [0.242, 15.758, 0.008, 15.992], "texture": "#0"},
				"west": {"uv": [0.008, 0.008, 0.008, 1.242], "texture": "#0"},
				"up": {"uv": [1.492, 0.008, 0.008, 0.008], "texture": "#0"},
				"down": {"uv": [1.492, 0.008, 0.008, 0.008], "texture": "#0"}
			}
		},
		{
			"from": [0.09875, 6.33696, 11.88361],
			"to": [7.81625, 15.15696, 11.88361],
			"rotation": {"angle": 22.5, "axis": "y", "origin": [8, 10.74696, 11.88361]},
			"faces": {
				"north": {"uv": [4.508, 8.008, 5.992, 9.242], "rotation": 90, "texture": "#0"},
				"east": {"uv": [1.492, 0.008, 0.008, 0.008], "rotation": 270, "texture": "#0"},
				"south": {"uv": [0.242, 15.758, 0.008, 15.992], "rotation": 270, "texture": "#0"},
				"west": {"uv": [1.492, 0.008, 0.008, 0.008], "rotation": 270, "texture": "#0"},
				"up": {"uv": [0.008, 0.008, 0.008, 1.242], "rotation": 270, "texture": "#0"},
				"down": {"uv": [0.008, 0.008, 0.008, 1.242], "rotation": 270, "texture": "#0"}
			}
		},
		{
			"from": [6.53, 6.25974, 5.6815],
			"to": [9.2495, 15.07974, 10.86325],
			"rotation": {"angle": 22.5, "axis": "z", "origin": [8, 6.25974, 8.6215]},
			"faces": {
				"north": {"uv": [2.508, 9.758, 2.992, 11.242], "texture": "#0"},
				"east": {"uv": [7.508, 8.258, 8.492, 9.742], "texture": "#0"},
				"south": {"uv": [9.008, 9.758, 9.492, 11.242], "texture": "#0"},
				"west": {"uv": [8.508, 8.258, 9.492, 9.742], "texture": "#0"},
				"up": {"uv": [2.242, 12.742, 1.758, 11.758], "texture": "#0"},
				"down": {"uv": [3.492, 11.758, 3.008, 12.742], "texture": "#0"}
			}
		},
		{
			"from": [6.7505, 6.25974, 5.64475],
			"to": [9.47, 15.07974, 10.8265],
			"rotation": {"angle": -22.5, "axis": "z", "origin": [8, 6.25974, 8.6215]},
			"faces": {
				"north": {"uv": [5.008, 10.008, 5.492, 11.492], "texture": "#0"},
				"east": {"uv": [0.008, 8.758, 0.992, 10.242], "texture": "#0"},
				"south": {"uv": [5.508, 10.008, 5.992, 11.492], "texture": "#0"},
				"west": {"uv": [8.758, 1.008, 9.742, 2.492], "texture": "#0"},
				"up": {"uv": [12.242, 12.242, 11.758, 11.258], "texture": "#0"},
				"down": {"uv": [2.742, 12.008, 2.258, 12.992], "texture": "#0"}
			}
		},
		{
			"from": [0.76025, 7.07697, 10.11337],
			"to": [6.677, 15.89697, 10.11337],
			"rotation": {"angle": 0, "axis": "y", "origin": [6.677, 11.77224, 10.0915]},
			"faces": {
				"north": {"uv": [3.008, 9.258, 3.992, 10.742], "texture": "#0"},
				"east": {"uv": [0.008, 0.008, 0.008, 1.492], "texture": "#0"},
				"south": {"uv": [0.242, 15.758, 0.008, 15.992], "texture": "#0"},
				"west": {"uv": [0.008, 0.008, 0.008, 1.492], "texture": "#0"},
				"up": {"uv": [0.008, 0.992, 0.008, 0.008], "rotation": 270, "texture": "#0"},
				"down": {"uv": [0.008, 0.008, 0.008, 0.992], "rotation": 90, "texture": "#0"}
			}
		},
		{
			"from": [8.18375, 6.33696, 11.88361],
			"to": [15.90125, 15.15696, 11.88361],
			"rotation": {"angle": -22.5, "axis": "y", "origin": [8, 10.74696, 11.88361]},
			"faces": {
				"north": {"uv": [5.992, 8.008, 4.508, 9.242], "rotation": 270, "texture": "#0"},
				"east": {"uv": [0.008, 0.008, 1.492, 0.008], "rotation": 90, "texture": "#0"},
				"south": {"uv": [0.242, 15.758, 0.008, 15.992], "rotation": 90, "texture": "#0"},
				"west": {"uv": [0.008, 0.008, 1.492, 0.008], "rotation": 90, "texture": "#0"},
				"up": {"uv": [0.008, 0.008, 0.008, 1.242], "rotation": 90, "texture": "#0"},
				"down": {"uv": [0.008, 0.008, 0.008, 1.242], "rotation": 90, "texture": "#0"}
			}
		},
		{
			"from": [9.323, 7.07697, 10.11337],
			"to": [15.23975, 15.89697, 10.11337],
			"rotation": {"angle": 0, "axis": "y", "origin": [9.323, 11.77224, 10.0915]},
			"faces": {
				"north": {"uv": [3.992, 9.258, 3.008, 10.742], "texture": "#0"},
				"east": {"uv": [0.008, 0.008, 0.008, 1.492], "texture": "#0"},
				"south": {"uv": [0.242, 15.758, 0.008, 15.992], "texture": "#0"},
				"west": {"uv": [0.008, 0.008, 0.008, 1.492], "texture": "#0"},
				"up": {"uv": [0.008, 0.992, 0.008, 0.008], "rotation": 90, "texture": "#0"},
				"down": {"uv": [0.008, 0.008, 0.008, 0.992], "rotation": 270, "texture": "#0"}
			}
		},
		{
			"from": [-0.4525, 13.09524, 2.19025],
			"to": [6.8975, 14.56524, 2.19025],
			"rotation": {"angle": -45, "axis": "z", "origin": [6.8975, 13.83024, 2.19025]},
			"faces": {
				"north": {"uv": [13.492, 4.758, 12.258, 4.992], "texture": "#0"},
				"east": {"uv": [0.008, 0.008, 0.008, 0.242], "texture": "#0"},
				"south": {"uv": [13.492, 7.008, 12.258, 7.242], "texture": "#0"},
				"west": {"uv": [0.008, 0.008, 0.008, 0.242], "texture": "#0"},
				"up": {"uv": [0.008, 0.008, 1.242, 0.008], "texture": "#0"},
				"down": {"uv": [0.008, 0.008, 1.242, 0.008], "texture": "#0"}
			}
		},
		{
			"from": [1.12459, 18.22648, 2.19025],
			"to": [2.59459, 22.63648, 2.19025],
			"rotation": {"angle": -22.5, "axis": "z", "origin": [1.85959, 18.22648, 2.19025]},
			"faces": {
				"north": {"uv": [8.742, 4.258, 8.008, 4.492], "rotation": 270, "texture": "#0"},
				"east": {"uv": [0.008, 0.008, 0.742, 0.008], "rotation": 90, "texture": "#0"},
				"south": {"uv": [10.492, 2.258, 9.758, 2.492], "rotation": 90, "texture": "#0"},
				"west": {"uv": [0.008, 0.008, 0.742, 0.008], "rotation": 90, "texture": "#0"},
				"up": {"uv": [0.008, 0.008, 0.008, 0.242], "rotation": 90, "texture": "#0"},
				"down": {"uv": [0.008, 0.008, 0.008, 0.242], "rotation": 90, "texture": "#0"}
			}
		}
	],
	"gui_light": "front",
	"display": {
		"thirdperson_righthand": {
			"rotation": [75, 45, 0],
			"translation": [0, 2.5, 0],
			"scale": [0.375, 0.375, 0.375]
		},
		"thirdperson_lefthand": {
			"rotation": [75, 45, 0],
			"translation": [0, 2.5, 0],
			"scale": [0.375, 0.375, 0.375]
		},
		"firstperson_righthand": {
			"rotation": [0, 45, 0],
			"scale": [0.4, 0.4, 0.4]
		},
		"firstperson_lefthand": {
			"rotation": [0, 225, 0],
			"scale": [0.4, 0.4, 0.4]
		},
		"ground": {
			"translation": [0, 3, 0],
			"scale": [0.25, 0.25, 0.25]
		},
		"gui": {
			"rotation": [30, 135, 0],
			"translation": [-0.25, -4, 0],
			"scale": [0.87, 0.87, 0.87]
		},
		"head": {
			"rotation": [0, 180, 0]
		},
		"fixed": {
			"scale": [0.5, 0.5, 0.5]
		}
	}
}