{
	"credit": "Made with Blockbench",
	"texture_size": [64, 64],
	"textures": {
		"1": "custom/entity/mob/votary_ascended"
	},
	"elements": [
		{
			"from": [6.1252, 7.92884, 6.47712],
			"to": [9.8748, 10.63204, 10.27032],
			"rotation": {"angle": 0, "axis": "y", "origin": [8, -30.43916, 8]},
			"faces": {
				"north": {"uv": [5.125, 11.625, 5.625, 12], "texture": "#1"},
				"east": {"uv": [11.625, 7.75, 12.125, 8.125], "texture": "#1"},
				"south": {"uv": [11.625, 8.125, 12.125, 8.5], "texture": "#1"},
				"west": {"uv": [11.625, 8.5, 12.125, 8.875], "texture": "#1"},
				"up": {"uv": [6.25, 3, 5.75, 2.5], "texture": "#1"},
				"down": {"uv": [4.875, 7.125, 4.375, 7.625], "texture": "#1"}
			}
		},
		{
			"from": [5.2532, 10.54484, 5.16912],
			"to": [10.7468, 16.73604, 10.70632],
			"rotation": {"angle": 0, "axis": "y", "origin": [8, -30.43916, 8]},
			"faces": {
				"north": {"uv": [10.75, 3, 11.375, 3.75], "texture": "#1"},
				"east": {"uv": [9.875, 6.5, 10.625, 7.25], "texture": "#1"},
				"south": {"uv": [10.75, 3.75, 11.375, 4.5], "texture": "#1"},
				"west": {"uv": [9.875, 7.25, 10.625, 8], "texture": "#1"},
				"up": {"uv": [5, 11.5, 4.375, 10.75], "texture": "#1"},
				"down": {"uv": [11.5, 9.375, 10.875, 10.125], "texture": "#1"}
			}
		},
		{
			"from": [6.66, 11.40871, 2.44412],
			"to": [17.56, 16.85871, 2.44412],
			"rotation": {"angle": 45, "axis": "z", "origin": [7.75, 14.13371, 2.44412]},
			"faces": {
				"north": {"uv": [8.875, 1.75, 10.25, 2.375], "texture": "#1"},
				"east": {"uv": [0, 0, 0, 0.625], "texture": "#1"},
				"south": {"uv": [10.25, 1.75, 8.875, 2.375], "texture": "#1"},
				"west": {"uv": [0, 0, 0, 0.625], "texture": "#1"},
				"up": {"uv": [1.375, 0, 0, 0], "texture": "#1"},
				"down": {"uv": [1.375, 0, 0, 0], "texture": "#1"}
			}
		},
		{
			"from": [-1.56, 11.40871, 2.39412],
			"to": [9.34, 16.85871, 2.39412],
			"rotation": {"angle": -45, "axis": "z", "origin": [8.25, 14.13371, 2.39412]},
			"faces": {
				"north": {"uv": [8.875, 3, 10.25, 3.625], "texture": "#1"},
				"east": {"uv": [0, 0, 0, 0.625], "texture": "#1"},
				"south": {"uv": [10.25, 3, 8.875, 3.625], "texture": "#1"},
				"west": {"uv": [0, 0, 0, 0.625], "texture": "#1"},
				"up": {"uv": [1.375, 0, 0, 0], "texture": "#1"},
				"down": {"uv": [1.375, 0, 0, 0], "texture": "#1"}
			}
		},
		{
			"from": [1.7652, 16.73604, 5.76862],
			"to": [14.2348, 19.43924, 10.10682],
			"rotation": {"angle": 0, "axis": "y", "origin": [8, -30.43916, 8]},
			"faces": {
				"north": {"uv": [9.875, 8, 11.375, 8.375], "texture": "#1"},
				"east": {"uv": [10.5, 11.625, 11, 12], "texture": "#1"},
				"south": {"uv": [9.875, 8.375, 11.375, 8.75], "texture": "#1"},
				"west": {"uv": [11.75, 0, 12.25, 0.375], "texture": "#1"},
				"up": {"uv": [10.375, 4.75, 8.875, 4.25], "texture": "#1"},
				"down": {"uv": [10.625, 8.875, 9.125, 9.375], "texture": "#1"}
			}
		},
		{
			"from": [14.3398, 16.43604, 3.58862],
			"to": [14.3398, 23.49924, 12.28682],
			"rotation": {"angle": -22.5, "axis": "z", "origin": [14.3398, 16.69764, 7.93772]},
			"faces": {
				"north": {"uv": [0, 0, 0, 0.875], "texture": "#1"},
				"east": {"uv": [8.375, 5.75, 9.5, 6.625], "texture": "#1"},
				"south": {"uv": [0, 0, 0, 0.875], "texture": "#1"},
				"west": {"uv": [9.5, 5.75, 8.375, 6.625], "texture": "#1"},
				"up": {"uv": [0, 1.125, 0, 0], "texture": "#1"},
				"down": {"uv": [0, 0, 0, 1.125], "texture": "#1"}
			}
		},
		{
			"from": [1.7352, 16.43604, 3.58862],
			"to": [1.7352, 23.49924, 12.28682],
			"rotation": {"angle": 22.5, "axis": "z", "origin": [1.7352, 16.69764, 7.93772]},
			"faces": {
				"north": {"uv": [0, 0, 0, 0.875], "texture": "#1"},
				"east": {"uv": [10, 0.875, 8.875, 1.75], "texture": "#1"},
				"south": {"uv": [0, 0, 0, 0.875], "texture": "#1"},
				"west": {"uv": [8.875, 0.875, 10, 1.75], "texture": "#1"},
				"up": {"uv": [0, 1.125, 0, 0], "texture": "#1"},
				"down": {"uv": [0, 0, 0, 1.125], "texture": "#1"}
			}
		},
		{
			"from": [-0.4148, 16.43604, 5.76862],
			"to": [16.4148, 23.49924, 5.76862],
			"rotation": {"angle": -22.5, "axis": "x", "origin": [8, 16.69764, 5.76862]},
			"faces": {
				"north": {"uv": [6.25, 5, 8.375, 5.875], "texture": "#1"},
				"east": {"uv": [0, 0, 0, 0.875], "texture": "#1"},
				"south": {"uv": [8.375, 5, 6.25, 5.875], "texture": "#1"},
				"west": {"uv": [0, 0, 0, 0.875], "texture": "#1"},
				"up": {"uv": [2.125, 0, 0, 0], "texture": "#1"},
				"down": {"uv": [2.125, 0, 0, 0], "texture": "#1"}
			}
		},
		{
			"from": [-0.4148, 16.43604, 10.23138],
			"to": [16.4148, 23.49924, 10.23138],
			"rotation": {"angle": 22.5, "axis": "x", "origin": [8, 16.69764, 10.23138]},
			"faces": {
				"north": {"uv": [2.125, 7.125, 0, 8], "texture": "#1"},
				"east": {"uv": [0, 0, 0, 0.875], "texture": "#1"},
				"south": {"uv": [0, 7.125, 2.125, 8], "texture": "#1"},
				"west": {"uv": [0, 0, 0, 0.875], "texture": "#1"},
				"up": {"uv": [2.125, 0, 0, 0], "texture": "#1"},
				"down": {"uv": [2.125, 0, 0, 0], "texture": "#1"}
			}
		},
		{
			"from": [0.38801, 10.65055, 5.82312],
			"to": [6.97161, 14.22575, 10.05232],
			"rotation": {"angle": -45, "axis": "z", "origin": [6.62281, 12.43815, 7.93772]},
			"faces": {
				"north": {"uv": [11.25, 1.875, 12.125, 2.375], "texture": "#1"},
				"east": {"uv": [11.375, 8.875, 11.875, 9.375], "texture": "#1"},
				"south": {"uv": [11.25, 6.25, 12.125, 6.75], "texture": "#1"},
				"west": {"uv": [1, 11.5, 1.5, 12], "texture": "#1"},
				"up": {"uv": [12.125, 7.25, 11.25, 6.75], "texture": "#1"},
				"down": {"uv": [12.125, 7.25, 11.25, 7.75], "texture": "#1"}
			}
		},
		{
			"from": [9.02839, 10.65055, 5.82312],
			"to": [15.61199, 14.22575, 10.05232],
			"rotation": {"angle": 45, "axis": "z", "origin": [9.37719, 12.43815, 7.93772]},
			"faces": {
				"north": {"uv": [12.125, 1.875, 11.25, 2.375], "texture": "#1"},
				"east": {"uv": [1.5, 11.5, 1, 12], "texture": "#1"},
				"south": {"uv": [12.125, 6.25, 11.25, 6.75], "texture": "#1"},
				"west": {"uv": [11.875, 8.875, 11.375, 9.375], "texture": "#1"},
				"up": {"uv": [11.25, 7.25, 12.125, 6.75], "texture": "#1"},
				"down": {"uv": [11.25, 7.25, 12.125, 7.75], "texture": "#1"}
			}
		}
	],
	"gui_light": "front",
	"display": {
		"thirdperson_righthand": {
			"rotation": [75, 45, 0],
			"translation": [0, 2.5, 0],
			"scale": [0.375, 0.375, 0.375]
		},
		"thirdperson_lefthand": {
			"rotation": [75, 45, 0],
			"translation": [0, 2.5, 0],
			"scale": [0.375, 0.375, 0.375]
		},
		"firstperson_righthand": {
			"rotation": [0, 45, 0],
			"scale": [0.4, 0.4, 0.4]
		},
		"firstperson_lefthand": {
			"rotation": [0, 225, 0],
			"scale": [0.4, 0.4, 0.4]
		},
		"ground": {
			"translation": [0, 3, 0],
			"scale": [0.25, 0.25, 0.25]
		},
		"gui": {
			"rotation": [30, 135, 0],
			"translation": [0, -6.5, 0],
			"scale": [0.78, 0.78, 0.78]
		},
		"head": {
			"rotation": [0, 180, 0]
		},
		"fixed": {
			"scale": [0.5, 0.5, 0.5]
		}
	}
}