{
	"credit": "Made with Blockbench",
	"texture_size": [64, 64],
	"textures": {
		"1": "custom/other/voidball_platform_2",
		"2": "custom/other/voidball_pedestal",
		"particle": "custom/other/voidball_pedestal"
	},
	"elements": [
		{
			"from": [-14, 9, -14],
			"to": [30, 16, 30],
			"rotation": {"angle": 0, "axis": "y", "origin": [8, 8, 8]},
			"faces": {
				"north": {"uv": [10.375, 3.75, 15.875, 4.625], "texture": "#1"},
				"east": {"uv": [10.375, 4.625, 15.875, 5.5], "texture": "#1"},
				"south": {"uv": [10.375, 5.5, 15.875, 6.375], "texture": "#1"},
				"west": {"uv": [10.375, 6.375, 15.875, 7.25], "texture": "#1"},
				"up": {"uv": [5.5, 5.5, 0, 0], "texture": "#1"},
				"down": {"uv": [5.5, 5.5, 0, 11], "texture": "#1"}
			}
		},
		{
			"from": [-15.10688, 2.43534, -13.925],
			"to": [11.99312, 10.43534, 29.925],
			"rotation": {"angle": -22.5, "axis": "z", "origin": [-0.56571, 10.43534, 17.075]},
			"faces": {
				"north": {"uv": [10.375, 7.25, 13.75, 8.25], "texture": "#1"},
				"east": {"uv": [10.375, 0, 15.875, 1], "texture": "#1"},
				"south": {"uv": [10.375, 8.25, 13.75, 9.25], "texture": "#1"},
				"west": {"uv": [10.375, 1, 15.875, 2], "texture": "#1"},
				"up": {"uv": [8.875, 5.5, 5.5, 0], "texture": "#1"},
				"down": {"uv": [8.875, 5.5, 5.5, 11], "texture": "#1"}
			}
		},
		{
			"from": [4.00688, 2.43534, -13.85],
			"to": [31.10688, 10.43534, 29.85],
			"rotation": {"angle": 22.5, "axis": "z", "origin": [16.56571, 10.43534, 17.15]},
			"faces": {
				"north": {"uv": [13.75, 7.25, 10.375, 8.25], "texture": "#1"},
				"east": {"uv": [15.875, 1, 10.375, 2], "texture": "#1"},
				"south": {"uv": [13.75, 8.25, 10.375, 9.25], "texture": "#1"},
				"west": {"uv": [15.875, 0, 10.375, 1], "texture": "#1"},
				"up": {"uv": [5.5, 5.5, 8.875, 0], "texture": "#1"},
				"down": {"uv": [5.5, 5.5, 8.875, 11], "texture": "#1"}
			}
		},
		{
			"from": [-13.925, -1.09505, -15.72391],
			"to": [29.925, 6.90495, 11.37609],
			"rotation": {"angle": 22.5, "axis": "x", "origin": [8, 7.11912, 8]},
			"faces": {
				"north": {"uv": [10.375, 1, 15.875, 2], "texture": "#1"},
				"east": {"uv": [10.375, 7.25, 13.75, 8.25], "texture": "#1"},
				"south": {"uv": [10.375, 0, 15.875, 1], "texture": "#1"},
				"west": {"uv": [10.375, 8.25, 13.75, 9.25], "texture": "#1"},
				"up": {"uv": [8.875, 5.5, 5.5, 0], "rotation": 90, "texture": "#1"},
				"down": {"uv": [8.875, 5.5, 5.5, 11], "rotation": 270, "texture": "#1"}
			}
		},
		{
			"from": [-13.85, -1.09505, 4.62391],
			"to": [29.85, 6.90495, 31.72391],
			"rotation": {"angle": -22.5, "axis": "x", "origin": [8, 7.11912, 8]},
			"faces": {
				"north": {"uv": [15.875, 0, 10.375, 1], "texture": "#1"},
				"east": {"uv": [13.75, 7.25, 10.375, 8.25], "texture": "#1"},
				"south": {"uv": [15.875, 1, 10.375, 2], "texture": "#1"},
				"west": {"uv": [13.75, 8.25, 10.375, 9.25], "texture": "#1"},
				"up": {"uv": [5.5, 5.5, 8.875, 0], "rotation": 90, "texture": "#1"},
				"down": {"uv": [5.5, 5.5, 8.875, 11], "rotation": 270, "texture": "#1"}
			}
		},
		{
			"from": [0, 29, 0],
			"to": [16, 32, 16],
			"faces": {
				"north": {"uv": [11.5, 1.5, 15.5, 2.25], "texture": "#2"},
				"east": {"uv": [11.5, 1.5, 15.5, 2.25], "texture": "#2"},
				"south": {"uv": [11.5, 1.5, 15.5, 2.25], "texture": "#2"},
				"west": {"uv": [11.5, 1.5, 15.5, 2.25], "texture": "#2"},
				"up": {"uv": [8, 4, 4, 0], "texture": "#2"},
				"down": {"uv": [8, 4, 4, 8], "texture": "#2"}
			}
		},
		{
			"from": [0, 16, 0],
			"to": [16, 19, 16],
			"faces": {
				"north": {"uv": [10.5, 10.75, 14.5, 11.5], "texture": "#2"},
				"east": {"uv": [10.5, 10.75, 14.5, 11.5], "texture": "#2"},
				"south": {"uv": [10.5, 10.75, 14.5, 11.5], "texture": "#2"},
				"west": {"uv": [10.5, 10.75, 14.5, 11.5], "texture": "#2"},
				"up": {"uv": [4, 4, 0, 0], "texture": "#2"},
				"down": {"uv": [4, 4, 0, 8], "texture": "#2"}
			}
		},
		{
			"from": [1, 19, 1],
			"to": [15, 29, 15],
			"faces": {
				"north": {"uv": [7, 8.5, 10.5, 11], "texture": "#2"},
				"east": {"uv": [7, 8.5, 10.5, 11], "texture": "#2"},
				"south": {"uv": [7, 8.5, 10.5, 11], "texture": "#2"},
				"west": {"uv": [7, 8.5, 10.5, 11], "texture": "#2"},
				"up": {"uv": [3.5, 11.5, 0, 8], "texture": "#2"},
				"down": {"uv": [11.5, 0, 8, 3.5], "texture": "#2"}
			}
		}
	],
	"display": {
		"thirdperson_righthand": {
			"scale": [0, 0, 0]
		},
		"thirdperson_lefthand": {
			"scale": [0, 0, 0]
		},
		"firstperson_lefthand": {
			"scale": [0, 0, 0]
		},
		"ground": {
			"scale": [0, 0, 0]
		},
		"gui": {
			"scale": [0, 0, 0]
		}
	}
}