{
	"credit": "Made with Blockbench",
	"textures": {
		"2": "ajplayerarmor/ranger",
		"3": "ajplayerarmor/steve",
		"4": "custom/ability/ranged2",
		"particle": "custom/ability/ranged2"
	},
	"elements": [
		{
			"from": [6, 5.5, 4.25],
			"to": [10, 7, 8.25],
			"rotation": {"angle": 0, "axis": "y", "origin": [8, 8, 8]},
			"faces": {
				"north": {"uv": [9, 9, 13, 10.5], "texture": "#4"},
				"east": {"uv": [0, 11, 4, 12.5], "texture": "#4"},
				"south": {"uv": [11, 0, 15, 1.5], "texture": "#4"},
				"west": {"uv": [11, 2, 15, 3.5], "texture": "#4"},
				"up": {"uv": [4, 4, 0, 0], "texture": "#4"},
				"down": {"uv": [4, 4, 0, 8], "texture": "#4"}
			}
		},
		{
			"from": [6, 3, 4.25],
			"to": [10, 4.5, 8.25],
			"rotation": {"angle": 0, "axis": "y", "origin": [8, 8, 8]},
			"faces": {
				"north": {"uv": [4, 11, 8, 12.5], "texture": "#4"},
				"east": {"uv": [11, 4, 15, 5.5], "texture": "#4"},
				"south": {"uv": [8, 11, 12, 12.5], "texture": "#4"},
				"west": {"uv": [12, 6, 16, 7.5], "texture": "#4"},
				"up": {"uv": [8, 4, 4, 0], "texture": "#4"},
				"down": {"uv": [8, 4, 4, 8], "texture": "#4"}
			}
		},
		{
			"from": [6.5, 4.5, 4.75],
			"to": [9.5, 5.5, 7.75],
			"rotation": {"angle": 0, "axis": "y", "origin": [8, 8, 8]},
			"faces": {
				"north": {"uv": [12, 8, 15, 9], "texture": "#4"},
				"east": {"uv": [12, 11, 15, 12], "texture": "#4"},
				"south": {"uv": [12, 12, 15, 13], "texture": "#4"},
				"west": {"uv": [0, 13, 3, 14], "texture": "#4"},
				"up": {"uv": [3, 11, 0, 8], "texture": "#4"},
				"down": {"uv": [11, 0, 8, 3], "texture": "#4"}
			}
		},
		{
			"from": [6.5, 7, 4.75],
			"to": [9.5, 7.5, 7.75],
			"rotation": {"angle": 0, "axis": "y", "origin": [8, 8, 8]},
			"faces": {
				"north": {"uv": [3, 13, 6, 13.5], "texture": "#4"},
				"east": {"uv": [6, 13, 9, 13.5], "texture": "#4"},
				"south": {"uv": [9, 13, 12, 13.5], "texture": "#4"},
				"west": {"uv": [13, 9, 16, 9.5], "texture": "#4"},
				"up": {"uv": [6, 11, 3, 8], "texture": "#4"},
				"down": {"uv": [11, 3, 8, 6], "texture": "#4"}
			}
		},
		{
			"from": [6.5, 2.5, 4.75],
			"to": [9.5, 3, 7.75],
			"rotation": {"angle": 0, "axis": "y", "origin": [8, 8, 8]},
			"faces": {
				"north": {"uv": [13, 10, 16, 10.5], "texture": "#4"},
				"east": {"uv": [12, 13, 15, 13.5], "texture": "#4"},
				"south": {"uv": [0, 14, 3, 14.5], "texture": "#4"},
				"west": {"uv": [3, 14, 6, 14.5], "texture": "#4"},
				"up": {"uv": [9, 11, 6, 8], "texture": "#4"},
				"down": {"uv": [12, 6, 9, 9], "texture": "#4"}
			}
		},
		{
			"from": [5.7625, 0, 4],
			"to": [10.2375, 4, 16],
			"rotation": {"angle": 0, "axis": "y", "origin": [0.2375, 0, 0]},
			"faces": {
				"north": {"uv": [10, 12, 11, 13], "texture": "#3"},
				"east": {"uv": [10, 13, 11, 16], "rotation": 270, "texture": "#3"},
				"south": {"uv": [9, 12, 10, 13], "texture": "#3"},
				"west": {"uv": [8, 13, 9, 16], "rotation": 90, "texture": "#3"},
				"up": {"uv": [9, 13, 10, 16], "rotation": 180, "texture": "#3"},
				"down": {"uv": [11, 13, 12, 16], "texture": "#3"}
			}
		},
		{
			"from": [5.6625, -0.1, 3.9],
			"to": [10.3375, 4.1, 16.1],
			"rotation": {"angle": 0, "axis": "y", "origin": [0.2375, 0, 0]},
			"faces": {
				"north": {"uv": [12, 0, 12.975, 1], "texture": "#2"},
				"east": {"uv": [10, 1, 11, 4], "rotation": 270, "texture": "#2"},
				"south": {"uv": [11, 0, 11.975, 1], "texture": "#2"},
				"west": {"uv": [12, 1, 13, 4], "rotation": 90, "texture": "#2"},
				"up": {"uv": [11, 1, 12, 4], "rotation": 180, "texture": "#2"},
				"down": {"uv": [13, 1, 14, 4], "texture": "#2"}
			}
		}
	],
	"display": {
		"thirdperson_righthand": {
			"scale": [0, 0, 0]
		},
		"thirdperson_lefthand": {
			"scale": [0, 0, 0]
		},
		"firstperson_righthand": {
			"rotation": [11, 2.16, -0.63],
			"translation": [1, 14.5, -4.25]
		},
		"firstperson_lefthand": {
			"scale": [0, 0, 0]
		},
		"ground": {
			"scale": [0, 0, 0]
		},
		"gui": {
			"scale": [0, 0, 0]
		}
	},
	"groups": [
		{
			"name": "group",
			"origin": [6, 6, 6],
			"color": 0,
			"children": [0, 1, 2, 3, 4]
		},
		5,
		6
	]
}