{
	"credit": "Made with Blockbench",
	"texture_size": [128, 128],
	"textures": {
		"0": "custom/other/anathema_shade",
		"particle": "custom/other/anathema_shade"
	},
	"elements": [
		{
			"name": "head",
			"from": [4, 24, 5.78723],
			"to": [12, 32, 13.78723],
			"rotation": {"angle": -22.5, "axis": "x", "origin": [8, 23.75, 9.78723]},
			"faces": {
				"north": {"uv": [5, 4.125, 6, 5.125], "texture": "#0"},
				"east": {"uv": [5, 5.125, 6, 6.125], "texture": "#0"},
				"south": {"uv": [5.375, 2.25, 6.375, 3.25], "texture": "#0"},
				"west": {"uv": [2.5, 5.5, 3.5, 6.5], "texture": "#0"},
				"up": {"uv": [4.5, 6.75, 3.5, 5.75], "texture": "#0"},
				"down": {"uv": [6.875, 1.25, 5.875, 2.25], "texture": "#0"}
			}
		},
		{
			"name": "right_arm",
			"from": [12, 12.81181, 9.35369],
			"to": [16, 24.81181, 13.35369],
			"rotation": {"angle": 22.5, "axis": "z", "origin": [13.9975, 23.2727, 11.67071]},
			"faces": {
				"north": {"uv": [5, 7.25, 4.5, 5.75], "rotation": 180, "texture": "#0"},
				"east": {"uv": [6, 3.25, 7.5, 3.75], "rotation": 90, "texture": "#0"},
				"south": {"uv": [0.5, 5.875, 0, 7.375], "texture": "#0"},
				"west": {"uv": [6, 3.75, 7.5, 4.25], "rotation": 270, "texture": "#0"},
				"up": {"uv": [2.5, 5, 3, 5.5], "texture": "#0"},
				"down": {"uv": [0.625, 4.25, 1.125, 4.75], "rotation": 180, "texture": "#0"}
			}
		},
		{
			"name": "left_arm",
			"from": [0, 12.35928, 9.50382],
			"to": [4, 24.35928, 13.50382],
			"rotation": {"angle": -22.5, "axis": "z", "origin": [2, 22.43748, 10.89696]},
			"faces": {
				"north": {"uv": [6, 4.25, 6.5, 5.75], "texture": "#0"},
				"east": {"uv": [6, 5.75, 6.5, 7.25], "texture": "#0"},
				"south": {"uv": [5, 6.125, 5.5, 7.625], "texture": "#0"},
				"west": {"uv": [5.5, 6.125, 6, 7.625], "texture": "#0"},
				"up": {"uv": [5, 7.75, 4.5, 7.25], "texture": "#0"},
				"down": {"uv": [0.5, 7.375, 0, 7.875], "texture": "#0"}
			}
		},
		{
			"name": "right_leg",
			"from": [9, -0.24499, 7.9588],
			"to": [13, 11.75501, 11.9588],
			"rotation": {"angle": 22.5, "axis": "z", "origin": [10, 10.70476, 9.2517]},
			"faces": {
				"north": {"uv": [1, 7.875, 0.5, 6.375], "rotation": 180, "texture": "#0"},
				"east": {"uv": [6.375, 2.25, 7.875, 2.75], "rotation": 90, "texture": "#0"},
				"south": {"uv": [3, 6.5, 2.5, 8], "texture": "#0"},
				"west": {"uv": [6.375, 2.75, 7.875, 3.25], "rotation": 270, "texture": "#0"},
				"up": {"uv": [4, 7.375, 4.5, 7.875], "texture": "#0"},
				"down": {"uv": [3.5, 7.375, 4, 7.875], "rotation": 180, "texture": "#0"}
			}
		},
		{
			"name": "left_leg",
			"from": [2, -0.40644, 7.55679],
			"to": [6, 11.59356, 11.55679],
			"rotation": {"angle": -22.5, "axis": "z", "origin": [6, 8.13056, 10.2565]},
			"faces": {
				"north": {"uv": [3.5, 8, 3, 6.5], "rotation": 180, "texture": "#0"},
				"east": {"uv": [6.5, 0, 8, 0.5], "rotation": 90, "texture": "#0"},
				"south": {"uv": [7, 4.25, 6.5, 5.75], "texture": "#0"},
				"west": {"uv": [6.5, 0.5, 8, 1], "rotation": 270, "texture": "#0"},
				"up": {"uv": [7.125, 7.375, 7.625, 7.875], "texture": "#0"},
				"down": {"uv": [6.625, 7.375, 7.125, 7.875], "rotation": 180, "texture": "#0"}
			}
		},
		{
			"name": "body",
			"from": [4, 12.38243, 7.78723],
			"to": [12, 24.38243, 11.78723],
			"rotation": {"angle": 0, "axis": "x", "origin": [8, 16.64885, 8.91421]},
			"faces": {
				"north": {"uv": [0, 1.625, 1, 3.125], "texture": "#0"},
				"east": {"uv": [6.5, 5.75, 7, 7.25], "texture": "#0"},
				"south": {"uv": [1, 1.625, 2, 3.125], "texture": "#0"},
				"west": {"uv": [1, 6.625, 1.5, 8.125], "texture": "#0"},
				"up": {"uv": [7.875, 1.5, 6.875, 1], "texture": "#0"},
				"down": {"uv": [7.875, 1.5, 6.875, 2], "texture": "#0"}
			}
		},
		{
			"name": "head_2nd_layer",
			"from": [3.5, 23, 5.28723],
			"to": [12.5, 32, 14.28723],
			"rotation": {"angle": -22.5, "axis": "x", "origin": [8, 23.75, 9.78723]},
			"faces": {
				"north": {"uv": [2, 0, 3.125, 1.125], "texture": "#0"},
				"east": {"uv": [2, 1.125, 3.125, 2.25], "texture": "#0"},
				"south": {"uv": [2, 2.25, 3.125, 3.375], "texture": "#0"},
				"west": {"uv": [0, 3.125, 1.125, 4.25], "texture": "#0"},
				"up": {"uv": [4.25, 1.125, 3.125, 0], "texture": "#0"},
				"down": {"uv": [4.25, 1.125, 3.125, 2.25], "texture": "#0"}
			}
		},
		{
			"name": "body_2nd_layer",
			"from": [4, 11.90243, 7.28723],
			"to": [12, 24.91243, 12.28723],
			"rotation": {"angle": 0, "axis": "x", "origin": [8, 16.64885, 8.91421]},
			"faces": {
				"north": {"uv": [0, 0, 1, 1.625], "texture": "#0"},
				"east": {"uv": [1.125, 3.125, 1.75, 4.75], "texture": "#0"},
				"south": {"uv": [1, 0, 2, 1.625], "texture": "#0"},
				"west": {"uv": [3.125, 2.25, 3.75, 3.875], "texture": "#0"},
				"up": {"uv": [2.5, 7.25, 1.5, 6.625], "texture": "#0"},
				"down": {"uv": [4.5, 6.75, 3.5, 7.375], "texture": "#0"}
			}
		},
		{
			"name": "right_arm_2nd_layer",
			"from": [11.5, 12.31181, 8.85369],
			"to": [16.49, 25.31181, 13.85369],
			"rotation": {"angle": 22.5, "axis": "z", "origin": [13.9975, 23.2727, 11.67071]},
			"faces": {
				"north": {"uv": [2.375, 5, 1.75, 3.375], "rotation": 180, "texture": "#0"},
				"east": {"uv": [3.75, 2.25, 5.375, 2.875], "rotation": 90, "texture": "#0"},
				"south": {"uv": [3, 3.375, 2.375, 5], "texture": "#0"},
				"west": {"uv": [3.75, 2.875, 5.375, 3.5], "rotation": 270, "texture": "#0"},
				"up": {"uv": [7, 4.25, 7.625, 4.875], "texture": "#0"},
				"down": {"uv": [3.625, 5.125, 4.25, 5.75], "rotation": 180, "texture": "#0"}
			}
		},
		{
			"name": "left_arm_2nd_layer",
			"from": [-0.5, 11.85928, 9.00382],
			"to": [4.5, 24.85928, 14.00382],
			"rotation": {"angle": -22.5, "axis": "z", "origin": [2, 22.43748, 10.89696]},
			"faces": {
				"north": {"uv": [3.75, 3.5, 4.375, 5.125], "texture": "#0"},
				"east": {"uv": [3, 3.875, 3.625, 5.5], "texture": "#0"},
				"south": {"uv": [0, 4.25, 0.625, 5.875], "texture": "#0"},
				"west": {"uv": [4.25, 0, 4.875, 1.625], "texture": "#0"},
				"up": {"uv": [7.625, 5.5, 7, 4.875], "texture": "#0"},
				"down": {"uv": [7.625, 5.5, 7, 6.125], "texture": "#0"}
			}
		},
		{
			"name": "right_leg_2nd_layer",
			"from": [8.5, -0.74499, 7.4588],
			"to": [13.5, 12.25501, 12.4588],
			"rotation": {"angle": 22.5, "axis": "z", "origin": [10, 10.70476, 9.2517]},
			"faces": {
				"north": {"uv": [5, 5.75, 4.375, 4.125], "rotation": 180, "texture": "#0"},
				"east": {"uv": [4.25, 1.625, 5.875, 2.25], "rotation": 90, "texture": "#0"},
				"south": {"uv": [1.25, 4.75, 0.625, 6.375], "texture": "#0"},
				"west": {"uv": [4.375, 3.5, 6, 4.125], "rotation": 270, "texture": "#0"},
				"up": {"uv": [7, 6.75, 7.625, 7.375], "texture": "#0"},
				"down": {"uv": [7, 6.125, 7.625, 6.75], "rotation": 180, "texture": "#0"}
			}
		},
		{
			"name": "left_leg_2nd_layer",
			"from": [1.5, -0.90644, 7.05679],
			"to": [6.5, 12.09356, 12.05679],
			"rotation": {"angle": -22.5, "axis": "z", "origin": [6, 8.13056, 10.2565]},
			"faces": {
				"north": {"uv": [1.875, 6.625, 1.25, 5], "rotation": 180, "texture": "#0"},
				"east": {"uv": [4.875, 0, 6.5, 0.625], "rotation": 90, "texture": "#0"},
				"south": {"uv": [2.5, 5, 1.875, 6.625], "texture": "#0"},
				"west": {"uv": [4.875, 0.625, 6.5, 1.25], "rotation": 270, "texture": "#0"},
				"up": {"uv": [6, 7.25, 6.625, 7.875], "texture": "#0"},
				"down": {"uv": [1.5, 7.25, 2.125, 7.875], "rotation": 180, "texture": "#0"}
			}
		}
	],
	"display": {
		"thirdperson_righthand": {
			"scale": [0, 0, 0]
		},
		"thirdperson_lefthand": {
			"scale": [0, 0, 0]
		},
		"firstperson_lefthand": {
			"scale": [0, 0, 0]
		},
		"ground": {
			"scale": [0, 0, 0]
		},
		"gui": {
			"scale": [0, 0, 0]
		}
	},
	"groups": [
		{
			"name": "steve",
			"origin": [8, 8, 8],
			"color": 0,
			"nbt": "{}",
			"children": [0, 1, 2, 3, 4, 5, 6, 7, 8, 9, 10, 11]
		}
	]
}