{
	"credit": "Made with Blockbench",
	"texture_size": [64, 64],
	"textures": {
		"1": "custom/entity/mob/chest_light"
	},
	"elements": [
		{
			"from": [3.5, 10, 7],
			"to": [4, 16, 9],
			"rotation": {"angle": 0, "axis": "y", "origin": [8, 1, 8]},
			"faces": {
				"north": {"uv": [0, 0, 2, 16], "texture": "#1"},
				"east": {"uv": [0, 0, 2, 16], "texture": "#1"},
				"south": {"uv": [0, 0, 2, 16], "texture": "#1"},
				"west": {"uv": [0, 0, 2, 16], "texture": "#1"}
			}
		},
		{
			"from": [6, 10, 7],
			"to": [6.5, 16, 9],
			"rotation": {"angle": 0, "axis": "y", "origin": [8, 1, 8]},
			"faces": {
				"north": {"uv": [0, 0, 2, 16], "texture": "#1"},
				"east": {"uv": [0, 0, 2, 16], "texture": "#1"},
				"south": {"uv": [0, 0, 2, 16], "texture": "#1"},
				"west": {"uv": [0, 0, 2, 16], "texture": "#1"}
			}
		},
		{
			"from": [7.5, 10, 7.5],
			"to": [8.5, 16, 8.5],
			"rotation": {"angle": 0, "axis": "y", "origin": [8, 1, 8]},
			"faces": {
				"north": {"uv": [0, 0, 2, 16], "texture": "#1"},
				"east": {"uv": [0, 0, 2, 16], "texture": "#1"},
				"south": {"uv": [0, 0, 2, 16], "texture": "#1"},
				"west": {"uv": [0, 0, 2, 16], "texture": "#1"}
			}
		},
		{
			"from": [9.5, 10, 7],
			"to": [10, 16, 9],
			"rotation": {"angle": 0, "axis": "y", "origin": [8, 1, 8]},
			"faces": {
				"north": {"uv": [2, 0, 0, 16], "texture": "#1"},
				"east": {"uv": [2, 0, 0, 16], "texture": "#1"},
				"south": {"uv": [2, 0, 0, 16], "texture": "#1"},
				"west": {"uv": [2, 0, 0, 16], "texture": "#1"}
			}
		},
		{
			"from": [12, 10, 7],
			"to": [12.5, 16, 9],
			"rotation": {"angle": 0, "axis": "y", "origin": [8, 1, 8]},
			"faces": {
				"north": {"uv": [2, 0, 0, 16], "texture": "#1"},
				"east": {"uv": [2, 0, 0, 16], "texture": "#1"},
				"south": {"uv": [2, 0, 0, 16], "texture": "#1"},
				"west": {"uv": [2, 0, 0, 16], "texture": "#1"}
			}
		},
		{
			"from": [6, 10, 6],
			"to": [6.5, 16, 6.5],
			"rotation": {"angle": 0, "axis": "y", "origin": [8, 1, 8]},
			"faces": {
				"north": {"uv": [0, 0, 2, 16], "texture": "#1"},
				"east": {"uv": [0, 0, 2, 16], "texture": "#1"},
				"south": {"uv": [0, 0, 2, 16], "texture": "#1"},
				"west": {"uv": [0, 0, 2, 16], "texture": "#1"}
			}
		},
		{
			"from": [7, 10, 6],
			"to": [9, 16, 6.5],
			"rotation": {"angle": 0, "axis": "y", "origin": [8, 1, 8]},
			"faces": {
				"north": {"uv": [0, 0, 2, 16], "texture": "#1"},
				"east": {"uv": [0, 0, 2, 16], "texture": "#1"},
				"south": {"uv": [0, 0, 2, 16], "texture": "#1"},
				"west": {"uv": [0, 0, 2, 16], "texture": "#1"}
			}
		},
		{
			"from": [7, 10, 3.5],
			"to": [9, 16, 4],
			"rotation": {"angle": 0, "axis": "y", "origin": [8, 1, 8]},
			"faces": {
				"north": {"uv": [0, 0, 2, 16], "texture": "#1"},
				"east": {"uv": [0, 0, 2, 16], "texture": "#1"},
				"south": {"uv": [0, 0, 2, 16], "texture": "#1"},
				"west": {"uv": [0, 0, 2, 16], "texture": "#1"}
			}
		},
		{
			"from": [4.5, 10, 6.5],
			"to": [5, 16, 7],
			"rotation": {"angle": 0, "axis": "y", "origin": [8, 1, 8]},
			"faces": {
				"north": {"uv": [0, 0, 2, 16], "texture": "#1"},
				"east": {"uv": [0, 0, 2, 16], "texture": "#1"},
				"south": {"uv": [0, 0, 2, 16], "texture": "#1"},
				"west": {"uv": [0, 0, 2, 16], "texture": "#1"}
			}
		},
		{
			"from": [9.5, 10, 6],
			"to": [10, 16, 6.5],
			"rotation": {"angle": 0, "axis": "y", "origin": [8, 1, 8]},
			"faces": {
				"north": {"uv": [2, 0, 0, 16], "texture": "#1"},
				"east": {"uv": [2, 0, 0, 16], "texture": "#1"},
				"south": {"uv": [2, 0, 0, 16], "texture": "#1"},
				"west": {"uv": [2, 0, 0, 16], "texture": "#1"}
			}
		},
		{
			"from": [11, 10, 6.5],
			"to": [11.5, 16, 7],
			"rotation": {"angle": 0, "axis": "y", "origin": [8, 1, 8]},
			"faces": {
				"north": {"uv": [2, 0, 0, 16], "texture": "#1"},
				"east": {"uv": [2, 0, 0, 16], "texture": "#1"},
				"south": {"uv": [2, 0, 0, 16], "texture": "#1"},
				"west": {"uv": [2, 0, 0, 16], "texture": "#1"}
			}
		},
		{
			"from": [5, 10, 5],
			"to": [5.5, 16, 5.5],
			"rotation": {"angle": 0, "axis": "y", "origin": [8, 1, 8]},
			"faces": {
				"north": {"uv": [0, 0, 2, 16], "texture": "#1"},
				"east": {"uv": [0, 0, 2, 16], "texture": "#1"},
				"south": {"uv": [0, 0, 2, 16], "texture": "#1"},
				"west": {"uv": [0, 0, 2, 16], "texture": "#1"}
			}
		},
		{
			"from": [6.5, 10, 4.5],
			"to": [7, 16, 5],
			"rotation": {"angle": 0, "axis": "y", "origin": [8, 1, 8]},
			"faces": {
				"north": {"uv": [0, 0, 2, 16], "texture": "#1"},
				"east": {"uv": [0, 0, 2, 16], "texture": "#1"},
				"south": {"uv": [0, 0, 2, 16], "texture": "#1"},
				"west": {"uv": [0, 0, 2, 16], "texture": "#1"}
			}
		},
		{
			"from": [9, 10, 4.5],
			"to": [9.5, 16, 5],
			"rotation": {"angle": 0, "axis": "y", "origin": [8, 1, 8]},
			"faces": {
				"north": {"uv": [2, 0, 0, 16], "texture": "#1"},
				"east": {"uv": [2, 0, 0, 16], "texture": "#1"},
				"south": {"uv": [2, 0, 0, 16], "texture": "#1"},
				"west": {"uv": [2, 0, 0, 16], "texture": "#1"}
			}
		},
		{
			"from": [10.5, 10, 5],
			"to": [11, 16, 5.5],
			"rotation": {"angle": 0, "axis": "y", "origin": [8, 1, 8]},
			"faces": {
				"north": {"uv": [2, 0, 0, 16], "texture": "#1"},
				"east": {"uv": [2, 0, 0, 16], "texture": "#1"},
				"south": {"uv": [2, 0, 0, 16], "texture": "#1"},
				"west": {"uv": [2, 0, 0, 16], "texture": "#1"}
			}
		},
		{
			"from": [6, 10, 9.5],
			"to": [6.5, 16, 10],
			"rotation": {"angle": 0, "axis": "y", "origin": [8, 1, 8]},
			"faces": {
				"north": {"uv": [2, 0, 0, 16], "texture": "#1"},
				"east": {"uv": [2, 0, 0, 16], "texture": "#1"},
				"south": {"uv": [2, 0, 0, 16], "texture": "#1"},
				"west": {"uv": [2, 0, 0, 16], "texture": "#1"}
			}
		},
		{
			"from": [4.5, 10, 9],
			"to": [5, 16, 9.5],
			"rotation": {"angle": 0, "axis": "y", "origin": [8, 1, 8]},
			"faces": {
				"north": {"uv": [2, 0, 0, 16], "texture": "#1"},
				"east": {"uv": [2, 0, 0, 16], "texture": "#1"},
				"south": {"uv": [2, 0, 0, 16], "texture": "#1"},
				"west": {"uv": [2, 0, 0, 16], "texture": "#1"}
			}
		},
		{
			"from": [5, 10, 10.5],
			"to": [5.5, 16, 11],
			"rotation": {"angle": 0, "axis": "y", "origin": [8, 1, 8]},
			"faces": {
				"north": {"uv": [2, 0, 0, 16], "texture": "#1"},
				"east": {"uv": [2, 0, 0, 16], "texture": "#1"},
				"south": {"uv": [2, 0, 0, 16], "texture": "#1"},
				"west": {"uv": [2, 0, 0, 16], "texture": "#1"}
			}
		},
		{
			"from": [6.5, 10, 11],
			"to": [7, 16, 11.5],
			"rotation": {"angle": 0, "axis": "y", "origin": [8, 1, 8]},
			"faces": {
				"north": {"uv": [2, 0, 0, 16], "texture": "#1"},
				"east": {"uv": [2, 0, 0, 16], "texture": "#1"},
				"south": {"uv": [2, 0, 0, 16], "texture": "#1"},
				"west": {"uv": [2, 0, 0, 16], "texture": "#1"}
			}
		},
		{
			"from": [7, 10, 9.5],
			"to": [9, 16, 10],
			"rotation": {"angle": 0, "axis": "y", "origin": [8, 1, 8]},
			"faces": {
				"north": {"uv": [2, 0, 0, 16], "texture": "#1"},
				"east": {"uv": [2, 0, 0, 16], "texture": "#1"},
				"south": {"uv": [2, 0, 0, 16], "texture": "#1"},
				"west": {"uv": [2, 0, 0, 16], "texture": "#1"}
			}
		},
		{
			"from": [7, 10, 12],
			"to": [9, 16, 12.5],
			"rotation": {"angle": 0, "axis": "y", "origin": [8, 1, 8]},
			"faces": {
				"north": {"uv": [2, 0, 0, 16], "texture": "#1"},
				"east": {"uv": [2, 0, 0, 16], "texture": "#1"},
				"south": {"uv": [2, 0, 0, 16], "texture": "#1"},
				"west": {"uv": [2, 0, 0, 16], "texture": "#1"}
			}
		},
		{
			"from": [10.5, 10, 10.5],
			"to": [11, 16, 11],
			"rotation": {"angle": 0, "axis": "y", "origin": [8, 1, 8]},
			"faces": {
				"north": {"uv": [0, 0, 2, 16], "texture": "#1"},
				"east": {"uv": [0, 0, 2, 16], "texture": "#1"},
				"south": {"uv": [0, 0, 2, 16], "texture": "#1"},
				"west": {"uv": [0, 0, 2, 16], "texture": "#1"}
			}
		},
		{
			"from": [9, 10, 11],
			"to": [9.5, 16, 11.5],
			"rotation": {"angle": 0, "axis": "y", "origin": [8, 1, 8]},
			"faces": {
				"north": {"uv": [0, 0, 2, 16], "texture": "#1"},
				"east": {"uv": [0, 0, 2, 16], "texture": "#1"},
				"south": {"uv": [0, 0, 2, 16], "texture": "#1"},
				"west": {"uv": [0, 0, 2, 16], "texture": "#1"}
			}
		},
		{
			"from": [11, 10, 9],
			"to": [11.5, 16, 9.5],
			"rotation": {"angle": 0, "axis": "y", "origin": [8, 1, 8]},
			"faces": {
				"north": {"uv": [0, 0, 2, 16], "texture": "#1"},
				"east": {"uv": [0, 0, 2, 16], "texture": "#1"},
				"south": {"uv": [0, 0, 2, 16], "texture": "#1"},
				"west": {"uv": [0, 0, 2, 16], "texture": "#1"}
			}
		},
		{
			"from": [9.5, 10, 9.5],
			"to": [10, 16, 10],
			"rotation": {"angle": 0, "axis": "y", "origin": [8, 1, 8]},
			"faces": {
				"north": {"uv": [0, 0, 2, 16], "texture": "#1"},
				"east": {"uv": [0, 0, 2, 16], "texture": "#1"},
				"south": {"uv": [0, 0, 2, 16], "texture": "#1"},
				"west": {"uv": [0, 0, 2, 16], "texture": "#1"}
			}
		}
	]
}