{
	"credit": "Made with Blockbench",
	"texture_size": [64, 64],
	"textures": {
		"0": "custom/other/serpent_body",
		"particle": "custom/other/serpent_body"
	},
	"elements": [
		{
			"from": [2, 4.93934, 0],
			"to": [14, 10.93934, 16],
			"rotation": {"angle": 0, "axis": "z", "origin": [8, 7.93934, 8.5]},
			"faces": {
				"north": {"uv": [3, 6.5, 6, 8], "texture": "#0"},
				"east": {"uv": [6, 0, 10, 1.5], "texture": "#0"},
				"south": {"uv": [6, 6.5, 9, 8], "texture": "#0"},
				"west": {"uv": [6, 1.5, 10, 3], "texture": "#0"},
				"up": {"uv": [3, 4, 0, 0], "texture": "#0"},
				"down": {"uv": [6, 0, 3, 4], "texture": "#0"}
			}
		},
		{
			"from": [14, 0.93934, 0],
			"to": [14, 10.93934, 16],
			"rotation": {"angle": 22.5, "axis": "y", "origin": [14, 5.93934, 0]},
			"faces": {
				"north": {"uv": [0, 0, 0, 2.5], "texture": "#0"},
				"east": {"uv": [0, 4, 4, 6.5], "texture": "#0"},
				"south": {"uv": [0, 0, 0, 2.5], "texture": "#0"},
				"west": {"uv": [4, 4, 0, 6.5], "texture": "#0"},
				"up": {"uv": [0, 4, 0, 0], "texture": "#0"},
				"down": {"uv": [0, 0, 0, 4], "texture": "#0"}
			}
		},
		{
			"from": [1, -2.06066, -1],
			"to": [4, 10.93934, 2],
			"rotation": {"angle": -45, "axis": "z", "origin": [2.5, 9.43934, 0.5]},
			"faces": {
				"north": {"uv": [6.5, 9, 7.25, 12.25], "texture": "#0"},
				"east": {"uv": [7.25, 9, 8, 12.25], "texture": "#0"},
				"south": {"uv": [8, 9, 8.75, 12.25], "texture": "#0"},
				"west": {"uv": [8.75, 9, 9.5, 12.25], "texture": "#0"},
				"up": {"uv": [11.75, 1.75, 11, 1], "texture": "#0"},
				"down": {"uv": [4.5, 11, 3.75, 11.75], "texture": "#0"}
			}
		},
		{
			"from": [-6, -6.2028, -1],
			"to": [4, -3.2028, 2],
			"rotation": {"angle": -45, "axis": "z", "origin": [2.5, -4.7028, 0.5]},
			"faces": {
				"north": {"uv": [9, 6, 11.5, 6.75], "texture": "#0"},
				"east": {"uv": [11, 4.5, 11.75, 5.25], "texture": "#0"},
				"south": {"uv": [9, 6.75, 11.5, 7.5], "texture": "#0"},
				"west": {"uv": [11, 5.25, 11.75, 6], "texture": "#0"},
				"up": {"uv": [12, 3.75, 9.5, 3], "texture": "#0"},
				"down": {"uv": [12, 3.75, 9.5, 4.5], "texture": "#0"}
			}
		},
		{
			"from": [1, -3.2028, -1],
			"to": [4, 0.7972, 2],
			"rotation": {"angle": -45, "axis": "z", "origin": [2.5, -4.7028, 0.5]},
			"faces": {
				"north": {"uv": [10.5, 10.5, 11.25, 11.5], "texture": "#0"},
				"east": {"uv": [9.5, 10.75, 10.25, 11.75], "texture": "#0"},
				"south": {"uv": [11, 0, 11.75, 1], "texture": "#0"},
				"west": {"uv": [3, 11, 3.75, 12], "texture": "#0"},
				"up": {"uv": [2.75, 12, 2, 11.25], "texture": "#0"},
				"down": {"uv": [12, 10.5, 11.25, 11.25], "texture": "#0"}
			}
		},
		{
			"from": [1, -2.06066, 5],
			"to": [4, 10.93934, 8],
			"rotation": {"angle": -45, "axis": "z", "origin": [2.5, 9.43934, 6.5]},
			"faces": {
				"north": {"uv": [6.5, 9, 7.25, 12.25], "texture": "#0"},
				"east": {"uv": [7.25, 9, 8, 12.25], "texture": "#0"},
				"south": {"uv": [8, 9, 8.75, 12.25], "texture": "#0"},
				"west": {"uv": [8.75, 9, 9.5, 12.25], "texture": "#0"},
				"up": {"uv": [11.75, 1.75, 11, 1], "texture": "#0"},
				"down": {"uv": [4.5, 11, 3.75, 11.75], "texture": "#0"}
			}
		},
		{
			"from": [-6, -6.2028, 5],
			"to": [4, -3.2028, 8],
			"rotation": {"angle": -45, "axis": "z", "origin": [2.5, -4.7028, 6.5]},
			"faces": {
				"north": {"uv": [9, 6, 11.5, 6.75], "texture": "#0"},
				"east": {"uv": [11, 4.5, 11.75, 5.25], "texture": "#0"},
				"south": {"uv": [9, 6.75, 11.5, 7.5], "texture": "#0"},
				"west": {"uv": [11, 5.25, 11.75, 6], "texture": "#0"},
				"up": {"uv": [12, 3.75, 9.5, 3], "texture": "#0"},
				"down": {"uv": [12, 3.75, 9.5, 4.5], "texture": "#0"}
			}
		},
		{
			"from": [1, -3.2028, 5],
			"to": [4, 0.7972, 8],
			"rotation": {"angle": -45, "axis": "z", "origin": [2.5, -4.7028, 6.5]},
			"faces": {
				"north": {"uv": [10.5, 10.5, 11.25, 11.5], "texture": "#0"},
				"east": {"uv": [9.5, 10.75, 10.25, 11.75], "texture": "#0"},
				"south": {"uv": [11, 0, 11.75, 1], "texture": "#0"},
				"west": {"uv": [3, 11, 3.75, 12], "texture": "#0"},
				"up": {"uv": [2.75, 12, 2, 11.25], "texture": "#0"},
				"down": {"uv": [12, 10.5, 11.25, 11.25], "texture": "#0"}
			}
		},
		{
			"from": [1, -2.06066, 11],
			"to": [4, 10.93934, 14],
			"rotation": {"angle": -45, "axis": "z", "origin": [2.5, 9.43934, 12.5]},
			"faces": {
				"north": {"uv": [6.5, 9, 7.25, 12.25], "texture": "#0"},
				"east": {"uv": [7.25, 9, 8, 12.25], "texture": "#0"},
				"south": {"uv": [8, 9, 8.75, 12.25], "texture": "#0"},
				"west": {"uv": [8.75, 9, 9.5, 12.25], "texture": "#0"},
				"up": {"uv": [11.75, 1.75, 11, 1], "texture": "#0"},
				"down": {"uv": [4.5, 11, 3.75, 11.75], "texture": "#0"}
			}
		},
		{
			"from": [-6, -6.2028, 11],
			"to": [4, -3.2028, 14],
			"rotation": {"angle": -45, "axis": "z", "origin": [2.5, -4.7028, 12.5]},
			"faces": {
				"north": {"uv": [9, 6, 11.5, 6.75], "texture": "#0"},
				"east": {"uv": [11, 4.5, 11.75, 5.25], "texture": "#0"},
				"south": {"uv": [9, 6.75, 11.5, 7.5], "texture": "#0"},
				"west": {"uv": [11, 5.25, 11.75, 6], "texture": "#0"},
				"up": {"uv": [12, 3.75, 9.5, 3], "texture": "#0"},
				"down": {"uv": [12, 3.75, 9.5, 4.5], "texture": "#0"}
			}
		},
		{
			"from": [1, -3.2028, 11],
			"to": [4, 0.7972, 14],
			"rotation": {"angle": -45, "axis": "z", "origin": [2.5, -4.7028, 12.5]},
			"faces": {
				"north": {"uv": [10.5, 10.5, 11.25, 11.5], "texture": "#0"},
				"east": {"uv": [9.5, 10.75, 10.25, 11.75], "texture": "#0"},
				"south": {"uv": [11, 0, 11.75, 1], "texture": "#0"},
				"west": {"uv": [3, 11, 3.75, 12], "texture": "#0"},
				"up": {"uv": [2.75, 12, 2, 11.25], "texture": "#0"},
				"down": {"uv": [12, 10.5, 11.25, 11.25], "texture": "#0"}
			}
		},
		{
			"from": [6, 7.93934, 1.25],
			"to": [10, 19.93934, 7.25],
			"rotation": {"angle": 45, "axis": "x", "origin": [8, 10.93934, 4.25]},
			"faces": {
				"north": {"uv": [4.5, 9, 5.5, 12], "texture": "#0"},
				"east": {"uv": [3, 8, 4.5, 11], "texture": "#0"},
				"south": {"uv": [5.5, 9, 6.5, 12], "texture": "#0"},
				"west": {"uv": [8, 3, 9.5, 6], "texture": "#0"},
				"up": {"uv": [1, 12, 0, 10.5], "texture": "#0"},
				"down": {"uv": [2, 10.5, 1, 12], "texture": "#0"}
			}
		},
		{
			"from": [6, 16.93934, 7.25],
			"to": [10, 19.93934, 14.25],
			"rotation": {"angle": 45, "axis": "x", "origin": [8, 10.93934, 4.25]},
			"faces": {
				"north": {"uv": [2, 10.5, 3, 11.25], "texture": "#0"},
				"east": {"uv": [10, 1.75, 11.75, 2.5], "texture": "#0"},
				"south": {"uv": [10.5, 9.75, 11.5, 10.5], "texture": "#0"},
				"west": {"uv": [10.5, 9, 12.25, 9.75], "texture": "#0"},
				"up": {"uv": [10.5, 10.75, 9.5, 9], "texture": "#0"},
				"down": {"uv": [11, 0, 10, 1.75], "texture": "#0"}
			}
		},
		{
			"from": [8, 0.93934, 0],
			"to": [14, 4.93934, 16],
			"rotation": {"angle": 0, "axis": "z", "origin": [8, 7.93934, 8.5]},
			"faces": {
				"north": {"uv": [6, 3, 7.5, 4], "texture": "#0"},
				"east": {"uv": [4.5, 8, 8.5, 9], "texture": "#0"},
				"south": {"uv": [9.5, 4.5, 11, 5.5], "texture": "#0"},
				"west": {"uv": [8.5, 8, 12.5, 9], "texture": "#0"},
				"up": {"uv": [1.5, 10.5, 0, 6.5], "texture": "#0"},
				"down": {"uv": [3, 6.5, 1.5, 10.5], "texture": "#0"}
			}
		}
	],
	"display": {
		"head": {
			"translation": [0, 9.75, 0],
			"scale": [2, 2, 2]
		}
	}
}