{
	"credit": "Made with Blockbench",
	"texture_size": [128, 128],
	"textures": {
		"0": "custom/ult/cradle_tp",
		"particle": "custom/ult/cradle_tp"
	},
	"elements": [
		{
			"name": "head",
			"from": [4, 21.5, 11],
			"to": [12, 29.5, 19],
			"rotation": {"angle": 45, "axis": "x", "origin": [8, 21.5, 15]},
			"faces": {
				"north": {"uv": [5, 4.125, 6, 5.125], "texture": "#0"},
				"east": {"uv": [5, 5.125, 6, 6.125], "texture": "#0"},
				"south": {"uv": [5.375, 2.25, 6.375, 3.25], "texture": "#0"},
				"west": {"uv": [2.5, 5.5, 3.5, 6.5], "texture": "#0"},
				"up": {"uv": [4.5, 6.75, 3.5, 5.75], "texture": "#0"},
				"down": {"uv": [6.875, 1.25, 5.875, 2.25], "texture": "#0"}
			}
		},
		{
			"name": "right_arm",
			"from": [12, 17.5, 5],
			"to": [16, 21.5, 17],
			"rotation": {"angle": -22.5, "axis": "x", "origin": [13.9975, 19.5, 15]},
			"faces": {
				"north": {"uv": [0.625, 4.25, 1.125, 4.75], "texture": "#0"},
				"east": {"uv": [6, 3.25, 7.5, 3.75], "texture": "#0"},
				"south": {"uv": [2.5, 5, 3, 5.5], "texture": "#0"},
				"west": {"uv": [6, 3.75, 7.5, 4.25], "texture": "#0"},
				"up": {"uv": [5, 7.25, 4.5, 5.75], "texture": "#0"},
				"down": {"uv": [0.5, 5.875, 0, 7.375], "texture": "#0"}
			}
		},
		{
			"name": "left_arm",
			"from": [0, 9.5, 13],
			"to": [4, 21.5, 17],
			"rotation": {"angle": -22.5, "axis": "x", "origin": [2, 19.5, 15]},
			"faces": {
				"north": {"uv": [6, 4.25, 6.5, 5.75], "texture": "#0"},
				"east": {"uv": [6, 5.75, 6.5, 7.25], "texture": "#0"},
				"south": {"uv": [5, 6.125, 5.5, 7.625], "texture": "#0"},
				"west": {"uv": [5.5, 6.125, 6, 7.625], "texture": "#0"},
				"up": {"uv": [5, 7.75, 4.5, 7.25], "texture": "#0"},
				"down": {"uv": [0.5, 7.375, 0, 7.875], "texture": "#0"}
			}
		},
		{
			"name": "right_leg",
			"from": [8, 9.5, -6],
			"to": [12, 13.5, 6],
			"rotation": {"angle": 0, "axis": "x", "origin": [10, 11.5, 5]},
			"faces": {
				"north": {"uv": [3.5, 7.375, 4, 7.875], "texture": "#0"},
				"east": {"uv": [6.375, 2.25, 7.875, 2.75], "texture": "#0"},
				"south": {"uv": [4, 7.375, 4.5, 7.875], "texture": "#0"},
				"west": {"uv": [6.375, 2.75, 7.875, 3.25], "texture": "#0"},
				"up": {"uv": [1, 7.875, 0.5, 6.375], "texture": "#0"},
				"down": {"uv": [3, 6.5, 2.5, 8], "texture": "#0"}
			}
		},
		{
			"name": "left_leg",
			"from": [4, 8.5, -6],
			"to": [8, 12.5, 6],
			"rotation": {"angle": -22.5, "axis": "x", "origin": [6, 10.5, 4]},
			"faces": {
				"north": {"uv": [6.625, 7.375, 7.125, 7.875], "texture": "#0"},
				"east": {"uv": [6.5, 0, 8, 0.5], "texture": "#0"},
				"south": {"uv": [7.125, 7.375, 7.625, 7.875], "texture": "#0"},
				"west": {"uv": [6.5, 0.5, 8, 1], "texture": "#0"},
				"up": {"uv": [3.5, 8, 3, 6.5], "texture": "#0"},
				"down": {"uv": [7, 4.25, 6.5, 5.75], "texture": "#0"}
			}
		},
		{
			"name": "body",
			"from": [4, 9.5, 13],
			"to": [12, 21.5, 17],
			"rotation": {"angle": 45, "axis": "x", "origin": [8, 21.5, 15]},
			"faces": {
				"north": {"uv": [0, 1.625, 1, 3.125], "texture": "#0"},
				"east": {"uv": [6.5, 5.75, 7, 7.25], "texture": "#0"},
				"south": {"uv": [1, 1.625, 2, 3.125], "texture": "#0"},
				"west": {"uv": [1, 6.625, 1.5, 8.125], "texture": "#0"},
				"up": {"uv": [7.875, 1.5, 6.875, 1], "texture": "#0"},
				"down": {"uv": [7.875, 1.5, 6.875, 2], "texture": "#0"}
			}
		},
		{
			"name": "head_2nd_layer",
			"from": [3.5, 21, 10.5],
			"to": [12.5, 30, 19.5],
			"rotation": {"angle": 45, "axis": "x", "origin": [8, 21.5, 15]},
			"faces": {
				"north": {"uv": [2, 0, 3.125, 1.125], "texture": "#0"},
				"east": {"uv": [2, 1.125, 3.125, 2.25], "texture": "#0"},
				"south": {"uv": [2, 2.25, 3.125, 3.375], "texture": "#0"},
				"west": {"uv": [0, 3.125, 1.125, 4.25], "texture": "#0"},
				"up": {"uv": [4.25, 1.125, 3.125, 0], "texture": "#0"},
				"down": {"uv": [4.25, 1.125, 3.125, 2.25], "texture": "#0"}
			}
		},
		{
			"name": "body_2nd_layer",
			"from": [4, 9.02, 12.5],
			"to": [12, 22.03, 17.5],
			"rotation": {"angle": 45, "axis": "x", "origin": [8, 21.5, 15]},
			"faces": {
				"north": {"uv": [0, 0, 1, 1.625], "texture": "#0"},
				"east": {"uv": [1.125, 3.125, 1.75, 4.75], "texture": "#0"},
				"south": {"uv": [1, 0, 2, 1.625], "texture": "#0"},
				"west": {"uv": [3.125, 2.25, 3.75, 3.875], "texture": "#0"},
				"up": {"uv": [2.5, 7.25, 1.5, 6.625], "texture": "#0"},
				"down": {"uv": [4.5, 6.75, 3.5, 7.375], "texture": "#0"}
			}
		},
		{
			"name": "right_arm_2nd_layer",
			"from": [11.5, 17, 4.5],
			"to": [16.49, 22, 17.5],
			"rotation": {"angle": -22.5, "axis": "x", "origin": [13.9975, 19.5, 15]},
			"faces": {
				"north": {"uv": [3.625, 5.125, 4.25, 5.75], "texture": "#0"},
				"east": {"uv": [3.75, 2.25, 5.375, 2.875], "texture": "#0"},
				"south": {"uv": [7, 4.25, 7.625, 4.875], "texture": "#0"},
				"west": {"uv": [3.75, 2.875, 5.375, 3.5], "texture": "#0"},
				"up": {"uv": [2.375, 5, 1.75, 3.375], "texture": "#0"},
				"down": {"uv": [3, 3.375, 2.375, 5], "texture": "#0"}
			}
		},
		{
			"name": "left_arm_2nd_layer",
			"from": [-0.5, 9, 12.5],
			"to": [4.5, 22, 17.5],
			"rotation": {"angle": -22.5, "axis": "x", "origin": [2, 19.5, 15]},
			"faces": {
				"north": {"uv": [3.75, 3.5, 4.375, 5.125], "texture": "#0"},
				"east": {"uv": [3, 3.875, 3.625, 5.5], "texture": "#0"},
				"south": {"uv": [0, 4.25, 0.625, 5.875], "texture": "#0"},
				"west": {"uv": [4.25, 0, 4.875, 1.625], "texture": "#0"},
				"up": {"uv": [7.625, 5.5, 7, 4.875], "texture": "#0"},
				"down": {"uv": [7.625, 5.5, 7, 6.125], "texture": "#0"}
			}
		},
		{
			"name": "right_leg_2nd_layer",
			"from": [7.5, 9, -6.5],
			"to": [12.5, 14, 6.5],
			"rotation": {"angle": 0, "axis": "x", "origin": [10, 11.5, 5]},
			"faces": {
				"north": {"uv": [7, 6.125, 7.625, 6.75], "texture": "#0"},
				"east": {"uv": [4.25, 1.625, 5.875, 2.25], "texture": "#0"},
				"south": {"uv": [7, 6.75, 7.625, 7.375], "texture": "#0"},
				"west": {"uv": [4.375, 3.5, 6, 4.125], "texture": "#0"},
				"up": {"uv": [5, 5.75, 4.375, 4.125], "texture": "#0"},
				"down": {"uv": [1.25, 4.75, 0.625, 6.375], "texture": "#0"}
			}
		},
		{
			"name": "left_leg_2nd_layer",
			"from": [3.5, 8, -6.5],
			"to": [8.5, 13, 6.5],
			"rotation": {"angle": -22.5, "axis": "x", "origin": [6, 10.5, 4]},
			"faces": {
				"north": {"uv": [1.5, 7.25, 2.125, 7.875], "texture": "#0"},
				"east": {"uv": [4.875, 0, 6.5, 0.625], "texture": "#0"},
				"south": {"uv": [6, 7.25, 6.625, 7.875], "texture": "#0"},
				"west": {"uv": [4.875, 0.625, 6.5, 1.25], "texture": "#0"},
				"up": {"uv": [1.875, 6.625, 1.25, 5], "texture": "#0"},
				"down": {"uv": [2.5, 5, 1.875, 6.625], "texture": "#0"}
			}
		}
	],
	"display": {
		"thirdperson_righthand": {
			"scale": [0, 0, 0]
		},
		"thirdperson_lefthand": {
			"scale": [0, 0, 0]
		},
		"firstperson_lefthand": {
			"scale": [0, 0, 0]
		},
		"ground": {
			"scale": [0, 0, 0]
		},
		"gui": {
			"scale": [0, 0, 0]
		}
	},
	"groups": [
		{
			"name": "steve",
			"origin": [8, 8, 8],
			"color": 0,
			"nbt": "{}",
			"children": [0, 1, 2, 3, 4, 5, 6, 7, 8, 9, 10, 11]
		}
	]
}