{
	"credit": "Made with Blockbench",
	"textures": {
		"5": "custom/ability/grimoire_pages"
	},
	"elements": [
		{
			"name": "grimoire_pages - Copy_3",
			"from": [5.31625, 4.46875, 30.85875],
			"to": [10.68375, 11.53125, 31.14125],
			"rotation": {"angle": 0, "axis": "y", "origin": [8, 8, 8]},
			"faces": {
				"north": {"uv": [4, 6.875, 6.375, 10], "texture": "#5"},
				"east": {"uv": [4, 6.875, 4.125, 10], "texture": "#5"},
				"south": {"uv": [6.375, 6.875, 4, 10], "texture": "#5"},
				"west": {"uv": [6.25, 6.875, 6.375, 10], "texture": "#5"},
				"up": {"uv": [4, 6.875, 6.375, 7], "rotation": 180, "texture": "#5"},
				"down": {"uv": [4, 9.875, 6.375, 10], "rotation": 180, "texture": "#5"}
			}
		}
	],
	"display": {
		"thirdperson_righthand": {
			"scale": [0, 0, 0]
		},
		"thirdperson_lefthand": {
			"scale": [0, 0, 0]
		},
		"firstperson_lefthand": {
			"scale": [0, 0, 0]
		},
		"ground": {
			"scale": [0, 0, 0]
		},
		"gui": {
			"scale": [0, 0, 0]
		}
	},
	"groups": [
		{
			"name": "group",
			"origin": [-24.97298, -14.09125, 31.66047],
			"color": 0,
			"nbt": "{}",
			"children": [0]
		}
	]
}