{
	"credit": "Made with Blockbench",
	"textures": {
		"0": "block/polished_blackstone",
		"particle": "block/polished_blackstone"
	},
	"elements": [
		{
			"from": [-4, 0, 3],
			"to": [-2, 6, 13],
			"rotation": {"angle": 0, "axis": "y", "origin": [-8, 0, 0]},
			"faces": {
				"north": {"uv": [0, 0, 8, 16], "texture": "#0"},
				"east": {"uv": [0, 0, 16, 16], "texture": "#0"},
				"south": {"uv": [0, 0, 1, 1.5], "texture": "#0"},
				"west": {"uv": [0, 0, 16, 16], "texture": "#0"},
				"up": {"uv": [0, 0, 1, 4], "texture": "#0"},
				"down": {"uv": [0, 0, 1, 4], "texture": "#0"}
			}
		},
		{
			"from": [-4, 6, 3],
			"to": [-2, 12, 13],
			"rotation": {"angle": 0, "axis": "y", "origin": [-8, 0, 0]},
			"faces": {
				"north": {"uv": [0, 0, 8, 16], "texture": "#0"},
				"east": {"uv": [0, 0, 16, 16], "texture": "#0"},
				"south": {"uv": [0, 0, 1, 1.5], "texture": "#0"},
				"west": {"uv": [0, 0, 16, 16], "texture": "#0"},
				"up": {"uv": [0, 0, 1, 4], "texture": "#0"},
				"down": {"uv": [0, 0, 1, 4], "texture": "#0"}
			}
		},
		{
			"from": [-4, 12, 3],
			"to": [-2, 18, 13],
			"rotation": {"angle": 0, "axis": "y", "origin": [-8, 0, 0]},
			"faces": {
				"north": {"uv": [0, 0, 8, 16], "texture": "#0"},
				"east": {"uv": [0, 0, 16, 16], "texture": "#0"},
				"south": {"uv": [0, 0, 1, 1.5], "texture": "#0"},
				"west": {"uv": [0, 0, 16, 16], "texture": "#0"},
				"up": {"uv": [8, 0, 0, 16], "texture": "#0"},
				"down": {"uv": [0, 0, 1, 4], "texture": "#0"}
			}
		},
		{
			"from": [18, 12, 3],
			"to": [20, 18, 13],
			"rotation": {"angle": 0, "axis": "y", "origin": [8, 0, 0]},
			"faces": {
				"north": {"uv": [8, 0, 0, 16], "texture": "#0"},
				"east": {"uv": [16, 0, 0, 16], "texture": "#0"},
				"south": {"uv": [1, 0, 0, 1.5], "texture": "#0"},
				"west": {"uv": [16, 0, 0, 16], "texture": "#0"},
				"up": {"uv": [0, 0, 8, 16], "texture": "#0"},
				"down": {"uv": [1, 0, 0, 4], "texture": "#0"}
			}
		},
		{
			"from": [18, 6, 3],
			"to": [20, 12, 13],
			"rotation": {"angle": 0, "axis": "y", "origin": [8, 0, 0]},
			"faces": {
				"north": {"uv": [8, 0, 0, 16], "texture": "#0"},
				"east": {"uv": [16, 0, 0, 16], "texture": "#0"},
				"south": {"uv": [1, 0, 0, 1.5], "texture": "#0"},
				"west": {"uv": [16, 0, 0, 16], "texture": "#0"},
				"up": {"uv": [1, 0, 0, 4], "texture": "#0"},
				"down": {"uv": [1, 0, 0, 4], "texture": "#0"}
			}
		},
		{
			"from": [18, 0, 3],
			"to": [20, 6, 13],
			"rotation": {"angle": 0, "axis": "y", "origin": [8, 0, 0]},
			"faces": {
				"north": {"uv": [8, 0, 0, 16], "texture": "#0"},
				"east": {"uv": [16, 0, 0, 16], "texture": "#0"},
				"south": {"uv": [1, 0, 0, 1.5], "texture": "#0"},
				"west": {"uv": [16, 0, 0, 16], "texture": "#0"},
				"up": {"uv": [1, 0, 0, 4], "texture": "#0"},
				"down": {"uv": [1, 0, 0, 4], "texture": "#0"}
			}
		},
		{
			"from": [-4, 18, 3],
			"to": [-1, 20, 13],
			"rotation": {"angle": 0, "axis": "z", "origin": [-8, 15, 8]},
			"faces": {
				"north": {"uv": [0, 8, 8, 16], "rotation": 270, "texture": "#0"},
				"east": {"uv": [0, 0, 1, 4], "rotation": 90, "texture": "#0"},
				"south": {"uv": [0, 0, 1, 1.5], "rotation": 90, "texture": "#0"},
				"west": {"uv": [0, 0, 8, 16], "rotation": 90, "texture": "#0"},
				"up": {"uv": [0, 0, 16, 16], "rotation": 90, "texture": "#0"},
				"down": {"uv": [0, 0, 16, 16], "rotation": 90, "texture": "#0"}
			}
		},
		{
			"from": [-1, 18, 3],
			"to": [5, 20, 13],
			"rotation": {"angle": 0, "axis": "z", "origin": [-8, 15, 8]},
			"faces": {
				"north": {"uv": [0, 0, 8, 16], "rotation": 270, "texture": "#0"},
				"east": {"uv": [0, 0, 1, 4], "rotation": 90, "texture": "#0"},
				"south": {"uv": [0, 0, 1, 1.5], "rotation": 90, "texture": "#0"},
				"west": {"uv": [0, 0, 1, 4], "rotation": 90, "texture": "#0"},
				"up": {"uv": [0, 0, 16, 16], "rotation": 90, "texture": "#0"},
				"down": {"uv": [0, 0, 16, 16], "rotation": 90, "texture": "#0"}
			}
		},
		{
			"from": [5, 18, 3],
			"to": [11, 20, 13],
			"rotation": {"angle": 0, "axis": "z", "origin": [-8, 15, 8]},
			"faces": {
				"north": {"uv": [0, 0, 8, 16], "rotation": 270, "texture": "#0"},
				"east": {"uv": [0, 0, 1, 4], "rotation": 90, "texture": "#0"},
				"south": {"uv": [0, 0, 1, 1.5], "rotation": 90, "texture": "#0"},
				"west": {"uv": [0, 0, 1, 4], "rotation": 90, "texture": "#0"},
				"up": {"uv": [0, 0, 16, 16], "rotation": 90, "texture": "#0"},
				"down": {"uv": [0, 0, 16, 16], "rotation": 90, "texture": "#0"}
			}
		},
		{
			"from": [11, 18, 3],
			"to": [17, 20, 13],
			"rotation": {"angle": 0, "axis": "z", "origin": [-8, 15, 8]},
			"faces": {
				"north": {"uv": [0, 0, 8, 16], "rotation": 270, "texture": "#0"},
				"east": {"uv": [0, 0, 1, 4], "rotation": 90, "texture": "#0"},
				"south": {"uv": [0, 0, 1, 1.5], "rotation": 90, "texture": "#0"},
				"west": {"uv": [0, 0, 1, 4], "rotation": 90, "texture": "#0"},
				"up": {"uv": [0, 0, 16, 16], "rotation": 90, "texture": "#0"},
				"down": {"uv": [0, 0, 16, 16], "rotation": 90, "texture": "#0"}
			}
		},
		{
			"from": [17, 18, 3],
			"to": [20, 20, 13],
			"rotation": {"angle": 0, "axis": "z", "origin": [-8, 15, 8]},
			"faces": {
				"north": {"uv": [0, 0, 8, 8], "rotation": 270, "texture": "#0"},
				"east": {"uv": [8, 0, 0, 16], "rotation": 90, "texture": "#0"},
				"south": {"uv": [0, 0, 1, 1.5], "rotation": 90, "texture": "#0"},
				"west": {"uv": [0, 0, 1, 4], "rotation": 90, "texture": "#0"},
				"up": {"uv": [0, 0, 16, 16], "rotation": 90, "texture": "#0"},
				"down": {"uv": [0, 0, 16, 16], "rotation": 90, "texture": "#0"}
			}
		}
	]
}