{
	"credit": "Made with Blockbench",
	"textures": {
		"0": "custom/decor/book_red",
		"1": "custom/decor/book_blue",
		"2": "custom/decor/book_green",
		"3": "custom/decor/book_purple",
		"particle": "custom/decor/book_red"
	},
	"elements": [
		{
			"from": [5, 0, 3],
			"to": [9, 2, 8],
			"rotation": {"angle": 0, "axis": "y", "origin": [7, 1, 5.5]},
			"faces": {
				"north": {"uv": [8, 10, 4, 13], "texture": "#0"},
				"east": {"uv": [9, 5, 12, 0], "rotation": 90, "texture": "#0"},
				"south": {"uv": [4, 6, 8, 9], "texture": "#0"},
				"west": {"uv": [3, 5, 0, 0], "rotation": 90, "texture": "#0"},
				"up": {"uv": [4, 0, 8, 5], "texture": "#0"},
				"down": {"uv": [4, 5, 8, 0], "texture": "#0"}
			}
		},
		{
			"from": [5, 2, 3],
			"to": [9, 4, 8],
			"rotation": {"angle": 0, "axis": "y", "origin": [7, 3, 5.5]},
			"faces": {
				"north": {"uv": [8, 10, 4, 13], "texture": "#1"},
				"east": {"uv": [9, 5, 12, 0], "rotation": 90, "texture": "#1"},
				"south": {"uv": [4, 6, 8, 9], "texture": "#1"},
				"west": {"uv": [3, 5, 0, 0], "rotation": 90, "texture": "#1"},
				"up": {"uv": [4, 0, 8, 5], "texture": "#1"},
				"down": {"uv": [4, 5, 8, 0], "texture": "#1"}
			}
		},
		{
			"from": [5, 4, 3],
			"to": [9, 6, 8],
			"rotation": {"angle": 0, "axis": "y", "origin": [7, 5, 5.5]},
			"faces": {
				"north": {"uv": [8, 10, 4, 13], "texture": "#2"},
				"east": {"uv": [9, 5, 12, 0], "rotation": 90, "texture": "#2"},
				"south": {"uv": [4, 6, 8, 9], "texture": "#2"},
				"west": {"uv": [3, 5, 0, 0], "rotation": 90, "texture": "#2"},
				"up": {"uv": [4, 0, 8, 5], "texture": "#2"},
				"down": {"uv": [4, 5, 8, 0], "texture": "#2"}
			}
		},
		{
			"from": [5, 6, 3],
			"to": [9, 8, 8],
			"rotation": {"angle": 0, "axis": "y", "origin": [7, 7, 5.5]},
			"faces": {
				"north": {"uv": [8, 10, 4, 13], "texture": "#3"},
				"east": {"uv": [9, 5, 12, 0], "rotation": 90, "texture": "#3"},
				"south": {"uv": [4, 6, 8, 9], "texture": "#3"},
				"west": {"uv": [3, 5, 0, 0], "rotation": 90, "texture": "#3"},
				"up": {"uv": [4, 0, 8, 5], "texture": "#3"},
				"down": {"uv": [4, 5, 8, 0], "texture": "#3"}
			}
		}
	]
}