{
	"credit": "Made with Blockbench",
	"textures": {
		"1": "custom/decor/book_blue",
		"2": "custom/decor/book_green",
		"3": "custom/decor/book_purple",
		"particle": "custom/decor/book_red"
	},
	"elements": [
		{
			"from": [9.147, 0, 6.8624],
			"to": [14.147, 2, 10.8624],
			"rotation": {"angle": -22.5, "axis": "y", "origin": [7.47031, 4, 9.05793]},
			"faces": {
				"north": {"uv": [3, 5, 0, 0], "rotation": 90, "texture": "#2"},
				"east": {"uv": [8, 10, 4, 13], "texture": "#2"},
				"south": {"uv": [9, 5, 12, 0], "rotation": 90, "texture": "#2"},
				"west": {"uv": [4, 6, 8, 9], "texture": "#2"},
				"up": {"uv": [4, 0, 8, 5], "rotation": 90, "texture": "#2"},
				"down": {"uv": [4, 5, 8, 0], "rotation": 270, "texture": "#2"}
			}
		},
		{
			"from": [6.7493, 2, 10.84186],
			"to": [11.7493, 4, 14.84186],
			"rotation": {"angle": 45, "axis": "y", "origin": [7.47031, 4, 9.05793]},
			"faces": {
				"north": {"uv": [3, 5, 0, 0], "rotation": 90, "texture": "#2"},
				"east": {"uv": [8, 10, 4, 13], "texture": "#2"},
				"south": {"uv": [9, 5, 12, 0], "rotation": 90, "texture": "#2"},
				"west": {"uv": [4, 6, 8, 9], "texture": "#2"},
				"up": {"uv": [4, 0, 8, 5], "rotation": 90, "texture": "#2"},
				"down": {"uv": [4, 5, 8, 0], "rotation": 270, "texture": "#2"}
			}
		},
		{
			"from": [9.147, 4, 6.8624],
			"to": [14.147, 6, 10.8624],
			"rotation": {"angle": -22.5, "axis": "y", "origin": [7.47031, 4, 9.05793]},
			"faces": {
				"north": {"uv": [3, 5, 0, 0], "rotation": 90, "texture": "#2"},
				"east": {"uv": [8, 10, 4, 13], "texture": "#2"},
				"south": {"uv": [9, 5, 12, 0], "rotation": 90, "texture": "#2"},
				"west": {"uv": [4, 6, 8, 9], "texture": "#2"},
				"up": {"uv": [4, 0, 8, 5], "rotation": 90, "texture": "#2"},
				"down": {"uv": [4, 5, 8, 0], "rotation": 270, "texture": "#2"}
			}
		},
		{
			"from": [8.06193, 6, 9.87303],
			"to": [13.06193, 8, 13.87303],
			"rotation": {"angle": 22.5, "axis": "y", "origin": [7.47031, 4, 9.05793]},
			"faces": {
				"north": {"uv": [3, 5, 0, 0], "rotation": 90, "texture": "#2"},
				"east": {"uv": [8, 10, 4, 13], "texture": "#2"},
				"south": {"uv": [9, 5, 12, 0], "rotation": 90, "texture": "#2"},
				"west": {"uv": [4, 6, 8, 9], "texture": "#2"},
				"up": {"uv": [4, 0, 8, 5], "rotation": 90, "texture": "#2"},
				"down": {"uv": [4, 5, 8, 0], "rotation": 270, "texture": "#2"}
			}
		},
		{
			"from": [-0.42614, 0, 4.4795],
			"to": [3.57386, 2, 9.4795],
			"rotation": {"angle": 45, "axis": "y", "origin": [7.47031, 4, 9.05793]},
			"faces": {
				"north": {"uv": [8, 10, 4, 13], "texture": "#3"},
				"east": {"uv": [9, 5, 12, 0], "rotation": 90, "texture": "#3"},
				"south": {"uv": [4, 6, 8, 9], "texture": "#3"},
				"west": {"uv": [3, 5, 0, 0], "rotation": 90, "texture": "#3"},
				"up": {"uv": [4, 0, 8, 5], "texture": "#3"},
				"down": {"uv": [4, 5, 8, 0], "texture": "#3"}
			}
		},
		{
			"from": [8.76625, 0, 2.35818],
			"to": [12.76625, 2, 7.35818],
			"rotation": {"angle": 45, "axis": "y", "origin": [7.47031, 4, 9.05793]},
			"faces": {
				"north": {"uv": [4, 6, 8, 9], "texture": "#1"},
				"east": {"uv": [3, 5, 0, 0], "rotation": 90, "texture": "#1"},
				"south": {"uv": [8, 10, 4, 13], "texture": "#1"},
				"west": {"uv": [9, 5, 12, 0], "rotation": 90, "texture": "#1"},
				"up": {"uv": [4, 0, 8, 5], "rotation": 180, "texture": "#1"},
				"down": {"uv": [4, 5, 8, 0], "rotation": 180, "texture": "#1"}
			}
		}
	]
}