{
	"credit": "Made with Blockbench",
	"texture_size": [64, 64],
	"textures": {
		"1": "custom/decor/cage_2"
	},
	"elements": [
		{
			"from": [0, -6, -2],
			"to": [2, -5, 18],
			"rotation": {"angle": 0, "axis": "y", "origin": [9, 18, 8]},
			"faces": {
				"north": {"uv": [6, 4.5, 6.5, 4.75], "texture": "#1"},
				"east": {"uv": [5.5, 1.5, 10.5, 1.75], "texture": "#1"},
				"south": {"uv": [6, 4.75, 6.5, 5], "texture": "#1"},
				"west": {"uv": [5.5, 1.75, 10.5, 2], "texture": "#1"},
				"up": {"uv": [4.5, 5, 4, 0], "texture": "#1"},
				"down": {"uv": [5, 0, 4.5, 5], "texture": "#1"}
			}
		},
		{
			"from": [0, 30, -2],
			"to": [2, 31, 18],
			"rotation": {"angle": 0, "axis": "y", "origin": [9, 18, 8]},
			"faces": {
				"north": {"uv": [6.5, 4.5, 7, 4.75], "texture": "#1"},
				"east": {"uv": [5.5, 2, 10.5, 2.25], "texture": "#1"},
				"south": {"uv": [6.5, 4.75, 7, 5], "texture": "#1"},
				"west": {"uv": [5.5, 2.25, 10.5, 2.5], "texture": "#1"},
				"up": {"uv": [5.5, 5, 5, 0], "texture": "#1"},
				"down": {"uv": [4.5, 5, 4, 10], "texture": "#1"}
			}
		},
		{
			"from": [4, -6, -2],
			"to": [6, -5, 18],
			"rotation": {"angle": 0, "axis": "y", "origin": [9, 18, 8]},
			"faces": {
				"north": {"uv": [6, 4.5, 6.5, 4.75], "texture": "#1"},
				"east": {"uv": [5.5, 1.5, 10.5, 1.75], "texture": "#1"},
				"south": {"uv": [6, 4.75, 6.5, 5], "texture": "#1"},
				"west": {"uv": [5.5, 1.75, 10.5, 2], "texture": "#1"},
				"up": {"uv": [4.5, 5, 4, 0], "texture": "#1"},
				"down": {"uv": [5, 0, 4.5, 5], "texture": "#1"}
			}
		},
		{
			"from": [4, 30, -2],
			"to": [6, 31, 18],
			"rotation": {"angle": 0, "axis": "y", "origin": [9, 18, 8]},
			"faces": {
				"north": {"uv": [6.5, 4.5, 7, 4.75], "texture": "#1"},
				"east": {"uv": [5.5, 2, 10.5, 2.25], "texture": "#1"},
				"south": {"uv": [6.5, 4.75, 7, 5], "texture": "#1"},
				"west": {"uv": [5.5, 2.25, 10.5, 2.5], "texture": "#1"},
				"up": {"uv": [5.5, 5, 5, 0], "texture": "#1"},
				"down": {"uv": [4.5, 5, 4, 10], "texture": "#1"}
			}
		},
		{
			"from": [8, -6, -2],
			"to": [10, -5, 18],
			"rotation": {"angle": 0, "axis": "y", "origin": [9, 18, 8]},
			"faces": {
				"north": {"uv": [6, 4.5, 6.5, 4.75], "texture": "#1"},
				"east": {"uv": [5.5, 1.5, 10.5, 1.75], "texture": "#1"},
				"south": {"uv": [6, 4.75, 6.5, 5], "texture": "#1"},
				"west": {"uv": [5.5, 1.75, 10.5, 2], "texture": "#1"},
				"up": {"uv": [4.5, 5, 4, 0], "texture": "#1"},
				"down": {"uv": [5, 0, 4.5, 5], "texture": "#1"}
			}
		},
		{
			"from": [8, 30, -2],
			"to": [10, 31, 18],
			"rotation": {"angle": 0, "axis": "y", "origin": [9, 18, 8]},
			"faces": {
				"north": {"uv": [6.5, 4.5, 7, 4.75], "texture": "#1"},
				"east": {"uv": [5.5, 2, 10.5, 2.25], "texture": "#1"},
				"south": {"uv": [6.5, 4.75, 7, 5], "texture": "#1"},
				"west": {"uv": [5.5, 2.25, 10.5, 2.5], "texture": "#1"},
				"up": {"uv": [5.5, 5, 5, 0], "texture": "#1"},
				"down": {"uv": [4.5, 5, 4, 10], "texture": "#1"}
			}
		},
		{
			"from": [12, -6, -2],
			"to": [14, -5, 18],
			"rotation": {"angle": 0, "axis": "y", "origin": [9, 18, 8]},
			"faces": {
				"north": {"uv": [6, 4.5, 6.5, 4.75], "texture": "#1"},
				"east": {"uv": [5.5, 1.5, 10.5, 1.75], "texture": "#1"},
				"south": {"uv": [6, 4.75, 6.5, 5], "texture": "#1"},
				"west": {"uv": [5.5, 1.75, 10.5, 2], "texture": "#1"},
				"up": {"uv": [4.5, 5, 4, 0], "texture": "#1"},
				"down": {"uv": [5, 0, 4.5, 5], "texture": "#1"}
			}
		},
		{
			"from": [12, 30, -2],
			"to": [14, 31, 18],
			"rotation": {"angle": 0, "axis": "y", "origin": [9, 18, 8]},
			"faces": {
				"north": {"uv": [6.5, 4.5, 7, 4.75], "texture": "#1"},
				"east": {"uv": [5.5, 2, 10.5, 2.25], "texture": "#1"},
				"south": {"uv": [6.5, 4.75, 7, 5], "texture": "#1"},
				"west": {"uv": [5.5, 2.25, 10.5, 2.5], "texture": "#1"},
				"up": {"uv": [5.5, 5, 5, 0], "texture": "#1"},
				"down": {"uv": [4.5, 5, 4, 10], "texture": "#1"}
			}
		},
		{
			"from": [16, -6, -2],
			"to": [18, -5, 18],
			"rotation": {"angle": 0, "axis": "y", "origin": [9, 18, 8]},
			"faces": {
				"north": {"uv": [6, 4.5, 6.5, 4.75], "texture": "#1"},
				"east": {"uv": [5.5, 1.5, 10.5, 1.75], "texture": "#1"},
				"south": {"uv": [6, 4.75, 6.5, 5], "texture": "#1"},
				"west": {"uv": [5.5, 1.75, 10.5, 2], "texture": "#1"},
				"up": {"uv": [4.5, 5, 4, 0], "texture": "#1"},
				"down": {"uv": [5, 0, 4.5, 5], "texture": "#1"}
			}
		},
		{
			"from": [16, 30, -2],
			"to": [18, 31, 18],
			"rotation": {"angle": 0, "axis": "y", "origin": [9, 18, 8]},
			"faces": {
				"north": {"uv": [6.5, 4.5, 7, 4.75], "texture": "#1"},
				"east": {"uv": [5.5, 2, 10.5, 2.25], "texture": "#1"},
				"south": {"uv": [6.5, 4.75, 7, 5], "texture": "#1"},
				"west": {"uv": [5.5, 2.25, 10.5, 2.5], "texture": "#1"},
				"up": {"uv": [5.5, 5, 5, 0], "texture": "#1"},
				"down": {"uv": [4.5, 5, 4, 10], "texture": "#1"}
			}
		},
		{
			"from": [-1, -7, -1],
			"to": [19, -6, 1],
			"rotation": {"angle": 0, "axis": "y", "origin": [9, 18, 8]},
			"faces": {
				"north": {"uv": [5.5, 2.5, 10.5, 2.75], "texture": "#1"},
				"east": {"uv": [8, 6.5, 8.5, 6.75], "texture": "#1"},
				"south": {"uv": [5.5, 2.75, 10.5, 3], "texture": "#1"},
				"west": {"uv": [8, 6.75, 8.5, 7], "texture": "#1"},
				"up": {"uv": [9.5, 5.5, 4.5, 5], "texture": "#1"},
				"down": {"uv": [10.5, 0, 5.5, 0.5], "texture": "#1"}
			}
		},
		{
			"from": [-1, 11, 1],
			"to": [0, 14, 3],
			"rotation": {"angle": 0, "axis": "y", "origin": [9, 12, 8]},
			"faces": {
				"north": {"uv": [6.5, 7.75, 6.75, 8.5], "texture": "#1"},
				"east": {"uv": [6.5, 5.5, 7, 6.25], "texture": "#1"},
				"south": {"uv": [7.75, 6.5, 8, 7.25], "texture": "#1"},
				"west": {"uv": [6.5, 6.25, 7, 7], "texture": "#1"},
				"up": {"uv": [8, 8.5, 7.75, 8], "texture": "#1"},
				"down": {"uv": [8.25, 8, 8, 8.5], "texture": "#1"}
			}
		},
		{
			"from": [-1, 11, 5],
			"to": [0, 14, 7],
			"rotation": {"angle": 0, "axis": "y", "origin": [9, 12, 8]},
			"faces": {
				"north": {"uv": [6.75, 7.75, 7, 8.5], "texture": "#1"},
				"east": {"uv": [7, 5.5, 7.5, 6.25], "texture": "#1"},
				"south": {"uv": [7, 7.75, 7.25, 8.5], "texture": "#1"},
				"west": {"uv": [7, 6.25, 7.5, 7], "texture": "#1"},
				"up": {"uv": [8.5, 4, 8.25, 3.5], "texture": "#1"},
				"down": {"uv": [8.5, 4, 8.25, 4.5], "texture": "#1"}
			}
		},
		{
			"from": [-1, 5, 1],
			"to": [0, 8, 3],
			"rotation": {"angle": 0, "axis": "y", "origin": [9, 12, 8]},
			"faces": {
				"north": {"uv": [7.25, 7.75, 7.5, 8.5], "texture": "#1"},
				"east": {"uv": [6.5, 7, 7, 7.75], "texture": "#1"},
				"south": {"uv": [7.75, 7.25, 8, 8], "texture": "#1"},
				"west": {"uv": [7, 7, 7.5, 7.75], "texture": "#1"},
				"up": {"uv": [8.5, 5, 8.25, 4.5], "texture": "#1"},
				"down": {"uv": [8.5, 5.5, 8.25, 6], "texture": "#1"}
			}
		},
		{
			"from": [-2, 7, 6],
			"to": [-1, 11, 10],
			"rotation": {"angle": -22.5, "axis": "z", "origin": [-0.5, 10.5, 8]},
			"faces": {
				"north": {"uv": [7.5, 5.5, 7.75, 6.5], "texture": "#1"},
				"east": {"uv": [5.5, 3.5, 6.5, 4.5], "texture": "#1"},
				"south": {"uv": [7.5, 6.5, 7.75, 7.5], "texture": "#1"},
				"west": {"uv": [6.5, 3.5, 7.5, 4.5], "texture": "#1"},
				"up": {"uv": [7.75, 8.5, 7.5, 7.5], "texture": "#1"},
				"down": {"uv": [8, 5.5, 7.75, 6.5], "texture": "#1"}
			}
		},
		{
			"from": [-1, 5, 5],
			"to": [0, 8, 7],
			"rotation": {"angle": 0, "axis": "y", "origin": [9, 12, 8]},
			"faces": {
				"north": {"uv": [8, 3.5, 8.25, 4.25], "texture": "#1"},
				"east": {"uv": [7.5, 3.5, 8, 4.25], "texture": "#1"},
				"south": {"uv": [8, 4.25, 8.25, 5], "texture": "#1"},
				"west": {"uv": [7.5, 4.25, 8, 5], "texture": "#1"},
				"up": {"uv": [8.5, 6.5, 8.25, 6], "texture": "#1"},
				"down": {"uv": [8.5, 7, 8.25, 7.5], "texture": "#1"}
			}
		},
		{
			"from": [-1, 31, -1],
			"to": [19, 32, 1],
			"rotation": {"angle": 0, "axis": "y", "origin": [9, 18, 8]},
			"faces": {
				"north": {"uv": [5.5, 3, 10.5, 3.25], "texture": "#1"},
				"east": {"uv": [8.25, 7.5, 8.75, 7.75], "texture": "#1"},
				"south": {"uv": [5.5, 3.25, 10.5, 3.5], "texture": "#1"},
				"west": {"uv": [8.25, 7.75, 8.75, 8], "texture": "#1"},
				"up": {"uv": [10.5, 1, 5.5, 0.5], "texture": "#1"},
				"down": {"uv": [10.5, 1, 5.5, 1.5], "texture": "#1"}
			}
		},
		{
			"from": [-1, 31, 3],
			"to": [19, 32, 5],
			"rotation": {"angle": 0, "axis": "y", "origin": [9, 18, 8]},
			"faces": {
				"north": {"uv": [5.5, 3, 10.5, 3.25], "texture": "#1"},
				"east": {"uv": [8.25, 7.5, 8.75, 7.75], "texture": "#1"},
				"south": {"uv": [5.5, 3.25, 10.5, 3.5], "texture": "#1"},
				"west": {"uv": [8.25, 7.75, 8.75, 8], "texture": "#1"},
				"up": {"uv": [10.5, 1, 5.5, 0.5], "texture": "#1"},
				"down": {"uv": [10.5, 1, 5.5, 1.5], "texture": "#1"}
			}
		},
		{
			"from": [-1, -7, 3],
			"to": [19, -6, 5],
			"rotation": {"angle": 0, "axis": "y", "origin": [9, 18, 8]},
			"faces": {
				"north": {"uv": [5.5, 2.5, 10.5, 2.75], "texture": "#1"},
				"east": {"uv": [8, 6.5, 8.5, 6.75], "texture": "#1"},
				"south": {"uv": [5.5, 2.75, 10.5, 3], "texture": "#1"},
				"west": {"uv": [8, 6.75, 8.5, 7], "texture": "#1"},
				"up": {"uv": [9.5, 5.5, 4.5, 5], "texture": "#1"},
				"down": {"uv": [10.5, 0, 5.5, 0.5], "texture": "#1"}
			}
		},
		{
			"from": [-1, 31, 7],
			"to": [19, 32, 9],
			"rotation": {"angle": 0, "axis": "y", "origin": [9, 18, 8]},
			"faces": {
				"north": {"uv": [5.5, 3, 10.5, 3.25], "texture": "#1"},
				"east": {"uv": [8.25, 7.5, 8.75, 7.75], "texture": "#1"},
				"south": {"uv": [5.5, 3.25, 10.5, 3.5], "texture": "#1"},
				"west": {"uv": [8.25, 7.75, 8.75, 8], "texture": "#1"},
				"up": {"uv": [10.5, 1, 5.5, 0.5], "texture": "#1"},
				"down": {"uv": [10.5, 1, 5.5, 1.5], "texture": "#1"}
			}
		},
		{
			"from": [-1, -7, 7],
			"to": [19, -6, 9],
			"rotation": {"angle": 0, "axis": "y", "origin": [9, 18, 8]},
			"faces": {
				"north": {"uv": [5.5, 2.5, 10.5, 2.75], "texture": "#1"},
				"east": {"uv": [8, 6.5, 8.5, 6.75], "texture": "#1"},
				"south": {"uv": [5.5, 2.75, 10.5, 3], "texture": "#1"},
				"west": {"uv": [8, 6.75, 8.5, 7], "texture": "#1"},
				"up": {"uv": [9.5, 5.5, 4.5, 5], "texture": "#1"},
				"down": {"uv": [10.5, 0, 5.5, 0.5], "texture": "#1"}
			}
		},
		{
			"from": [-1, 31, 11],
			"to": [19, 32, 13],
			"rotation": {"angle": 0, "axis": "y", "origin": [9, 18, 8]},
			"faces": {
				"north": {"uv": [5.5, 3, 10.5, 3.25], "texture": "#1"},
				"east": {"uv": [8.25, 7.5, 8.75, 7.75], "texture": "#1"},
				"south": {"uv": [5.5, 3.25, 10.5, 3.5], "texture": "#1"},
				"west": {"uv": [8.25, 7.75, 8.75, 8], "texture": "#1"},
				"up": {"uv": [10.5, 1, 5.5, 0.5], "texture": "#1"},
				"down": {"uv": [10.5, 1, 5.5, 1.5], "texture": "#1"}
			}
		},
		{
			"from": [-1, -7, 11],
			"to": [19, -6, 13],
			"rotation": {"angle": 0, "axis": "y", "origin": [9, 18, 8]},
			"faces": {
				"north": {"uv": [5.5, 2.5, 10.5, 2.75], "texture": "#1"},
				"east": {"uv": [8, 6.5, 8.5, 6.75], "texture": "#1"},
				"south": {"uv": [5.5, 2.75, 10.5, 3], "texture": "#1"},
				"west": {"uv": [8, 6.75, 8.5, 7], "texture": "#1"},
				"up": {"uv": [9.5, 5.5, 4.5, 5], "texture": "#1"},
				"down": {"uv": [10.5, 0, 5.5, 0.5], "texture": "#1"}
			}
		},
		{
			"from": [-1, 31, 15],
			"to": [19, 32, 17],
			"rotation": {"angle": 0, "axis": "y", "origin": [9, 18, 8]},
			"faces": {
				"north": {"uv": [5.5, 3, 10.5, 3.25], "texture": "#1"},
				"east": {"uv": [8.25, 7.5, 8.75, 7.75], "texture": "#1"},
				"south": {"uv": [5.5, 3.25, 10.5, 3.5], "texture": "#1"},
				"west": {"uv": [8.25, 7.75, 8.75, 8], "texture": "#1"},
				"up": {"uv": [10.5, 1, 5.5, 0.5], "texture": "#1"},
				"down": {"uv": [10.5, 1, 5.5, 1.5], "texture": "#1"}
			}
		},
		{
			"from": [-1, -7, 15],
			"to": [19, -6, 17],
			"rotation": {"angle": 0, "axis": "y", "origin": [9, 18, 8]},
			"faces": {
				"north": {"uv": [5.5, 2.5, 10.5, 2.75], "texture": "#1"},
				"east": {"uv": [8, 6.5, 8.5, 6.75], "texture": "#1"},
				"south": {"uv": [5.5, 2.75, 10.5, 3], "texture": "#1"},
				"west": {"uv": [8, 6.75, 8.5, 7], "texture": "#1"},
				"up": {"uv": [9.5, 5.5, 4.5, 5], "texture": "#1"},
				"down": {"uv": [10.5, 0, 5.5, 0.5], "texture": "#1"}
			}
		},
		{
			"from": [0, -5, 17],
			"to": [2, 30, 18],
			"rotation": {"angle": 0, "axis": "y", "origin": [9, 18, 8]},
			"faces": {
				"north": {"uv": [2, 0, 2.5, 8.75], "texture": "#1"},
				"east": {"uv": [5.5, 5.5, 5.75, 14.25], "texture": "#1"},
				"south": {"uv": [2.5, 0, 3, 8.75], "texture": "#1"},
				"west": {"uv": [5.75, 5.5, 6, 14.25], "texture": "#1"},
				"up": {"uv": [6, 4.75, 5.5, 4.5], "texture": "#1"},
				"down": {"uv": [6, 4.75, 5.5, 5], "texture": "#1"}
			}
		},
		{
			"from": [0, -5, -2],
			"to": [2, 30, -1],
			"rotation": {"angle": 0, "axis": "y", "origin": [9, 18, 8]},
			"faces": {
				"north": {"uv": [3, 0, 3.5, 8.75], "texture": "#1"},
				"east": {"uv": [6, 5.5, 6.25, 14.25], "texture": "#1"},
				"south": {"uv": [3.5, 0, 4, 8.75], "texture": "#1"},
				"west": {"uv": [6.25, 5.5, 6.5, 14.25], "texture": "#1"},
				"up": {"uv": [7.5, 4.75, 7, 4.5], "texture": "#1"},
				"down": {"uv": [7.5, 4.75, 7, 5], "texture": "#1"}
			}
		},
		{
			"from": [4, -5, -2],
			"to": [6, 30, -1],
			"rotation": {"angle": 0, "axis": "y", "origin": [9, 18, 8]},
			"faces": {
				"north": {"uv": [3, 0, 3.5, 8.75], "texture": "#1"},
				"east": {"uv": [6, 5.5, 6.25, 14.25], "texture": "#1"},
				"south": {"uv": [3.5, 0, 4, 8.75], "texture": "#1"},
				"west": {"uv": [6.25, 5.5, 6.5, 14.25], "texture": "#1"},
				"up": {"uv": [7.5, 4.75, 7, 4.5], "texture": "#1"},
				"down": {"uv": [7.5, 4.75, 7, 5], "texture": "#1"}
			}
		},
		{
			"from": [4, -5, 17],
			"to": [6, 30, 18],
			"rotation": {"angle": 0, "axis": "y", "origin": [9, 18, 8]},
			"faces": {
				"north": {"uv": [2, 0, 2.5, 8.75], "texture": "#1"},
				"east": {"uv": [5.5, 5.5, 5.75, 14.25], "texture": "#1"},
				"south": {"uv": [2.5, 0, 3, 8.75], "texture": "#1"},
				"west": {"uv": [5.75, 5.5, 6, 14.25], "texture": "#1"},
				"up": {"uv": [6, 4.75, 5.5, 4.5], "texture": "#1"},
				"down": {"uv": [6, 4.75, 5.5, 5], "texture": "#1"}
			}
		},
		{
			"from": [8, -5, -2],
			"to": [10, 30, -1],
			"rotation": {"angle": 0, "axis": "y", "origin": [9, 18, 8]},
			"faces": {
				"north": {"uv": [3, 0, 3.5, 8.75], "texture": "#1"},
				"east": {"uv": [6, 5.5, 6.25, 14.25], "texture": "#1"},
				"south": {"uv": [3.5, 0, 4, 8.75], "texture": "#1"},
				"west": {"uv": [6.25, 5.5, 6.5, 14.25], "texture": "#1"},
				"up": {"uv": [7.5, 4.75, 7, 4.5], "texture": "#1"},
				"down": {"uv": [7.5, 4.75, 7, 5], "texture": "#1"}
			}
		},
		{
			"from": [8, -5, 17],
			"to": [10, 30, 18],
			"rotation": {"angle": 0, "axis": "y", "origin": [9, 18, 8]},
			"faces": {
				"north": {"uv": [2, 0, 2.5, 8.75], "texture": "#1"},
				"east": {"uv": [5.5, 5.5, 5.75, 14.25], "texture": "#1"},
				"south": {"uv": [2.5, 0, 3, 8.75], "texture": "#1"},
				"west": {"uv": [5.75, 5.5, 6, 14.25], "texture": "#1"},
				"up": {"uv": [6, 4.75, 5.5, 4.5], "texture": "#1"},
				"down": {"uv": [6, 4.75, 5.5, 5], "texture": "#1"}
			}
		},
		{
			"from": [12, -5, -2],
			"to": [14, 30, -1],
			"rotation": {"angle": 0, "axis": "y", "origin": [9, 18, 8]},
			"faces": {
				"north": {"uv": [3, 0, 3.5, 8.75], "texture": "#1"},
				"east": {"uv": [6, 5.5, 6.25, 14.25], "texture": "#1"},
				"south": {"uv": [3.5, 0, 4, 8.75], "texture": "#1"},
				"west": {"uv": [6.25, 5.5, 6.5, 14.25], "texture": "#1"},
				"up": {"uv": [7.5, 4.75, 7, 4.5], "texture": "#1"},
				"down": {"uv": [7.5, 4.75, 7, 5], "texture": "#1"}
			}
		},
		{
			"from": [12, -5, 17],
			"to": [14, 30, 18],
			"rotation": {"angle": 0, "axis": "y", "origin": [9, 18, 8]},
			"faces": {
				"north": {"uv": [2, 0, 2.5, 8.75], "texture": "#1"},
				"east": {"uv": [5.5, 5.5, 5.75, 14.25], "texture": "#1"},
				"south": {"uv": [2.5, 0, 3, 8.75], "texture": "#1"},
				"west": {"uv": [5.75, 5.5, 6, 14.25], "texture": "#1"},
				"up": {"uv": [6, 4.75, 5.5, 4.5], "texture": "#1"},
				"down": {"uv": [6, 4.75, 5.5, 5], "texture": "#1"}
			}
		},
		{
			"from": [16, -5, -2],
			"to": [18, 30, -1],
			"rotation": {"angle": 0, "axis": "y", "origin": [9, 18, 8]},
			"faces": {
				"north": {"uv": [3, 0, 3.5, 8.75], "texture": "#1"},
				"east": {"uv": [6, 5.5, 6.25, 14.25], "texture": "#1"},
				"south": {"uv": [3.5, 0, 4, 8.75], "texture": "#1"},
				"west": {"uv": [6.25, 5.5, 6.5, 14.25], "texture": "#1"},
				"up": {"uv": [7.5, 4.75, 7, 4.5], "texture": "#1"},
				"down": {"uv": [7.5, 4.75, 7, 5], "texture": "#1"}
			}
		},
		{
			"from": [16, -5, 17],
			"to": [18, 30, 18],
			"rotation": {"angle": 0, "axis": "y", "origin": [9, 18, 8]},
			"faces": {
				"north": {"uv": [2, 0, 2.5, 8.75], "texture": "#1"},
				"east": {"uv": [5.5, 5.5, 5.75, 14.25], "texture": "#1"},
				"south": {"uv": [2.5, 0, 3, 8.75], "texture": "#1"},
				"west": {"uv": [5.75, 5.5, 6, 14.25], "texture": "#1"},
				"up": {"uv": [6, 4.75, 5.5, 4.5], "texture": "#1"},
				"down": {"uv": [6, 4.75, 5.5, 5], "texture": "#1"}
			}
		},
		{
			"from": [-1, -6, -1],
			"to": [0, 31, 1],
			"rotation": {"angle": 0, "axis": "y", "origin": [9, 18, 8]},
			"faces": {
				"north": {"uv": [4.5, 5.5, 4.75, 14.75], "texture": "#1"},
				"east": {"uv": [0, 0, 0.5, 9.25], "texture": "#1"},
				"south": {"uv": [4.75, 5.5, 5, 14.75], "texture": "#1"},
				"west": {"uv": [0.5, 0, 1, 9.25], "texture": "#1"},
				"up": {"uv": [8.25, 6, 8, 5.5], "texture": "#1"},
				"down": {"uv": [8.25, 6, 8, 6.5], "texture": "#1"}
			}
		},
		{
			"from": [18, -6, -1],
			"to": [19, 31, 1],
			"rotation": {"angle": 0, "axis": "y", "origin": [9, 18, 8]},
			"faces": {
				"north": {"uv": [5, 5.5, 5.25, 14.75], "texture": "#1"},
				"east": {"uv": [1, 0, 1.5, 9.25], "texture": "#1"},
				"south": {"uv": [5.25, 5.5, 5.5, 14.75], "texture": "#1"},
				"west": {"uv": [1.5, 0, 2, 9.25], "texture": "#1"},
				"up": {"uv": [8.25, 7.5, 8, 7], "texture": "#1"},
				"down": {"uv": [8.25, 7.5, 8, 8], "texture": "#1"}
			}
		},
		{
			"from": [18, -6, 3],
			"to": [19, 31, 5],
			"rotation": {"angle": 0, "axis": "y", "origin": [9, 18, 8]},
			"faces": {
				"north": {"uv": [5, 5.5, 5.25, 14.75], "texture": "#1"},
				"east": {"uv": [1, 0, 1.5, 9.25], "texture": "#1"},
				"south": {"uv": [5.25, 5.5, 5.5, 14.75], "texture": "#1"},
				"west": {"uv": [1.5, 0, 2, 9.25], "texture": "#1"},
				"up": {"uv": [8.25, 7.5, 8, 7], "texture": "#1"},
				"down": {"uv": [8.25, 7.5, 8, 8], "texture": "#1"}
			}
		},
		{
			"from": [-1, -6, 3],
			"to": [0, 31, 5],
			"rotation": {"angle": 0, "axis": "y", "origin": [9, 18, 8]},
			"faces": {
				"north": {"uv": [4.5, 5.5, 4.75, 14.75], "texture": "#1"},
				"east": {"uv": [0, 0, 0.5, 9.25], "texture": "#1"},
				"south": {"uv": [4.75, 5.5, 5, 14.75], "texture": "#1"},
				"west": {"uv": [0.5, 0, 1, 9.25], "texture": "#1"},
				"up": {"uv": [8.25, 6, 8, 5.5], "texture": "#1"},
				"down": {"uv": [8.25, 6, 8, 6.5], "texture": "#1"}
			}
		},
		{
			"from": [18, -6, 7],
			"to": [19, 31, 9],
			"rotation": {"angle": 0, "axis": "y", "origin": [9, 18, 8]},
			"faces": {
				"north": {"uv": [5, 5.5, 5.25, 14.75], "texture": "#1"},
				"east": {"uv": [1, 0, 1.5, 9.25], "texture": "#1"},
				"south": {"uv": [5.25, 5.5, 5.5, 14.75], "texture": "#1"},
				"west": {"uv": [1.5, 0, 2, 9.25], "texture": "#1"},
				"up": {"uv": [8.25, 7.5, 8, 7], "texture": "#1"},
				"down": {"uv": [8.25, 7.5, 8, 8], "texture": "#1"}
			}
		},
		{
			"from": [-1, -6, 7],
			"to": [0, 31, 9],
			"rotation": {"angle": 0, "axis": "y", "origin": [9, 18, 8]},
			"faces": {
				"north": {"uv": [4.5, 5.5, 4.75, 14.75], "texture": "#1"},
				"east": {"uv": [0, 0, 0.5, 9.25], "texture": "#1"},
				"south": {"uv": [4.75, 5.5, 5, 14.75], "texture": "#1"},
				"west": {"uv": [0.5, 0, 1, 9.25], "texture": "#1"},
				"up": {"uv": [8.25, 6, 8, 5.5], "texture": "#1"},
				"down": {"uv": [8.25, 6, 8, 6.5], "texture": "#1"}
			}
		},
		{
			"from": [18, -6, 11],
			"to": [19, 31, 13],
			"rotation": {"angle": 0, "axis": "y", "origin": [9, 18, 8]},
			"faces": {
				"north": {"uv": [5, 5.5, 5.25, 14.75], "texture": "#1"},
				"east": {"uv": [1, 0, 1.5, 9.25], "texture": "#1"},
				"south": {"uv": [5.25, 5.5, 5.5, 14.75], "texture": "#1"},
				"west": {"uv": [1.5, 0, 2, 9.25], "texture": "#1"},
				"up": {"uv": [8.25, 7.5, 8, 7], "texture": "#1"},
				"down": {"uv": [8.25, 7.5, 8, 8], "texture": "#1"}
			}
		},
		{
			"from": [-1, -6, 11],
			"to": [0, 31, 13],
			"rotation": {"angle": 0, "axis": "y", "origin": [9, 18, 8]},
			"faces": {
				"north": {"uv": [4.5, 5.5, 4.75, 14.75], "texture": "#1"},
				"east": {"uv": [0, 0, 0.5, 9.25], "texture": "#1"},
				"south": {"uv": [4.75, 5.5, 5, 14.75], "texture": "#1"},
				"west": {"uv": [0.5, 0, 1, 9.25], "texture": "#1"},
				"up": {"uv": [8.25, 6, 8, 5.5], "texture": "#1"},
				"down": {"uv": [8.25, 6, 8, 6.5], "texture": "#1"}
			}
		},
		{
			"from": [18, -6, 15],
			"to": [19, 31, 17],
			"rotation": {"angle": 0, "axis": "y", "origin": [9, 18, 8]},
			"faces": {
				"north": {"uv": [5, 5.5, 5.25, 14.75], "texture": "#1"},
				"east": {"uv": [1, 0, 1.5, 9.25], "texture": "#1"},
				"south": {"uv": [5.25, 5.5, 5.5, 14.75], "texture": "#1"},
				"west": {"uv": [1.5, 0, 2, 9.25], "texture": "#1"},
				"up": {"uv": [8.25, 7.5, 8, 7], "texture": "#1"},
				"down": {"uv": [8.25, 7.5, 8, 8], "texture": "#1"}
			}
		},
		{
			"from": [-1, -6, 15],
			"to": [0, 31, 17],
			"rotation": {"angle": 0, "axis": "y", "origin": [9, 18, 8]},
			"faces": {
				"north": {"uv": [4.5, 5.5, 4.75, 14.75], "texture": "#1"},
				"east": {"uv": [0, 0, 0.5, 9.25], "texture": "#1"},
				"south": {"uv": [4.75, 5.5, 5, 14.75], "texture": "#1"},
				"west": {"uv": [0.5, 0, 1, 9.25], "texture": "#1"},
				"up": {"uv": [8.25, 6, 8, 5.5], "texture": "#1"},
				"down": {"uv": [8.25, 6, 8, 6.5], "texture": "#1"}
			}
		}
	],
	"groups": [
		0,
		1,
		2,
		3,
		4,
		5,
		6,
		7,
		8,
		9,
		10,
		11,
		12,
		13,
		14,
		15,
		16,
		17,
		18,
		19,
		20,
		21,
		22,
		23,
		24,
		{
			"name": "group",
			"origin": [9, 9, 8],
			"color": 0,
			"nbt": "{}",
			"children": [25, 26, 27, 28, 29, 30, 31, 32, 33, 34, 35, 36, 37, 38, 39, 40, 41, 42, 43, 44]
		}
	]
}