{
	"credit": "Made with Blockbench",
	"textures": {
		"0": "block/stone_bricks",
		"1": "custom/decor/fountain_fall",
		"2": "custom/decor/fountain_water",
		"3": "block/stonecutter_bottom",
		"4": "block/polished_andesite",
		"particle": "block/stone_bricks"
	},
	"elements": [
		{
			"from": [-4.07107, -0.075, 3],
			"to": [-0.07107, 1.925, 13],
			"rotation": {"angle": 0, "axis": "y", "origin": [-2.07107, 1, 8]},
			"faces": {
				"north": {"uv": [0, 0, 4, 2], "texture": "#0"},
				"east": {"uv": [0, 0, 10, 2], "texture": "#0"},
				"south": {"uv": [0, 0, 4, 2], "texture": "#0"},
				"west": {"uv": [0, 2, 10, 0], "texture": "#0"},
				"up": {"uv": [0, 4, 10, 0], "rotation": 270, "texture": "#0"},
				"down": {"uv": [0, 0, 10, 4], "rotation": 90, "texture": "#0"}
			}
		},
		{
			"from": [6.22183, 0, 10.77817],
			"to": [16.22183, 2, 20.77817],
			"rotation": {"angle": 45, "axis": "y", "origin": [0.22183, 1, 15.77817]},
			"faces": {
				"north": {"uv": [1, 14, 11, 16], "texture": "#3"},
				"east": {"uv": [1, 14, 11, 16], "texture": "#3"},
				"south": {"uv": [1, 14, 11, 16], "texture": "#3"},
				"west": {"uv": [1, 14, 11, 16], "texture": "#3"},
				"up": {"uv": [1, 3, 11, 13], "rotation": 270, "texture": "#3"},
				"down": {"uv": [0, 0, 10, 10], "rotation": 90, "texture": "#3"}
			}
		},
		{
			"from": [7.10051, 2, 13.77817],
			"to": [14.10051, 5, 20.77817],
			"rotation": {"angle": 45, "axis": "y", "origin": [-1.89949, 1, 15.77817]},
			"faces": {
				"north": {"uv": [0, 0, 7, 3], "texture": "#0"},
				"east": {"uv": [0, 0, 7, 3], "texture": "#0"},
				"south": {"uv": [0, 0, 7, 3], "texture": "#0"},
				"west": {"uv": [0, 0, 7, 3], "texture": "#0"},
				"up": {"uv": [0, 0, 7, 7], "rotation": 270, "texture": "#0"},
				"down": {"uv": [0, 0, 7, 7], "rotation": 90, "texture": "#0"}
			}
		},
		{
			"from": [6.10051, 5, 12.77817],
			"to": [15.10051, 8, 21.77817],
			"rotation": {"angle": 45, "axis": "y", "origin": [-1.89949, -1, 15.77817]},
			"faces": {
				"north": {"uv": [0, 0, 9, 3], "texture": "#4"},
				"east": {"uv": [0, 0, 9, 3], "texture": "#4"},
				"south": {"uv": [0, 0, 9, 3], "texture": "#4"},
				"west": {"uv": [0, 0, 9, 3], "texture": "#4"},
				"up": {"uv": [0, 0, 9, 10], "rotation": 270, "texture": "#4"},
				"down": {"uv": [0, 0, 9, 10], "rotation": 90, "texture": "#4"}
			}
		},
		{
			"from": [7.10051, 7, 14.94975],
			"to": [10.10051, 10, 17.94975],
			"rotation": {"angle": 45, "axis": "y", "origin": [-1.89949, 1, 12.94975]},
			"faces": {
				"north": {"uv": [0, 0, 3, 3], "texture": "#0"},
				"east": {"uv": [0, 0, 3, 3], "texture": "#0"},
				"south": {"uv": [0, 0, 3, 3], "texture": "#0"},
				"west": {"uv": [0, 0, 3, 3], "texture": "#0"},
				"up": {"uv": [0, 0, 3, 3], "rotation": 270, "texture": "#0"},
				"down": {"uv": [0, 0, 3, 3], "rotation": 90, "texture": "#0"}
			}
		},
		{
			"from": [3.10051, 11.75, 10.94975],
			"to": [14.10051, 11.75, 21.94975],
			"rotation": {"angle": 45, "axis": "y", "origin": [-1.89949, 1, 12.94975]},
			"faces": {
				"up": {"uv": [0, 0, 11, 11], "rotation": 270, "texture": "#2"}
			}
		},
		{
			"from": [4.5, 5.46447, 1.46447],
			"to": [11.5, 8.46447, 7.46447],
			"rotation": {"angle": 45, "axis": "x", "origin": [8, 10.5, 8]},
			"faces": {
				"north": {"uv": [0, 0, 3, 7], "rotation": 90, "texture": "#0"},
				"east": {"uv": [0, 0, 3, 6], "rotation": 90, "texture": "#0"},
				"south": {"uv": [0, 0, 3, 7], "rotation": 90, "texture": "#0"},
				"west": {"uv": [0, 0, 3, 6], "rotation": 270, "texture": "#0"},
				"up": {"uv": [0, 0, 7, 6], "texture": "#0"},
				"down": {"uv": [0, 0, 7, 6], "rotation": 180, "texture": "#0"}
			}
		},
		{
			"from": [4.5, 5.46447, 8.53553],
			"to": [11.5, 8.46447, 14.53553],
			"rotation": {"angle": -45, "axis": "x", "origin": [8, 10.5, 8]},
			"faces": {
				"north": {"uv": [0, 7, 3, 14], "rotation": 90, "texture": "#0"},
				"east": {"uv": [0, 6, 3, 12], "rotation": 90, "texture": "#0"},
				"south": {"uv": [0, 7, 3, 14], "rotation": 90, "texture": "#0"},
				"west": {"uv": [0, 6, 3, 12], "rotation": 270, "texture": "#0"},
				"up": {"uv": [0, 6, 7, 12], "texture": "#0"},
				"down": {"uv": [0, 6, 7, 12], "rotation": 180, "texture": "#0"}
			}
		},
		{
			"from": [1.46447, 5.46447, 4.5],
			"to": [7.46447, 8.46447, 11.5],
			"rotation": {"angle": -45, "axis": "z", "origin": [8, 10.5, 8]},
			"faces": {
				"north": {"uv": [0, 6, 3, 12], "rotation": 270, "texture": "#0"},
				"east": {"uv": [0, 7, 3, 14], "rotation": 90, "texture": "#0"},
				"south": {"uv": [0, 6, 3, 12], "rotation": 90, "texture": "#0"},
				"west": {"uv": [0, 7, 3, 14], "rotation": 90, "texture": "#0"},
				"up": {"uv": [0, 6, 7, 12], "rotation": 90, "texture": "#0"},
				"down": {"uv": [0, 6, 7, 12], "rotation": 90, "texture": "#0"}
			}
		},
		{
			"from": [8.53553, 5.46447, 4.5],
			"to": [14.53553, 8.46447, 11.5],
			"rotation": {"angle": 45, "axis": "z", "origin": [8, 10.5, 8]},
			"faces": {
				"north": {"uv": [0, 0, 3, 6], "rotation": 270, "texture": "#0"},
				"east": {"uv": [0, 0, 3, 7], "rotation": 90, "texture": "#0"},
				"south": {"uv": [0, 0, 3, 6], "rotation": 90, "texture": "#0"},
				"west": {"uv": [0, 0, 3, 7], "rotation": 90, "texture": "#0"},
				"up": {"uv": [0, 0, 7, 6], "rotation": 90, "texture": "#0"},
				"down": {"uv": [0, 0, 7, 6], "rotation": 90, "texture": "#0"}
			}
		},
		{
			"from": [2.22183, 1.75, 7.07107],
			"to": [19.22183, 1.75, 24.07107],
			"rotation": {"angle": 45, "axis": "y", "origin": [0.22183, 1, 15.07107]},
			"faces": {
				"north": {"uv": [0, 0, 16, 0], "texture": "#missing"},
				"up": {"uv": [0, 0, 16, 16], "rotation": 270, "texture": "#2"}
			}
		},
		{
			"from": [2.5, 1.75, 7],
			"to": [2.5, 11.75, 9],
			"rotation": {"angle": 45, "axis": "y", "origin": [8, 4.75, 8]},
			"faces": {
				"east": {"uv": [0, 0, 2, 10], "texture": "#1"},
				"west": {"uv": [2, 0, 0, 10], "texture": "#1"}
			}
		},
		{
			"from": [13.5, 1.75, 7],
			"to": [13.5, 11.75, 9],
			"rotation": {"angle": -45, "axis": "y", "origin": [8, 4.75, 8]},
			"faces": {
				"east": {"uv": [2, 0, 0, 10], "texture": "#1"},
				"west": {"uv": [0, 0, 2, 10], "texture": "#1"}
			}
		},
		{
			"from": [13.5, 1.75, 7],
			"to": [13.5, 11.75, 9],
			"rotation": {"angle": 45, "axis": "y", "origin": [8, 4.75, 8]},
			"faces": {
				"east": {"uv": [2, 0, 0, 10], "texture": "#1"},
				"west": {"uv": [0, 0, 2, 10], "texture": "#1"}
			}
		},
		{
			"from": [2.5, 1.75, 7],
			"to": [2.5, 11.75, 9],
			"rotation": {"angle": -45, "axis": "y", "origin": [8, 4.75, 8]},
			"faces": {
				"east": {"uv": [0, 0, 2, 10], "texture": "#1"},
				"west": {"uv": [2, 0, 0, 10], "texture": "#1"}
			}
		},
		{
			"from": [-4.12132, 0, -1.12132],
			"to": [5.87868, 2, 2.87868],
			"rotation": {"angle": 45, "axis": "y", "origin": [0.87868, 1, 0.87868]},
			"faces": {
				"north": {"uv": [0, 2, 10, 0], "texture": "#0"},
				"east": {"uv": [0, 0, 4, 2], "texture": "#0"},
				"south": {"uv": [0, 0, 10, 2], "texture": "#0"},
				"west": {"uv": [0, 0, 4, 2], "texture": "#0"},
				"up": {"uv": [0, 4, 10, 0], "texture": "#0"},
				"down": {"uv": [0, 0, 10, 4], "texture": "#0"}
			}
		},
		{
			"from": [3, -0.075, 16.07107],
			"to": [13, 1.925, 20.07107],
			"rotation": {"angle": 0, "axis": "y", "origin": [4.43934, 1, 16.59619]},
			"faces": {
				"north": {"uv": [0, 0, 10, 2], "texture": "#0"},
				"east": {"uv": [0, 0, 4, 2], "texture": "#0"},
				"south": {"uv": [0, 2, 10, 0], "texture": "#0"},
				"west": {"uv": [0, 0, 4, 2], "texture": "#0"},
				"up": {"uv": [0, 4, 10, 0], "rotation": 180, "texture": "#0"},
				"down": {"uv": [0, 0, 10, 4], "rotation": 180, "texture": "#0"}
			}
		},
		{
			"from": [0.96447, 0, 8.03553],
			"to": [4.96447, 2, 18.03553],
			"rotation": {"angle": 45, "axis": "y", "origin": [4.43934, 1, 16.59619]},
			"faces": {
				"north": {"uv": [0, 0, 4, 2], "texture": "#0"},
				"east": {"uv": [0, 0, 10, 2], "texture": "#0"},
				"south": {"uv": [0, 0, 4, 2], "texture": "#0"},
				"west": {"uv": [0, 2, 10, 0], "texture": "#0"},
				"up": {"uv": [0, 4, 10, 0], "rotation": 270, "texture": "#0"},
				"down": {"uv": [0, 0, 10, 4], "rotation": 90, "texture": "#0"}
			}
		},
		{
			"from": [8.03553, 0, 11.03553],
			"to": [18.03553, 2, 15.03553],
			"rotation": {"angle": 45, "axis": "y", "origin": [16.59619, 1, 11.56066]},
			"faces": {
				"north": {"uv": [0, 0, 10, 2], "texture": "#0"},
				"east": {"uv": [0, 0, 4, 2], "texture": "#0"},
				"south": {"uv": [0, 2, 10, 0], "texture": "#0"},
				"west": {"uv": [0, 0, 4, 2], "texture": "#0"},
				"up": {"uv": [0, 4, 10, 0], "rotation": 180, "texture": "#0"},
				"down": {"uv": [0, 0, 10, 4], "rotation": 180, "texture": "#0"}
			}
		},
		{
			"from": [16.07107, -0.075, 3],
			"to": [20.07107, 1.925, 13],
			"rotation": {"angle": 0, "axis": "y", "origin": [16.59619, 1, 11.56066]},
			"faces": {
				"north": {"uv": [0, 0, 4, 2], "texture": "#0"},
				"east": {"uv": [0, 2, 10, 0], "texture": "#0"},
				"south": {"uv": [0, 0, 4, 2], "texture": "#0"},
				"west": {"uv": [0, 0, 10, 2], "texture": "#0"},
				"up": {"uv": [0, 4, 10, 0], "rotation": 90, "texture": "#0"},
				"down": {"uv": [0, 0, 10, 4], "rotation": 270, "texture": "#0"}
			}
		},
		{
			"from": [11.03553, 0, -2.03553],
			"to": [15.03553, 2, 7.96447],
			"rotation": {"angle": 45, "axis": "y", "origin": [11.56066, 1, -0.59619]},
			"faces": {
				"north": {"uv": [0, 0, 4, 2], "texture": "#0"},
				"east": {"uv": [0, 2, 10, 0], "texture": "#0"},
				"south": {"uv": [0, 0, 4, 2], "texture": "#0"},
				"west": {"uv": [0, 0, 10, 2], "texture": "#0"},
				"up": {"uv": [0, 4, 10, 0], "rotation": 90, "texture": "#0"},
				"down": {"uv": [0, 0, 10, 4], "rotation": 270, "texture": "#0"}
			}
		},
		{
			"from": [3, -0.075, -4.07107],
			"to": [13, 1.925, -0.07107],
			"rotation": {"angle": 0, "axis": "y", "origin": [11.56066, 1, -0.59619]},
			"faces": {
				"north": {"uv": [0, 2, 10, 0], "texture": "#0"},
				"east": {"uv": [0, 0, 4, 2], "texture": "#0"},
				"south": {"uv": [0, 0, 10, 2], "texture": "#0"},
				"west": {"uv": [0, 0, 4, 2], "texture": "#0"},
				"up": {"uv": [0, 4, 10, 0], "texture": "#0"},
				"down": {"uv": [0, 0, 10, 4], "texture": "#0"}
			}
		}
	]
}