{
	"credit": "Made with Blockbench",
	"texture_size": [32, 32],
	"textures": {
		"0": "custom/decor/leaves",
		"particle": "custom/decor/leaves"
	},
	"elements": [
		{
			"from": [-6, 3.22881, -0.23231],
			"to": [8, 3.22881, 8.76769],
			"rotation": {"angle": -22.5, "axis": "x", "origin": [8, 2.19837, 8]},
			"faces": {
				"north": {"uv": [0, 0, 7, 0], "texture": "#0"},
				"east": {"uv": [0, 0, 4.5, 0], "texture": "#0"},
				"south": {"uv": [0, 0, 7, 0], "texture": "#0"},
				"west": {"uv": [0, 0, 4.5, 0], "texture": "#0"},
				"up": {"uv": [7, 4.5, 0, 0], "texture": "#0"},
				"down": {"uv": [7, 0, 0, 4.5], "texture": "#0"}
			}
		},
		{
			"from": [-6, 4.22881, -0.15731],
			"to": [8, 4.22881, 8.84269],
			"rotation": {"angle": -22.5, "axis": "x", "origin": [8, 2.19837, 8]},
			"faces": {
				"north": {"uv": [0, 0, 7, 0], "texture": "#0"},
				"east": {"uv": [0, 0, 4.5, 0], "texture": "#0"},
				"south": {"uv": [0, 0, 7, 0], "texture": "#0"},
				"west": {"uv": [0, 0, 4.5, 0], "texture": "#0"},
				"up": {"uv": [7, 9, 0, 4.5], "texture": "#0"},
				"down": {"uv": [7, 4.5, 0, 9], "texture": "#0"}
			}
		},
		{
			"from": [-6, 3.22881, 7.23231],
			"to": [8, 3.22881, 16.23231],
			"rotation": {"angle": 22.5, "axis": "x", "origin": [8, 2.19837, 8]},
			"faces": {
				"north": {"uv": [7, 0, 0, 0], "texture": "#0"},
				"east": {"uv": [4.5, 0, 0, 0], "texture": "#0"},
				"south": {"uv": [7, 0, 0, 0], "texture": "#0"},
				"west": {"uv": [4.5, 0, 0, 0], "texture": "#0"},
				"up": {"uv": [7, 0, 0, 4.5], "texture": "#0"},
				"down": {"uv": [7, 4.5, 0, 0], "texture": "#0"}
			}
		},
		{
			"from": [-6, 4.22881, 7.15731],
			"to": [8, 4.22881, 16.15731],
			"rotation": {"angle": 22.5, "axis": "x", "origin": [8, 2.19837, 8]},
			"faces": {
				"north": {"uv": [7, 0, 0, 0], "texture": "#0"},
				"east": {"uv": [4.5, 0, 0, 0], "texture": "#0"},
				"south": {"uv": [7, 0, 0, 0], "texture": "#0"},
				"west": {"uv": [4.5, 0, 0, 0], "texture": "#0"},
				"up": {"uv": [7, 4.5, 0, 9], "texture": "#0"},
				"down": {"uv": [7, 9, 0, 4.5], "texture": "#0"}
			}
		},
		{
			"from": [8, 3.22881, -0.23231],
			"to": [22, 3.22881, 8.76769],
			"rotation": {"angle": -22.5, "axis": "x", "origin": [8, 2.19837, 8]},
			"faces": {
				"north": {"uv": [7, 0, 0, 0], "texture": "#0"},
				"east": {"uv": [4.5, 0, 0, 0], "texture": "#0"},
				"south": {"uv": [7, 0, 0, 0], "texture": "#0"},
				"west": {"uv": [4.5, 0, 0, 0], "texture": "#0"},
				"up": {"uv": [0, 4.5, 7, 0], "texture": "#0"},
				"down": {"uv": [0, 0, 7, 4.5], "texture": "#0"}
			}
		},
		{
			"from": [8, 4.22881, -0.15731],
			"to": [22, 4.22881, 8.84269],
			"rotation": {"angle": -22.5, "axis": "x", "origin": [8, 2.19837, 8]},
			"faces": {
				"north": {"uv": [7, 0, 0, 0], "texture": "#0"},
				"east": {"uv": [4.5, 0, 0, 0], "texture": "#0"},
				"south": {"uv": [7, 0, 0, 0], "texture": "#0"},
				"west": {"uv": [4.5, 0, 0, 0], "texture": "#0"},
				"up": {"uv": [0, 9, 7, 4.5], "texture": "#0"},
				"down": {"uv": [0, 4.5, 7, 9], "texture": "#0"}
			}
		},
		{
			"from": [8, 4.22881, 7.15731],
			"to": [22, 4.22881, 16.15731],
			"rotation": {"angle": 22.5, "axis": "x", "origin": [8, 2.19837, 8]},
			"faces": {
				"north": {"uv": [0, 0, 7, 0], "texture": "#0"},
				"east": {"uv": [0, 0, 4.5, 0], "texture": "#0"},
				"south": {"uv": [0, 0, 7, 0], "texture": "#0"},
				"west": {"uv": [0, 0, 4.5, 0], "texture": "#0"},
				"up": {"uv": [0, 4.5, 7, 9], "texture": "#0"},
				"down": {"uv": [0, 9, 7, 4.5], "texture": "#0"}
			}
		},
		{
			"from": [8, 3.22881, 7.23231],
			"to": [22, 3.22881, 16.23231],
			"rotation": {"angle": 22.5, "axis": "x", "origin": [8, 2.19837, 8]},
			"faces": {
				"north": {"uv": [0, 0, 7, 0], "texture": "#0"},
				"east": {"uv": [0, 0, 4.5, 0], "texture": "#0"},
				"south": {"uv": [0, 0, 7, 0], "texture": "#0"},
				"west": {"uv": [0, 0, 4.5, 0], "texture": "#0"},
				"up": {"uv": [0, 0, 7, 4.5], "texture": "#0"},
				"down": {"uv": [0, 4.5, 7, 0], "texture": "#0"}
			}
		},
		{
			"from": [7.23231, 3.22881, -6],
			"to": [16.23231, 3.22881, 8],
			"rotation": {"angle": -22.5, "axis": "z", "origin": [8, 2.19837, 8]},
			"faces": {
				"north": {"uv": [0, 0, 4.5, 0], "texture": "#0"},
				"east": {"uv": [0, 0, 7, 0], "texture": "#0"},
				"south": {"uv": [0, 0, 4.5, 0], "texture": "#0"},
				"west": {"uv": [0, 0, 7, 0], "texture": "#0"},
				"up": {"uv": [7, 4.5, 0, 0], "rotation": 90, "texture": "#0"},
				"down": {"uv": [7, 0, 0, 4.5], "rotation": 270, "texture": "#0"}
			}
		},
		{
			"from": [7.15731, 4.22881, -6],
			"to": [16.15731, 4.22881, 8],
			"rotation": {"angle": -22.5, "axis": "z", "origin": [8, 2.19837, 8]},
			"faces": {
				"north": {"uv": [0, 0, 4.5, 0], "texture": "#0"},
				"east": {"uv": [0, 0, 7, 0], "texture": "#0"},
				"south": {"uv": [0, 0, 4.5, 0], "texture": "#0"},
				"west": {"uv": [0, 0, 7, 0], "texture": "#0"},
				"up": {"uv": [7, 9, 0, 4.5], "rotation": 90, "texture": "#0"},
				"down": {"uv": [7, 4.5, 0, 9], "rotation": 270, "texture": "#0"}
			}
		},
		{
			"from": [-0.15731, 4.22881, -6],
			"to": [8.84269, 4.22881, 8],
			"rotation": {"angle": 22.5, "axis": "z", "origin": [8, 2.19837, 8]},
			"faces": {
				"north": {"uv": [4.5, 0, 0, 0], "texture": "#0"},
				"east": {"uv": [7, 0, 0, 0], "texture": "#0"},
				"south": {"uv": [4.5, 0, 0, 0], "texture": "#0"},
				"west": {"uv": [7, 0, 0, 0], "texture": "#0"},
				"up": {"uv": [7, 4.5, 0, 9], "rotation": 90, "texture": "#0"},
				"down": {"uv": [7, 9, 0, 4.5], "rotation": 270, "texture": "#0"}
			}
		},
		{
			"from": [-0.23231, 3.22881, -6],
			"to": [8.76769, 3.22881, 8],
			"rotation": {"angle": 22.5, "axis": "z", "origin": [8, 2.19837, 8]},
			"faces": {
				"north": {"uv": [4.5, 0, 0, 0], "texture": "#0"},
				"east": {"uv": [7, 0, 0, 0], "texture": "#0"},
				"south": {"uv": [4.5, 0, 0, 0], "texture": "#0"},
				"west": {"uv": [7, 0, 0, 0], "texture": "#0"},
				"up": {"uv": [7, 0, 0, 4.5], "rotation": 90, "texture": "#0"},
				"down": {"uv": [7, 4.5, 0, 0], "rotation": 270, "texture": "#0"}
			}
		},
		{
			"from": [-0.23231, 3.22881, 8],
			"to": [8.76769, 3.22881, 22],
			"rotation": {"angle": 22.5, "axis": "z", "origin": [8, 2.19837, 8]},
			"faces": {
				"north": {"uv": [0, 0, 4.5, 0], "texture": "#0"},
				"east": {"uv": [0, 0, 7, 0], "texture": "#0"},
				"south": {"uv": [0, 0, 4.5, 0], "texture": "#0"},
				"west": {"uv": [0, 0, 7, 0], "texture": "#0"},
				"up": {"uv": [0, 0, 7, 4.5], "rotation": 90, "texture": "#0"},
				"down": {"uv": [0, 4.5, 7, 0], "rotation": 270, "texture": "#0"}
			}
		},
		{
			"from": [-0.15731, 4.22881, 8],
			"to": [8.84269, 4.22881, 22],
			"rotation": {"angle": 22.5, "axis": "z", "origin": [8, 2.19837, 8]},
			"faces": {
				"north": {"uv": [0, 0, 4.5, 0], "texture": "#0"},
				"east": {"uv": [0, 0, 7, 0], "texture": "#0"},
				"south": {"uv": [0, 0, 4.5, 0], "texture": "#0"},
				"west": {"uv": [0, 0, 7, 0], "texture": "#0"},
				"up": {"uv": [0, 4.5, 7, 9], "rotation": 90, "texture": "#0"},
				"down": {"uv": [0, 9, 7, 4.5], "rotation": 270, "texture": "#0"}
			}
		},
		{
			"from": [7.15731, 4.22881, 8],
			"to": [16.15731, 4.22881, 22],
			"rotation": {"angle": -22.5, "axis": "z", "origin": [8, 2.19837, 8]},
			"faces": {
				"north": {"uv": [4.5, 0, 0, 0], "texture": "#0"},
				"east": {"uv": [7, 0, 0, 0], "texture": "#0"},
				"south": {"uv": [4.5, 0, 0, 0], "texture": "#0"},
				"west": {"uv": [7, 0, 0, 0], "texture": "#0"},
				"up": {"uv": [0, 9, 7, 4.5], "rotation": 90, "texture": "#0"},
				"down": {"uv": [0, 4.5, 7, 9], "rotation": 270, "texture": "#0"}
			}
		},
		{
			"from": [7.23231, 3.22881, 8],
			"to": [16.23231, 3.22881, 22],
			"rotation": {"angle": -22.5, "axis": "z", "origin": [8, 2.19837, 8]},
			"faces": {
				"north": {"uv": [4.5, 0, 0, 0], "texture": "#0"},
				"east": {"uv": [7, 0, 0, 0], "texture": "#0"},
				"south": {"uv": [4.5, 0, 0, 0], "texture": "#0"},
				"west": {"uv": [7, 0, 0, 0], "texture": "#0"},
				"up": {"uv": [0, 4.5, 7, 0], "rotation": 90, "texture": "#0"},
				"down": {"uv": [0, 0, 7, 4.5], "rotation": 270, "texture": "#0"}
			}
		}
	]
}