{
	"credit": "Made with Blockbench",
	"texture_size": [128, 128],
	"textures": {
		"0": "custom/decor/table",
		"particle": "custom/decor/table"
	},
	"elements": [
		{
			"from": [-10, 12, -3],
			"to": [-7, 14, 0],
			"faces": {
				"north": {"uv": [7, 4.75, 7.375, 5], "texture": "#0"},
				"east": {"uv": [7, 5, 7.375, 5.25], "texture": "#0"},
				"south": {"uv": [7, 5.25, 7.375, 5.5], "texture": "#0"},
				"west": {"uv": [7, 5.5, 7.375, 5.75], "texture": "#0"},
				"up": {"uv": [7.375, 4.375, 7, 4], "texture": "#0"},
				"down": {"uv": [7.375, 4.375, 7, 4.75], "texture": "#0"}
			}
		},
		{
			"from": [-11, 14, -4],
			"to": [27, 16, 20],
			"rotation": {"angle": 0, "axis": "y", "origin": [0, 0, 16]},
			"faces": {
				"north": {"uv": [7, 0, 11.75, 0.25], "texture": "#0"},
				"east": {"uv": [7, 0.5, 10, 0.75], "texture": "#0"},
				"south": {"uv": [7, 0.25, 11.75, 0.5], "texture": "#0"},
				"west": {"uv": [7, 0.75, 10, 1], "texture": "#0"},
				"up": {"uv": [4.75, 3, 0, 0], "texture": "#0"},
				"down": {"uv": [4.75, 3, 0, 0], "texture": "#0"}
			}
		},
		{
			"from": [-1, 16.25, -4.25],
			"to": [17, 16.25, 20.25],
			"rotation": {"angle": 0, "axis": "y", "origin": [-10, 0, 16]},
			"faces": {
				"up": {"uv": [7, 3.125, 4.75, 0], "texture": "#0"}
			}
		},
		{
			"from": [-1, 6.25, -4.25],
			"to": [17, 16.25, -4.25],
			"rotation": {"angle": 0, "axis": "y", "origin": [-10, 0, 16]},
			"faces": {
				"north": {"uv": [0, 6, 2.25, 7.25], "texture": "#0"},
				"south": {"uv": [2.25, 6, 0, 7.25], "texture": "#0"}
			}
		},
		{
			"from": [-1, 6.25, 20.25],
			"to": [17, 16.25, 20.25],
			"rotation": {"angle": 0, "axis": "y", "origin": [-10, 0, 0]},
			"faces": {
				"north": {"uv": [9, 6.25, 6.75, 7.5], "texture": "#0"},
				"south": {"uv": [6.75, 6.25, 9, 7.5], "texture": "#0"}
			}
		},
		{
			"from": [-8.5, 0, -3],
			"to": [-8.5, 12, 0],
			"rotation": {"angle": 45, "axis": "y", "origin": [-8.5, 9, -1.5]},
			"faces": {
				"north": {"uv": [0, 0, 0, 1.5], "texture": "#0"},
				"east": {"uv": [7, 1, 7.375, 2.5], "texture": "#0"},
				"south": {"uv": [0, 0, 0, 1.5], "texture": "#0"},
				"west": {"uv": [7.375, 1, 7, 2.5], "texture": "#0"},
				"up": {"uv": [0, 0.375, 0, 0], "texture": "#0"},
				"down": {"uv": [0, 0, 0, 0.375], "texture": "#0"}
			}
		},
		{
			"from": [23, 12, -3],
			"to": [26, 14, 0],
			"rotation": {"angle": 0, "axis": "y", "origin": [16, 0, 0]},
			"faces": {
				"north": {"uv": [7.375, 4.75, 7, 5], "texture": "#0"},
				"east": {"uv": [7.375, 5.5, 7, 5.75], "texture": "#0"},
				"south": {"uv": [7.375, 5.25, 7, 5.5], "texture": "#0"},
				"west": {"uv": [7.375, 5, 7, 5.25], "texture": "#0"},
				"up": {"uv": [7, 4.375, 7.375, 4], "texture": "#0"},
				"down": {"uv": [7, 4.375, 7.375, 4.75], "texture": "#0"}
			}
		},
		{
			"from": [24.5, 0, -3],
			"to": [24.5, 12, 0],
			"rotation": {"angle": -45, "axis": "y", "origin": [24.5, 9, -1.5]},
			"faces": {
				"north": {"uv": [0, 0, 0, 1.5], "texture": "#0"},
				"east": {"uv": [7, 1, 7.375, 2.5], "texture": "#0"},
				"south": {"uv": [0, 0, 0, 1.5], "texture": "#0"},
				"west": {"uv": [7.375, 1, 7, 2.5], "texture": "#0"},
				"up": {"uv": [0, 0.375, 0, 0], "texture": "#0"},
				"down": {"uv": [0, 0, 0, 0.375], "texture": "#0"}
			}
		},
		{
			"from": [23, 12, 16],
			"to": [26, 14, 19],
			"rotation": {"angle": 0, "axis": "y", "origin": [16, 0, 16]},
			"faces": {
				"north": {"uv": [7, 5.25, 7.375, 5.5], "texture": "#0"},
				"east": {"uv": [7, 5.5, 7.375, 5.75], "texture": "#0"},
				"south": {"uv": [7, 4.75, 7.375, 5], "texture": "#0"},
				"west": {"uv": [7, 5, 7.375, 5.25], "texture": "#0"},
				"up": {"uv": [7, 4, 7.375, 4.375], "texture": "#0"},
				"down": {"uv": [7, 4.75, 7.375, 4.375], "texture": "#0"}
			}
		},
		{
			"from": [24.5, 0, 16],
			"to": [24.5, 12, 19],
			"rotation": {"angle": 45, "axis": "y", "origin": [24.5, 9, 17.5]},
			"faces": {
				"north": {"uv": [0, 0, 0, 1.5], "texture": "#0"},
				"east": {"uv": [7.375, 1, 7, 2.5], "texture": "#0"},
				"south": {"uv": [0, 0, 0, 1.5], "texture": "#0"},
				"west": {"uv": [7, 1, 7.375, 2.5], "texture": "#0"},
				"up": {"uv": [0, 0, 0, 0.375], "texture": "#0"},
				"down": {"uv": [0, 0.375, 0, 0], "texture": "#0"}
			}
		},
		{
			"from": [-8.5, 0, 16],
			"to": [-8.5, 12, 19],
			"rotation": {"angle": -45, "axis": "y", "origin": [-8.5, 9, 17.5]},
			"faces": {
				"north": {"uv": [0, 0, 0, 1.5], "texture": "#0"},
				"east": {"uv": [7.375, 1, 7, 2.5], "texture": "#0"},
				"south": {"uv": [0, 0, 0, 1.5], "texture": "#0"},
				"west": {"uv": [7, 1, 7.375, 2.5], "texture": "#0"},
				"up": {"uv": [0, 0, 0, 0.375], "texture": "#0"},
				"down": {"uv": [0, 0.375, 0, 0], "texture": "#0"}
			}
		},
		{
			"from": [-10, 12, 16],
			"to": [-7, 14, 19],
			"rotation": {"angle": 0, "axis": "y", "origin": [0, 0, 16]},
			"faces": {
				"north": {"uv": [7.375, 5.25, 7, 5.5], "texture": "#0"},
				"east": {"uv": [7.375, 5, 7, 5.25], "texture": "#0"},
				"south": {"uv": [7.375, 4.75, 7, 5], "texture": "#0"},
				"west": {"uv": [7.375, 5.5, 7, 5.75], "texture": "#0"},
				"up": {"uv": [7.375, 4, 7, 4.375], "texture": "#0"},
				"down": {"uv": [7.375, 4.75, 7, 4.375], "texture": "#0"}
			}
		}
	]
}