{
	"textures": {
		"0": "minecraft:custom/entity/mob/anathema"
	},
	"elements": [
		{
			"from": [
				2.12,
				-2.17,
				8
			],
			"to": [
				13.879999999999999,
				8.120000000000001,
				8
			],
			"rotation": {
				"angle": 0,
				"axis": "y",
				"origin": [
					8,
					4.445,
					5.06
				]
			},
			"faces": {
				"north": {
					"uv": [
						0.242,
						15.758,
						0.008,
						15.992
					],
					"texture": "#0"
				},
				"east": {
					"uv": [
						0.008,
						0.008,
						0.008,
						1.742
					],
					"texture": "#0"
				},
				"south": {
					"uv": [
						3.508,
						1.758,
						5.492,
						3.492
					],
					"texture": "#0"
				},
				"west": {
					"uv": [
						0.008,
						0.008,
						0.008,
						1.742
					],
					"texture": "#0"
				},
				"up": {
					"uv": [
						1.992,
						0.008,
						0.008,
						0.008
					],
					"texture": "#0"
				},
				"down": {
					"uv": [
						1.992,
						0.008,
						0.008,
						0.008
					],
					"texture": "#0"
				}
			}
		}
	],
	"display": {
		"head": {
			"rotation": [
				0,
				180,
				0
			]
		}
	}
}