{
	"textures": {
		"0": "minecraft:custom/entity/mob/anathema"
	},
	"elements": [
		{
			"from": [
				7.1815999999999995,
				-0.8826699999999974,
				5.795
			],
			"to": [
				11.5916,
				6.4673300000000005,
				10.205
			],
			"rotation": {
				"angle": 0,
				"axis": "y",
				"origin": [
					7.1815999999999995,
					4.629830000000002,
					6.53
				]
			},
			"faces": {
				"north": {
					"uv": [
						9.758,
						1.508,
						10.992,
						2.242
					],
					"rotation": 90,
					"texture": "#0"
				},
				"east": {
					"uv": [
						11.242,
						3.258,
						10.008,
						3.992
					],
					"rotation": 270,
					"texture": "#0"
				},
				"south": {
					"uv": [
						6.508,
						9.758,
						7.742,
						10.492
					],
					"rotation": 270,
					"texture": "#0"
				},
				"west": {
					"uv": [
						8.992,
						10.492,
						7.758,
						9.758
					],
					"rotation": 270,
					"texture": "#0"
				},
				"up": {
					"uv": [
						7.008,
						11.508,
						7.742,
						12.242
					],
					"rotation": 270,
					"texture": "#0"
				},
				"down": {
					"uv": [
						7.758,
						11.508,
						8.492,
						12.242
					],
					"rotation": 270,
					"texture": "#0"
				}
			}
		},
		{
			"from": [
				7.5491,
				6.4673300000000005,
				6.1625
			],
			"to": [
				11.2241,
				7.937329999999999,
				9.8375
			],
			"rotation": {
				"angle": 0,
				"axis": "y",
				"origin": [
					7.1815999999999995,
					4.629830000000002,
					6.53
				]
			},
			"faces": {
				"north": {
					"uv": [
						12.758,
						1.508,
						12.992,
						2.242
					],
					"rotation": 90,
					"texture": "#0"
				},
				"east": {
					"uv": [
						3.242,
						12.758,
						3.008,
						13.492
					],
					"rotation": 270,
					"texture": "#0"
				},
				"south": {
					"uv": [
						1.758,
						12.758,
						1.992,
						13.492
					],
					"rotation": 270,
					"texture": "#0"
				},
				"west": {
					"uv": [
						2.242,
						13.492,
						2.008,
						12.758
					],
					"rotation": 270,
					"texture": "#0"
				},
				"up": {
					"uv": [
						8.508,
						11.508,
						9.242,
						12.242
					],
					"rotation": 270,
					"texture": "#0"
				},
				"down": {
					"uv": [
						9.258,
						11.508,
						9.992,
						12.242
					],
					"rotation": 270,
					"texture": "#0"
				}
			}
		},
		{
			"from": [
				6.0791,
				7.937329999999999,
				5.795
			],
			"to": [
				11.5916,
				9.407330000000002,
				10.205
			],
			"rotation": {
				"angle": 0,
				"axis": "y",
				"origin": [
					7.1815999999999995,
					4.629830000000002,
					6.53
				]
			},
			"faces": {
				"north": {
					"uv": [
						12.008,
						12.258,
						12.242,
						13.242
					],
					"rotation": 90,
					"texture": "#0"
				},
				"east": {
					"uv": [
						12.992,
						3.758,
						12.758,
						4.492
					],
					"rotation": 270,
					"texture": "#0"
				},
				"south": {
					"uv": [
						12.258,
						12.008,
						12.492,
						12.992
					],
					"rotation": 270,
					"texture": "#0"
				},
				"west": {
					"uv": [
						3.992,
						13.492,
						3.758,
						12.758
					],
					"rotation": 270,
					"texture": "#0"
				},
				"up": {
					"uv": [
						9.508,
						10.508,
						10.242,
						11.492
					],
					"rotation": 270,
					"texture": "#0"
				},
				"down": {
					"uv": [
						10.258,
						10.508,
						10.992,
						11.492
					],
					"rotation": 270,
					"texture": "#0"
				}
			}
		},
		{
			"from": [
				6.0791,
				0.5873300000000015,
				6.1625
			],
			"to": [
				6.0791,
				9.407330000000002,
				9.8375
			],
			"rotation": {
				"angle": -22.5,
				"axis": "z",
				"origin": [
					6.0791,
					9.407330000000002,
					8
				]
			},
			"faces": {
				"north": {
					"uv": [
						0.008,
						0.008,
						1.492,
						0.008
					],
					"rotation": 90,
					"texture": "#0"
				},
				"east": {
					"uv": [
						0.242,
						15.758,
						0.008,
						15.992
					],
					"rotation": 270,
					"texture": "#0"
				},
				"south": {
					"uv": [
						0.008,
						0.008,
						1.492,
						0.008
					],
					"rotation": 270,
					"texture": "#0"
				},
				"west": {
					"uv": [
						11.242,
						1.492,
						9.758,
						0.758
					],
					"rotation": 270,
					"texture": "#0"
				},
				"up": {
					"uv": [
						0.008,
						0.008,
						0.742,
						0.008
					],
					"rotation": 270,
					"texture": "#0"
				},
				"down": {
					"uv": [
						0.008,
						0.008,
						0.742,
						0.008
					],
					"rotation": 270,
					"texture": "#0"
				}
			}
		}
	],
	"display": {
		"head": {
			"rotation": [
				0,
				180,
				0
			]
		}
	}
}