{
	"textures": {
		"0": "minecraft:custom/entity/mob/anathema"
	},
	"elements": [
		{
			"from": [
				6.67285,
				-1.79218,
				6.53
			],
			"to": [
				9.61285,
				5.5578199999999995,
				9.47
			],
			"rotation": {
				"angle": 0,
				"axis": "y",
				"origin": [
					5.937849999999999,
					3.720320000000001,
					6.53
				]
			},
			"faces": {
				"north": {
					"uv": [
						11.008,
						10.758,
						12.242,
						11.242
					],
					"rotation": 90,
					"texture": "#0"
				},
				"east": {
					"uv": [
						12.492,
						1.008,
						11.258,
						1.492
					],
					"rotation": 270,
					"texture": "#0"
				},
				"south": {
					"uv": [
						11.258,
						0.508,
						12.492,
						0.992
					],
					"rotation": 270,
					"texture": "#0"
				},
				"west": {
					"uv": [
						2.242,
						11.742,
						1.008,
						11.258
					],
					"rotation": 270,
					"texture": "#0"
				},
				"up": {
					"uv": [
						12.258,
						11.008,
						12.742,
						11.492
					],
					"rotation": 270,
					"texture": "#0"
				},
				"down": {
					"uv": [
						12.258,
						11.508,
						12.742,
						11.992
					],
					"rotation": 270,
					"texture": "#0"
				}
			}
		},
		{
			"from": [
				6.30535,
				5.5578199999999995,
				6.1625
			],
			"to": [
				9.98035,
				8.49782,
				9.8375
			],
			"rotation": {
				"angle": 0,
				"axis": "y",
				"origin": [
					5.937849999999999,
					3.720320000000001,
					6.53
				]
			},
			"faces": {
				"north": {
					"uv": [
						0.508,
						12.258,
						0.992,
						12.992
					],
					"rotation": 90,
					"texture": "#0"
				},
				"east": {
					"uv": [
						4.992,
						12.258,
						4.508,
						12.992
					],
					"rotation": 270,
					"texture": "#0"
				},
				"south": {
					"uv": [
						12.258,
						1.508,
						12.742,
						2.242
					],
					"rotation": 270,
					"texture": "#0"
				},
				"west": {
					"uv": [
						12.742,
						4.742,
						12.258,
						4.008
					],
					"rotation": 270,
					"texture": "#0"
				},
				"up": {
					"uv": [
						10.008,
						11.508,
						10.742,
						12.242
					],
					"rotation": 270,
					"texture": "#0"
				},
				"down": {
					"uv": [
						1.008,
						11.758,
						1.742,
						12.492
					],
					"rotation": 270,
					"texture": "#0"
				}
			}
		},
		{
			"from": [
				6.23185,
				-1.79218,
				1.7525000000000004
			],
			"to": [
				6.23185,
				8.49782,
				14.2475
			],
			"rotation": {
				"angle": -22.5,
				"axis": "z",
				"origin": [
					6.23185,
					8.49782,
					8
				]
			},
			"faces": {
				"north": {
					"uv": [
						0.008,
						0.008,
						1.742,
						0.008
					],
					"rotation": 90,
					"texture": "#0"
				},
				"east": {
					"uv": [
						0.242,
						15.758,
						0.008,
						15.992
					],
					"rotation": 270,
					"texture": "#0"
				},
				"south": {
					"uv": [
						0.008,
						0.008,
						1.742,
						0.008
					],
					"rotation": 270,
					"texture": "#0"
				},
				"west": {
					"uv": [
						1.742,
						2.242,
						0.008,
						0.008
					],
					"rotation": 270,
					"texture": "#0"
				},
				"up": {
					"uv": [
						0.008,
						0.008,
						2.242,
						0.008
					],
					"rotation": 270,
					"texture": "#0"
				},
				"down": {
					"uv": [
						0.008,
						0.008,
						2.242,
						0.008
					],
					"rotation": 270,
					"texture": "#0"
				}
			}
		},
		{
			"from": [
				1.8953500000000005,
				-1.79218,
				9.911000000000001
			],
			"to": [
				14.39035,
				8.49782,
				9.911000000000001
			],
			"rotation": {
				"angle": -22.5,
				"axis": "x",
				"origin": [
					8.14285,
					8.49782,
					9.911000000000001
				]
			},
			"faces": {
				"north": {
					"uv": [
						0.242,
						15.758,
						0.008,
						15.992
					],
					"rotation": 90,
					"texture": "#0"
				},
				"east": {
					"uv": [
						1.742,
						0.008,
						0.008,
						0.008
					],
					"rotation": 270,
					"texture": "#0"
				},
				"south": {
					"uv": [
						1.742,
						2.242,
						0.008,
						0.008
					],
					"rotation": 270,
					"texture": "#0"
				},
				"west": {
					"uv": [
						1.742,
						0.008,
						0.008,
						0.008
					],
					"rotation": 270,
					"texture": "#0"
				},
				"up": {
					"uv": [
						0.008,
						0.008,
						0.008,
						2.242
					],
					"rotation": 270,
					"texture": "#0"
				},
				"down": {
					"uv": [
						0.008,
						0.008,
						0.008,
						2.242
					],
					"rotation": 270,
					"texture": "#0"
				}
			}
		},
		{
			"from": [
				2.1893499999999992,
				-1.79218,
				6.089
			],
			"to": [
				14.68435,
				8.49782,
				6.089
			],
			"rotation": {
				"angle": 22.5,
				"axis": "x",
				"origin": [
					8.43685,
					8.49782,
					6.089
				]
			},
			"faces": {
				"north": {
					"uv": [
						0.008,
						2.242,
						1.742,
						0.008
					],
					"rotation": 90,
					"texture": "#0"
				},
				"east": {
					"uv": [
						1.742,
						0.008,
						0.008,
						0.008
					],
					"rotation": 270,
					"texture": "#0"
				},
				"south": {
					"uv": [
						0.242,
						15.758,
						0.008,
						15.992
					],
					"rotation": 270,
					"texture": "#0"
				},
				"west": {
					"uv": [
						1.742,
						0.008,
						0.008,
						0.008
					],
					"rotation": 270,
					"texture": "#0"
				},
				"up": {
					"uv": [
						0.008,
						0.008,
						0.008,
						2.242
					],
					"rotation": 90,
					"texture": "#0"
				},
				"down": {
					"uv": [
						0.008,
						0.008,
						0.008,
						2.242
					],
					"rotation": 90,
					"texture": "#0"
				}
			}
		},
		{
			"from": [
				10.05385,
				-1.79218,
				1.7525000000000004
			],
			"to": [
				10.05385,
				8.49782,
				14.2475
			],
			"rotation": {
				"angle": 22.5,
				"axis": "z",
				"origin": [
					10.05385,
					8.49782,
					8
				]
			},
			"faces": {
				"north": {
					"uv": [
						0.008,
						0.008,
						1.742,
						0.008
					],
					"rotation": 270,
					"texture": "#0"
				},
				"east": {
					"uv": [
						1.742,
						0.008,
						0.008,
						2.242
					],
					"rotation": 270,
					"texture": "#0"
				},
				"south": {
					"uv": [
						0.008,
						0.008,
						1.742,
						0.008
					],
					"rotation": 90,
					"texture": "#0"
				},
				"west": {
					"uv": [
						0.242,
						15.758,
						0.008,
						15.992
					],
					"rotation": 270,
					"texture": "#0"
				},
				"up": {
					"uv": [
						0.008,
						0.008,
						2.242,
						0.008
					],
					"rotation": 90,
					"texture": "#0"
				},
				"down": {
					"uv": [
						0.008,
						0.008,
						2.242,
						0.008
					],
					"rotation": 90,
					"texture": "#0"
				}
			}
		},
		{
			"from": [
				6.30535,
				-4.36468,
				8.91875
			],
			"to": [
				7.04035,
				-1.79218,
				9.28625
			],
			"rotation": {
				"angle": 0,
				"axis": "y",
				"origin": [
					6.8566,
					-3.078430000000001,
					9.1025
				]
			},
			"faces": {
				"north": {
					"uv": [
						12.758,
						10.508,
						13.242,
						10.742
					],
					"rotation": 90,
					"texture": "#0"
				},
				"east": {
					"uv": [
						13.242,
						11.008,
						12.758,
						11.242
					],
					"rotation": 270,
					"texture": "#0"
				},
				"south": {
					"uv": [
						10.758,
						12.758,
						11.242,
						12.992
					],
					"rotation": 270,
					"texture": "#0"
				},
				"west": {
					"uv": [
						13.242,
						10.992,
						12.758,
						10.758
					],
					"rotation": 270,
					"texture": "#0"
				},
				"up": {
					"uv": [
						13.008,
						3.008,
						13.242,
						3.242
					],
					"rotation": 270,
					"texture": "#0"
				},
				"down": {
					"uv": [
						13.008,
						3.258,
						13.242,
						3.492
					],
					"rotation": 270,
					"texture": "#0"
				}
			}
		},
		{
			"from": [
				7.0534,
				-6.17065,
				8.735
			],
			"to": [
				8.155899999999999,
				-3.5981500000000004,
				9.47
			],
			"rotation": {
				"angle": 0,
				"axis": "y",
				"origin": [
					7.60465,
					-4.884400000000001,
					9.1025
				]
			},
			"faces": {
				"north": {
					"uv": [
						11.258,
						12.758,
						11.742,
						12.992
					],
					"rotation": 90,
					"texture": "#0"
				},
				"east": {
					"uv": [
						13.242,
						11.758,
						12.758,
						11.992
					],
					"rotation": 270,
					"texture": "#0"
				},
				"south": {
					"uv": [
						12.758,
						11.258,
						13.242,
						11.492
					],
					"rotation": 270,
					"texture": "#0"
				},
				"west": {
					"uv": [
						13.242,
						11.742,
						12.758,
						11.508
					],
					"rotation": 270,
					"texture": "#0"
				},
				"up": {
					"uv": [
						13.008,
						3.508,
						13.242,
						3.742
					],
					"rotation": 270,
					"texture": "#0"
				},
				"down": {
					"uv": [
						13.008,
						3.758,
						13.242,
						3.992
					],
					"rotation": 270,
					"texture": "#0"
				}
			}
		},
		{
			"from": [
				7.0534,
				-6.17065,
				6.53
			],
			"to": [
				8.155899999999999,
				-3.5981500000000004,
				7.265000000000001
			],
			"rotation": {
				"angle": 0,
				"axis": "y",
				"origin": [
					7.60465,
					-4.884400000000001,
					6.8975
				]
			},
			"faces": {
				"north": {
					"uv": [
						12.758,
						9.758,
						13.242,
						9.992
					],
					"rotation": 90,
					"texture": "#0"
				},
				"east": {
					"uv": [
						13.242,
						10.258,
						12.758,
						10.492
					],
					"rotation": 270,
					"texture": "#0"
				},
				"south": {
					"uv": [
						10.008,
						12.758,
						10.492,
						12.992
					],
					"rotation": 270,
					"texture": "#0"
				},
				"west": {
					"uv": [
						13.242,
						10.242,
						12.758,
						10.008
					],
					"rotation": 270,
					"texture": "#0"
				},
				"up": {
					"uv": [
						13.008,
						2.508,
						13.242,
						2.742
					],
					"rotation": 270,
					"texture": "#0"
				},
				"down": {
					"uv": [
						13.008,
						2.758,
						13.242,
						2.992
					],
					"rotation": 270,
					"texture": "#0"
				}
			}
		},
		{
			"from": [
				6.30535,
				-4.36468,
				6.71375
			],
			"to": [
				7.04035,
				-1.79218,
				7.081250000000001
			],
			"rotation": {
				"angle": 0,
				"axis": "y",
				"origin": [
					6.8566,
					-3.078430000000001,
					6.8975
				]
			},
			"faces": {
				"north": {
					"uv": [
						12.758,
						9.008,
						13.242,
						9.242
					],
					"rotation": 90,
					"texture": "#0"
				},
				"east": {
					"uv": [
						13.242,
						9.508,
						12.758,
						9.742
					],
					"rotation": 270,
					"texture": "#0"
				},
				"south": {
					"uv": [
						12.758,
						9.258,
						13.242,
						9.492
					],
					"rotation": 270,
					"texture": "#0"
				},
				"west": {
					"uv": [
						9.992,
						12.992,
						9.508,
						12.758
					],
					"rotation": 270,
					"texture": "#0"
				},
				"up": {
					"uv": [
						13.008,
						2.258,
						13.242,
						2.492
					],
					"rotation": 270,
					"texture": "#0"
				},
				"down": {
					"uv": [
						2.508,
						13.008,
						2.742,
						13.242
					],
					"rotation": 270,
					"texture": "#0"
				}
			}
		},
		{
			"from": [
				8.1298,
				-6.17065,
				7.6325
			],
			"to": [
				9.2323,
				-3.5981500000000004,
				8.3675
			],
			"rotation": {
				"angle": 0,
				"axis": "y",
				"origin": [
					8.681049999999999,
					-4.884400000000001,
					8
				]
			},
			"faces": {
				"north": {
					"uv": [
						0.008,
						13.008,
						0.492,
						13.242
					],
					"rotation": 90,
					"texture": "#0"
				},
				"east": {
					"uv": [
						0.992,
						13.008,
						0.508,
						13.242
					],
					"rotation": 270,
					"texture": "#0"
				},
				"south": {
					"uv": [
						13.008,
						0.008,
						13.492,
						0.242
					],
					"rotation": 270,
					"texture": "#0"
				},
				"west": {
					"uv": [
						13.492,
						0.492,
						13.008,
						0.258
					],
					"rotation": 270,
					"texture": "#0"
				},
				"up": {
					"uv": [
						4.508,
						13.008,
						4.742,
						13.242
					],
					"rotation": 270,
					"texture": "#0"
				},
				"down": {
					"uv": [
						4.758,
						13.008,
						4.992,
						13.242
					],
					"rotation": 270,
					"texture": "#0"
				}
			}
		},
		{
			"from": [
				9.24535,
				-4.36468,
				7.81625
			],
			"to": [
				9.98035,
				-1.79218,
				8.18375
			],
			"rotation": {
				"angle": 0,
				"axis": "y",
				"origin": [
					9.4291,
					-3.078430000000001,
					8
				]
			},
			"faces": {
				"north": {
					"uv": [
						12.758,
						12.008,
						13.242,
						12.242
					],
					"rotation": 90,
					"texture": "#0"
				},
				"east": {
					"uv": [
						13.242,
						12.508,
						12.758,
						12.742
					],
					"rotation": 270,
					"texture": "#0"
				},
				"south": {
					"uv": [
						12.758,
						12.258,
						13.242,
						12.492
					],
					"rotation": 270,
					"texture": "#0"
				},
				"west": {
					"uv": [
						12.992,
						12.992,
						12.508,
						12.758
					],
					"rotation": 270,
					"texture": "#0"
				},
				"up": {
					"uv": [
						13.008,
						4.008,
						13.242,
						4.242
					],
					"rotation": 270,
					"texture": "#0"
				},
				"down": {
					"uv": [
						13.008,
						4.258,
						13.242,
						4.492
					],
					"rotation": 270,
					"texture": "#0"
				}
			}
		}
	],
	"display": {
		"head": {
			"rotation": [
				0,
				180,
				0
			]
		}
	}
}