{
	"textures": {
		"0": "minecraft:custom/entity/mob/anathema"
	},
	"elements": [
		{
			"from": [
				6.38715,
				-1.79218,
				6.53
			],
			"to": [
				9.32715,
				5.5578199999999995,
				9.47
			],
			"rotation": {
				"angle": 0,
				"axis": "y",
				"origin": [
					10.06215,
					3.720320000000001,
					6.53
				]
			},
			"faces": {
				"north": {
					"uv": [
						11.008,
						11.242,
						12.242,
						10.758
					],
					"rotation": 90,
					"texture": "#0"
				},
				"east": {
					"uv": [
						2.242,
						11.258,
						1.008,
						11.742
					],
					"rotation": 270,
					"texture": "#0"
				},
				"south": {
					"uv": [
						11.258,
						0.992,
						12.492,
						0.508
					],
					"rotation": 270,
					"texture": "#0"
				},
				"west": {
					"uv": [
						12.492,
						1.492,
						11.258,
						1.008
					],
					"rotation": 270,
					"texture": "#0"
				},
				"up": {
					"uv": [
						12.258,
						11.492,
						12.742,
						11.008
					],
					"rotation": 270,
					"texture": "#0"
				},
				"down": {
					"uv": [
						12.258,
						11.992,
						12.742,
						11.508
					],
					"rotation": 270,
					"texture": "#0"
				}
			}
		},
		{
			"from": [
				6.01965,
				5.5578199999999995,
				6.1625
			],
			"to": [
				9.69465,
				8.49782,
				9.8375
			],
			"rotation": {
				"angle": 0,
				"axis": "y",
				"origin": [
					10.06215,
					3.720320000000001,
					6.53
				]
			},
			"faces": {
				"north": {
					"uv": [
						0.508,
						12.992,
						0.992,
						12.258
					],
					"rotation": 90,
					"texture": "#0"
				},
				"east": {
					"uv": [
						12.742,
						4.008,
						12.258,
						4.742
					],
					"rotation": 270,
					"texture": "#0"
				},
				"south": {
					"uv": [
						12.258,
						2.242,
						12.742,
						1.508
					],
					"rotation": 270,
					"texture": "#0"
				},
				"west": {
					"uv": [
						4.992,
						12.992,
						4.508,
						12.258
					],
					"rotation": 270,
					"texture": "#0"
				},
				"up": {
					"uv": [
						10.008,
						12.242,
						10.742,
						11.508
					],
					"rotation": 270,
					"texture": "#0"
				},
				"down": {
					"uv": [
						1.008,
						12.492,
						1.742,
						11.758
					],
					"rotation": 270,
					"texture": "#0"
				}
			}
		},
		{
			"from": [
				9.76815,
				-1.79218,
				1.7525000000000004
			],
			"to": [
				9.76815,
				8.49782,
				14.2475
			],
			"rotation": {
				"angle": 22.5,
				"axis": "z",
				"origin": [
					9.76815,
					8.49782,
					8
				]
			},
			"faces": {
				"north": {
					"uv": [
						0.008,
						0.008,
						1.742,
						0.008
					],
					"rotation": 90,
					"texture": "#0"
				},
				"east": {
					"uv": [
						1.742,
						0.008,
						0.008,
						2.242
					],
					"rotation": 270,
					"texture": "#0"
				},
				"south": {
					"uv": [
						0.008,
						0.008,
						1.742,
						0.008
					],
					"rotation": 270,
					"texture": "#0"
				},
				"west": {
					"uv": [
						0.242,
						15.992,
						0.008,
						15.758
					],
					"rotation": 270,
					"texture": "#0"
				},
				"up": {
					"uv": [
						0.008,
						0.008,
						2.242,
						0.008
					],
					"rotation": 270,
					"texture": "#0"
				},
				"down": {
					"uv": [
						0.008,
						0.008,
						2.242,
						0.008
					],
					"rotation": 270,
					"texture": "#0"
				}
			}
		},
		{
			"from": [
				1.6096500000000002,
				-1.79218,
				9.911000000000001
			],
			"to": [
				14.10465,
				8.49782,
				9.911000000000001
			],
			"rotation": {
				"angle": -22.5,
				"axis": "x",
				"origin": [
					7.85715,
					8.49782,
					9.911000000000001
				]
			},
			"faces": {
				"north": {
					"uv": [
						0.242,
						15.992,
						0.008,
						15.758
					],
					"rotation": 90,
					"texture": "#0"
				},
				"east": {
					"uv": [
						1.742,
						0.008,
						0.008,
						0.008
					],
					"rotation": 270,
					"texture": "#0"
				},
				"south": {
					"uv": [
						1.742,
						0.008,
						0.008,
						2.242
					],
					"rotation": 270,
					"texture": "#0"
				},
				"west": {
					"uv": [
						1.742,
						0.008,
						0.008,
						0.008
					],
					"rotation": 270,
					"texture": "#0"
				},
				"up": {
					"uv": [
						0.008,
						2.242,
						0.008,
						0.008
					],
					"rotation": 270,
					"texture": "#0"
				},
				"down": {
					"uv": [
						0.008,
						2.242,
						0.008,
						0.008
					],
					"rotation": 270,
					"texture": "#0"
				}
			}
		},
		{
			"from": [
				1.3156499999999998,
				-1.79218,
				6.089
			],
			"to": [
				13.81065,
				8.49782,
				6.089
			],
			"rotation": {
				"angle": 22.5,
				"axis": "x",
				"origin": [
					7.56315,
					8.49782,
					6.089
				]
			},
			"faces": {
				"north": {
					"uv": [
						0.008,
						0.008,
						1.742,
						2.242
					],
					"rotation": 90,
					"texture": "#0"
				},
				"east": {
					"uv": [
						1.742,
						0.008,
						0.008,
						0.008
					],
					"rotation": 270,
					"texture": "#0"
				},
				"south": {
					"uv": [
						0.242,
						15.992,
						0.008,
						15.758
					],
					"rotation": 270,
					"texture": "#0"
				},
				"west": {
					"uv": [
						1.742,
						0.008,
						0.008,
						0.008
					],
					"rotation": 270,
					"texture": "#0"
				},
				"up": {
					"uv": [
						0.008,
						2.242,
						0.008,
						0.008
					],
					"rotation": 90,
					"texture": "#0"
				},
				"down": {
					"uv": [
						0.008,
						2.242,
						0.008,
						0.008
					],
					"rotation": 90,
					"texture": "#0"
				}
			}
		},
		{
			"from": [
				5.946149999999999,
				-1.79218,
				1.7525000000000004
			],
			"to": [
				5.946149999999999,
				8.49782,
				14.2475
			],
			"rotation": {
				"angle": -22.5,
				"axis": "z",
				"origin": [
					5.946149999999999,
					8.49782,
					8
				]
			},
			"faces": {
				"north": {
					"uv": [
						0.008,
						0.008,
						1.742,
						0.008
					],
					"rotation": 270,
					"texture": "#0"
				},
				"east": {
					"uv": [
						0.242,
						15.992,
						0.008,
						15.758
					],
					"rotation": 270,
					"texture": "#0"
				},
				"south": {
					"uv": [
						0.008,
						0.008,
						1.742,
						0.008
					],
					"rotation": 90,
					"texture": "#0"
				},
				"west": {
					"uv": [
						1.742,
						2.242,
						0.008,
						0.008
					],
					"rotation": 270,
					"texture": "#0"
				},
				"up": {
					"uv": [
						0.008,
						0.008,
						2.242,
						0.008
					],
					"rotation": 90,
					"texture": "#0"
				},
				"down": {
					"uv": [
						0.008,
						0.008,
						2.242,
						0.008
					],
					"rotation": 90,
					"texture": "#0"
				}
			}
		},
		{
			"from": [
				8.95965,
				-4.36468,
				8.91875
			],
			"to": [
				9.69465,
				-1.79218,
				9.28625
			],
			"rotation": {
				"angle": 0,
				"axis": "y",
				"origin": [
					9.1434,
					-3.078430000000001,
					9.1025
				]
			},
			"faces": {
				"north": {
					"uv": [
						12.758,
						10.742,
						13.242,
						10.508
					],
					"rotation": 90,
					"texture": "#0"
				},
				"east": {
					"uv": [
						13.242,
						10.758,
						12.758,
						10.992
					],
					"rotation": 270,
					"texture": "#0"
				},
				"south": {
					"uv": [
						10.758,
						12.992,
						11.242,
						12.758
					],
					"rotation": 270,
					"texture": "#0"
				},
				"west": {
					"uv": [
						13.242,
						11.242,
						12.758,
						11.008
					],
					"rotation": 270,
					"texture": "#0"
				},
				"up": {
					"uv": [
						13.008,
						3.242,
						13.242,
						3.008
					],
					"rotation": 270,
					"texture": "#0"
				},
				"down": {
					"uv": [
						13.008,
						3.492,
						13.242,
						3.258
					],
					"rotation": 270,
					"texture": "#0"
				}
			}
		},
		{
			"from": [
				7.8441,
				-6.17065,
				8.735
			],
			"to": [
				8.9466,
				-3.5981500000000004,
				9.47
			],
			"rotation": {
				"angle": 0,
				"axis": "y",
				"origin": [
					8.39535,
					-4.884400000000001,
					9.1025
				]
			},
			"faces": {
				"north": {
					"uv": [
						11.258,
						12.992,
						11.742,
						12.758
					],
					"rotation": 90,
					"texture": "#0"
				},
				"east": {
					"uv": [
						13.242,
						11.508,
						12.758,
						11.742
					],
					"rotation": 270,
					"texture": "#0"
				},
				"south": {
					"uv": [
						12.758,
						11.492,
						13.242,
						11.258
					],
					"rotation": 270,
					"texture": "#0"
				},
				"west": {
					"uv": [
						13.242,
						11.992,
						12.758,
						11.758
					],
					"rotation": 270,
					"texture": "#0"
				},
				"up": {
					"uv": [
						13.008,
						3.742,
						13.242,
						3.508
					],
					"rotation": 270,
					"texture": "#0"
				},
				"down": {
					"uv": [
						13.008,
						3.992,
						13.242,
						3.758
					],
					"rotation": 270,
					"texture": "#0"
				}
			}
		},
		{
			"from": [
				7.8441,
				-6.17065,
				6.53
			],
			"to": [
				8.9466,
				-3.5981500000000004,
				7.265000000000001
			],
			"rotation": {
				"angle": 0,
				"axis": "y",
				"origin": [
					8.39535,
					-4.884400000000001,
					6.8975
				]
			},
			"faces": {
				"north": {
					"uv": [
						12.758,
						9.992,
						13.242,
						9.758
					],
					"rotation": 90,
					"texture": "#0"
				},
				"east": {
					"uv": [
						13.242,
						10.008,
						12.758,
						10.242
					],
					"rotation": 270,
					"texture": "#0"
				},
				"south": {
					"uv": [
						10.008,
						12.992,
						10.492,
						12.758
					],
					"rotation": 270,
					"texture": "#0"
				},
				"west": {
					"uv": [
						13.242,
						10.492,
						12.758,
						10.258
					],
					"rotation": 270,
					"texture": "#0"
				},
				"up": {
					"uv": [
						13.008,
						2.742,
						13.242,
						2.508
					],
					"rotation": 270,
					"texture": "#0"
				},
				"down": {
					"uv": [
						13.008,
						2.992,
						13.242,
						2.758
					],
					"rotation": 270,
					"texture": "#0"
				}
			}
		},
		{
			"from": [
				8.95965,
				-4.36468,
				6.71375
			],
			"to": [
				9.69465,
				-1.79218,
				7.081250000000001
			],
			"rotation": {
				"angle": 0,
				"axis": "y",
				"origin": [
					9.1434,
					-3.078430000000001,
					6.8975
				]
			},
			"faces": {
				"north": {
					"uv": [
						12.758,
						9.242,
						13.242,
						9.008
					],
					"rotation": 90,
					"texture": "#0"
				},
				"east": {
					"uv": [
						9.992,
						12.758,
						9.508,
						12.992
					],
					"rotation": 270,
					"texture": "#0"
				},
				"south": {
					"uv": [
						12.758,
						9.492,
						13.242,
						9.258
					],
					"rotation": 270,
					"texture": "#0"
				},
				"west": {
					"uv": [
						13.242,
						9.742,
						12.758,
						9.508
					],
					"rotation": 270,
					"texture": "#0"
				},
				"up": {
					"uv": [
						13.008,
						2.492,
						13.242,
						2.258
					],
					"rotation": 270,
					"texture": "#0"
				},
				"down": {
					"uv": [
						2.508,
						13.242,
						2.742,
						13.008
					],
					"rotation": 270,
					"texture": "#0"
				}
			}
		},
		{
			"from": [
				6.7677,
				-6.17065,
				7.6325
			],
			"to": [
				7.8702,
				-3.5981500000000004,
				8.3675
			],
			"rotation": {
				"angle": 0,
				"axis": "y",
				"origin": [
					7.31895,
					-4.884400000000001,
					8
				]
			},
			"faces": {
				"north": {
					"uv": [
						0.008,
						13.242,
						0.492,
						13.008
					],
					"rotation": 90,
					"texture": "#0"
				},
				"east": {
					"uv": [
						13.492,
						0.258,
						13.008,
						0.492
					],
					"rotation": 270,
					"texture": "#0"
				},
				"south": {
					"uv": [
						13.008,
						0.242,
						13.492,
						0.008
					],
					"rotation": 270,
					"texture": "#0"
				},
				"west": {
					"uv": [
						0.992,
						13.242,
						0.508,
						13.008
					],
					"rotation": 270,
					"texture": "#0"
				},
				"up": {
					"uv": [
						4.508,
						13.242,
						4.742,
						13.008
					],
					"rotation": 270,
					"texture": "#0"
				},
				"down": {
					"uv": [
						4.758,
						13.242,
						4.992,
						13.008
					],
					"rotation": 270,
					"texture": "#0"
				}
			}
		},
		{
			"from": [
				6.01965,
				-4.36468,
				7.81625
			],
			"to": [
				6.75465,
				-1.79218,
				8.18375
			],
			"rotation": {
				"angle": 0,
				"axis": "y",
				"origin": [
					6.5709,
					-3.078430000000001,
					8
				]
			},
			"faces": {
				"north": {
					"uv": [
						12.758,
						12.242,
						13.242,
						12.008
					],
					"rotation": 90,
					"texture": "#0"
				},
				"east": {
					"uv": [
						12.992,
						12.758,
						12.508,
						12.992
					],
					"rotation": 270,
					"texture": "#0"
				},
				"south": {
					"uv": [
						12.758,
						12.492,
						13.242,
						12.258
					],
					"rotation": 270,
					"texture": "#0"
				},
				"west": {
					"uv": [
						13.242,
						12.742,
						12.758,
						12.508
					],
					"rotation": 270,
					"texture": "#0"
				},
				"up": {
					"uv": [
						13.008,
						4.242,
						13.242,
						4.008
					],
					"rotation": 270,
					"texture": "#0"
				},
				"down": {
					"uv": [
						13.008,
						4.492,
						13.242,
						4.258
					],
					"rotation": 270,
					"texture": "#0"
				}
			}
		}
	],
	"display": {
		"head": {
			"rotation": [
				0,
				180,
				0
			]
		}
	}
}