{
	"textures": {
		"0": "minecraft:custom/entity/mob/anathema"
	},
	"elements": [
		{
			"from": [
				3.9574999999999996,
				7.9575,
				3.9574999999999996
			],
			"to": [
				12.0425,
				10.530000000000001,
				11.307500000000001
			],
			"rotation": {
				"angle": 0,
				"axis": "y",
				"origin": [
					8,
					20.085,
					8
				]
			},
			"faces": {
				"north": {
					"uv": [
						9.508,
						10.008,
						10.992,
						10.492
					],
					"texture": "#0"
				},
				"east": {
					"uv": [
						10.508,
						7.258,
						11.742,
						7.742
					],
					"texture": "#0"
				},
				"south": {
					"uv": [
						0.008,
						10.508,
						1.492,
						10.992
					],
					"texture": "#0"
				},
				"west": {
					"uv": [
						10.758,
						0.008,
						11.992,
						0.492
					],
					"texture": "#0"
				},
				"up": {
					"uv": [
						8.742,
						2.242,
						7.258,
						1.008
					],
					"texture": "#0"
				},
				"down": {
					"uv": [
						8.742,
						2.258,
						7.258,
						3.492
					],
					"texture": "#0"
				}
			}
		},
		{
			"from": [
				7.66925,
				7.59,
				3.9574999999999996
			],
			"to": [
				12.0425,
				10.8975,
				5.4275
			],
			"rotation": {
				"angle": -22.5,
				"axis": "y",
				"origin": [
					12.07925,
					9.059999999999999,
					3.9574999999999996
				]
			},
			"faces": {
				"north": {
					"uv": [
						12.258,
						2.258,
						12.992,
						2.742
					],
					"texture": "#0"
				},
				"east": {
					"uv": [
						7.258,
						11.008,
						7.492,
						11.492
					],
					"texture": "#0"
				},
				"south": {
					"uv": [
						5.008,
						12.258,
						5.742,
						12.742
					],
					"texture": "#0"
				},
				"west": {
					"uv": [
						10.758,
						11.508,
						10.992,
						11.992
					],
					"texture": "#0"
				},
				"up": {
					"uv": [
						3.242,
						4.742,
						2.508,
						4.508
					],
					"texture": "#0"
				},
				"down": {
					"uv": [
						2.492,
						5.758,
						1.758,
						5.992
					],
					"texture": "#0"
				}
			}
		},
		{
			"from": [
				10.55843,
				7.59,
				7.33571
			],
			"to": [
				12.02843,
				10.8975,
				11.30471
			],
			"rotation": {
				"angle": -22.5,
				"axis": "y",
				"origin": [
					12.02843,
					9.059999999999999,
					11.34146
				]
			},
			"faces": {
				"north": {
					"uv": [
						13.008,
						0.508,
						13.242,
						0.992
					],
					"texture": "#0"
				},
				"east": {
					"uv": [
						5.758,
						12.258,
						6.492,
						12.742
					],
					"texture": "#0"
				},
				"south": {
					"uv": [
						1.008,
						13.008,
						1.242,
						13.492
					],
					"texture": "#0"
				},
				"west": {
					"uv": [
						6.508,
						12.258,
						7.242,
						12.742
					],
					"texture": "#0"
				},
				"up": {
					"uv": [
						4.242,
						13.492,
						4.008,
						12.758
					],
					"texture": "#0"
				},
				"down": {
					"uv": [
						4.492,
						12.758,
						4.258,
						13.492
					],
					"texture": "#0"
				}
			}
		},
		{
			"from": [
				10.55843,
				7.59,
				3.9602899999999996
			],
			"to": [
				12.02843,
				10.8975,
				7.92929
			],
			"rotation": {
				"angle": 22.5,
				"axis": "y",
				"origin": [
					12.02843,
					9.059999999999999,
					3.92354
				]
			},
			"faces": {
				"north": {
					"uv": [
						13.008,
						1.008,
						13.242,
						1.492
					],
					"texture": "#0"
				},
				"east": {
					"uv": [
						12.258,
						6.508,
						12.992,
						6.992
					],
					"texture": "#0"
				},
				"south": {
					"uv": [
						1.258,
						13.008,
						1.492,
						13.492
					],
					"texture": "#0"
				},
				"west": {
					"uv": [
						7.258,
						12.258,
						7.992,
						12.742
					],
					"texture": "#0"
				},
				"up": {
					"uv": [
						5.242,
						13.492,
						5.008,
						12.758
					],
					"texture": "#0"
				},
				"down": {
					"uv": [
						5.492,
						12.758,
						5.258,
						13.492
					],
					"texture": "#0"
				}
			}
		},
		{
			"from": [
				3.9574999999999996,
				7.59,
				3.9574999999999996
			],
			"to": [
				8.33075,
				10.8975,
				5.4275
			],
			"rotation": {
				"angle": 22.5,
				"axis": "y",
				"origin": [
					3.92075,
					9.059999999999999,
					3.9574999999999996
				]
			},
			"faces": {
				"north": {
					"uv": [
						12.992,
						2.258,
						12.258,
						2.742
					],
					"texture": "#0"
				},
				"east": {
					"uv": [
						10.992,
						11.508,
						10.758,
						11.992
					],
					"texture": "#0"
				},
				"south": {
					"uv": [
						5.742,
						12.258,
						5.008,
						12.742
					],
					"texture": "#0"
				},
				"west": {
					"uv": [
						7.492,
						11.008,
						7.258,
						11.492
					],
					"texture": "#0"
				},
				"up": {
					"uv": [
						2.508,
						4.742,
						3.242,
						4.508
					],
					"texture": "#0"
				},
				"down": {
					"uv": [
						1.758,
						5.758,
						2.492,
						5.992
					],
					"texture": "#0"
				}
			}
		},
		{
			"from": [
				3.97157,
				7.59,
				3.9602899999999996
			],
			"to": [
				5.4415700000000005,
				10.8975,
				7.92929
			],
			"rotation": {
				"angle": -22.5,
				"axis": "y",
				"origin": [
					3.97157,
					9.059999999999999,
					3.92354
				]
			},
			"faces": {
				"north": {
					"uv": [
						13.242,
						1.008,
						13.008,
						1.492
					],
					"texture": "#0"
				},
				"east": {
					"uv": [
						7.992,
						12.258,
						7.258,
						12.742
					],
					"texture": "#0"
				},
				"south": {
					"uv": [
						1.492,
						13.008,
						1.258,
						13.492
					],
					"texture": "#0"
				},
				"west": {
					"uv": [
						12.992,
						6.508,
						12.258,
						6.992
					],
					"texture": "#0"
				},
				"up": {
					"uv": [
						5.008,
						13.492,
						5.242,
						12.758
					],
					"texture": "#0"
				},
				"down": {
					"uv": [
						5.258,
						12.758,
						5.492,
						13.492
					],
					"texture": "#0"
				}
			}
		},
		{
			"from": [
				3.97157,
				7.59,
				7.33571
			],
			"to": [
				5.4415700000000005,
				10.8975,
				11.30471
			],
			"rotation": {
				"angle": 22.5,
				"axis": "y",
				"origin": [
					3.97157,
					9.059999999999999,
					11.34146
				]
			},
			"faces": {
				"north": {
					"uv": [
						13.242,
						0.508,
						13.008,
						0.992
					],
					"texture": "#0"
				},
				"east": {
					"uv": [
						7.242,
						12.258,
						6.508,
						12.742
					],
					"texture": "#0"
				},
				"south": {
					"uv": [
						1.242,
						13.008,
						1.008,
						13.492
					],
					"texture": "#0"
				},
				"west": {
					"uv": [
						6.492,
						12.258,
						5.758,
						12.742
					],
					"texture": "#0"
				},
				"up": {
					"uv": [
						4.008,
						13.492,
						4.242,
						12.758
					],
					"texture": "#0"
				},
				"down": {
					"uv": [
						4.258,
						12.758,
						4.492,
						13.492
					],
					"texture": "#0"
				}
			}
		},
		{
			"from": [
				5.0600000000000005,
				14.939999999999998,
				8
			],
			"to": [
				10.94,
				17.88,
				10.94
			],
			"rotation": {
				"angle": 0,
				"axis": "y",
				"origin": [
					8,
					14.204999999999998,
					8
				]
			},
			"faces": {
				"north": {
					"uv": [
						6.508,
						9.258,
						7.492,
						9.742
					],
					"texture": "#0"
				},
				"east": {
					"uv": [
						9.008,
						7.758,
						9.492,
						8.242
					],
					"texture": "#0"
				},
				"south": {
					"uv": [
						11.508,
						2.758,
						12.492,
						3.242
					],
					"texture": "#0"
				},
				"west": {
					"uv": [
						6.008,
						10.008,
						6.492,
						10.492
					],
					"texture": "#0"
				},
				"up": {
					"uv": [
						12.742,
						7.742,
						11.758,
						7.258
					],
					"texture": "#0"
				},
				"down": {
					"uv": [
						12.992,
						0.008,
						12.008,
						0.492
					],
					"texture": "#0"
				}
			}
		},
		{
			"from": [
				3.59,
				10.530000000000001,
				8
			],
			"to": [
				12.41,
				13.469999999999999,
				10.94
			],
			"rotation": {
				"angle": 0,
				"axis": "y",
				"origin": [
					8,
					14.204999999999998,
					8
				]
			},
			"faces": {
				"north": {
					"uv": [
						10.508,
						5.008,
						11.992,
						5.492
					],
					"texture": "#0"
				},
				"east": {
					"uv": [
						12.258,
						9.008,
						12.742,
						9.492
					],
					"texture": "#0"
				},
				"south": {
					"uv": [
						10.508,
						5.508,
						11.992,
						5.992
					],
					"texture": "#0"
				},
				"west": {
					"uv": [
						9.508,
						12.258,
						9.992,
						12.742
					],
					"texture": "#0"
				},
				"up": {
					"uv": [
						7.492,
						10.992,
						6.008,
						10.508
					],
					"texture": "#0"
				},
				"down": {
					"uv": [
						11.992,
						6.008,
						10.508,
						6.492
					],
					"texture": "#0"
				}
			}
		},
		{
			"from": [
				4.325,
				13.469999999999999,
				8
			],
			"to": [
				11.675,
				14.939999999999998,
				10.94
			],
			"rotation": {
				"angle": 0,
				"axis": "y",
				"origin": [
					8.735,
					14.204999999999998,
					8
				]
			},
			"faces": {
				"north": {
					"uv": [
						6.008,
						4.508,
						7.242,
						4.742
					],
					"texture": "#0"
				},
				"east": {
					"uv": [
						3.008,
						7.758,
						3.492,
						7.992
					],
					"texture": "#0"
				},
				"south": {
					"uv": [
						8.758,
						3.258,
						9.992,
						3.492
					],
					"texture": "#0"
				},
				"west": {
					"uv": [
						1.008,
						8.758,
						1.492,
						8.992
					],
					"texture": "#0"
				},
				"up": {
					"uv": [
						12.242,
						1.992,
						11.008,
						1.508
					],
					"texture": "#0"
				},
				"down": {
					"uv": [
						12.242,
						4.008,
						11.008,
						4.492
					],
					"texture": "#0"
				}
			}
		},
		{
			"from": [
				4.67953,
				10.530000000000001,
				5.11008
			],
			"to": [
				7.98703,
				17.88,
				8.05008
			],
			"rotation": {
				"angle": 0,
				"axis": "y",
				"origin": [
					4.67953,
					14.204999999999998,
					6.58008
				]
			},
			"faces": {
				"north": {
					"uv": [
						3.758,
						10.758,
						4.242,
						11.992
					],
					"texture": "#0"
				},
				"east": {
					"uv": [
						4.258,
						10.758,
						4.742,
						11.992
					],
					"texture": "#0"
				},
				"south": {
					"uv": [
						0.008,
						11.008,
						0.492,
						12.242
					],
					"texture": "#0"
				},
				"west": {
					"uv": [
						0.508,
						11.008,
						0.992,
						12.242
					],
					"texture": "#0"
				},
				"up": {
					"uv": [
						8.992,
						12.742,
						8.508,
						12.258
					],
					"texture": "#0"
				},
				"down": {
					"uv": [
						9.492,
						12.258,
						9.008,
						12.742
					],
					"texture": "#0"
				}
			}
		},
		{
			"from": [
				8.01297,
				10.530000000000001,
				5.11008
			],
			"to": [
				11.32047,
				17.88,
				8.05008
			],
			"rotation": {
				"angle": 0,
				"axis": "y",
				"origin": [
					11.32047,
					14.204999999999998,
					6.58008
				]
			},
			"faces": {
				"north": {
					"uv": [
						4.242,
						10.758,
						3.758,
						11.992
					],
					"texture": "#0"
				},
				"east": {
					"uv": [
						0.992,
						11.008,
						0.508,
						12.242
					],
					"texture": "#0"
				},
				"south": {
					"uv": [
						0.492,
						11.008,
						0.008,
						12.242
					],
					"texture": "#0"
				},
				"west": {
					"uv": [
						4.742,
						10.758,
						4.258,
						11.992
					],
					"texture": "#0"
				},
				"up": {
					"uv": [
						8.508,
						12.742,
						8.992,
						12.258
					],
					"texture": "#0"
				},
				"down": {
					"uv": [
						9.008,
						12.258,
						9.492,
						12.742
					],
					"texture": "#0"
				}
			}
		}
	],
	"display": {
		"head": {
			"rotation": [
				0,
				180,
				0
			]
		}
	}
}