{
	"textures": {
		"0": "minecraft:custom/entity/mob/anathema"
	},
	"elements": [
		{
			"from": [
				8,
				3.710000000000001,
				3.9575000000000005
			],
			"to": [
				8,
				8.120000000000001,
				12.0425
			],
			"rotation": {
				"angle": 0,
				"axis": "y",
				"origin": [
					3.9575000000000005,
					17.675,
					8
				]
			},
			"faces": {
				"north": {
					"uv": [
						0.008,
						0.008,
						0.008,
						0.742
					],
					"texture": "#0"
				},
				"east": {
					"uv": [
						9.008,
						7.008,
						10.492,
						7.742
					],
					"texture": "#0"
				},
				"south": {
					"uv": [
						0.008,
						0.008,
						0.008,
						0.742
					],
					"texture": "#0"
				},
				"west": {
					"uv": [
						0.242,
						15.758,
						0.008,
						15.992
					],
					"texture": "#0"
				},
				"up": {
					"uv": [
						1.492,
						0.008,
						0.008,
						0.008
					],
					"rotation": 90,
					"texture": "#0"
				},
				"down": {
					"uv": [
						1.492,
						0.008,
						0.008,
						0.008
					],
					"rotation": 270,
					"texture": "#0"
				}
			}
		}
	],
	"display": {
		"head": {
			"rotation": [
				0,
				180,
				0
			]
		}
	}
}