{
	"textures": {
		"0": "minecraft:custom/entity/mob/anathema"
	},
	"elements": [
		{
			"from": [
				8,
				0.7700000000000005,
				3.9575000000000005
			],
			"to": [
				8,
				8.120000000000001,
				12.0425
			],
			"rotation": {
				"angle": 0,
				"axis": "y",
				"origin": [
					12.0425,
					17.674999999999997,
					8
				]
			},
			"faces": {
				"north": {
					"uv": [
						0.008,
						0.008,
						0.008,
						1.242
					],
					"texture": "#0"
				},
				"east": {
					"uv": [
						0.242,
						15.758,
						0.008,
						15.992
					],
					"texture": "#0"
				},
				"south": {
					"uv": [
						0.008,
						0.008,
						0.008,
						1.242
					],
					"texture": "#0"
				},
				"west": {
					"uv": [
						2.992,
						7.758,
						1.508,
						8.992
					],
					"texture": "#0"
				},
				"up": {
					"uv": [
						1.492,
						0.008,
						0.008,
						0.008
					],
					"rotation": 90,
					"texture": "#0"
				},
				"down": {
					"uv": [
						1.492,
						0.008,
						0.008,
						0.008
					],
					"rotation": 270,
					"texture": "#0"
				}
			}
		}
	],
	"display": {
		"head": {
			"rotation": [
				0,
				180,
				0
			]
		}
	}
}