{
	"textures": {
		"0": "minecraft:custom/entity/mob/anathema"
	},
	"elements": [
		{
			"from": [
				3.9574999999999996,
				3.710000000000001,
				8
			],
			"to": [
				12.0425,
				8.120000000000001,
				8
			],
			"rotation": {
				"angle": 0,
				"axis": "y",
				"origin": [
					8,
					17.675,
					3.9574999999999996
				]
			},
			"faces": {
				"north": {
					"uv": [
						10.742,
						0.008,
						9.258,
						0.742
					],
					"texture": "#0"
				},
				"east": {
					"uv": [
						0.008,
						0.008,
						0.008,
						0.742
					],
					"texture": "#0"
				},
				"south": {
					"uv": [
						10.492,
						7.008,
						9.008,
						7.742
					],
					"texture": "#0"
				},
				"west": {
					"uv": [
						0.008,
						0.008,
						0.008,
						0.742
					],
					"texture": "#0"
				},
				"up": {
					"uv": [
						1.492,
						0.008,
						0.008,
						0.008
					],
					"texture": "#0"
				},
				"down": {
					"uv": [
						1.492,
						0.008,
						0.008,
						0.008
					],
					"texture": "#0"
				}
			}
		}
	],
	"display": {
		"head": {
			"rotation": [
				0,
				180,
				0
			]
		}
	}
}