{
	"textures": {
		"1": "minecraft:custom/entity/mob/votary"
	},
	"elements": [
		{
			"from": [
				3.9288780767029188,
				-16,
				8
			],
			"to": [
				12.071121923297081,
				7.958786491127652,
				8
			],
			"rotation": {
				"angle": 0,
				"axis": "y",
				"origin": [
					5.426302232398397,
					-4.020606754436173,
					8
				]
			},
			"faces": {
				"north": {
					"uv": [
						1.125,
						0,
						0,
						3.5
					],
					"texture": "#1"
				},
				"east": {
					"uv": [
						0,
						0,
						0,
						3.5
					],
					"texture": "#1"
				},
				"south": {
					"uv": [
						0,
						0,
						1.125,
						3.5
					],
					"texture": "#1"
				},
				"west": {
					"uv": [
						0,
						0,
						0,
						3.5
					],
					"texture": "#1"
				},
				"up": {
					"uv": [
						1.125,
						0,
						0,
						0
					],
					"texture": "#1"
				},
				"down": {
					"uv": [
						1.125,
						0,
						0,
						0
					],
					"texture": "#1"
				}
			}
		}
	],
	"display": {
		"head": {
			"rotation": [
				0,
				180,
				0
			]
		}
	}
}