{
	"textures": {
		"1": "minecraft:custom/entity/mob/votary"
	},
	"elements": [
		{
			"from": [
				7.291500000000001,
				4.930399999999999,
				7.3569
			],
			"to": [
				8.7085,
				8.0696,
				8.6431
			],
			"rotation": {
				"angle": 0,
				"axis": "y",
				"origin": [
					8,
					8.0415,
					8
				]
			},
			"faces": {
				"north": {
					"uv": [
						4.5,
						12.125,
						4.625,
						12.5
					],
					"texture": "#1"
				},
				"east": {
					"uv": [
						4.625,
						12.125,
						4.75,
						12.5
					],
					"texture": "#1"
				},
				"south": {
					"uv": [
						12.125,
						5.75,
						12.25,
						6.125
					],
					"texture": "#1"
				},
				"west": {
					"uv": [
						12.125,
						6.125,
						12.25,
						6.5
					],
					"texture": "#1"
				},
				"up": {
					"uv": [
						9.5,
						4.875,
						9.375,
						4.75
					],
					"texture": "#1"
				},
				"down": {
					"uv": [
						9.875,
						6.5,
						9.75,
						6.625
					],
					"texture": "#1"
				}
			}
		}
	],
	"display": {
		"head": {
			"rotation": [
				0,
				180,
				0
			]
		}
	}
}