{
	"textures": {
		"1": "minecraft:custom/entity/mob/votary"
	},
	"elements": [
		{
			"from": [
				7.291499999999999,
				4.930399999999999,
				7.3569
			],
			"to": [
				8.708499999999999,
				8.0696,
				8.6431
			],
			"rotation": {
				"angle": 0,
				"axis": "y",
				"origin": [
					8,
					8.0415,
					8
				]
			},
			"faces": {
				"north": {
					"uv": [
						12.25,
						5.375,
						12.375,
						5.75
					],
					"texture": "#1"
				},
				"east": {
					"uv": [
						12.25,
						5.75,
						12.375,
						6.125
					],
					"texture": "#1"
				},
				"south": {
					"uv": [
						12.25,
						6.125,
						12.375,
						6.5
					],
					"texture": "#1"
				},
				"west": {
					"uv": [
						12.25,
						6.5,
						12.375,
						6.875
					],
					"texture": "#1"
				},
				"up": {
					"uv": [
						12.625,
						9.75,
						12.5,
						9.625
					],
					"texture": "#1"
				},
				"down": {
					"uv": [
						9.875,
						12.5,
						9.75,
						12.625
					],
					"texture": "#1"
				}
			}
		}
	],
	"display": {
		"head": {
			"rotation": [
				0,
				180,
				0
			]
		}
	}
}