{
	"textures": {
		"1": "minecraft:custom/entity/mob/votary"
	},
	"elements": [
		{
			"from": [
				7.2915,
				5.180399999999999,
				7.3568999999999996
			],
			"to": [
				8.7085,
				8.3196,
				8.6431
			],
			"rotation": {
				"angle": 0,
				"axis": "y",
				"origin": [
					8,
					8.2915,
					8
				]
			},
			"faces": {
				"north": {
					"uv": [
						12.125,
						6.5,
						12.25,
						6.875
					],
					"texture": "#1"
				},
				"east": {
					"uv": [
						12.125,
						6.875,
						12.25,
						7.25
					],
					"texture": "#1"
				},
				"south": {
					"uv": [
						12.125,
						7.25,
						12.25,
						7.625
					],
					"texture": "#1"
				},
				"west": {
					"uv": [
						12.125,
						7.625,
						12.25,
						8
					],
					"texture": "#1"
				},
				"up": {
					"uv": [
						10.375,
						4.25,
						10.25,
						4.125
					],
					"texture": "#1"
				},
				"down": {
					"uv": [
						11.75,
						4.375,
						11.625,
						4.5
					],
					"texture": "#1"
				}
			}
		}
	],
	"display": {
		"head": {
			"rotation": [
				0,
				180,
				0
			]
		}
	}
}