{
	"textures": {
		"1": "minecraft:custom/entity/mob/votary"
	},
	"elements": [
		{
			"from": [
				7.291500000000001,
				4.680399999999999,
				7.3568999999999996
			],
			"to": [
				8.7085,
				7.819599999999999,
				8.6431
			],
			"rotation": {
				"angle": 0,
				"axis": "y",
				"origin": [
					8,
					7.791499999999999,
					8
				]
			},
			"faces": {
				"north": {
					"uv": [
						1.75,
						12.125,
						1.875,
						12.5
					],
					"texture": "#1"
				},
				"east": {
					"uv": [
						12.125,
						2.375,
						12.25,
						2.75
					],
					"texture": "#1"
				},
				"south": {
					"uv": [
						12.125,
						2.75,
						12.25,
						3.125
					],
					"texture": "#1"
				},
				"west": {
					"uv": [
						4.375,
						12.125,
						4.5,
						12.5
					],
					"texture": "#1"
				},
				"up": {
					"uv": [
						8.875,
						6.75,
						8.75,
						6.625
					],
					"texture": "#1"
				},
				"down": {
					"uv": [
						8.25,
						9.25,
						8.125,
						9.375
					],
					"texture": "#1"
				}
			}
		}
	],
	"display": {
		"head": {
			"rotation": [
				0,
				180,
				0
			]
		}
	}
}