{
	"textures": {
		"1": "minecraft:custom/entity/mob/votary"
	},
	"elements": [
		{
			"from": [
				1.7652,
				-0.845959999999998,
				8.09362
			],
			"to": [
				14.2348,
				8.942240000000005,
				8.09362
			],
			"rotation": {
				"angle": -22.5,
				"axis": "x",
				"origin": [
					8,
					8.910499999999999,
					7.74806
				]
			},
			"faces": {
				"north": {
					"uv": [
						7.25,
						1.25,
						5.75,
						2.5
					],
					"texture": "#1"
				},
				"east": {
					"uv": [
						0,
						0,
						0,
						1.25
					],
					"texture": "#1"
				},
				"south": {
					"uv": [
						5.75,
						1.25,
						7.25,
						2.5
					],
					"texture": "#1"
				},
				"west": {
					"uv": [
						0,
						0,
						0,
						1.25
					],
					"texture": "#1"
				},
				"up": {
					"uv": [
						1.5,
						0,
						0,
						0
					],
					"texture": "#1"
				},
				"down": {
					"uv": [
						1.5,
						0,
						0,
						0
					],
					"texture": "#1"
				}
			}
		}
	],
	"display": {
		"head": {
			"rotation": [
				0,
				180,
				0
			]
		}
	}
}