{
	"textures": {
		"1": "minecraft:custom/entity/mob/votary"
	},
	"elements": [
		{
			"from": [
				1.7652,
				-1.8941000000000017,
				8
			],
			"to": [
				14.2348,
				7.894100000000002,
				8
			],
			"rotation": {
				"angle": 0,
				"axis": "y",
				"origin": [
					8,
					7.713529999999999,
					7.945679999999999
				]
			},
			"faces": {
				"north": {
					"uv": [
						7.75,
						3.75,
						6.25,
						5
					],
					"texture": "#1"
				},
				"east": {
					"uv": [
						0,
						0,
						0,
						1.25
					],
					"texture": "#1"
				},
				"south": {
					"uv": [
						6.25,
						3.75,
						7.75,
						5
					],
					"texture": "#1"
				},
				"west": {
					"uv": [
						0,
						0,
						0,
						1.25
					],
					"texture": "#1"
				},
				"up": {
					"uv": [
						1.5,
						0,
						0,
						0
					],
					"texture": "#1"
				},
				"down": {
					"uv": [
						1.5,
						0,
						0,
						0
					],
					"texture": "#1"
				}
			}
		}
	],
	"display": {
		"head": {
			"rotation": [
				0,
				180,
				0
			]
		}
	}
}