{
	"textures": {
		"1": "minecraft:custom/entity/mob/votary"
	},
	"elements": [
		{
			"from": [
				16.04597513432735,
				-4.974938906076886,
				6.340861478819782
			],
			"to": [
				16.04597513432735,
				8.298169263364853,
				9.659138521180218
			],
			"rotation": {
				"angle": 45,
				"axis": "z",
				"origin": [
					16.04597513432735,
					7.8833846330698,
					8
				]
			},
			"faces": {
				"north": {
					"uv": [
						0,
						0,
						0,
						1.75
					],
					"texture": "#1"
				},
				"east": {
					"uv": [
						9.5,
						4.75,
						9.875,
						6.5
					],
					"texture": "#1"
				},
				"south": {
					"uv": [
						0,
						0,
						0,
						1.75
					],
					"texture": "#1"
				},
				"west": {
					"uv": [
						9.875,
						4.75,
						9.5,
						6.5
					],
					"texture": "#1"
				},
				"up": {
					"uv": [
						0,
						0.375,
						0,
						0
					],
					"texture": "#1"
				},
				"down": {
					"uv": [
						0,
						0,
						0,
						0.375
					],
					"texture": "#1"
				}
			}
		},
		{
			"from": [
				12.727698091966918,
				-2.901015754601614,
				6.340861478819782
			],
			"to": [
				16.04597513432735,
				8.298169263364853,
				9.659138521180218
			],
			"rotation": {
				"angle": 0,
				"axis": "y",
				"origin": [
					21.023390697868006,
					4.357715275561837,
					9.244353890885163
				]
			},
			"faces": {
				"north": {
					"uv": [
						8.75,
						10.125,
						9.125,
						11.625
					],
					"texture": "#1"
				},
				"east": {
					"uv": [
						10.25,
						0,
						10.625,
						1.5
					],
					"texture": "#1"
				},
				"south": {
					"uv": [
						10.25,
						1.5,
						10.625,
						3
					],
					"texture": "#1"
				},
				"west": {
					"uv": [
						10.25,
						4.75,
						10.625,
						6.25
					],
					"texture": "#1"
				},
				"up": {
					"uv": [
						12.125,
						6.25,
						11.75,
						5.875
					],
					"texture": "#1"
				},
				"down": {
					"uv": [
						12.25,
						3.875,
						11.875,
						4.25
					],
					"texture": "#1"
				}
			}
		},
		{
			"from": [
				7.357911489621466,
				4.092814403301155,
				5.096507587934619
			],
			"to": [
				11.920542422867065,
				10.729368488022027,
				10.903492412065381
			],
			"rotation": {
				"angle": 0,
				"axis": "y",
				"origin": [
					7.357911489621466,
					-0.8846011602394981,
					7.585215369704946
				]
			},
			"faces": {
				"north": {
					"uv": [
						10.625,
						4.5,
						11.25,
						5.375
					],
					"texture": "#1"
				},
				"east": {
					"uv": [
						9.5,
						0,
						10.25,
						0.875
					],
					"texture": "#1"
				},
				"south": {
					"uv": [
						10.625,
						5.375,
						11.25,
						6.25
					],
					"texture": "#1"
				},
				"west": {
					"uv": [
						2.25,
						9.625,
						3,
						10.5
					],
					"texture": "#1"
				},
				"up": {
					"uv": [
						11.5,
						10.875,
						10.875,
						10.125
					],
					"texture": "#1"
				},
				"down": {
					"uv": [
						11.125,
						10.875,
						10.5,
						11.625
					],
					"texture": "#1"
				}
			}
		},
		{
			"from": [
				7.357911489621466,
				4.092814403301155,
				10.903492412065381
			],
			"to": [
				16.586869513686427,
				19.025061093923114,
				10.903492412065381
			],
			"rotation": {
				"angle": 0,
				"axis": "y",
				"origin": [
					7.357911489621466,
					-0.8846011602394981,
					7.585215369704946
				]
			},
			"faces": {
				"north": {
					"uv": [
						2.5,
						3.5,
						1.25,
						5.5
					],
					"texture": "#1"
				},
				"east": {
					"uv": [
						0,
						0,
						0,
						2
					],
					"texture": "#1"
				},
				"south": {
					"uv": [
						1.25,
						3.5,
						2.5,
						5.5
					],
					"texture": "#1"
				},
				"west": {
					"uv": [
						0,
						0,
						0,
						2
					],
					"texture": "#1"
				},
				"up": {
					"uv": [
						1.25,
						0,
						0,
						0
					],
					"texture": "#1"
				},
				"down": {
					"uv": [
						1.25,
						0,
						0,
						0
					],
					"texture": "#1"
				}
			}
		},
		{
			"from": [
				11.920542422867065,
				5.751952924481376,
				5.303899903082146
			],
			"to": [
				13.579680944047281,
				10.314583857726973,
				10.696100096917853
			],
			"rotation": {
				"angle": 0,
				"axis": "y",
				"origin": [
					7.357911489621466,
					-0.8846011602394981,
					7.377823054557418
				]
			},
			"faces": {
				"north": {
					"uv": [
						7.75,
						11.75,
						8,
						12.375
					],
					"texture": "#1"
				},
				"east": {
					"uv": [
						11,
						0,
						11.75,
						0.625
					],
					"texture": "#1"
				},
				"south": {
					"uv": [
						9.75,
						11.75,
						10,
						12.375
					],
					"texture": "#1"
				},
				"west": {
					"uv": [
						11,
						0.625,
						11.75,
						1.25
					],
					"texture": "#1"
				},
				"up": {
					"uv": [
						2.125,
						8.75,
						1.875,
						8
					],
					"texture": "#1"
				},
				"down": {
					"uv": [
						10.25,
						0.875,
						10,
						1.625
					],
					"texture": "#1"
				}
			}
		},
		{
			"from": [
				13.579680944047281,
				8.2406607062517,
				5.5112922182296735
			],
			"to": [
				16.897957986407718,
				9.899799227431918,
				10.488707781770326
			],
			"rotation": {
				"angle": 0,
				"axis": "y",
				"origin": [
					7.357911489621466,
					-0.8846011602394981,
					7.170430739409891
				]
			},
			"faces": {
				"north": {
					"uv": [
						4.5,
						3.25,
						4.875,
						3.5
					],
					"texture": "#1"
				},
				"east": {
					"uv": [
						5,
						6.5,
						5.625,
						6.75
					],
					"texture": "#1"
				},
				"south": {
					"uv": [
						5.75,
						3,
						6.125,
						3.25
					],
					"texture": "#1"
				},
				"west": {
					"uv": [
						5.625,
						6.5,
						6.25,
						6.75
					],
					"texture": "#1"
				},
				"up": {
					"uv": [
						11.5,
						12.125,
						11.125,
						11.5
					],
					"texture": "#1"
				},
				"down": {
					"uv": [
						11.875,
						11.5,
						11.5,
						12.125
					],
					"texture": "#1"
				}
			}
		}
	],
	"display": {
		"head": {
			"rotation": [
				0,
				180,
				0
			]
		}
	}
}