{
  "textures": {
	"layer0": "item/copper_ingot"
  },
  "overrides": [
	  { "predicate": { "custom_model_data": 1}, "model": "custom/inventory/blank" },
	  { "predicate": { "custom_model_data": 101}, "model": "custom/inventory/progress_1" },
	  { "predicate": { "custom_model_data": 102}, "model": "custom/inventory/progress_2" },
	  { "predicate": { "custom_model_data": 103}, "model": "custom/inventory/progress_3" },
	  { "predicate": { "custom_model_data": 104}, "model": "custom/inventory/progress_4" },
	  { "predicate": { "custom_model_data": 105}, "model": "custom/inventory/progress_5" },
	  { "predicate": { "custom_model_data": 106}, "model": "custom/inventory/progress_6" },
	  { "predicate": { "custom_model_data": 107}, "model": "custom/inventory/progress_7" },
	  { "predicate": { "custom_model_data": 108}, "model": "custom/inventory/progress_8" },
	  { "predicate": { "custom_model_data": 109}, "model": "custom/inventory/progress_9" },
	  { "predicate": { "custom_model_data": 201}, "model": "custom/inventory/chests_1" },
	  { "predicate": { "custom_model_data": 202}, "model": "custom/inventory/chests_2" },
	  { "predicate": { "custom_model_data": 203}, "model": "custom/inventory/chests_3" },
	  { "predicate": { "custom_model_data": 204}, "model": "custom/inventory/chests_4" },
	  { "predicate": { "custom_model_data": 301}, "model": "custom/inventory/challenge_1" },
	  { "predicate": { "custom_model_data": 302}, "model": "custom/inventory/challenge_2" },
	  { "predicate": { "custom_model_data": 401}, "model": "custom/inventory/modifier_1" },
	  { "predicate": { "custom_model_data": 402}, "model": "custom/inventory/modifier_2" },
	  { "predicate": { "custom_model_data": 403}, "model": "custom/inventory/modifier_3" }

	]
}
