{
  "textures": {
	"layer0": "item/ender_eye"
  },
  "overrides": [
	  { "predicate": { "custom_model_data": 1 }, "model": "custom/melee/gearsword/lefthand" },
	  { "predicate": { "custom_model_data": 2 }, "model": "custom/melee/gearhammer/lefthand" },
	  { "predicate": { "custom_model_data": 3 }, "model": "custom/melee/geardagger/lefthand" },
	  { "predicate": { "custom_model_data": 4 }, "model": "custom/melee/gearscythe/lefthand" },
	  { "predicate": { "custom_model_data": 5 }, "model": "custom/melee/gearstaff/lefthand" },
	  { "predicate": { "custom_model_data": 6 }, "model": "custom/melee/gearcatalyst/lefthand" },


	  { "predicate": { "custom_model_data": 7 }, "model": "custom/ranged/throwing_axe/lefthand" },
	  { "predicate": { "custom_model_data": 8 }, "model": "custom/ranged/gearshotgun/lefthand" },

	  { "predicate": { "custom_model_data": 10 }, "model": "custom/ranged/gearsmg/lefthand" },

	  { "predicate": { "custom_model_data": 12 }, "model": "custom/ranged/gearcarbine/lefthand" },


	  { "predicate": { "custom_model_data": 13 }, "model": "custom/ability/melee1/lefthand" },

	  { "predicate": { "custom_model_data": 15 }, "model": "custom/ability/ranged1/lefthand" },
	  { "predicate": { "custom_model_data": 16 }, "model": "custom/ability/ranged2/lefthand" },
	  { "predicate": { "custom_model_data": 17 }, "model": "custom/ability/mage1/lefthand" },
	  { "predicate": { "custom_model_data": 18 }, "model": "custom/ability/mage2/lefthand" },



	  { "predicate": { "custom_model_data": 20 }, "model": "custom/ranged/gearhandcannon/lefthand_burn" },
	  { "predicate": { "custom_model_data": 21 }, "model": "custom/ranged/gearhandcannon/lefthand_frost" },

	  { "predicate": { "custom_model_data": 30 }, "model": "custom/ranged/swordvolley/lefthand" },
	  { "predicate": { "custom_model_data": 31 }, "model": "custom/ranged/swordvolley/lefthand_1" },
	  { "predicate": { "custom_model_data": 32 }, "model": "custom/ranged/swordvolley/lefthand_2" },
	  { "predicate": { "custom_model_data": 33 }, "model": "custom/ranged/swordvolley/lefthand_3" },
	  { "predicate": { "custom_model_data": 34 }, "model": "custom/ranged/swordvolley/lefthand_4" },
	  { "predicate": { "custom_model_data": 35 }, "model": "custom/ranged/swordvolley/lefthand_5" },



	  { "predicate": { "custom_model_data": 41 }, "model": "custom/ability/melee2/lefthand" },
	  { "predicate": { "custom_model_data": 42 }, "model": "custom/ability/melee2/lefthand_ext" },



	  { "predicate": { "custom_model_data": 50 }, "model": "custom/ranged/vergevolley/lefthand" },
	  { "predicate": { "custom_model_data": 51 }, "model": "custom/ranged/vergevolley/lefthand_1" },
	  { "predicate": { "custom_model_data": 52 }, "model": "custom/ranged/vergevolley/lefthand_2" },
	  { "predicate": { "custom_model_data": 53 }, "model": "custom/ranged/vergevolley/lefthand_3" },



	  { "predicate": { "custom_model_data": 101 }, "model": "custom/ult/melee1/lefthand" },
	  { "predicate": { "custom_model_data": 102 }, "model": "custom/ult/melee2/lefthand" },
	  { "predicate": { "custom_model_data": 103 }, "model": "custom/ult/ranged1/lefthand" },
	  { "predicate": { "custom_model_data": 104 }, "model": "custom/ult/ranged2/lefthand" },
	  { "predicate": { "custom_model_data": 105 }, "model": "custom/ult/mage1/lefthand" },
	  { "predicate": { "custom_model_data": 106 }, "model": "custom/ult/mage2/lefthand" },




	  { "predicate": { "custom_model_data": 201 }, "model": "custom/melee/zenith/lefthand" },
	  { "predicate": { "custom_model_data": 202 }, "model": "custom/melee/executioner/lefthand" },
	  { "predicate": { "custom_model_data": 203 }, "model": "custom/melee/voiddagger/lefthand" },
	  { "predicate": { "custom_model_data": 204 }, "model": "custom/melee/voidslash/lefthand" },
	  { "predicate": { "custom_model_data": 205 }, "model": "custom/melee/voidstaff/lefthand" },
	  { "predicate": { "custom_model_data": 206 }, "model": "custom/melee/gearcatalyst/lefthand" },

	  { "predicate": { "custom_model_data": 211 }, "model": "custom/ranged/raidaxe/lefthand" },
	  { "predicate": { "custom_model_data": 212 }, "model": "custom/ranged/exultation/lefthand" },
	  { "predicate": { "custom_model_data": 214 }, "model": "custom/ranged/ascendancy/lefthand" },
	  { "predicate": { "custom_model_data": 215 }, "model": "custom/ranged/vergecarbine/lefthand" },
	  { "predicate": { "custom_model_data": 216 }, "model": "custom/ranged/gearcatalyst/lefthand" },

	  { "predicate": { "custom_model_data": 220 }, "model": "custom/ranged/ruinationsend/lefthand_burn" },
	  { "predicate": { "custom_model_data": 221 }, "model": "custom/ranged/ruinationsend/lefthand_frost" },



	  { "predicate": { "custom_model_data": 301 }, "model": "custom/other/item/seed/lefthand" },
	  { "predicate": { "custom_model_data": 302 }, "model": "custom/other/item/flowergun_red/lefthand" },
	  { "predicate": { "custom_model_data": 303 }, "model": "custom/other/item/flowergun_blue/lefthand" },
	  { "predicate": { "custom_model_data": 304 }, "model": "custom/other/item/flowergun_yellow/lefthand" },
	  { "predicate": { "custom_model_data": 305 }, "model": "custom/other/item/voidball/lefthand" },



	  { "predicate": { "custom_model_data": 60401 }, "model": "custom/melee/gearcatalyst/lefthand/1" },
	  { "predicate": { "custom_model_data": 60402 }, "model": "custom/melee/gearcatalyst/lefthand/2" },
	  { "predicate": { "custom_model_data": 60403 }, "model": "custom/melee/gearcatalyst/lefthand/3" },
	  { "predicate": { "custom_model_data": 60404 }, "model": "custom/melee/gearcatalyst/lefthand/4" },
	  { "predicate": { "custom_model_data": 60405 }, "model": "custom/melee/gearcatalyst/lefthand/5" },
	  { "predicate": { "custom_model_data": 60406 }, "model": "custom/melee/gearcatalyst/lefthand/6" },
	  { "predicate": { "custom_model_data": 60407 }, "model": "custom/melee/gearcatalyst/lefthand/7" },
	  { "predicate": { "custom_model_data": 60408 }, "model": "custom/melee/gearcatalyst/lefthand/8" }
	]
}
