{
  "textures": {
	"layer0": "item/iron_ingot"
  },
  "overrides": [
	  { "predicate": { "custom_model_data": 1}, "model": "custom/armorheads/melee" },
	  { "predicate": { "custom_model_data": 2}, "model": "custom/armorheads/melee_verge" },
	  { "predicate": { "custom_model_data": 3}, "model": "custom/armorheads/mage" },
	  { "predicate": { "custom_model_data": 4}, "model": "custom/armorheads/mage_verge" },
	  { "predicate": { "custom_model_data": 5}, "model": "custom/armorheads/ranger" },
	  { "predicate": { "custom_model_data": 6}, "model": "custom/armorheads/ranger_verge" }
	]
}
