{
	"textures": {
		"layer0": "item/copper_ingot"
	},
	"overrides": [
		{
			"predicate": {
				"custom_model_data": 1
			},
			"model": "item/animated_java_empty"
		},
		{
			"predicate": {
				"custom_model_data": 2
			},
			"model": "minecraft:custom/entity/mob/whale/jaw"
		},
		{
			"predicate": {
				"custom_model_data": 3
			},
			"model": "minecraft:custom/entity/mob/whale/head"
		},
		{
			"predicate": {
				"custom_model_data": 4
			},
			"model": "minecraft:custom/entity/mob/whale/seat7"
		},
		{
			"predicate": {
				"custom_model_data": 5
			},
			"model": "minecraft:custom/entity/mob/whale/seat2"
		},
		{
			"predicate": {
				"custom_model_data": 6
			},
			"model": "minecraft:custom/entity/mob/whale/seat3"
		},
		{
			"predicate": {
				"custom_model_data": 7
			},
			"model": "minecraft:custom/entity/mob/whale/seat6"
		},
		{
			"predicate": {
				"custom_model_data": 8
			},
			"model": "minecraft:custom/entity/mob/whale/seat4"
		},
		{
			"predicate": {
				"custom_model_data": 9
			},
			"model": "minecraft:custom/entity/mob/whale/seat5"
		},
		{
			"predicate": {
				"custom_model_data": 10
			},
			"model": "minecraft:custom/entity/mob/whale/tail_sub"
		},
		{
			"predicate": {
				"custom_model_data": 11
			},
			"model": "minecraft:custom/entity/mob/whale/tail"
		},
		{
			"predicate": {
				"custom_model_data": 12
			},
			"model": "minecraft:custom/entity/mob/whale/body_back"
		},
		{
			"predicate": {
				"custom_model_data": 13
			},
			"model": "minecraft:custom/entity/mob/whale/wing_l"
		},
		{
			"predicate": {
				"custom_model_data": 14
			},
			"model": "minecraft:custom/entity/mob/whale/wing_r"
		},
		{
			"predicate": {
				"custom_model_data": 15
			},
			"model": "minecraft:custom/entity/mob/whale/body_front"
		},
		{
			"predicate": {
				"custom_model_data": 101
			},
			"model": "custom/inventory/progress_1"
		},
		{
			"predicate": {
				"custom_model_data": 102
			},
			"model": "custom/inventory/progress_2"
		},
		{
			"predicate": {
				"custom_model_data": 103
			},
			"model": "custom/inventory/progress_3"
		},
		{
			"predicate": {
				"custom_model_data": 104
			},
			"model": "custom/inventory/progress_4"
		},
		{
			"predicate": {
				"custom_model_data": 105
			},
			"model": "custom/inventory/progress_5"
		},
		{
			"predicate": {
				"custom_model_data": 106
			},
			"model": "custom/inventory/progress_6"
		},
		{
			"predicate": {
				"custom_model_data": 107
			},
			"model": "custom/inventory/progress_7"
		},
		{
			"predicate": {
				"custom_model_data": 108
			},
			"model": "custom/inventory/progress_8"
		},
		{
			"predicate": {
				"custom_model_data": 109
			},
			"model": "custom/inventory/progress_9"
		},
		{
			"predicate": {
				"custom_model_data": 201
			},
			"model": "custom/inventory/chests_1"
		},
		{
			"predicate": {
				"custom_model_data": 202
			},
			"model": "custom/inventory/chests_2"
		},
		{
			"predicate": {
				"custom_model_data": 203
			},
			"model": "custom/inventory/chests_3"
		},
		{
			"predicate": {
				"custom_model_data": 204
			},
			"model": "custom/inventory/chests_4"
		},
		{
			"predicate": {
				"custom_model_data": 301
			},
			"model": "custom/inventory/challenge_1"
		},
		{
			"predicate": {
				"custom_model_data": 302
			},
			"model": "custom/inventory/challenge_2"
		},
		{
			"predicate": {
				"custom_model_data": 401
			},
			"model": "custom/inventory/modifier_1"
		},
		{
			"predicate": {
				"custom_model_data": 402
			},
			"model": "custom/inventory/modifier_2"
		},
		{
			"predicate": {
				"custom_model_data": 403
			},
			"model": "custom/inventory/modifier_3"
		}
	],
	"animated_java": {
		"rigs": {
			"ORIGINAL_PREDICATE_FILE": {
				"used_ids": [
					1,
					101,
					102,
					103,
					104,
					105,
					106,
					107,
					108,
					109,
					201,
					202,
					203,
					204,
					301,
					302,
					401,
					402,
					403
				]
			},
			"mob_whale": {
				"used_ids": [
					2,
					3,
					4,
					5,
					6,
					7,
					8,
					9,
					10,
					11,
					12,
					13,
					14,
					15
				]
			}
		}
	}
}