{
	"parent": "item/generated",
	"textures": {
		"layer0": "minecraft:item/blue_dye"
	},
	"overrides": [
		{
			"predicate": {
				"custom_model_data": 1
			},
			"model": "item/animated_java_empty"
		},
		{
			"predicate": {
				"custom_model_data": 2
			},
			"model": "minecraft:custom/entity/mob/zealot/zealotsniper"
		},
		{
			"predicate": {
				"custom_model_data": 3
			},
			"model": "minecraft:custom/entity/mob/zealot/elbow_r"
		},
		{
			"predicate": {
				"custom_model_data": 4
			},
			"model": "minecraft:custom/entity/mob/zealot/arm_r"
		},
		{
			"predicate": {
				"custom_model_data": 5
			},
			"model": "minecraft:custom/entity/mob/zealot/elbow_l"
		},
		{
			"predicate": {
				"custom_model_data": 6
			},
			"model": "minecraft:custom/entity/mob/zealot/arm_l"
		},
		{
			"predicate": {
				"custom_model_data": 7
			},
			"model": "minecraft:custom/entity/mob/zealot/horn"
		},
		{
			"predicate": {
				"custom_model_data": 8
			},
			"model": "minecraft:custom/entity/mob/zealot/head"
		},
		{
			"predicate": {
				"custom_model_data": 9
			},
			"model": "minecraft:custom/entity/mob/zealot/upper_body"
		},
		{
			"predicate": {
				"custom_model_data": 10
			},
			"model": "minecraft:custom/entity/mob/zealot/body"
		},
		{
			"predicate": {
				"custom_model_data": 11
			},
			"model": "minecraft:custom/entity/mob/zealot/ascended/zealotsniper"
		},
		{
			"predicate": {
				"custom_model_data": 12
			},
			"model": "minecraft:custom/entity/mob/zealot/ascended/elbow_r"
		},
		{
			"predicate": {
				"custom_model_data": 13
			},
			"model": "minecraft:custom/entity/mob/zealot/ascended/arm_r"
		},
		{
			"predicate": {
				"custom_model_data": 14
			},
			"model": "minecraft:custom/entity/mob/zealot/ascended/elbow_l"
		},
		{
			"predicate": {
				"custom_model_data": 15
			},
			"model": "minecraft:custom/entity/mob/zealot/ascended/arm_l"
		},
		{
			"predicate": {
				"custom_model_data": 16
			},
			"model": "minecraft:custom/entity/mob/zealot/ascended/horn"
		},
		{
			"predicate": {
				"custom_model_data": 17
			},
			"model": "minecraft:custom/entity/mob/zealot/ascended/head"
		},
		{
			"predicate": {
				"custom_model_data": 18
			},
			"model": "minecraft:custom/entity/mob/zealot/ascended/upper_body"
		},
		{
			"predicate": {
				"custom_model_data": 19
			},
			"model": "minecraft:custom/entity/mob/zealot/ascended/body"
		},
		{
			"predicate": {
				"custom_model_data": 20
			},
			"model": "minecraft:custom/entity/mob/zealot/hurt/zealotsniper"
		},
		{
			"predicate": {
				"custom_model_data": 21
			},
			"model": "minecraft:custom/entity/mob/zealot/hurt/elbow_r"
		},
		{
			"predicate": {
				"custom_model_data": 22
			},
			"model": "minecraft:custom/entity/mob/zealot/hurt/arm_r"
		},
		{
			"predicate": {
				"custom_model_data": 23
			},
			"model": "minecraft:custom/entity/mob/zealot/hurt/elbow_l"
		},
		{
			"predicate": {
				"custom_model_data": 24
			},
			"model": "minecraft:custom/entity/mob/zealot/hurt/arm_l"
		},
		{
			"predicate": {
				"custom_model_data": 25
			},
			"model": "minecraft:custom/entity/mob/zealot/hurt/horn"
		},
		{
			"predicate": {
				"custom_model_data": 26
			},
			"model": "minecraft:custom/entity/mob/zealot/hurt/head"
		},
		{
			"predicate": {
				"custom_model_data": 27
			},
			"model": "minecraft:custom/entity/mob/zealot/hurt/upper_body"
		},
		{
			"predicate": {
				"custom_model_data": 28
			},
			"model": "minecraft:custom/entity/mob/zealot/hurt/body"
		},
		{
			"predicate": {
				"custom_model_data": 29
			},
			"model": "minecraft:custom/entity/mob/zealot/ascended_hurt/zealotsniper"
		},
		{
			"predicate": {
				"custom_model_data": 30
			},
			"model": "minecraft:custom/entity/mob/zealot/ascended_hurt/elbow_r"
		},
		{
			"predicate": {
				"custom_model_data": 31
			},
			"model": "minecraft:custom/entity/mob/zealot/ascended_hurt/arm_r"
		},
		{
			"predicate": {
				"custom_model_data": 32
			},
			"model": "minecraft:custom/entity/mob/zealot/ascended_hurt/elbow_l"
		},
		{
			"predicate": {
				"custom_model_data": 33
			},
			"model": "minecraft:custom/entity/mob/zealot/ascended_hurt/arm_l"
		},
		{
			"predicate": {
				"custom_model_data": 34
			},
			"model": "minecraft:custom/entity/mob/zealot/ascended_hurt/horn"
		},
		{
			"predicate": {
				"custom_model_data": 35
			},
			"model": "minecraft:custom/entity/mob/zealot/ascended_hurt/head"
		},
		{
			"predicate": {
				"custom_model_data": 36
			},
			"model": "minecraft:custom/entity/mob/zealot/ascended_hurt/upper_body"
		},
		{
			"predicate": {
				"custom_model_data": 37
			},
			"model": "minecraft:custom/entity/mob/zealot/ascended_hurt/body"
		},
		{
			"predicate": {
				"custom_model_data": 38
			},
			"model": "minecraft:custom/entity/mob/anathema/chain4"
		},
		{
			"predicate": {
				"custom_model_data": 39
			},
			"model": "minecraft:custom/entity/mob/anathema/chain3"
		},
		{
			"predicate": {
				"custom_model_data": 40
			},
			"model": "minecraft:custom/entity/mob/anathema/chain2"
		},
		{
			"predicate": {
				"custom_model_data": 41
			},
			"model": "minecraft:custom/entity/mob/anathema/chain"
		},
		{
			"predicate": {
				"custom_model_data": 42
			},
			"model": "minecraft:custom/entity/mob/anathema/chain10"
		},
		{
			"predicate": {
				"custom_model_data": 43
			},
			"model": "minecraft:custom/entity/mob/anathema/chain9"
		},
		{
			"predicate": {
				"custom_model_data": 44
			},
			"model": "minecraft:custom/entity/mob/anathema/chain12"
		},
		{
			"predicate": {
				"custom_model_data": 45
			},
			"model": "minecraft:custom/entity/mob/anathema/chain11"
		},
		{
			"predicate": {
				"custom_model_data": 46
			},
			"model": "minecraft:custom/entity/mob/anathema/chain8"
		},
		{
			"predicate": {
				"custom_model_data": 47
			},
			"model": "minecraft:custom/entity/mob/anathema/chain7"
		},
		{
			"predicate": {
				"custom_model_data": 48
			},
			"model": "minecraft:custom/entity/mob/anathema/chain6"
		},
		{
			"predicate": {
				"custom_model_data": 49
			},
			"model": "minecraft:custom/entity/mob/anathema/chain5"
		},
		{
			"predicate": {
				"custom_model_data": 50
			},
			"model": "minecraft:custom/entity/mob/anathema/chains"
		},
		{
			"predicate": {
				"custom_model_data": 51
			},
			"model": "minecraft:custom/entity/mob/anathema/back_sub_cloth_2"
		},
		{
			"predicate": {
				"custom_model_data": 52
			},
			"model": "minecraft:custom/entity/mob/anathema/back_cloth"
		},
		{
			"predicate": {
				"custom_model_data": 53
			},
			"model": "minecraft:custom/entity/mob/anathema/bot_sub_sub_cloth_1"
		},
		{
			"predicate": {
				"custom_model_data": 54
			},
			"model": "minecraft:custom/entity/mob/anathema/bot_sub_cloth_1"
		},
		{
			"predicate": {
				"custom_model_data": 55
			},
			"model": "minecraft:custom/entity/mob/anathema/bot_cloth_1"
		},
		{
			"predicate": {
				"custom_model_data": 56
			},
			"model": "minecraft:custom/entity/mob/anathema/bot_sub_sub_cloth_2"
		},
		{
			"predicate": {
				"custom_model_data": 57
			},
			"model": "minecraft:custom/entity/mob/anathema/bot_sub_cloth_2"
		},
		{
			"predicate": {
				"custom_model_data": 58
			},
			"model": "minecraft:custom/entity/mob/anathema/bot_cloth_2"
		},
		{
			"predicate": {
				"custom_model_data": 59
			},
			"model": "minecraft:custom/entity/mob/anathema/bot_sub_sub_cloth_3"
		},
		{
			"predicate": {
				"custom_model_data": 60
			},
			"model": "minecraft:custom/entity/mob/anathema/bot_sub_cloth_3"
		},
		{
			"predicate": {
				"custom_model_data": 61
			},
			"model": "minecraft:custom/entity/mob/anathema/bot_cloth_3"
		},
		{
			"predicate": {
				"custom_model_data": 62
			},
			"model": "minecraft:custom/entity/mob/anathema/bot_sub_sub_cloth_4"
		},
		{
			"predicate": {
				"custom_model_data": 63
			},
			"model": "minecraft:custom/entity/mob/anathema/bot_sub_cloth_4"
		},
		{
			"predicate": {
				"custom_model_data": 64
			},
			"model": "minecraft:custom/entity/mob/anathema/bot_cloth_4"
		},
		{
			"predicate": {
				"custom_model_data": 65
			},
			"model": "minecraft:custom/entity/mob/anathema/small_elbow_l"
		},
		{
			"predicate": {
				"custom_model_data": 66
			},
			"model": "minecraft:custom/entity/mob/anathema/small_arm_l"
		},
		{
			"predicate": {
				"custom_model_data": 67
			},
			"model": "minecraft:custom/entity/mob/anathema/small_elbow_r"
		},
		{
			"predicate": {
				"custom_model_data": 68
			},
			"model": "minecraft:custom/entity/mob/anathema/small_arm_r"
		},
		{
			"predicate": {
				"custom_model_data": 69
			},
			"model": "minecraft:custom/entity/mob/anathema/glow"
		},
		{
			"predicate": {
				"custom_model_data": 70
			},
			"model": "minecraft:custom/entity/mob/anathema/head"
		},
		{
			"predicate": {
				"custom_model_data": 71
			},
			"model": "minecraft:custom/entity/mob/anathema/big_elbow_l"
		},
		{
			"predicate": {
				"custom_model_data": 72
			},
			"model": "minecraft:custom/entity/mob/anathema/big_arm_l"
		},
		{
			"predicate": {
				"custom_model_data": 73
			},
			"model": "minecraft:custom/entity/mob/anathema/big_elbow_r"
		},
		{
			"predicate": {
				"custom_model_data": 74
			},
			"model": "minecraft:custom/entity/mob/anathema/big_arm_r"
		},
		{
			"predicate": {
				"custom_model_data": 75
			},
			"model": "minecraft:custom/entity/mob/anathema/upperbody"
		},
		{
			"predicate": {
				"custom_model_data": 76
			},
			"model": "minecraft:custom/entity/mob/anathema/body"
		},
		{
			"predicate": {
				"custom_model_data": 77
			},
			"model": "minecraft:custom/entity/mob/anathema/portal"
		},
		{
			"predicate": {
				"custom_model_data": 78
			},
			"model": "minecraft:custom/entity/mob/anathema/cosmic"
		},
		{
			"predicate": {
				"custom_model_data": 79
			},
			"model": "minecraft:custom/entity/mob/anathema/hurt/chain4"
		},
		{
			"predicate": {
				"custom_model_data": 80
			},
			"model": "minecraft:custom/entity/mob/anathema/hurt/chain3"
		},
		{
			"predicate": {
				"custom_model_data": 81
			},
			"model": "minecraft:custom/entity/mob/anathema/hurt/chain2"
		},
		{
			"predicate": {
				"custom_model_data": 82
			},
			"model": "minecraft:custom/entity/mob/anathema/hurt/chain"
		},
		{
			"predicate": {
				"custom_model_data": 83
			},
			"model": "minecraft:custom/entity/mob/anathema/hurt/chain10"
		},
		{
			"predicate": {
				"custom_model_data": 84
			},
			"model": "minecraft:custom/entity/mob/anathema/hurt/chain9"
		},
		{
			"predicate": {
				"custom_model_data": 85
			},
			"model": "minecraft:custom/entity/mob/anathema/hurt/chain12"
		},
		{
			"predicate": {
				"custom_model_data": 86
			},
			"model": "minecraft:custom/entity/mob/anathema/hurt/chain11"
		},
		{
			"predicate": {
				"custom_model_data": 87
			},
			"model": "minecraft:custom/entity/mob/anathema/hurt/chain8"
		},
		{
			"predicate": {
				"custom_model_data": 88
			},
			"model": "minecraft:custom/entity/mob/anathema/hurt/chain7"
		},
		{
			"predicate": {
				"custom_model_data": 89
			},
			"model": "minecraft:custom/entity/mob/anathema/hurt/chain6"
		},
		{
			"predicate": {
				"custom_model_data": 90
			},
			"model": "minecraft:custom/entity/mob/anathema/hurt/chain5"
		},
		{
			"predicate": {
				"custom_model_data": 91
			},
			"model": "minecraft:custom/entity/mob/anathema/hurt/chains"
		},
		{
			"predicate": {
				"custom_model_data": 92
			},
			"model": "minecraft:custom/entity/mob/anathema/hurt/back_sub_cloth_2"
		},
		{
			"predicate": {
				"custom_model_data": 93
			},
			"model": "minecraft:custom/entity/mob/anathema/hurt/back_cloth"
		},
		{
			"predicate": {
				"custom_model_data": 94
			},
			"model": "minecraft:custom/entity/mob/anathema/hurt/bot_sub_sub_cloth_1"
		},
		{
			"predicate": {
				"custom_model_data": 95
			},
			"model": "minecraft:custom/entity/mob/anathema/hurt/bot_sub_cloth_1"
		},
		{
			"predicate": {
				"custom_model_data": 96
			},
			"model": "minecraft:custom/entity/mob/anathema/hurt/bot_cloth_1"
		},
		{
			"predicate": {
				"custom_model_data": 97
			},
			"model": "minecraft:custom/entity/mob/anathema/hurt/bot_sub_sub_cloth_2"
		},
		{
			"predicate": {
				"custom_model_data": 98
			},
			"model": "minecraft:custom/entity/mob/anathema/hurt/bot_sub_cloth_2"
		},
		{
			"predicate": {
				"custom_model_data": 99
			},
			"model": "minecraft:custom/entity/mob/anathema/hurt/bot_cloth_2"
		},
		{
			"predicate": {
				"custom_model_data": 100
			},
			"model": "minecraft:custom/entity/mob/anathema/hurt/bot_sub_sub_cloth_3"
		},
		{
			"predicate": {
				"custom_model_data": 101
			},
			"model": "minecraft:custom/entity/mob/anathema/hurt/bot_sub_cloth_3"
		},
		{
			"predicate": {
				"custom_model_data": 102
			},
			"model": "minecraft:custom/entity/mob/anathema/hurt/bot_cloth_3"
		},
		{
			"predicate": {
				"custom_model_data": 103
			},
			"model": "minecraft:custom/entity/mob/anathema/hurt/bot_sub_sub_cloth_4"
		},
		{
			"predicate": {
				"custom_model_data": 104
			},
			"model": "minecraft:custom/entity/mob/anathema/hurt/bot_sub_cloth_4"
		},
		{
			"predicate": {
				"custom_model_data": 105
			},
			"model": "minecraft:custom/entity/mob/anathema/hurt/bot_cloth_4"
		},
		{
			"predicate": {
				"custom_model_data": 106
			},
			"model": "minecraft:custom/entity/mob/anathema/hurt/small_elbow_l"
		},
		{
			"predicate": {
				"custom_model_data": 107
			},
			"model": "minecraft:custom/entity/mob/anathema/hurt/small_arm_l"
		},
		{
			"predicate": {
				"custom_model_data": 108
			},
			"model": "minecraft:custom/entity/mob/anathema/hurt/small_elbow_r"
		},
		{
			"predicate": {
				"custom_model_data": 109
			},
			"model": "minecraft:custom/entity/mob/anathema/hurt/small_arm_r"
		},
		{
			"predicate": {
				"custom_model_data": 110
			},
			"model": "minecraft:custom/entity/mob/anathema/hurt/glow"
		},
		{
			"predicate": {
				"custom_model_data": 111
			},
			"model": "minecraft:custom/entity/mob/anathema/hurt/head"
		},
		{
			"predicate": {
				"custom_model_data": 112
			},
			"model": "minecraft:custom/entity/mob/anathema/hurt/big_elbow_l"
		},
		{
			"predicate": {
				"custom_model_data": 113
			},
			"model": "minecraft:custom/entity/mob/anathema/hurt/big_arm_l"
		},
		{
			"predicate": {
				"custom_model_data": 114
			},
			"model": "minecraft:custom/entity/mob/anathema/hurt/big_elbow_r"
		},
		{
			"predicate": {
				"custom_model_data": 115
			},
			"model": "minecraft:custom/entity/mob/anathema/hurt/big_arm_r"
		},
		{
			"predicate": {
				"custom_model_data": 116
			},
			"model": "minecraft:custom/entity/mob/anathema/hurt/upperbody"
		},
		{
			"predicate": {
				"custom_model_data": 117
			},
			"model": "minecraft:custom/entity/mob/anathema/hurt/body"
		},
		{
			"predicate": {
				"custom_model_data": 118
			},
			"model": "minecraft:custom/entity/mob/anathema/hurt/portal"
		},
		{
			"predicate": {
				"custom_model_data": 119
			},
			"model": "minecraft:custom/entity/mob/anathema/hurt/cosmic"
		}
	],
	"animated_java": {
		"rigs": {
			"mob_zealot": {
				"used_ids": [
					2,
					3,
					4,
					5,
					6,
					7,
					8,
					9,
					10,
					11,
					12,
					13,
					14,
					15,
					16,
					17,
					18,
					19,
					20,
					21,
					22,
					23,
					24,
					25,
					26,
					27,
					28,
					29,
					30,
					31,
					32,
					33,
					34,
					35,
					36,
					37
				]
			},
			"boss_anathema": {
				"used_ids": [
					38,
					39,
					40,
					41,
					42,
					43,
					44,
					45,
					46,
					47,
					48,
					49,
					50,
					51,
					52,
					53,
					54,
					55,
					56,
					57,
					58,
					59,
					60,
					61,
					62,
					63,
					64,
					65,
					66,
					67,
					68,
					69,
					70,
					71,
					72,
					73,
					74,
					75,
					76,
					77,
					78,
					79,
					80,
					81,
					82,
					83,
					84,
					85,
					86,
					87,
					88,
					89,
					90,
					91,
					92,
					93,
					94,
					95,
					96,
					97,
					98,
					99,
					100,
					101,
					102,
					103,
					104,
					105,
					106,
					107,
					108,
					109,
					110,
					111,
					112,
					113,
					114,
					115,
					116,
					117,
					118,
					119
				]
			}
		}
	}
}