{
  "parent": "item/generated",
  "textures": {
	"layer0": "item/netherite_scrap"
  },
  "overrides": [
	  { "predicate": { "custom_model_data": 101 }, "model": "custom/decor/cage_1" },
    { "predicate": { "custom_model_data": 102 }, "model": "custom/decor/cage_2" },
    { "predicate": { "custom_model_data": 104 }, "model": "custom/decor/skeleton_1" },
    { "predicate": { "custom_model_data": 105 }, "model": "custom/decor/skeleton_2" },
    { "predicate": { "custom_model_data": 106 }, "model": "custom/decor/skeleton_3" },
	  { "predicate": { "custom_model_data": 107 }, "model": "custom/decor/skeleton_cage" },
    { "predicate": { "custom_model_data": 108 }, "model": "custom/decor/sword_rack" },
    { "predicate": { "custom_model_data": 109 }, "model": "custom/decor/blackstone_frame_1" },
    { "predicate": { "custom_model_data": 110 }, "model": "custom/decor/blackstone_frame_2" },

    { "predicate": { "custom_model_data": 201 }, "model": "custom/decor/fountain" },
    { "predicate": { "custom_model_data": 202 }, "model": "custom/decor/garden_bench" },

    { "predicate": { "custom_model_data": 301 }, "model": "custom/decor/leaves" },
    { "predicate": { "custom_model_data": 302 }, "model": "custom/decor/watering_can" },
    { "predicate": { "custom_model_data": 303 }, "model": "custom/decor/overgrowth_1" },
    { "predicate": { "custom_model_data": 304 }, "model": "custom/decor/overgrowth_2" },

    { "predicate": { "custom_model_data": 401 }, "model": "custom/decor/paint_bucket" },

    { "predicate": { "custom_model_data": 501 }, "model": "custom/decor/modifier_1" },
    { "predicate": { "custom_model_data": 502 }, "model": "custom/decor/modifier_2" },
    { "predicate": { "custom_model_data": 503 }, "model": "custom/decor/modifier_3" },

    { "predicate": { "custom_model_data": 601 }, "model": "custom/decor/table" },

    { "predicate": { "custom_model_data": 701 }, "model": "custom/decor/books_1" },
    { "predicate": { "custom_model_data": 702 }, "model": "custom/decor/books_2" },
    { "predicate": { "custom_model_data": 703 }, "model": "custom/decor/books_3" },
    { "predicate": { "custom_model_data": 704 }, "model": "custom/decor/books_4" },
    { "predicate": { "custom_model_data": 705 }, "model": "custom/decor/books_5" },
    { "predicate": { "custom_model_data": 706 }, "model": "custom/decor/books_6" }

	]
}
