{
  "textures": {
	"layer0": "item/ender_eye"
  },
  "overrides": [	  

  { "predicate": { "custom_model_data": 10000 }, "model": "custom/melee/gearsword/armor1/idle" },
  { "predicate": { "custom_model_data": 10001 }, "model": "custom/melee/gearsword/armor1/sprint/1" },
  { "predicate": { "custom_model_data": 10002 }, "model": "custom/melee/gearsword/armor1/sprint/2" },
  { "predicate": { "custom_model_data": 10100 }, "model": "custom/melee/gearsword/armor1/handling/0" },
  { "predicate": { "custom_model_data": 10101 }, "model": "custom/melee/gearsword/armor1/handling/1" },
  { "predicate": { "custom_model_data": 10102 }, "model": "custom/melee/gearsword/armor1/handling/2" },
  { "predicate": { "custom_model_data": 10103 }, "model": "custom/melee/gearsword/armor1/handling/3" },
  { "predicate": { "custom_model_data": 10104 }, "model": "custom/melee/gearsword/armor1/handling/4" },
  { "predicate": { "custom_model_data": 10105 }, "model": "custom/melee/gearsword/armor1/handling/5" },
  { "predicate": { "custom_model_data": 10200 }, "model": "custom/melee/gearsword/armor1/attack_1/0" },
  { "predicate": { "custom_model_data": 10201 }, "model": "custom/melee/gearsword/armor1/attack_1/1" },
  { "predicate": { "custom_model_data": 10202 }, "model": "custom/melee/gearsword/armor1/attack_1/2" },
  { "predicate": { "custom_model_data": 10203 }, "model": "custom/melee/gearsword/armor1/attack_1/3" },
  { "predicate": { "custom_model_data": 10204 }, "model": "custom/melee/gearsword/armor1/attack_1/4" },
  { "predicate": { "custom_model_data": 10210 }, "model": "custom/melee/gearsword/armor1/attack_1/10" },
  { "predicate": { "custom_model_data": 10300 }, "model": "custom/melee/gearsword/armor1/attack_2/0" },
  { "predicate": { "custom_model_data": 10301 }, "model": "custom/melee/gearsword/armor1/attack_2/1" },
  { "predicate": { "custom_model_data": 10302 }, "model": "custom/melee/gearsword/armor1/attack_2/2" },
  { "predicate": { "custom_model_data": 10303 }, "model": "custom/melee/gearsword/armor1/attack_2/3" },
  { "predicate": { "custom_model_data": 10304 }, "model": "custom/melee/gearsword/armor1/attack_2/4" },
  { "predicate": { "custom_model_data": 10310 }, "model": "custom/melee/gearsword/armor1/attack_2/10" },
  
  { "predicate": { "custom_model_data": 20000 }, "model": "custom/melee/gearhammer/armor1/idle" },
  { "predicate": { "custom_model_data": 20001 }, "model": "custom/melee/gearhammer/armor1/sprint/1" },
  { "predicate": { "custom_model_data": 20002 }, "model": "custom/melee/gearhammer/armor1/sprint/2" },
  { "predicate": { "custom_model_data": 20003 }, "model": "custom/melee/gearhammer/armor1/sprint/3" },
  { "predicate": { "custom_model_data": 20004 }, "model": "custom/melee/gearhammer/armor1/sprint/4" },
  { "predicate": { "custom_model_data": 20100 }, "model": "custom/melee/gearhammer/armor1/handling/0" },
  { "predicate": { "custom_model_data": 20101 }, "model": "custom/melee/gearhammer/armor1/handling/1" },
  { "predicate": { "custom_model_data": 20102 }, "model": "custom/melee/gearhammer/armor1/handling/2" },
  { "predicate": { "custom_model_data": 20103 }, "model": "custom/melee/gearhammer/armor1/handling/3" },
  { "predicate": { "custom_model_data": 20104 }, "model": "custom/melee/gearhammer/armor1/handling/4" },
  { "predicate": { "custom_model_data": 20105 }, "model": "custom/melee/gearhammer/armor1/handling/5" },
  { "predicate": { "custom_model_data": 20106 }, "model": "custom/melee/gearhammer/armor1/handling/6" },
  { "predicate": { "custom_model_data": 20107 }, "model": "custom/melee/gearhammer/armor1/handling/7" },
  { "predicate": { "custom_model_data": 20108 }, "model": "custom/melee/gearhammer/armor1/handling/8" },
  { "predicate": { "custom_model_data": 20109 }, "model": "custom/melee/gearhammer/armor1/handling/9" },
  { "predicate": { "custom_model_data": 20110 }, "model": "custom/melee/gearhammer/armor1/handling/10" },
  { "predicate": { "custom_model_data": 20111 }, "model": "custom/melee/gearhammer/armor1/handling/11" },
  { "predicate": { "custom_model_data": 20112 }, "model": "custom/melee/gearhammer/armor1/handling/12" },
  { "predicate": { "custom_model_data": 20113 }, "model": "custom/melee/gearhammer/armor1/handling/13" },
  { "predicate": { "custom_model_data": 20114 }, "model": "custom/melee/gearhammer/armor1/handling/14" },
  { "predicate": { "custom_model_data": 20115 }, "model": "custom/melee/gearhammer/armor1/handling/15" },
  { "predicate": { "custom_model_data": 20116 }, "model": "custom/melee/gearhammer/armor1/handling/16" },
  { "predicate": { "custom_model_data": 20117 }, "model": "custom/melee/gearhammer/armor1/handling/17" },
  { "predicate": { "custom_model_data": 20118 }, "model": "custom/melee/gearhammer/armor1/handling/18" },
  { "predicate": { "custom_model_data": 20119 }, "model": "custom/melee/gearhammer/armor1/handling/19" },
  { "predicate": { "custom_model_data": 20120 }, "model": "custom/melee/gearhammer/armor1/handling/20" },
  { "predicate": { "custom_model_data": 20121 }, "model": "custom/melee/gearhammer/armor1/handling/21" },
  { "predicate": { "custom_model_data": 20122 }, "model": "custom/melee/gearhammer/armor1/handling/22" },
  { "predicate": { "custom_model_data": 20123 }, "model": "custom/melee/gearhammer/armor1/handling/23" },
  { "predicate": { "custom_model_data": 20124 }, "model": "custom/melee/gearhammer/armor1/handling/24" },
  { "predicate": { "custom_model_data": 20200 }, "model": "custom/melee/gearhammer/armor1/attack_1/0" },
  { "predicate": { "custom_model_data": 20201 }, "model": "custom/melee/gearhammer/armor1/attack_1/1" },
  { "predicate": { "custom_model_data": 20202 }, "model": "custom/melee/gearhammer/armor1/attack_1/2" },
  { "predicate": { "custom_model_data": 20203 }, "model": "custom/melee/gearhammer/armor1/attack_1/3" },
  { "predicate": { "custom_model_data": 20204 }, "model": "custom/melee/gearhammer/armor1/attack_1/4" },
  { "predicate": { "custom_model_data": 20205 }, "model": "custom/melee/gearhammer/armor1/attack_1/5" },
  { "predicate": { "custom_model_data": 20206 }, "model": "custom/melee/gearhammer/armor1/attack_1/6" },
  { "predicate": { "custom_model_data": 20207 }, "model": "custom/melee/gearhammer/armor1/attack_1/7" },
  { "predicate": { "custom_model_data": 20208 }, "model": "custom/melee/gearhammer/armor1/attack_1/8" },
  { "predicate": { "custom_model_data": 20209 }, "model": "custom/melee/gearhammer/armor1/attack_1/9" },
  { "predicate": { "custom_model_data": 20210 }, "model": "custom/melee/gearhammer/armor1/attack_1/10" },
  { "predicate": { "custom_model_data": 20229 }, "model": "custom/melee/gearhammer/armor1/attack_1/29" },
  { "predicate": { "custom_model_data": 20300 }, "model": "custom/melee/gearhammer/armor1/attack_2/0" },
  { "predicate": { "custom_model_data": 20301 }, "model": "custom/melee/gearhammer/armor1/attack_2/1" },
  { "predicate": { "custom_model_data": 20302 }, "model": "custom/melee/gearhammer/armor1/attack_2/2" },
  { "predicate": { "custom_model_data": 20303 }, "model": "custom/melee/gearhammer/armor1/attack_2/3" },
  { "predicate": { "custom_model_data": 20304 }, "model": "custom/melee/gearhammer/armor1/attack_2/4" },
  { "predicate": { "custom_model_data": 20305 }, "model": "custom/melee/gearhammer/armor1/attack_2/5" },
  { "predicate": { "custom_model_data": 20306 }, "model": "custom/melee/gearhammer/armor1/attack_2/6" },
  { "predicate": { "custom_model_data": 20307 }, "model": "custom/melee/gearhammer/armor1/attack_2/7" },
  { "predicate": { "custom_model_data": 20308 }, "model": "custom/melee/gearhammer/armor1/attack_2/8" },
  { "predicate": { "custom_model_data": 20309 }, "model": "custom/melee/gearhammer/armor1/attack_2/9" },
  { "predicate": { "custom_model_data": 20310 }, "model": "custom/melee/gearhammer/armor1/attack_2/10" },
  { "predicate": { "custom_model_data": 20329 }, "model": "custom/melee/gearhammer/armor1/attack_2/29" },

  { "predicate": { "custom_model_data": 30000 }, "model": "custom/melee/geardagger/armor1/idle" },
  { "predicate": { "custom_model_data": 30001 }, "model": "custom/melee/geardagger/armor1/sprint/1" },
  { "predicate": { "custom_model_data": 30002 }, "model": "custom/melee/geardagger/armor1/sprint/2" },
  { "predicate": { "custom_model_data": 30003 }, "model": "custom/melee/geardagger/armor1/sprint/3" },
  { "predicate": { "custom_model_data": 30004 }, "model": "custom/melee/geardagger/armor1/sprint/4" },
  { "predicate": { "custom_model_data": 30005 }, "model": "custom/melee/geardagger/armor1/sprint/5" },
  { "predicate": { "custom_model_data": 30006 }, "model": "custom/melee/geardagger/armor1/sprint/6" },
  { "predicate": { "custom_model_data": 30007 }, "model": "custom/melee/geardagger/armor1/sprint/7" },
  { "predicate": { "custom_model_data": 30100 }, "model": "custom/melee/geardagger/armor1/handling/0" },
  { "predicate": { "custom_model_data": 30101 }, "model": "custom/melee/geardagger/armor1/handling/1" },
  { "predicate": { "custom_model_data": 30102 }, "model": "custom/melee/geardagger/armor1/handling/2" },
  { "predicate": { "custom_model_data": 30103 }, "model": "custom/melee/geardagger/armor1/handling/3" },
  { "predicate": { "custom_model_data": 30104 }, "model": "custom/melee/geardagger/armor1/handling/4" },
  { "predicate": { "custom_model_data": 30200 }, "model": "custom/melee/geardagger/armor1/attack_1/0" },
  { "predicate": { "custom_model_data": 30201 }, "model": "custom/melee/geardagger/armor1/attack_1/1" },
  { "predicate": { "custom_model_data": 30202 }, "model": "custom/melee/geardagger/armor1/attack_1/2" },
  { "predicate": { "custom_model_data": 30203 }, "model": "custom/melee/geardagger/armor1/attack_1/3" },
  { "predicate": { "custom_model_data": 30208 }, "model": "custom/melee/geardagger/armor1/attack_1/8" },
  { "predicate": { "custom_model_data": 30300 }, "model": "custom/melee/geardagger/armor1/attack_2/0" },
  { "predicate": { "custom_model_data": 30301 }, "model": "custom/melee/geardagger/armor1/attack_2/1" },
  { "predicate": { "custom_model_data": 30302 }, "model": "custom/melee/geardagger/armor1/attack_2/2" },
  { "predicate": { "custom_model_data": 30303 }, "model": "custom/melee/geardagger/armor1/attack_2/3" },
  { "predicate": { "custom_model_data": 30308 }, "model": "custom/melee/geardagger/armor1/attack_2/8" },

  { "predicate": { "custom_model_data": 40000 }, "model": "custom/melee/gearscythe/armor1/idle" },
  { "predicate": { "custom_model_data": 40001 }, "model": "custom/melee/gearscythe/armor1/sprint/1" },
  { "predicate": { "custom_model_data": 40002 }, "model": "custom/melee/gearscythe/armor1/sprint/2" },
  { "predicate": { "custom_model_data": 40003 }, "model": "custom/melee/gearscythe/armor1/sprint/3" },
  { "predicate": { "custom_model_data": 40004 }, "model": "custom/melee/gearscythe/armor1/sprint/4" },
  { "predicate": { "custom_model_data": 40005 }, "model": "custom/melee/gearscythe/armor1/sprint/5" },
  { "predicate": { "custom_model_data": 40006 }, "model": "custom/melee/gearscythe/armor1/sprint/6" },
  { "predicate": { "custom_model_data": 40007 }, "model": "custom/melee/gearscythe/armor1/sprint/7" },
  { "predicate": { "custom_model_data": 40100 }, "model": "custom/melee/gearscythe/armor1/handling/0" },
  { "predicate": { "custom_model_data": 40101 }, "model": "custom/melee/gearscythe/armor1/handling/1" },
  { "predicate": { "custom_model_data": 40102 }, "model": "custom/melee/gearscythe/armor1/handling/2" },
  { "predicate": { "custom_model_data": 40103 }, "model": "custom/melee/gearscythe/armor1/handling/3" },
  { "predicate": { "custom_model_data": 40104 }, "model": "custom/melee/gearscythe/armor1/handling/4" },
  { "predicate": { "custom_model_data": 40105 }, "model": "custom/melee/gearscythe/armor1/handling/5" },
  { "predicate": { "custom_model_data": 40106 }, "model": "custom/melee/gearscythe/armor1/handling/6" },
  { "predicate": { "custom_model_data": 40107 }, "model": "custom/melee/gearscythe/armor1/handling/7" },
  { "predicate": { "custom_model_data": 40108 }, "model": "custom/melee/gearscythe/armor1/handling/8" },
  { "predicate": { "custom_model_data": 40109 }, "model": "custom/melee/gearscythe/armor1/handling/9" },
  { "predicate": { "custom_model_data": 40110 }, "model": "custom/melee/gearscythe/armor1/handling/10" },
  { "predicate": { "custom_model_data": 40111 }, "model": "custom/melee/gearscythe/armor1/handling/11" },
  { "predicate": { "custom_model_data": 40112 }, "model": "custom/melee/gearscythe/armor1/handling/12" },
  { "predicate": { "custom_model_data": 40113 }, "model": "custom/melee/gearscythe/armor1/handling/13" },
  { "predicate": { "custom_model_data": 40114 }, "model": "custom/melee/gearscythe/armor1/handling/14" },
  { "predicate": { "custom_model_data": 40200 }, "model": "custom/melee/gearscythe/armor1/attack_1/0" },
  { "predicate": { "custom_model_data": 40201 }, "model": "custom/melee/gearscythe/armor1/attack_1/1" },
  { "predicate": { "custom_model_data": 40202 }, "model": "custom/melee/gearscythe/armor1/attack_1/2" },
  { "predicate": { "custom_model_data": 40203 }, "model": "custom/melee/gearscythe/armor1/attack_1/3" },
  { "predicate": { "custom_model_data": 40204 }, "model": "custom/melee/gearscythe/armor1/attack_1/4" },
  { "predicate": { "custom_model_data": 40205 }, "model": "custom/melee/gearscythe/armor1/attack_1/5" },
  { "predicate": { "custom_model_data": 40220 }, "model": "custom/melee/gearscythe/armor1/attack_1/20" },
  { "predicate": { "custom_model_data": 40300 }, "model": "custom/melee/gearscythe/armor1/attack_2/0" },
  { "predicate": { "custom_model_data": 40301 }, "model": "custom/melee/gearscythe/armor1/attack_2/1" },
  { "predicate": { "custom_model_data": 40302 }, "model": "custom/melee/gearscythe/armor1/attack_2/2" },
  { "predicate": { "custom_model_data": 40303 }, "model": "custom/melee/gearscythe/armor1/attack_2/3" },
  { "predicate": { "custom_model_data": 40304 }, "model": "custom/melee/gearscythe/armor1/attack_2/4" },
  { "predicate": { "custom_model_data": 40305 }, "model": "custom/melee/gearscythe/armor1/attack_2/5" },
  { "predicate": { "custom_model_data": 40320 }, "model": "custom/melee/gearscythe/armor1/attack_2/20" },
  { "predicate": { "custom_model_data": 40400 }, "model": "custom/melee/gearscythe/armor1/attack_3/0" },
  { "predicate": { "custom_model_data": 40401 }, "model": "custom/melee/gearscythe/armor1/attack_3/1" },
  { "predicate": { "custom_model_data": 40402 }, "model": "custom/melee/gearscythe/armor1/attack_3/2" },
  { "predicate": { "custom_model_data": 40403 }, "model": "custom/melee/gearscythe/armor1/attack_3/3" },
  { "predicate": { "custom_model_data": 40404 }, "model": "custom/melee/gearscythe/armor1/attack_3/4" },
  { "predicate": { "custom_model_data": 40405 }, "model": "custom/melee/gearscythe/armor1/attack_3/5" },
  { "predicate": { "custom_model_data": 40420 }, "model": "custom/melee/gearscythe/armor1/attack_3/20" },
  { "predicate": { "custom_model_data": 40501 }, "model": "custom/melee/gearscythe/armor1/channel/1" },
  { "predicate": { "custom_model_data": 40502 }, "model": "custom/melee/gearscythe/armor1/channel/2" },
  { "predicate": { "custom_model_data": 40503 }, "model": "custom/melee/gearscythe/armor1/channel/3" },
  { "predicate": { "custom_model_data": 40504 }, "model": "custom/melee/gearscythe/armor1/channel/4" },
  { "predicate": { "custom_model_data": 40505 }, "model": "custom/melee/gearscythe/armor1/channel/5" },
  { "predicate": { "custom_model_data": 40506 }, "model": "custom/melee/gearscythe/armor1/channel/6" },
  { "predicate": { "custom_model_data": 40507 }, "model": "custom/melee/gearscythe/armor1/channel/7" },
  { "predicate": { "custom_model_data": 40508 }, "model": "custom/melee/gearscythe/armor1/channel/8" },
  { "predicate": { "custom_model_data": 40509 }, "model": "custom/melee/gearscythe/armor1/channel/9" },
  { "predicate": { "custom_model_data": 40510 }, "model": "custom/melee/gearscythe/armor1/channel/10" },
  { "predicate": { "custom_model_data": 40511 }, "model": "custom/melee/gearscythe/armor1/channel/11" },
  { "predicate": { "custom_model_data": 40601 }, "model": "custom/melee/gearscythe/armor1/cast/1" },
  { "predicate": { "custom_model_data": 40602 }, "model": "custom/melee/gearscythe/armor1/cast/2" },
  { "predicate": { "custom_model_data": 40603 }, "model": "custom/melee/gearscythe/armor1/cast/3" },
  { "predicate": { "custom_model_data": 40604 }, "model": "custom/melee/gearscythe/armor1/cast/4" },
  { "predicate": { "custom_model_data": 40605 }, "model": "custom/melee/gearscythe/armor1/cast/5" },
  { "predicate": { "custom_model_data": 40606 }, "model": "custom/melee/gearscythe/armor1/cast/6" },
  { "predicate": { "custom_model_data": 40607 }, "model": "custom/melee/gearscythe/armor1/cast/7" },
  { "predicate": { "custom_model_data": 40608 }, "model": "custom/melee/gearscythe/armor1/cast/8" },
  { "predicate": { "custom_model_data": 40609 }, "model": "custom/melee/gearscythe/armor1/cast/9" },
  { "predicate": { "custom_model_data": 40610 }, "model": "custom/melee/gearscythe/armor1/cast/10" },
  { "predicate": { "custom_model_data": 40701 }, "model": "custom/melee/gearscythe/armor1/idle_noscythe" },
  { "predicate": { "custom_model_data": 40702 }, "model": "custom/melee/gearscythe/throwable" },

  { "predicate": { "custom_model_data": 50000 }, "model": "custom/melee/gearstaff/armor1/idle" },
  { "predicate": { "custom_model_data": 50001 }, "model": "custom/melee/gearstaff/armor1/sprint/1" },
  { "predicate": { "custom_model_data": 50002 }, "model": "custom/melee/gearstaff/armor1/sprint/2" },
  { "predicate": { "custom_model_data": 50003 }, "model": "custom/melee/gearstaff/armor1/sprint/3" },
  { "predicate": { "custom_model_data": 50004 }, "model": "custom/melee/gearstaff/armor1/sprint/4" },
  { "predicate": { "custom_model_data": 50005 }, "model": "custom/melee/gearstaff/armor1/sprint/5" },
  { "predicate": { "custom_model_data": 50100 }, "model": "custom/melee/gearstaff/armor1/handling/0" },
  { "predicate": { "custom_model_data": 50101 }, "model": "custom/melee/gearstaff/armor1/handling/1" },
  { "predicate": { "custom_model_data": 50102 }, "model": "custom/melee/gearstaff/armor1/handling/2" },
  { "predicate": { "custom_model_data": 50103 }, "model": "custom/melee/gearstaff/armor1/handling/3" },
  { "predicate": { "custom_model_data": 50104 }, "model": "custom/melee/gearstaff/armor1/handling/4" },
  { "predicate": { "custom_model_data": 50105 }, "model": "custom/melee/gearstaff/armor1/handling/5" },
  { "predicate": { "custom_model_data": 50106 }, "model": "custom/melee/gearstaff/armor1/handling/6" },
  { "predicate": { "custom_model_data": 50107 }, "model": "custom/melee/gearstaff/armor1/handling/7" },
  { "predicate": { "custom_model_data": 50108 }, "model": "custom/melee/gearstaff/armor1/handling/8" },
  { "predicate": { "custom_model_data": 50200 }, "model": "custom/melee/gearstaff/armor1/attack_1/0" },
  { "predicate": { "custom_model_data": 50201 }, "model": "custom/melee/gearstaff/armor1/attack_1/1" },
  { "predicate": { "custom_model_data": 50202 }, "model": "custom/melee/gearstaff/armor1/attack_1/2" },
  { "predicate": { "custom_model_data": 50203 }, "model": "custom/melee/gearstaff/armor1/attack_1/3" },
  { "predicate": { "custom_model_data": 50204 }, "model": "custom/melee/gearstaff/armor1/attack_1/4" },
  { "predicate": { "custom_model_data": 50205 }, "model": "custom/melee/gearstaff/armor1/attack_1/5" },
  { "predicate": { "custom_model_data": 50210 }, "model": "custom/melee/gearstaff/armor1/attack_1/10" },
  { "predicate": { "custom_model_data": 50300 }, "model": "custom/melee/gearstaff/armor1/attack_2/0" },
  { "predicate": { "custom_model_data": 50301 }, "model": "custom/melee/gearstaff/armor1/attack_2/1" },
  { "predicate": { "custom_model_data": 50302 }, "model": "custom/melee/gearstaff/armor1/attack_2/2" },
  { "predicate": { "custom_model_data": 50303 }, "model": "custom/melee/gearstaff/armor1/attack_2/3" },
  { "predicate": { "custom_model_data": 50304 }, "model": "custom/melee/gearstaff/armor1/attack_2/4" },
  { "predicate": { "custom_model_data": 50305 }, "model": "custom/melee/gearstaff/armor1/attack_2/5" },
  { "predicate": { "custom_model_data": 50310 }, "model": "custom/melee/gearstaff/armor1/attack_2/10" },

  { "predicate": { "custom_model_data": 60500 }, "model": "custom/melee/gearcatalyst/armor1/idle_sprint" },
  { "predicate": { "custom_model_data": 60000 }, "model": "custom/melee/gearcatalyst/armor1/idle/1" },
  { "predicate": { "custom_model_data": 60001 }, "model": "custom/melee/gearcatalyst/armor1/sprint/1" },
  { "predicate": { "custom_model_data": 60002 }, "model": "custom/melee/gearcatalyst/armor1/sprint/2" },
  { "predicate": { "custom_model_data": 60003 }, "model": "custom/melee/gearcatalyst/armor1/sprint/3" },
  { "predicate": { "custom_model_data": 60004 }, "model": "custom/melee/gearcatalyst/armor1/sprint/4" },
  { "predicate": { "custom_model_data": 60005 }, "model": "custom/melee/gearcatalyst/armor1/sprint/5" },
  { "predicate": { "custom_model_data": 60100 }, "model": "custom/melee/gearcatalyst/armor1/handling/0" },
  { "predicate": { "custom_model_data": 60101 }, "model": "custom/melee/gearcatalyst/armor1/handling/1" },
  { "predicate": { "custom_model_data": 60102 }, "model": "custom/melee/gearcatalyst/armor1/handling/2" },
  { "predicate": { "custom_model_data": 60103 }, "model": "custom/melee/gearcatalyst/armor1/handling/3" },
  { "predicate": { "custom_model_data": 60104 }, "model": "custom/melee/gearcatalyst/armor1/handling/4" },
  { "predicate": { "custom_model_data": 60105 }, "model": "custom/melee/gearcatalyst/armor1/handling/5" },
  { "predicate": { "custom_model_data": 60106 }, "model": "custom/melee/gearcatalyst/armor1/handling/6" },
  { "predicate": { "custom_model_data": 60107 }, "model": "custom/melee/gearcatalyst/armor1/handling/7" },
  { "predicate": { "custom_model_data": 60108 }, "model": "custom/melee/gearcatalyst/armor1/handling/8" },
  { "predicate": { "custom_model_data": 60109 }, "model": "custom/melee/gearcatalyst/armor1/handling/9" },
  { "predicate": { "custom_model_data": 60110 }, "model": "custom/melee/gearcatalyst/armor1/handling/10" },
  { "predicate": { "custom_model_data": 60200 }, "model": "custom/melee/gearcatalyst/armor1/attack_1/0" },
  { "predicate": { "custom_model_data": 60201 }, "model": "custom/melee/gearcatalyst/armor1/attack_1/1" },
  { "predicate": { "custom_model_data": 60202 }, "model": "custom/melee/gearcatalyst/armor1/attack_1/2" },
  { "predicate": { "custom_model_data": 60203 }, "model": "custom/melee/gearcatalyst/armor1/attack_1/3" },
  { "predicate": { "custom_model_data": 60204 }, "model": "custom/melee/gearcatalyst/armor1/attack_1/4" },
  { "predicate": { "custom_model_data": 60205 }, "model": "custom/melee/gearcatalyst/armor1/attack_1/5" },
  { "predicate": { "custom_model_data": 60206 }, "model": "custom/melee/gearcatalyst/armor1/attack_1/6" },
  { "predicate": { "custom_model_data": 60207 }, "model": "custom/melee/gearcatalyst/armor1/attack_1/7" },
  { "predicate": { "custom_model_data": 60215 }, "model": "custom/melee/gearcatalyst/armor1/attack_1/15" },
  { "predicate": { "custom_model_data": 60300 }, "model": "custom/melee/gearcatalyst/armor1/attack_2/0" },
  { "predicate": { "custom_model_data": 60301 }, "model": "custom/melee/gearcatalyst/armor1/attack_2/1" },
  { "predicate": { "custom_model_data": 60302 }, "model": "custom/melee/gearcatalyst/armor1/attack_2/2" },
  { "predicate": { "custom_model_data": 60303 }, "model": "custom/melee/gearcatalyst/armor1/attack_2/3" },
  { "predicate": { "custom_model_data": 60304 }, "model": "custom/melee/gearcatalyst/armor1/attack_2/4" },
  { "predicate": { "custom_model_data": 60305 }, "model": "custom/melee/gearcatalyst/armor1/attack_2/5" },
  { "predicate": { "custom_model_data": 60306 }, "model": "custom/melee/gearcatalyst/armor1/attack_2/6" },
  { "predicate": { "custom_model_data": 60307 }, "model": "custom/melee/gearcatalyst/armor1/attack_2/7" },
  { "predicate": { "custom_model_data": 60315 }, "model": "custom/melee/gearcatalyst/armor1/attack_2/15" },
  { "predicate": { "custom_model_data": 60401 }, "model": "custom/melee/gearcatalyst/armor1/idle/1" },
  { "predicate": { "custom_model_data": 60402 }, "model": "custom/melee/gearcatalyst/armor1/idle/2" },
  { "predicate": { "custom_model_data": 60403 }, "model": "custom/melee/gearcatalyst/armor1/idle/3" },
  { "predicate": { "custom_model_data": 60404 }, "model": "custom/melee/gearcatalyst/armor1/idle/4" },
  { "predicate": { "custom_model_data": 60405 }, "model": "custom/melee/gearcatalyst/armor1/idle/5" },
  { "predicate": { "custom_model_data": 60406 }, "model": "custom/melee/gearcatalyst/armor1/idle/6" },
  { "predicate": { "custom_model_data": 60407 }, "model": "custom/melee/gearcatalyst/armor1/idle/7" },
  { "predicate": { "custom_model_data": 60408 }, "model": "custom/melee/gearcatalyst/armor1/idle/8" },
  { "predicate": { "custom_model_data": 60501 }, "model": "custom/melee/gearcatalyst/armor1/idle_sprint/1" },
  { "predicate": { "custom_model_data": 60502 }, "model": "custom/melee/gearcatalyst/armor1/idle_sprint/2" },
  { "predicate": { "custom_model_data": 60503 }, "model": "custom/melee/gearcatalyst/armor1/idle_sprint/3" },
  { "predicate": { "custom_model_data": 60504 }, "model": "custom/melee/gearcatalyst/armor1/idle_sprint/4" },
  { "predicate": { "custom_model_data": 60505 }, "model": "custom/melee/gearcatalyst/armor1/idle_sprint/5" },
  { "predicate": { "custom_model_data": 60506 }, "model": "custom/melee/gearcatalyst/armor1/idle_sprint/6" },
  { "predicate": { "custom_model_data": 60507 }, "model": "custom/melee/gearcatalyst/armor1/idle_sprint/7" },
  { "predicate": { "custom_model_data": 60508 }, "model": "custom/melee/gearcatalyst/armor1/idle_sprint/8" },

  { "predicate": { "custom_model_data": 70000 }, "model": "custom/melee/zenith/armor1/idle" },
  { "predicate": { "custom_model_data": 70001 }, "model": "custom/melee/zenith/armor1/sprint/1" },
  { "predicate": { "custom_model_data": 70002 }, "model": "custom/melee/zenith/armor1/sprint/2" },
  { "predicate": { "custom_model_data": 70003 }, "model": "custom/melee/zenith/armor1/sprint/3" },
  { "predicate": { "custom_model_data": 70004 }, "model": "custom/melee/zenith/armor1/sprint/4" },
  { "predicate": { "custom_model_data": 70100 }, "model": "custom/melee/zenith/armor1/handling/0" },
  { "predicate": { "custom_model_data": 70101 }, "model": "custom/melee/zenith/armor1/handling/1" },
  { "predicate": { "custom_model_data": 70102 }, "model": "custom/melee/zenith/armor1/handling/2" },
  { "predicate": { "custom_model_data": 70103 }, "model": "custom/melee/zenith/armor1/handling/3" },
  { "predicate": { "custom_model_data": 70104 }, "model": "custom/melee/zenith/armor1/handling/4" },
  { "predicate": { "custom_model_data": 70105 }, "model": "custom/melee/zenith/armor1/handling/5" },
  { "predicate": { "custom_model_data": 70106 }, "model": "custom/melee/zenith/armor1/handling/6" },
  { "predicate": { "custom_model_data": 70107 }, "model": "custom/melee/zenith/armor1/handling/7" },
  { "predicate": { "custom_model_data": 70200 }, "model": "custom/melee/zenith/armor1/attack_1/0" },
  { "predicate": { "custom_model_data": 70201 }, "model": "custom/melee/zenith/armor1/attack_1/1" },
  { "predicate": { "custom_model_data": 70202 }, "model": "custom/melee/zenith/armor1/attack_1/2" },
  { "predicate": { "custom_model_data": 70203 }, "model": "custom/melee/zenith/armor1/attack_1/3" },
  { "predicate": { "custom_model_data": 70204 }, "model": "custom/melee/zenith/armor1/attack_1/4" },
  { "predicate": { "custom_model_data": 70210 }, "model": "custom/melee/zenith/armor1/attack_1/10" },
  { "predicate": { "custom_model_data": 70300 }, "model": "custom/melee/zenith/armor1/attack_2/0" },
  { "predicate": { "custom_model_data": 70301 }, "model": "custom/melee/zenith/armor1/attack_2/1" },
  { "predicate": { "custom_model_data": 70302 }, "model": "custom/melee/zenith/armor1/attack_2/2" },
  { "predicate": { "custom_model_data": 70303 }, "model": "custom/melee/zenith/armor1/attack_2/3" },
  { "predicate": { "custom_model_data": 70304 }, "model": "custom/melee/zenith/armor1/attack_2/4" },
  { "predicate": { "custom_model_data": 70310 }, "model": "custom/melee/zenith/armor1/attack_2/10" },



  { "predicate": { "custom_model_data": 80000 }, "model": "custom/melee/executioner/armor1/idle" },
  { "predicate": { "custom_model_data": 80001 }, "model": "custom/melee/executioner/armor1/sprint/1" },
  { "predicate": { "custom_model_data": 80002 }, "model": "custom/melee/executioner/armor1/sprint/2" },
  { "predicate": { "custom_model_data": 80003 }, "model": "custom/melee/executioner/armor1/sprint/3" },
  { "predicate": { "custom_model_data": 80004 }, "model": "custom/melee/executioner/armor1/sprint/4" },
  { "predicate": { "custom_model_data": 80005 }, "model": "custom/melee/executioner/armor1/sprint/5" },
  { "predicate": { "custom_model_data": 80006 }, "model": "custom/melee/executioner/armor1/sprint/6" },
  { "predicate": { "custom_model_data": 80100 }, "model": "custom/melee/executioner/armor1/handling/0" },
  { "predicate": { "custom_model_data": 80101 }, "model": "custom/melee/executioner/armor1/handling/1" },
  { "predicate": { "custom_model_data": 80102 }, "model": "custom/melee/executioner/armor1/handling/2" },
  { "predicate": { "custom_model_data": 80103 }, "model": "custom/melee/executioner/armor1/handling/3" },
  { "predicate": { "custom_model_data": 80104 }, "model": "custom/melee/executioner/armor1/handling/4" },
  { "predicate": { "custom_model_data": 80105 }, "model": "custom/melee/executioner/armor1/handling/5" },
  { "predicate": { "custom_model_data": 80106 }, "model": "custom/melee/executioner/armor1/handling/6" },
  { "predicate": { "custom_model_data": 80107 }, "model": "custom/melee/executioner/armor1/handling/7" },
  { "predicate": { "custom_model_data": 80108 }, "model": "custom/melee/executioner/armor1/handling/8" },
  { "predicate": { "custom_model_data": 80109 }, "model": "custom/melee/executioner/armor1/handling/9" },
  { "predicate": { "custom_model_data": 80110 }, "model": "custom/melee/executioner/armor1/handling/10" },
  { "predicate": { "custom_model_data": 80111 }, "model": "custom/melee/executioner/armor1/handling/11" },
  { "predicate": { "custom_model_data": 80112 }, "model": "custom/melee/executioner/armor1/handling/12" },
  { "predicate": { "custom_model_data": 80113 }, "model": "custom/melee/executioner/armor1/handling/13" },
  { "predicate": { "custom_model_data": 80114 }, "model": "custom/melee/executioner/armor1/handling/14" },
  { "predicate": { "custom_model_data": 80115 }, "model": "custom/melee/executioner/armor1/handling/15" },
  { "predicate": { "custom_model_data": 80116 }, "model": "custom/melee/executioner/armor1/handling/16" },
  { "predicate": { "custom_model_data": 80200 }, "model": "custom/melee/executioner/armor1/attack_1/0" },
  { "predicate": { "custom_model_data": 80201 }, "model": "custom/melee/executioner/armor1/attack_1/1" },
  { "predicate": { "custom_model_data": 80202 }, "model": "custom/melee/executioner/armor1/attack_1/2" },
  { "predicate": { "custom_model_data": 80203 }, "model": "custom/melee/executioner/armor1/attack_1/3" },
  { "predicate": { "custom_model_data": 80204 }, "model": "custom/melee/executioner/armor1/attack_1/4" },
  { "predicate": { "custom_model_data": 80205 }, "model": "custom/melee/executioner/armor1/attack_1/5" },
  { "predicate": { "custom_model_data": 80206 }, "model": "custom/melee/executioner/armor1/attack_1/6" },
  { "predicate": { "custom_model_data": 80207 }, "model": "custom/melee/executioner/armor1/attack_1/7" },
  { "predicate": { "custom_model_data": 80208 }, "model": "custom/melee/executioner/armor1/attack_1/8" },
  { "predicate": { "custom_model_data": 80209 }, "model": "custom/melee/executioner/armor1/attack_1/9" },
  { "predicate": { "custom_model_data": 80210 }, "model": "custom/melee/executioner/armor1/attack_1/10" },
  { "predicate": { "custom_model_data": 80229 }, "model": "custom/melee/executioner/armor1/attack_1/29" },
  { "predicate": { "custom_model_data": 80300 }, "model": "custom/melee/executioner/armor1/attack_2/0" },
  { "predicate": { "custom_model_data": 80301 }, "model": "custom/melee/executioner/armor1/attack_2/1" },
  { "predicate": { "custom_model_data": 80302 }, "model": "custom/melee/executioner/armor1/attack_2/2" },
  { "predicate": { "custom_model_data": 80303 }, "model": "custom/melee/executioner/armor1/attack_2/3" },
  { "predicate": { "custom_model_data": 80304 }, "model": "custom/melee/executioner/armor1/attack_2/4" },
  { "predicate": { "custom_model_data": 80305 }, "model": "custom/melee/executioner/armor1/attack_2/5" },
  { "predicate": { "custom_model_data": 80306 }, "model": "custom/melee/executioner/armor1/attack_2/6" },
  { "predicate": { "custom_model_data": 80307 }, "model": "custom/melee/executioner/armor1/attack_2/7" },
  { "predicate": { "custom_model_data": 80308 }, "model": "custom/melee/executioner/armor1/attack_2/8" },
  { "predicate": { "custom_model_data": 80309 }, "model": "custom/melee/executioner/armor1/attack_2/9" },
  { "predicate": { "custom_model_data": 80310 }, "model": "custom/melee/executioner/armor1/attack_2/10" },
  { "predicate": { "custom_model_data": 80329 }, "model": "custom/melee/executioner/armor1/attack_2/29" },
  { "predicate": { "custom_model_data": 80401 }, "model": "custom/melee/executioner/armor1/channel/1" },
  { "predicate": { "custom_model_data": 80402 }, "model": "custom/melee/executioner/armor1/channel/2" },
  { "predicate": { "custom_model_data": 80403 }, "model": "custom/melee/executioner/armor1/channel/3" },
  { "predicate": { "custom_model_data": 80404 }, "model": "custom/melee/executioner/armor1/channel/4" },
  { "predicate": { "custom_model_data": 80405 }, "model": "custom/melee/executioner/armor1/channel/5" },
  { "predicate": { "custom_model_data": 80406 }, "model": "custom/melee/executioner/armor1/channel/6" },
  { "predicate": { "custom_model_data": 80407 }, "model": "custom/melee/executioner/armor1/channel/7" },
  { "predicate": { "custom_model_data": 80408 }, "model": "custom/melee/executioner/armor1/channel/8" },
  { "predicate": { "custom_model_data": 80500 }, "model": "custom/melee/executioner/armor1/cast/1" },
  { "predicate": { "custom_model_data": 80512 }, "model": "custom/melee/executioner/armor1/cast/2" },
  { "predicate": { "custom_model_data": 80513 }, "model": "custom/melee/executioner/armor1/cast/3" },
  { "predicate": { "custom_model_data": 80514 }, "model": "custom/melee/executioner/armor1/cast/4" },
  { "predicate": { "custom_model_data": 80515 }, "model": "custom/melee/executioner/armor1/cast/5" },
  { "predicate": { "custom_model_data": 80516 }, "model": "custom/melee/executioner/armor1/cast/6" },
  { "predicate": { "custom_model_data": 80528 }, "model": "custom/melee/executioner/armor1/cast/29" },
  { "predicate": { "custom_model_data": 80529 }, "model": "custom/melee/executioner/armor1/cast/30" },



  { "predicate": { "custom_model_data": 90000 }, "model": "custom/melee/voiddagger/armor1/idle" },
  { "predicate": { "custom_model_data": 90001 }, "model": "custom/melee/voiddagger/armor1/sprint/1" },
  { "predicate": { "custom_model_data": 90002 }, "model": "custom/melee/voiddagger/armor1/sprint/2" },
  { "predicate": { "custom_model_data": 90003 }, "model": "custom/melee/voiddagger/armor1/sprint/3" },
  { "predicate": { "custom_model_data": 90004 }, "model": "custom/melee/voiddagger/armor1/sprint/4" },
  { "predicate": { "custom_model_data": 90100 }, "model": "custom/melee/voiddagger/armor1/handling/0" },
  { "predicate": { "custom_model_data": 90101 }, "model": "custom/melee/voiddagger/armor1/handling/1" },
  { "predicate": { "custom_model_data": 90102 }, "model": "custom/melee/voiddagger/armor1/handling/2" },
  { "predicate": { "custom_model_data": 90103 }, "model": "custom/melee/voiddagger/armor1/handling/3" },
  { "predicate": { "custom_model_data": 90104 }, "model": "custom/melee/voiddagger/armor1/handling/4" },
  { "predicate": { "custom_model_data": 90200 }, "model": "custom/melee/voiddagger/armor1/attack_1/0" },
  { "predicate": { "custom_model_data": 90201 }, "model": "custom/melee/voiddagger/armor1/attack_1/1" },
  { "predicate": { "custom_model_data": 90202 }, "model": "custom/melee/voiddagger/armor1/attack_1/2" },
  { "predicate": { "custom_model_data": 90203 }, "model": "custom/melee/voiddagger/armor1/attack_1/3" },
  { "predicate": { "custom_model_data": 90208 }, "model": "custom/melee/voiddagger/armor1/attack_1/8" },
  { "predicate": { "custom_model_data": 90300 }, "model": "custom/melee/voiddagger/armor1/attack_2/0" },
  { "predicate": { "custom_model_data": 90301 }, "model": "custom/melee/voiddagger/armor1/attack_2/1" },
  { "predicate": { "custom_model_data": 90302 }, "model": "custom/melee/voiddagger/armor1/attack_2/2" },
  { "predicate": { "custom_model_data": 90303 }, "model": "custom/melee/voiddagger/armor1/attack_2/3" },
  { "predicate": { "custom_model_data": 90308 }, "model": "custom/melee/voiddagger/armor1/attack_2/8" },
  { "predicate": { "custom_model_data": 90401 }, "model": "custom/melee/voiddagger/armor1/cast/1" },
  { "predicate": { "custom_model_data": 90412 }, "model": "custom/melee/voiddagger/armor1/cast/1" },
  { "predicate": { "custom_model_data": 90413 }, "model": "custom/melee/voiddagger/armor1/cast/2" },
  { "predicate": { "custom_model_data": 90414 }, "model": "custom/melee/voiddagger/armor1/cast/4" },
  { "predicate": { "custom_model_data": 90415 }, "model": "custom/melee/voiddagger/armor1/cast/15" },
  { "predicate": { "custom_model_data": 90426 }, "model": "custom/melee/voiddagger/armor1/cast/16" },
  { "predicate": { "custom_model_data": 90427 }, "model": "custom/melee/voiddagger/armor1/cast/17" },
  { "predicate": { "custom_model_data": 90428 }, "model": "custom/melee/voiddagger/armor1/cast/18" },
  { "predicate": { "custom_model_data": 90429 }, "model": "custom/melee/voiddagger/armor1/cast/19" },
  { "predicate": { "custom_model_data": 90430 }, "model": "custom/melee/voiddagger/armor1/cast/20" },
  { "predicate": { "custom_model_data": 90431 }, "model": "custom/melee/voiddagger/armor1/cast/21" },
  { "predicate": { "custom_model_data": 90432 }, "model": "custom/melee/voiddagger/armor1/cast/22" },



  { "predicate": { "custom_model_data": 100000 }, "model": "custom/melee/voidslash/armor1/idle" },
  { "predicate": { "custom_model_data": 100001 }, "model": "custom/melee/voidslash/armor1/sprint/1" },
  { "predicate": { "custom_model_data": 100002 }, "model": "custom/melee/voidslash/armor1/sprint/2" },
  { "predicate": { "custom_model_data": 100003 }, "model": "custom/melee/voidslash/armor1/sprint/3" },
  { "predicate": { "custom_model_data": 100004 }, "model": "custom/melee/voidslash/armor1/sprint/4" },
  { "predicate": { "custom_model_data": 100005 }, "model": "custom/melee/voidslash/armor1/sprint/5" },
  { "predicate": { "custom_model_data": 100006 }, "model": "custom/melee/voidslash/armor1/sprint/6" },
  { "predicate": { "custom_model_data": 100100 }, "model": "custom/melee/voidslash/armor1/handling/0" },
  { "predicate": { "custom_model_data": 100101 }, "model": "custom/melee/voidslash/armor1/handling/1" },
  { "predicate": { "custom_model_data": 100102 }, "model": "custom/melee/voidslash/armor1/handling/2" },
  { "predicate": { "custom_model_data": 100103 }, "model": "custom/melee/voidslash/armor1/handling/3" },
  { "predicate": { "custom_model_data": 100104 }, "model": "custom/melee/voidslash/armor1/handling/4" },
  { "predicate": { "custom_model_data": 100105 }, "model": "custom/melee/voidslash/armor1/handling/5" },
  { "predicate": { "custom_model_data": 100106 }, "model": "custom/melee/voidslash/armor1/handling/6" },
  { "predicate": { "custom_model_data": 100107 }, "model": "custom/melee/voidslash/armor1/handling/7" },
  { "predicate": { "custom_model_data": 100108 }, "model": "custom/melee/voidslash/armor1/handling/8" },
  { "predicate": { "custom_model_data": 100109 }, "model": "custom/melee/voidslash/armor1/handling/9" },
  { "predicate": { "custom_model_data": 100110 }, "model": "custom/melee/voidslash/armor1/handling/10" },
  { "predicate": { "custom_model_data": 100200 }, "model": "custom/melee/voidslash/armor1/attack_1/0" },
  { "predicate": { "custom_model_data": 100201 }, "model": "custom/melee/voidslash/armor1/attack_1/1" },
  { "predicate": { "custom_model_data": 100202 }, "model": "custom/melee/voidslash/armor1/attack_1/2" },
  { "predicate": { "custom_model_data": 100203 }, "model": "custom/melee/voidslash/armor1/attack_1/3" },
  { "predicate": { "custom_model_data": 100204 }, "model": "custom/melee/voidslash/armor1/attack_1/4" },
  { "predicate": { "custom_model_data": 100205 }, "model": "custom/melee/voidslash/armor1/attack_1/5" },
  { "predicate": { "custom_model_data": 100220 }, "model": "custom/melee/voidslash/armor1/attack_1/20" },
  { "predicate": { "custom_model_data": 100300 }, "model": "custom/melee/voidslash/armor1/attack_2/0" },
  { "predicate": { "custom_model_data": 100301 }, "model": "custom/melee/voidslash/armor1/attack_2/1" },
  { "predicate": { "custom_model_data": 100302 }, "model": "custom/melee/voidslash/armor1/attack_2/2" },
  { "predicate": { "custom_model_data": 100303 }, "model": "custom/melee/voidslash/armor1/attack_2/3" },
  { "predicate": { "custom_model_data": 100304 }, "model": "custom/melee/voidslash/armor1/attack_2/4" },
  { "predicate": { "custom_model_data": 100305 }, "model": "custom/melee/voidslash/armor1/attack_2/5" },
  { "predicate": { "custom_model_data": 100320 }, "model": "custom/melee/voidslash/armor1/attack_2/20" },
  { "predicate": { "custom_model_data": 100401 }, "model": "custom/melee/voidslash/armor1/channel/1" },
  { "predicate": { "custom_model_data": 100402 }, "model": "custom/melee/voidslash/armor1/channel/2" },
  { "predicate": { "custom_model_data": 100403 }, "model": "custom/melee/voidslash/armor1/channel/3" },
  { "predicate": { "custom_model_data": 100404 }, "model": "custom/melee/voidslash/armor1/channel/4" },
  { "predicate": { "custom_model_data": 100405 }, "model": "custom/melee/voidslash/armor1/channel/5" },
  { "predicate": { "custom_model_data": 100406 }, "model": "custom/melee/voidslash/armor1/channel/6" },
  { "predicate": { "custom_model_data": 100407 }, "model": "custom/melee/voidslash/armor1/channel/7" },
  { "predicate": { "custom_model_data": 100408 }, "model": "custom/melee/voidslash/armor1/channel/8" },
  { "predicate": { "custom_model_data": 100409 }, "model": "custom/melee/voidslash/armor1/channel/9" },
  { "predicate": { "custom_model_data": 100410 }, "model": "custom/melee/voidslash/armor1/channel/10" },
  { "predicate": { "custom_model_data": 100411 }, "model": "custom/melee/voidslash/armor1/channel/11" },
  { "predicate": { "custom_model_data": 100501 }, "model": "custom/melee/voidslash/armor1/cast/1" },
  { "predicate": { "custom_model_data": 100502 }, "model": "custom/melee/voidslash/armor1/cast/2" },
  { "predicate": { "custom_model_data": 100503 }, "model": "custom/melee/voidslash/armor1/cast/3" },
  { "predicate": { "custom_model_data": 100504 }, "model": "custom/melee/voidslash/armor1/cast/4" },
  { "predicate": { "custom_model_data": 100505 }, "model": "custom/melee/voidslash/armor1/cast/5" },
  { "predicate": { "custom_model_data": 100506 }, "model": "custom/melee/voidslash/armor1/cast/6" },
  { "predicate": { "custom_model_data": 100507 }, "model": "custom/melee/voidslash/armor1/cast/7" },
  { "predicate": { "custom_model_data": 100508 }, "model": "custom/melee/voidslash/armor1/cast/8" },
  { "predicate": { "custom_model_data": 100509 }, "model": "custom/melee/voidslash/armor1/cast/9" },
  { "predicate": { "custom_model_data": 100510 }, "model": "custom/melee/voidslash/armor1/cast/10" },
  { "predicate": { "custom_model_data": 100601 }, "model": "custom/melee/voidslash/throwable" },



  { "predicate": { "custom_model_data": 110000 }, "model": "custom/melee/voidstaff/armor1/idle" },
  { "predicate": { "custom_model_data": 110001 }, "model": "custom/melee/voidstaff/armor1/sprint/1" },
  { "predicate": { "custom_model_data": 110002 }, "model": "custom/melee/voidstaff/armor1/sprint/2" },
  { "predicate": { "custom_model_data": 110003 }, "model": "custom/melee/voidstaff/armor1/sprint/3" },
  { "predicate": { "custom_model_data": 110004 }, "model": "custom/melee/voidstaff/armor1/sprint/4" },
  { "predicate": { "custom_model_data": 110100 }, "model": "custom/melee/voidstaff/armor1/handling/0" },
  { "predicate": { "custom_model_data": 110101 }, "model": "custom/melee/voidstaff/armor1/handling/1" },
  { "predicate": { "custom_model_data": 110102 }, "model": "custom/melee/voidstaff/armor1/handling/2" },
  { "predicate": { "custom_model_data": 110103 }, "model": "custom/melee/voidstaff/armor1/handling/3" },
  { "predicate": { "custom_model_data": 110104 }, "model": "custom/melee/voidstaff/armor1/handling/4" },
  { "predicate": { "custom_model_data": 110105 }, "model": "custom/melee/voidstaff/armor1/handling/5" },
  { "predicate": { "custom_model_data": 110106 }, "model": "custom/melee/voidstaff/armor1/handling/6" },
  { "predicate": { "custom_model_data": 110107 }, "model": "custom/melee/voidstaff/armor1/handling/7" },
  { "predicate": { "custom_model_data": 110108 }, "model": "custom/melee/voidstaff/armor1/handling/8" },
  { "predicate": { "custom_model_data": 110109 }, "model": "custom/melee/voidstaff/armor1/handling/9" },
  { "predicate": { "custom_model_data": 110110 }, "model": "custom/melee/voidstaff/armor1/handling/10" },
  { "predicate": { "custom_model_data": 110200 }, "model": "custom/melee/voidstaff/armor1/attack_1/0" },
  { "predicate": { "custom_model_data": 110201 }, "model": "custom/melee/voidstaff/armor1/attack_1/1" },
  { "predicate": { "custom_model_data": 110202 }, "model": "custom/melee/voidstaff/armor1/attack_1/2" },
  { "predicate": { "custom_model_data": 110203 }, "model": "custom/melee/voidstaff/armor1/attack_1/3" },
  { "predicate": { "custom_model_data": 110204 }, "model": "custom/melee/voidstaff/armor1/attack_1/4" },
  { "predicate": { "custom_model_data": 110205 }, "model": "custom/melee/voidstaff/armor1/attack_1/5" },
  { "predicate": { "custom_model_data": 110210 }, "model": "custom/melee/voidstaff/armor1/attack_1/10" },
  { "predicate": { "custom_model_data": 110300 }, "model": "custom/melee/voidstaff/armor1/attack_2/0" },
  { "predicate": { "custom_model_data": 110301 }, "model": "custom/melee/voidstaff/armor1/attack_2/1" },
  { "predicate": { "custom_model_data": 110302 }, "model": "custom/melee/voidstaff/armor1/attack_2/2" },
  { "predicate": { "custom_model_data": 110303 }, "model": "custom/melee/voidstaff/armor1/attack_2/3" },
  { "predicate": { "custom_model_data": 110304 }, "model": "custom/melee/voidstaff/armor1/attack_2/4" },
  { "predicate": { "custom_model_data": 110305 }, "model": "custom/melee/voidstaff/armor1/attack_2/5" },
  { "predicate": { "custom_model_data": 110310 }, "model": "custom/melee/voidstaff/armor1/attack_2/10" },
  { "predicate": { "custom_model_data": 110400 }, "model": "custom/melee/voidstaff/armor1/attack_3/0" },
  { "predicate": { "custom_model_data": 110401 }, "model": "custom/melee/voidstaff/armor1/attack_3/1" },
  { "predicate": { "custom_model_data": 110402 }, "model": "custom/melee/voidstaff/armor1/attack_3/2" },
  { "predicate": { "custom_model_data": 110403 }, "model": "custom/melee/voidstaff/armor1/attack_3/3" },
  { "predicate": { "custom_model_data": 110404 }, "model": "custom/melee/voidstaff/armor1/attack_3/4" },
  { "predicate": { "custom_model_data": 110405 }, "model": "custom/melee/voidstaff/armor1/attack_3/5" },
  { "predicate": { "custom_model_data": 110410 }, "model": "custom/melee/voidstaff/armor1/attack_3/10" },
  { "predicate": { "custom_model_data": 110501 }, "model": "custom/melee/voidstaff/armor1/cast/1" },
  { "predicate": { "custom_model_data": 110502 }, "model": "custom/melee/voidstaff/armor1/cast/2" },
  { "predicate": { "custom_model_data": 110503 }, "model": "custom/melee/voidstaff/armor1/cast/3" },
  { "predicate": { "custom_model_data": 110504 }, "model": "custom/melee/voidstaff/armor1/cast/4" },
  { "predicate": { "custom_model_data": 110505 }, "model": "custom/melee/voidstaff/armor1/cast/5" },
  { "predicate": { "custom_model_data": 110506 }, "model": "custom/melee/voidstaff/armor1/cast/6" },
  { "predicate": { "custom_model_data": 110507 }, "model": "custom/melee/voidstaff/armor1/cast/7" },
  { "predicate": { "custom_model_data": 110508 }, "model": "custom/melee/voidstaff/armor1/cast/8" },
  { "predicate": { "custom_model_data": 110509 }, "model": "custom/melee/voidstaff/armor1/cast/9" },
  { "predicate": { "custom_model_data": 110510 }, "model": "custom/melee/voidstaff/armor1/cast/10" },
  { "predicate": { "custom_model_data": 110511 }, "model": "custom/melee/voidstaff/armor1/cast/11" },
  { "predicate": { "custom_model_data": 110512 }, "model": "custom/melee/voidstaff/armor1/cast/12" },
  { "predicate": { "custom_model_data": 110513 }, "model": "custom/melee/voidstaff/armor1/cast/13" },
  { "predicate": { "custom_model_data": 110514 }, "model": "custom/melee/voidstaff/armor1/cast/14" },
  { "predicate": { "custom_model_data": 110515 }, "model": "custom/melee/voidstaff/armor1/cast/15" },

  { "predicate": { "custom_model_data": 120000 }, "model": "custom/melee/chaosfists/armor1/idle" },
  { "predicate": { "custom_model_data": 120001 }, "model": "custom/melee/chaosfists/armor1/sprint/1" },
  { "predicate": { "custom_model_data": 120002 }, "model": "custom/melee/chaosfists/armor1/sprint/2" },
  { "predicate": { "custom_model_data": 120003 }, "model": "custom/melee/chaosfists/armor1/sprint/3" },
  { "predicate": { "custom_model_data": 120004 }, "model": "custom/melee/chaosfists/armor1/sprint/4" },
  { "predicate": { "custom_model_data": 120005 }, "model": "custom/melee/chaosfists/armor1/sprint/5" },
  { "predicate": { "custom_model_data": 120100 }, "model": "custom/melee/chaosfists/armor1/handling/0" },
  { "predicate": { "custom_model_data": 120101 }, "model": "custom/melee/chaosfists/armor1/handling/1" },
  { "predicate": { "custom_model_data": 120102 }, "model": "custom/melee/chaosfists/armor1/handling/2" },
  { "predicate": { "custom_model_data": 120103 }, "model": "custom/melee/chaosfists/armor1/handling/3" },
  { "predicate": { "custom_model_data": 120104 }, "model": "custom/melee/chaosfists/armor1/handling/4" },
  { "predicate": { "custom_model_data": 120200 }, "model": "custom/melee/chaosfists/armor1/attack_1/0" },
  { "predicate": { "custom_model_data": 120201 }, "model": "custom/melee/chaosfists/armor1/attack_1/1" },
  { "predicate": { "custom_model_data": 120202 }, "model": "custom/melee/chaosfists/armor1/attack_1/2" },
  { "predicate": { "custom_model_data": 120203 }, "model": "custom/melee/chaosfists/armor1/attack_1/3" },
  { "predicate": { "custom_model_data": 120204 }, "model": "custom/melee/chaosfists/armor1/attack_1/4" },
  { "predicate": { "custom_model_data": 120210 }, "model": "custom/melee/chaosfists/armor1/attack_1/10" },
  { "predicate": { "custom_model_data": 120300 }, "model": "custom/melee/chaosfists/armor1/attack_2/0" },
  { "predicate": { "custom_model_data": 120301 }, "model": "custom/melee/chaosfists/armor1/attack_2/1" },
  { "predicate": { "custom_model_data": 120302 }, "model": "custom/melee/chaosfists/armor1/attack_2/2" },
  { "predicate": { "custom_model_data": 120303 }, "model": "custom/melee/chaosfists/armor1/attack_2/3" },
  { "predicate": { "custom_model_data": 120304 }, "model": "custom/melee/chaosfists/armor1/attack_2/4" },
  { "predicate": { "custom_model_data": 120310 }, "model": "custom/melee/chaosfists/armor1/attack_2/10" }
	]
}
