{
	"parent": "item/generated",
	"textures": {
		"layer0": "minecraft:item/white_dye"
	},
	"overrides": [
		{
			"predicate": {
				"custom_model_data": 1
			},
			"model": "item/animated_java_empty"
		},
		{
			"predicate": {
				"custom_model_data": 2
			},
			"model": "minecraft:custom/entity/player/ball"
		},
		{
			"predicate": {
				"custom_model_data": 3
			},
			"model": "minecraft:custom/entity/player/ranged"
		},
		{
			"predicate": {
				"custom_model_data": 4
			},
			"model": "minecraft:custom/entity/player/ranged_verge"
		},
		{
			"predicate": {
				"custom_model_data": 5
			},
			"model": "minecraft:custom/entity/player/mage"
		},
		{
			"predicate": {
				"custom_model_data": 6
			},
			"model": "minecraft:custom/entity/player/mage_verge"
		},
		{
			"predicate": {
				"custom_model_data": 7
			},
			"model": "minecraft:custom/entity/player/melee"
		},
		{
			"predicate": {
				"custom_model_data": 8
			},
			"model": "minecraft:custom/entity/player/melee_verge"
		},
		{
			"predicate": {
				"custom_model_data": 9
			},
			"model": "minecraft:custom/entity/player/head"
		},
		{
			"predicate": {
				"custom_model_data": 10
			},
			"model": "minecraft:custom/entity/player/arm_r"
		},
		{
			"predicate": {
				"custom_model_data": 11
			},
			"model": "minecraft:custom/entity/player/arm_l"
		},
		{
			"predicate": {
				"custom_model_data": 12
			},
			"model": "minecraft:custom/entity/player/body"
		},
		{
			"predicate": {
				"custom_model_data": 13
			},
			"model": "minecraft:custom/entity/player/leg_l"
		},
		{
			"predicate": {
				"custom_model_data": 14
			},
			"model": "minecraft:custom/entity/player/leg_r"
		},
		{
			"predicate": {
				"custom_model_data": 15
			},
			"model": "minecraft:custom/entity/player/effect_crush_ball"
		},
		{
			"predicate": {
				"custom_model_data": 16
			},
			"model": "minecraft:custom/entity/player/ranged/ball"
		},
		{
			"predicate": {
				"custom_model_data": 17
			},
			"model": "minecraft:custom/entity/player/ranged/ranged"
		},
		{
			"predicate": {
				"custom_model_data": 18
			},
			"model": "minecraft:custom/entity/player/ranged/ranged_verge"
		},
		{
			"predicate": {
				"custom_model_data": 19
			},
			"model": "minecraft:custom/entity/player/ranged/mage"
		},
		{
			"predicate": {
				"custom_model_data": 20
			},
			"model": "minecraft:custom/entity/player/ranged/mage_verge"
		},
		{
			"predicate": {
				"custom_model_data": 21
			},
			"model": "minecraft:custom/entity/player/ranged/melee"
		},
		{
			"predicate": {
				"custom_model_data": 22
			},
			"model": "minecraft:custom/entity/player/ranged/melee_verge"
		},
		{
			"predicate": {
				"custom_model_data": 23
			},
			"model": "minecraft:custom/entity/player/ranged/head"
		},
		{
			"predicate": {
				"custom_model_data": 24
			},
			"model": "minecraft:custom/entity/player/ranged/arm_r"
		},
		{
			"predicate": {
				"custom_model_data": 25
			},
			"model": "minecraft:custom/entity/player/ranged/arm_l"
		},
		{
			"predicate": {
				"custom_model_data": 26
			},
			"model": "minecraft:custom/entity/player/ranged/body"
		},
		{
			"predicate": {
				"custom_model_data": 27
			},
			"model": "minecraft:custom/entity/player/ranged/leg_l"
		},
		{
			"predicate": {
				"custom_model_data": 28
			},
			"model": "minecraft:custom/entity/player/ranged/leg_r"
		},
		{
			"predicate": {
				"custom_model_data": 29
			},
			"model": "minecraft:custom/entity/player/ranged/effect_crush_ball"
		},
		{
			"predicate": {
				"custom_model_data": 30
			},
			"model": "minecraft:custom/entity/player/ranged_verge/ball"
		},
		{
			"predicate": {
				"custom_model_data": 31
			},
			"model": "minecraft:custom/entity/player/ranged_verge/ranged"
		},
		{
			"predicate": {
				"custom_model_data": 32
			},
			"model": "minecraft:custom/entity/player/ranged_verge/ranged_verge"
		},
		{
			"predicate": {
				"custom_model_data": 33
			},
			"model": "minecraft:custom/entity/player/ranged_verge/mage"
		},
		{
			"predicate": {
				"custom_model_data": 34
			},
			"model": "minecraft:custom/entity/player/ranged_verge/mage_verge"
		},
		{
			"predicate": {
				"custom_model_data": 35
			},
			"model": "minecraft:custom/entity/player/ranged_verge/melee"
		},
		{
			"predicate": {
				"custom_model_data": 36
			},
			"model": "minecraft:custom/entity/player/ranged_verge/melee_verge"
		},
		{
			"predicate": {
				"custom_model_data": 37
			},
			"model": "minecraft:custom/entity/player/ranged_verge/head"
		},
		{
			"predicate": {
				"custom_model_data": 38
			},
			"model": "minecraft:custom/entity/player/ranged_verge/arm_r"
		},
		{
			"predicate": {
				"custom_model_data": 39
			},
			"model": "minecraft:custom/entity/player/ranged_verge/arm_l"
		},
		{
			"predicate": {
				"custom_model_data": 40
			},
			"model": "minecraft:custom/entity/player/ranged_verge/body"
		},
		{
			"predicate": {
				"custom_model_data": 41
			},
			"model": "minecraft:custom/entity/player/ranged_verge/leg_l"
		},
		{
			"predicate": {
				"custom_model_data": 42
			},
			"model": "minecraft:custom/entity/player/ranged_verge/leg_r"
		},
		{
			"predicate": {
				"custom_model_data": 43
			},
			"model": "minecraft:custom/entity/player/ranged_verge/effect_crush_ball"
		},
		{
			"predicate": {
				"custom_model_data": 44
			},
			"model": "minecraft:custom/entity/player/mage/ball"
		},
		{
			"predicate": {
				"custom_model_data": 45
			},
			"model": "minecraft:custom/entity/player/mage/ranged"
		},
		{
			"predicate": {
				"custom_model_data": 46
			},
			"model": "minecraft:custom/entity/player/mage/ranged_verge"
		},
		{
			"predicate": {
				"custom_model_data": 47
			},
			"model": "minecraft:custom/entity/player/mage/mage"
		},
		{
			"predicate": {
				"custom_model_data": 48
			},
			"model": "minecraft:custom/entity/player/mage/mage_verge"
		},
		{
			"predicate": {
				"custom_model_data": 49
			},
			"model": "minecraft:custom/entity/player/mage/melee"
		},
		{
			"predicate": {
				"custom_model_data": 50
			},
			"model": "minecraft:custom/entity/player/mage/melee_verge"
		},
		{
			"predicate": {
				"custom_model_data": 51
			},
			"model": "minecraft:custom/entity/player/mage/head"
		},
		{
			"predicate": {
				"custom_model_data": 52
			},
			"model": "minecraft:custom/entity/player/mage/arm_r"
		},
		{
			"predicate": {
				"custom_model_data": 53
			},
			"model": "minecraft:custom/entity/player/mage/arm_l"
		},
		{
			"predicate": {
				"custom_model_data": 54
			},
			"model": "minecraft:custom/entity/player/mage/body"
		},
		{
			"predicate": {
				"custom_model_data": 55
			},
			"model": "minecraft:custom/entity/player/mage/leg_l"
		},
		{
			"predicate": {
				"custom_model_data": 56
			},
			"model": "minecraft:custom/entity/player/mage/leg_r"
		},
		{
			"predicate": {
				"custom_model_data": 57
			},
			"model": "minecraft:custom/entity/player/mage/effect_crush_ball"
		},
		{
			"predicate": {
				"custom_model_data": 58
			},
			"model": "minecraft:custom/entity/player/mage_verge/ball"
		},
		{
			"predicate": {
				"custom_model_data": 59
			},
			"model": "minecraft:custom/entity/player/mage_verge/ranged"
		},
		{
			"predicate": {
				"custom_model_data": 60
			},
			"model": "minecraft:custom/entity/player/mage_verge/ranged_verge"
		},
		{
			"predicate": {
				"custom_model_data": 61
			},
			"model": "minecraft:custom/entity/player/mage_verge/mage"
		},
		{
			"predicate": {
				"custom_model_data": 62
			},
			"model": "minecraft:custom/entity/player/mage_verge/mage_verge"
		},
		{
			"predicate": {
				"custom_model_data": 63
			},
			"model": "minecraft:custom/entity/player/mage_verge/melee"
		},
		{
			"predicate": {
				"custom_model_data": 64
			},
			"model": "minecraft:custom/entity/player/mage_verge/melee_verge"
		},
		{
			"predicate": {
				"custom_model_data": 65
			},
			"model": "minecraft:custom/entity/player/mage_verge/head"
		},
		{
			"predicate": {
				"custom_model_data": 66
			},
			"model": "minecraft:custom/entity/player/mage_verge/arm_r"
		},
		{
			"predicate": {
				"custom_model_data": 67
			},
			"model": "minecraft:custom/entity/player/mage_verge/arm_l"
		},
		{
			"predicate": {
				"custom_model_data": 68
			},
			"model": "minecraft:custom/entity/player/mage_verge/body"
		},
		{
			"predicate": {
				"custom_model_data": 69
			},
			"model": "minecraft:custom/entity/player/mage_verge/leg_l"
		},
		{
			"predicate": {
				"custom_model_data": 70
			},
			"model": "minecraft:custom/entity/player/mage_verge/leg_r"
		},
		{
			"predicate": {
				"custom_model_data": 71
			},
			"model": "minecraft:custom/entity/player/mage_verge/effect_crush_ball"
		},
		{
			"predicate": {
				"custom_model_data": 72
			},
			"model": "minecraft:custom/entity/player/melee/ball"
		},
		{
			"predicate": {
				"custom_model_data": 73
			},
			"model": "minecraft:custom/entity/player/melee/ranged"
		},
		{
			"predicate": {
				"custom_model_data": 74
			},
			"model": "minecraft:custom/entity/player/melee/ranged_verge"
		},
		{
			"predicate": {
				"custom_model_data": 75
			},
			"model": "minecraft:custom/entity/player/melee/mage"
		},
		{
			"predicate": {
				"custom_model_data": 76
			},
			"model": "minecraft:custom/entity/player/melee/mage_verge"
		},
		{
			"predicate": {
				"custom_model_data": 77
			},
			"model": "minecraft:custom/entity/player/melee/melee"
		},
		{
			"predicate": {
				"custom_model_data": 78
			},
			"model": "minecraft:custom/entity/player/melee/melee_verge"
		},
		{
			"predicate": {
				"custom_model_data": 79
			},
			"model": "minecraft:custom/entity/player/melee/head"
		},
		{
			"predicate": {
				"custom_model_data": 80
			},
			"model": "minecraft:custom/entity/player/melee/arm_r"
		},
		{
			"predicate": {
				"custom_model_data": 81
			},
			"model": "minecraft:custom/entity/player/melee/arm_l"
		},
		{
			"predicate": {
				"custom_model_data": 82
			},
			"model": "minecraft:custom/entity/player/melee/body"
		},
		{
			"predicate": {
				"custom_model_data": 83
			},
			"model": "minecraft:custom/entity/player/melee/leg_l"
		},
		{
			"predicate": {
				"custom_model_data": 84
			},
			"model": "minecraft:custom/entity/player/melee/leg_r"
		},
		{
			"predicate": {
				"custom_model_data": 85
			},
			"model": "minecraft:custom/entity/player/melee/effect_crush_ball"
		},
		{
			"predicate": {
				"custom_model_data": 86
			},
			"model": "minecraft:custom/entity/player/melee_verge/ball"
		},
		{
			"predicate": {
				"custom_model_data": 87
			},
			"model": "minecraft:custom/entity/player/melee_verge/ranged"
		},
		{
			"predicate": {
				"custom_model_data": 88
			},
			"model": "minecraft:custom/entity/player/melee_verge/ranged_verge"
		},
		{
			"predicate": {
				"custom_model_data": 89
			},
			"model": "minecraft:custom/entity/player/melee_verge/mage"
		},
		{
			"predicate": {
				"custom_model_data": 90
			},
			"model": "minecraft:custom/entity/player/melee_verge/mage_verge"
		},
		{
			"predicate": {
				"custom_model_data": 91
			},
			"model": "minecraft:custom/entity/player/melee_verge/melee"
		},
		{
			"predicate": {
				"custom_model_data": 92
			},
			"model": "minecraft:custom/entity/player/melee_verge/melee_verge"
		},
		{
			"predicate": {
				"custom_model_data": 93
			},
			"model": "minecraft:custom/entity/player/melee_verge/head"
		},
		{
			"predicate": {
				"custom_model_data": 94
			},
			"model": "minecraft:custom/entity/player/melee_verge/arm_r"
		},
		{
			"predicate": {
				"custom_model_data": 95
			},
			"model": "minecraft:custom/entity/player/melee_verge/arm_l"
		},
		{
			"predicate": {
				"custom_model_data": 96
			},
			"model": "minecraft:custom/entity/player/melee_verge/body"
		},
		{
			"predicate": {
				"custom_model_data": 97
			},
			"model": "minecraft:custom/entity/player/melee_verge/leg_l"
		},
		{
			"predicate": {
				"custom_model_data": 98
			},
			"model": "minecraft:custom/entity/player/melee_verge/leg_r"
		},
		{
			"predicate": {
				"custom_model_data": 99
			},
			"model": "minecraft:custom/entity/player/melee_verge/effect_crush_ball"
		}
	],
	"animated_java": {
		"rigs": {
			"player": {
				"used_ids": [
					2,
					3,
					4,
					5,
					6,
					7,
					8,
					9,
					10,
					11,
					12,
					13,
					14,
					15,
					16,
					17,
					18,
					19,
					20,
					21,
					22,
					23,
					24,
					25,
					26,
					27,
					28,
					29,
					30,
					31,
					32,
					33,
					34,
					35,
					36,
					37,
					38,
					39,
					40,
					41,
					42,
					43,
					44,
					45,
					46,
					47,
					48,
					49,
					50,
					51,
					52,
					53,
					54,
					55,
					56,
					57,
					58,
					59,
					60,
					61,
					62,
					63,
					64,
					65,
					66,
					67,
					68,
					69,
					70,
					71,
					72,
					73,
					74,
					75,
					76,
					77,
					78,
					79,
					80,
					81,
					82,
					83,
					84,
					85,
					86,
					87,
					88,
					89,
					90,
					91,
					92,
					93,
					94,
					95,
					96,
					97,
					98,
					99
				]
			}
		}
	}
}