{
    "providers": [
        {
            "type": "ttf",
            "file": "minecraft:negative_spaces.ttf",
            "shift": [0.0, 0.0],
            "size": 10.0,
            "oversample": 1.0
        },
        {
            "type": "bitmap",
            "file": "minecraft:custom/hud/magnumbers/blank.png",
            "ascent": -24,
            "height": 3,
            "chars": [
                "\uE001"
            ]
        },
        {
            "type": "bitmap",
            "file": "minecraft:custom/hud/magnumbers/slash.png",
            "ascent": -24,
            "height": 3,
            "chars": [
                "/"
            ]
        },
        {
            "type": "bitmap",
            "file": "minecraft:custom/hud/magnumbers/0.png",
            "ascent": -24,
            "height": 3,
            "chars": [
                "0"
            ]
        },
        {
            "type": "bitmap",
            "file": "minecraft:custom/hud/magnumbers/1.png",
            "ascent": -24,
            "height": 3,
            "chars": [
                "1"
            ]
        },
        {
            "type": "bitmap",
            "file": "minecraft:custom/hud/magnumbers/2.png",
            "ascent": -24,
            "height": 3,
            "chars": [
                "2"
            ]
        },
        {
            "type": "bitmap",
            "file": "minecraft:custom/hud/magnumbers/3.png",
            "ascent": -24,
            "height": 3,
            "chars": [
                "3"
            ]
        },
        {
            "type": "bitmap",
            "file": "minecraft:custom/hud/magnumbers/4.png",
            "ascent": -24,
            "height": 3,
            "chars": [
                "4"
            ]
        },
        {
            "type": "bitmap",
            "file": "minecraft:custom/hud/magnumbers/5.png",
            "ascent": -24,
            "height": 3,
            "chars": [
                "5"
            ]
        },
        {
            "type": "bitmap",
            "file": "minecraft:custom/hud/magnumbers/6.png",
            "ascent": -24,
            "height": 3,
            "chars": [
                "6"
            ]
        },
        {
            "type": "bitmap",
            "file": "minecraft:custom/hud/magnumbers/7.png",
            "ascent": -24,
            "height": 3,
            "chars": [
                "7"
            ]
        },
        {
            "type": "bitmap",
            "file": "minecraft:custom/hud/magnumbers/8.png",
            "ascent": -24,
            "height": 3,
            "chars": [
                "8"
            ]
        },
        {
            "type": "bitmap",
            "file": "minecraft:custom/hud/magnumbers/9.png",
            "ascent": -24,
            "height": 3,
            "chars": [
                "9"
            ]
        },
        {
            "type": "bitmap",
            "file": "minecraft:custom/hud/ascendancy/ascendancy_0.png",
            "ascent": -28,
            "height": 2,
            "chars": [
                "\uE220"
            ]
        },
        {
            "type": "bitmap",
            "file": "minecraft:custom/hud/ascendancy/ascendancy_1.png",
            "ascent": -28,
            "height": 2,
            "chars": [
                "\uE221"
            ]
        },
        {
            "type": "bitmap",
            "file": "minecraft:custom/hud/ascendancy/ascendancy_2.png",
            "ascent": -28,
            "height": 2,
            "chars": [
                "\uE222"
            ]
        },
        {
            "type": "bitmap",
            "file": "minecraft:custom/hud/ascendancy/ascendancy_3.png",
            "ascent": -28,
            "height": 2,
            "chars": [
                "\uE223"
            ]
        },
        {
            "type": "bitmap",
            "file": "minecraft:custom/hud/ascendancy/ascendancy_4.png",
            "ascent": -28,
            "height": 2,
            "chars": [
                "\uE224"
            ]
        },
        {
            "type": "bitmap",
            "file": "minecraft:custom/hud/ascendancy/ascendancy_5.png",
            "ascent": -28,
            "height": 2,
            "chars": [
                "\uE225"
            ]
        }
    ]
}