{
    "providers": [
        {
            "type": "ttf",
            "file": "minecraft:negative_spaces.ttf",
            "shift": [0.0, 0.0],
            "size": 10.0,
            "oversample": 1.0
        },
        {
            "type": "bitmap",
            "file": "minecraft:custom/hud/base.png",
            "ascent": 260,
            "height": 260,
            "chars": [
                "\uE000"
            ]
        },
        {
            "type": "bitmap",
            "file": "minecraft:custom/hud/bar/end.png",
            "ascent": 260,
            "height": 260,
            "chars": [
                "\uE001"
            ]
        },
        {
            "type": "bitmap",
            "file": "minecraft:custom/hud/bar/empty.png",
            "ascent": 260,
            "height": 260,
            "chars": [
                "\uE002"
            ]
        },
        {
            "type": "bitmap",
            "file": "minecraft:custom/hud/bar/white.png",
            "ascent": 260,
            "height": 260,
            "chars": [
                "\uE003"
            ]
        },
        {
            "type": "bitmap",
            "file": "minecraft:custom/hud/bar/blank.png",
            "ascent": 260,
            "height": 260,
            "chars": [
                "\uE004"
            ]
        },
        {
            "type": "bitmap",
            "file": "minecraft:custom/hud/bar/red.png",
            "ascent": 260,
            "height": 260,
            "chars": [
                "\uE005"
            ]
        },
        {
            "type": "bitmap",
            "file": "minecraft:custom/hud/bar/phage.png",
            "ascent": 260,
            "height": 260,
            "chars": [
                "\uE006"
            ]
        },
        {
            "type": "bitmap",
            "file": "minecraft:custom/hud/base/base_1.png",
            "ascent": 260,
            "height": 260,
            "chars": [
                "\uE011"
            ]
        },
        {
            "type": "bitmap",
            "file": "minecraft:custom/hud/base/base_2.png",
            "ascent": 260,
            "height": 260,
            "chars": [
                "\uE012"
            ]
        },
        {
            "type": "bitmap",
            "file": "minecraft:custom/hud/base/base_3.png",
            "ascent": 260,
            "height": 260,
            "chars": [
                "\uE013"
            ]
        },
        {
            "type": "bitmap",
            "file": "minecraft:custom/hud/base/base_4.png",
            "ascent": 260,
            "height": 260,
            "chars": [
                "\uE014"
            ]
        },
        {
            "type": "bitmap",
            "file": "minecraft:custom/hud/base/base_5.png",
            "ascent": 260,
            "height": 260,
            "chars": [
                "\uE015"
            ]
        },
        {
            "type": "bitmap",
            "file": "minecraft:custom/hud/base/base_6.png",
            "ascent": 260,
            "height": 260,
            "chars": [
                "\uE016"
            ]
        },
        {
            "type": "bitmap",
            "file": "minecraft:custom/hud/black/1.png",
            "ascent": 250,
            "height": 500,
            "chars": [
                "\uE021"
            ]
        },
        {
            "type": "bitmap",
            "file": "minecraft:custom/hud/black/2.png",
            "ascent": 250,
            "height": 500,
            "chars": [
                "\uE022"
            ]
        },
        {
            "type": "bitmap",
            "file": "minecraft:custom/hud/black/3.png",
            "ascent": 250,
            "height": 500,
            "chars": [
                "\uE023"
            ]
        },
        {
            "type": "bitmap",
            "file": "minecraft:custom/hud/black/4.png",
            "ascent": 250,
            "height": 500,
            "chars": [
                "\uE024"
            ]
        },
        {
            "type": "bitmap",
            "file": "minecraft:custom/hud/black/5.png",
            "ascent": 250,
            "height": 500,
            "chars": [
                "\uE025"
            ]
        },
        {
            "type": "bitmap",
            "file": "minecraft:custom/hud/black/6.png",
            "ascent": 250,
            "height": 500,
            "chars": [
                "\uE026"
            ]
        },
        {
            "type": "bitmap",
            "file": "minecraft:custom/hud/black/7.png",
            "ascent": 250,
            "height": 500,
            "chars": [
                "\uE027"
            ]
        },
        {
            "type": "bitmap",
            "file": "minecraft:custom/hud/black/8.png",
            "ascent": 250,
            "height": 500,
            "chars": [
                "\uE028"
            ]
        },
        {
            "type": "bitmap",
            "file": "minecraft:custom/hud/black/9.png",
            "ascent": 250,
            "height": 500,
            "chars": [
                "\uE029"
            ]
        },
        {
            "type": "bitmap",
            "file": "minecraft:custom/hud/black/10.png",
            "ascent": 250,
            "height": 500,
            "chars": [
                "\uE030"
            ]
        },
        {
            "type": "bitmap",
            "file": "minecraft:custom/hud/cd_ability/0.png",
            "ascent": 260,
            "height": 260,
            "chars": [
                "\uE100"
            ]
        },
        {
            "type": "bitmap",
            "file": "minecraft:custom/hud/cd_ability/1.png",
            "ascent": 260,
            "height": 260,
            "chars": [
                "\uE101"
            ]
        },
        {
            "type": "bitmap",
            "file": "minecraft:custom/hud/cd_ability/2.png",
            "ascent": 260,
            "height": 260,
            "chars": [
                "\uE102"
            ]
        },
        {
            "type": "bitmap",
            "file": "minecraft:custom/hud/cd_ability/3.png",
            "ascent": 260,
            "height": 260,
            "chars": [
                "\uE103"
            ]
        },
        {
            "type": "bitmap",
            "file": "minecraft:custom/hud/cd_ability/4.png",
            "ascent": 260,
            "height": 260,
            "chars": [
                "\uE104"
            ]
        },
        {
            "type": "bitmap",
            "file": "minecraft:custom/hud/cd_ability/5.png",
            "ascent": 260,
            "height": 260,
            "chars": [
                "\uE105"
            ]
        },
        {
            "type": "bitmap",
            "file": "minecraft:custom/hud/cd_ability/6.png",
            "ascent": 260,
            "height": 260,
            "chars": [
                "\uE106"
            ]
        },
        {
            "type": "bitmap",
            "file": "minecraft:custom/hud/cd_ability/7.png",
            "ascent": 260,
            "height": 260,
            "chars": [
                "\uE107"
            ]
        },
        {
            "type": "bitmap",
            "file": "minecraft:custom/hud/cd_ability/8.png",
            "ascent": 260,
            "height": 260,
            "chars": [
                "\uE108"
            ]
        },
        {
            "type": "bitmap",
            "file": "minecraft:custom/hud/cd_ability/9.png",
            "ascent": 260,
            "height": 260,
            "chars": [
                "\uE109"
            ]
        },
        {
            "type": "bitmap",
            "file": "minecraft:custom/hud/cd_ability/10.png",
            "ascent": 260,
            "height": 260,
            "chars": [
                "\uE110"
            ]
        },
        {
            "type": "bitmap",
            "file": "minecraft:custom/hud/upgrade/blank.png",
            "ascent": 260,
            "height": 260,
            "chars": [
                "\uE111"
            ]
        },
        {
            "type": "bitmap",
            "file": "minecraft:custom/hud/upgrade/ability.png",
            "ascent": 260,
            "height": 260,
            "chars": [
                "\uE112"
            ]
        },
        {
            "type": "bitmap",
            "file": "minecraft:custom/hud/upgrade/ult.png",
            "ascent": 260,
            "height": 260,
            "chars": [
                "\uE113"
            ]
        },
        {
            "type": "bitmap",
            "file": "minecraft:custom/hud/token/on.png",
            "ascent": 255,
            "height": 260,
            "chars": [
                "\uE114"
            ]
        },
        {
            "type": "bitmap",
            "file": "minecraft:custom/hud/token/off.png",
            "ascent": 255,
            "height": 260,
            "chars": [
                "\uE115"
            ]
        },
        {
            "type": "bitmap",
            "file": "minecraft:custom/hud/death_hud_upper.png",
            "ascent": 296,
            "height": 400,
            "chars": [
                "\uE116"
            ]
        },
        {
            "type": "bitmap",
            "file": "minecraft:custom/hud/death_hud_lower.png",
            "ascent": 335,
            "height": 400,
            "chars": [
                "\uE117"
            ]
        },        
        {
            "type": "bitmap",
            "file": "minecraft:custom/hud/cd_ult/0.png",
            "ascent": 260,
            "height": 260,
            "chars": [
                "\uE130"
            ]
        },
        {
            "type": "bitmap",
            "file": "minecraft:custom/hud/cd_ult/1.png",
            "ascent": 260,
            "height": 260,
            "chars": [
                "\uE131"
            ]
        },
        {
            "type": "bitmap",
            "file": "minecraft:custom/hud/cd_ult/2.png",
            "ascent": 260,
            "height": 260,
            "chars": [
                "\uE132"
            ]
        },
        {
            "type": "bitmap",
            "file": "minecraft:custom/hud/cd_ult/3.png",
            "ascent": 260,
            "height": 260,
            "chars": [
                "\uE133"
            ]
        },
        {
            "type": "bitmap",
            "file": "minecraft:custom/hud/cd_ult/4.png",
            "ascent": 260,
            "height": 260,
            "chars": [
                "\uE134"
            ]
        },
        {
            "type": "bitmap",
            "file": "minecraft:custom/hud/cd_ult/5.png",
            "ascent": 260,
            "height": 260,
            "chars": [
                "\uE135"
            ]
        },
        {
            "type": "bitmap",
            "file": "minecraft:custom/hud/cd_ult/6.png",
            "ascent": 260,
            "height": 260,
            "chars": [
                "\uE136"
            ]
        },
        {
            "type": "bitmap",
            "file": "minecraft:custom/hud/cd_ult/7.png",
            "ascent": 260,
            "height": 260,
            "chars": [
                "\uE137"
            ]
        },
        {
            "type": "bitmap",
            "file": "minecraft:custom/hud/cd_ult/8.png",
            "ascent": 260,
            "height": 260,
            "chars": [
                "\uE138"
            ]
        },
        {
            "type": "bitmap",
            "file": "minecraft:custom/hud/cd_ult/9.png",
            "ascent": 260,
            "height": 260,
            "chars": [
                "\uE139"
            ]
        },
        {
            "type": "bitmap",
            "file": "minecraft:custom/hud/cd_ult/10.png",
            "ascent": 260,
            "height": 260,
            "chars": [
                "\uE130"
            ]
        },
        {
            "type": "bitmap",
            "file": "minecraft:custom/hud/cd_ult/10.png",
            "ascent": 260,
            "height": 260,
            "chars": [
                "\uE140"
            ]
        },
        {
            "type": "bitmap",
            "file": "minecraft:custom/hud/cd_ult/11.png",
            "ascent": 260,
            "height": 260,
            "chars": [
                "\uE141"
            ]
        },
        {
            "type": "bitmap",
            "file": "minecraft:custom/hud/cd_ult/12.png",
            "ascent": 260,
            "height": 260,
            "chars": [
                "\uE142"
            ]
        },
        {
            "type": "bitmap",
            "file": "minecraft:custom/hud/cd_ult/13.png",
            "ascent": 260,
            "height": 260,
            "chars": [
                "\uE143"
            ]
        },
        {
            "type": "bitmap",
            "file": "minecraft:custom/hud/cd_ult/14.png",
            "ascent": 260,
            "height": 260,
            "chars": [
                "\uE144"
            ]
        },
        {
            "type": "bitmap",
            "file": "minecraft:custom/hud/cd_ult/15.png",
            "ascent": 260,
            "height": 260,
            "chars": [
                "\uE145"
            ]
        },
        {
            "type": "bitmap",
            "file": "minecraft:custom/hud/cd_ult/16.png",
            "ascent": 260,
            "height": 260,
            "chars": [
                "\uE146"
            ]
        },
        {
            "type": "bitmap",
            "file": "minecraft:custom/hud/cd_ult/17.png",
            "ascent": 260,
            "height": 260,
            "chars": [
                "\uE147"
            ]
        },
        {
            "type": "bitmap",
            "file": "minecraft:custom/hud/interaction/0.png",
            "ascent": 3,
            "height": 12,
            "chars": [
                "\uE150"
            ]
        },
        {
            "type": "bitmap",
            "file": "minecraft:custom/hud/interaction/1.png",
            "ascent": 3,
            "height": 12,
            "chars": [
                "\uE151"
            ]
        },
        {
            "type": "bitmap",
            "file": "minecraft:custom/hud/interaction/2.png",
            "ascent": 3,
            "height": 12,
            "chars": [
                "\uE152"
            ]
        },
        {
            "type": "bitmap",
            "file": "minecraft:custom/hud/interaction/3.png",
            "ascent": 3,
            "height": 12,
            "chars": [
                "\uE153"
            ]
        },
        {
            "type": "bitmap",
            "file": "minecraft:custom/hud/interaction/4.png",
            "ascent": 3,
            "height": 12,
            "chars": [
                "\uE154"
            ]
        },
        {
            "type": "bitmap",
            "file": "minecraft:custom/hud/interaction/5.png",
            "ascent": 3,
            "height": 12,
            "chars": [
                "\uE155"
            ]
        },
        {
            "type": "bitmap",
            "file": "minecraft:custom/hud/interaction/6.png",
            "ascent": 3,
            "height": 12,
            "chars": [
                "\uE156"
            ]
        },
        {
            "type": "bitmap",
            "file": "minecraft:custom/hud/interaction/7.png",
            "ascent": 3,
            "height": 12,
            "chars": [
                "\uE157"
            ]
        },
        {
            "type": "bitmap",
            "file": "minecraft:custom/hud/interaction/8.png",
            "ascent": 3,
            "height": 12,
            "chars": [
                "\uE158"
            ]
        },
        {
            "type": "bitmap",
            "file": "minecraft:custom/hud/interaction/9.png",
            "ascent": 3,
            "height": 12,
            "chars": [
                "\uE159"
            ]
        },
        {
            "type": "bitmap",
            "file": "minecraft:custom/hud/interaction/10.png",
            "ascent": 3,
            "height": 12,
            "chars": [
                "\uE160"
            ]
        },
        {
            "type": "bitmap",
            "file": "minecraft:custom/hud/interaction/11.png",
            "ascent": 3,
            "height": 12,
            "chars": [
                "\uE161"
            ]
        },
        {
            "type": "bitmap",
            "file": "minecraft:custom/hud/interaction/12.png",
            "ascent": 3,
            "height": 12,
            "chars": [
                "\uE162"
            ]
        },
        {
            "type": "bitmap",
            "file": "minecraft:custom/hud/interaction/13.png",
            "ascent": 3,
            "height": 12,
            "chars": [
                "\uE163"
            ]
        },
        {
            "type": "bitmap",
            "file": "minecraft:custom/hud/interaction/14.png",
            "ascent": 3,
            "height": 12,
            "chars": [
                "\uE164"
            ]
        },
        {
            "type": "bitmap",
            "file": "minecraft:custom/hud/interaction/15.png",
            "ascent": 3,
            "height": 12,
            "chars": [
                "\uE165"
            ]
        },
        {
            "type": "bitmap",
            "file": "minecraft:custom/hud/interaction/16.png",
            "ascent": 3,
            "height": 12,
            "chars": [
                "\uE166"
            ]
        },
        {
            "type": "bitmap",
            "file": "minecraft:custom/hud/respawn/0.png",
            "ascent": -38,
            "height": 8,
            "chars": [
                "\uE170"
            ]
        },
        {
            "type": "bitmap",
            "file": "minecraft:custom/hud/respawn/1.png",
            "ascent": -38,
            "height": 8,
            "chars": [
                "\uE171"
            ]
        },
        {
            "type": "bitmap",
            "file": "minecraft:custom/hud/respawn/2.png",
            "ascent": -38,
            "height": 8,
            "chars": [
                "\uE172"
            ]
        },
        {
            "type": "bitmap",
            "file": "minecraft:custom/hud/respawn/3.png",
            "ascent": -38,
            "height": 8,
            "chars": [
                "\uE173"
            ]
        },
        {
            "type": "bitmap",
            "file": "minecraft:custom/hud/respawn/4.png",
            "ascent": -38,
            "height": 8,
            "chars": [
                "\uE174"
            ]
        },
        {
            "type": "bitmap",
            "file": "minecraft:custom/hud/respawn/5.png",
            "ascent": -38,
            "height": 8,
            "chars": [
                "\uE175"
            ]
        },
        {
            "type": "bitmap",
            "file": "minecraft:custom/hud/respawn/6.png",
            "ascent": -38,
            "height": 8,
            "chars": [
                "\uE176"
            ]
        },
        {
            "type": "bitmap",
            "file": "minecraft:custom/hud/respawn/7.png",
            "ascent": -38,
            "height": 8,
            "chars": [
                "\uE177"
            ]
        },
        {
            "type": "bitmap",
            "file": "minecraft:custom/hud/respawn/8.png",
            "ascent": -38,
            "height": 8,
            "chars": [
                "\uE178"
            ]
        },
        {
            "type": "bitmap",
            "file": "minecraft:custom/hud/respawn/9.png",
            "ascent": -38,
            "height": 8,
            "chars": [
                "\uE179"
            ]
        },
        {
            "type": "bitmap",
            "file": "minecraft:custom/hud/respawn/10.png",
            "ascent": -38,
            "height": 8,
            "chars": [
                "\uE180"
            ]
        },
        {
            "type": "bitmap",
            "file": "minecraft:custom/hud/ranged1ult/shot_1.png",
            "ascent": -35,
            "height": 8,
            "chars": [
                "\uE181"
            ]
        },
        {
            "type": "bitmap",
            "file": "minecraft:custom/hud/ranged1ult/shot_2.png",
            "ascent": -35,
            "height": 8,
            "chars": [
                "\uE182"
            ]
        },
        {
            "type": "bitmap",
            "file": "minecraft:custom/hud/ranged1ult/shot_3.png",
            "ascent": -35,
            "height": 8,
            "chars": [
                "\uE183"
            ]
        },
        {
            "type": "bitmap",
            "file": "minecraft:custom/hud/ranged1ult/shot_0.png",
            "ascent": -35,
            "height": 8,
            "chars": [
                "\uE184"
            ]
        },
        {
            "type": "bitmap",
            "file": "minecraft:custom/hud/ranged1ult/bar_1.png",
            "ascent": -35,
            "height": 8,
            "chars": [
                "\uE191"
            ]
        },
        {
            "type": "bitmap",
            "file": "minecraft:custom/hud/ranged1ult/bar_2.png",
            "ascent": -35,
            "height": 8,
            "chars": [
                "\uE192"
            ]
        },
        {
            "type": "bitmap",
            "file": "minecraft:custom/hud/ranged1ult/bar_3.png",
            "ascent": -35,
            "height": 8,
            "chars": [
                "\uE193"
            ]
        },
        {
            "type": "bitmap",
            "file": "minecraft:custom/hud/ranged1ult/bar_4.png",
            "ascent": -35,
            "height": 8,
            "chars": [
                "\uE194"
            ]
        },
        {
            "type": "bitmap",
            "file": "minecraft:custom/hud/ranged1ult/bar_5.png",
            "ascent": -35,
            "height": 8,
            "chars": [
                "\uE195"
            ]
        },
        {
            "type": "bitmap",
            "file": "minecraft:custom/hud/ranged1ult/bar_6.png",
            "ascent": -35,
            "height": 8,
            "chars": [
                "\uE196"
            ]
        },
        {
            "type": "bitmap",
            "file": "minecraft:custom/hud/ranged1ult/bar_7.png",
            "ascent": -35,
            "height": 8,
            "chars": [
                "\uE197"
            ]
        },
        {
            "type": "bitmap",
            "file": "minecraft:custom/hud/ranged1ult/bar_8.png",
            "ascent": -35,
            "height": 8,
            "chars": [
                "\uE198"
            ]
        },
        {
            "type": "bitmap",
            "file": "minecraft:custom/hud/ranged1ult/bar_9.png",
            "ascent": -35,
            "height": 8,
            "chars": [
                "\uE199"
            ]
        },
        {
            "type": "bitmap",
            "file": "minecraft:custom/hud/ranged1ult/bar_10.png",
            "ascent": -35,
            "height": 8,
            "chars": [
                "\uE200"
            ]
        },
        {
            "type": "bitmap",
            "file": "minecraft:custom/hud/ranged1ult/bar_11.png",
            "ascent": -35,
            "height": 8,
            "chars": [
                "\uE201"
            ]
        },
        {
            "type": "bitmap",
            "file": "minecraft:custom/hud/ranged1ult/bar_12.png",
            "ascent": -35,
            "height": 8,
            "chars": [
                "\uE202"
            ]
        },
        {
            "type": "bitmap",
            "file": "minecraft:custom/hud/ranged1ult/bar_13.png",
            "ascent": -35,
            "height": 8,
            "chars": [
                "\uE203"
            ]
        },
        {
            "type": "bitmap",
            "file": "minecraft:custom/hud/ranged1ult/bar_14.png",
            "ascent": -35,
            "height": 8,
            "chars": [
                "\uE204"
            ]
        },
        {
            "type": "bitmap",
            "file": "minecraft:custom/hud/ranged1ult/bar_15.png",
            "ascent": -35,
            "height": 8,
            "chars": [
                "\uE205"
            ]
        },
        {
            "type": "bitmap",
            "file": "minecraft:custom/hud/ranged1ult/bar_16.png",
            "ascent": -35,
            "height": 8,
            "chars": [
                "\uE206"
            ]
        },
        {
            "type": "bitmap",
            "file": "minecraft:custom/hud/ranged1ult/bar_17.png",
            "ascent": -35,
            "height": 8,
            "chars": [
                "\uE207"
            ]
        },
        {
            "type": "bitmap",
            "file": "minecraft:custom/hud/ranged1ult/bar_18.png",
            "ascent": -35,
            "height": 8,
            "chars": [
                "\uE208"
            ]
        },
        {
            "type": "bitmap",
            "file": "minecraft:custom/hud/ranged1ult/bar_19.png",
            "ascent": -35,
            "height": 8,
            "chars": [
                "\uE209"
            ]
        },
        {
            "type": "bitmap",
            "file": "minecraft:custom/hud/ranged1ult/bar_20.png",
            "ascent": -35,
            "height": 8,
            "chars": [
                "\uE210"
            ]
        },
        {
            "type": "bitmap",
            "file": "minecraft:custom/hud/ranged1ult/bar_21.png",
            "ascent": -35,
            "height": 8,
            "chars": [
                "\uE211"
            ]
        },
        {
            "type": "bitmap",
            "file": "minecraft:custom/hud/ranged1ult/bar_22.png",
            "ascent": -35,
            "height": 8,
            "chars": [
                "\uE212"
            ]
        },
        {
            "type": "bitmap",
            "file": "minecraft:custom/hud/ranged1ult/bar_23.png",
            "ascent": -35,
            "height": 8,
            "chars": [
                "\uE213"
            ]
        },
        {
            "type": "bitmap",
            "file": "minecraft:custom/hud/ranged1ult/bar_24.png",
            "ascent": -35,
            "height": 8,
            "chars": [
                "\uE214"
            ]
        },
        {
            "type": "bitmap",
            "file": "minecraft:custom/hud/ranged1ult/bar_25.png",
            "ascent": -35,
            "height": 8,
            "chars": [
                "\uE215"
            ]
        },
        {
            "type": "bitmap",
            "file": "minecraft:custom/hud/remedyofdefiance/0.png",
            "ascent": -29,
            "height": 10,
            "chars": [
                "\uE220"
            ]
        },
        {
            "type": "bitmap",
            "file": "minecraft:custom/hud/remedyofdefiance/1.png",
            "ascent": -29,
            "height": 10,
            "chars": [
                "\uE221"
            ]
        },
        {
            "type": "bitmap",
            "file": "minecraft:custom/hud/remedyofdefiance/2.png",
            "ascent": -29,
            "height": 10,
            "chars": [
                "\uE222"
            ]
        },
        {
            "type": "bitmap",
            "file": "minecraft:custom/hud/remedyofdefiance/3.png",
            "ascent": -29,
            "height": 10,
            "chars": [
                "\uE223"
            ]
        },
        {
            "type": "bitmap",
            "file": "minecraft:custom/hud/remedyofdefiance/4.png",
            "ascent": -29,
            "height": 10,
            "chars": [
                "\uE224"
            ]
        },
        {
            "type": "bitmap",
            "file": "minecraft:custom/hud/remedyofdefiance/5.png",
            "ascent": -29,
            "height": 10,
            "chars": [
                "\uE225"
            ]
        },
        {
            "type": "bitmap",
            "file": "minecraft:custom/hud/remedyofdefiance/6.png",
            "ascent": -29,
            "height": 10,
            "chars": [
                "\uE226"
            ]
        },
        {
            "type": "bitmap",
            "file": "minecraft:custom/hud/remedyofdefiance/7.png",
            "ascent": -29,
            "height": 10,
            "chars": [
                "\uE227"
            ]
        },
        {
            "type": "bitmap",
            "file": "minecraft:custom/hud/remedyofdefiance/8.png",
            "ascent": -29,
            "height": 10,
            "chars": [
                "\uE228"
            ]
        },
        {
            "type": "bitmap",
            "file": "minecraft:custom/hud/remedyofdefiance/9.png",
            "ascent": -29,
            "height": 10,
            "chars": [
                "\uE229"
            ]
        },
        {
            "type": "bitmap",
            "file": "minecraft:custom/hud/remedyofdefiance/10.png",
            "ascent": -29,
            "height": 10,
            "chars": [
                "\uE230"
            ]
        },
        {
            "type": "bitmap",
            "file": "minecraft:custom/hud/remedyofdefiance/11.png",
            "ascent": -29,
            "height": 10,
            "chars": [
                "\uE231"
            ]
        },
        {
            "type": "bitmap",
            "file": "minecraft:custom/hud/remedyofdefiance/12.png",
            "ascent": -29,
            "height": 10,
            "chars": [
                "\uE232"
            ]
        },
        {
            "type": "bitmap",
            "file": "minecraft:custom/hud/remedyofdefiance/13.png",
            "ascent": -29,
            "height": 10,
            "chars": [
                "\uE233"
            ]
        },
        {
            "type": "bitmap",
            "file": "minecraft:custom/hud/remedyofdefiance/14.png",
            "ascent": -29,
            "height": 10,
            "chars": [
                "\uE234"
            ]
        },
        {
            "type": "bitmap",
            "file": "minecraft:custom/hud/remedyofdefiance/15.png",
            "ascent": -29,
            "height": 10,
            "chars": [
                "\uE235"
            ]
        },
        {
            "type": "bitmap",
            "file": "minecraft:custom/hud/remedyofdefiance/16.png",
            "ascent": -29,
            "height": 10,
            "chars": [
                "\uE236"
            ]
        },
        {
            "type": "bitmap",
            "file": "minecraft:custom/hud/remedyofdefiance/17.png",
            "ascent": -29,
            "height": 10,
            "chars": [
                "\uE237"
            ]
        },
        {
            "type": "bitmap",
            "file": "minecraft:custom/hud/remedyofdefiance/18.png",
            "ascent": -29,
            "height": 10,
            "chars": [
                "\uE238"
            ]
        },
        {
            "type": "bitmap",
            "file": "minecraft:custom/hud/wipenumber/3.png",
            "ascent": 6,
            "height": 20,
            "chars": [
                "\uE239"
            ]
        },
        {
            "type": "bitmap",
            "file": "minecraft:custom/hud/wipenumber/2.png",
            "ascent": 6,
            "height": 20,
            "chars": [
                "\uE240"
            ]
        },
        {
            "type": "bitmap",
            "file": "minecraft:custom/hud/wipenumber/1.png",
            "ascent": 6,
            "height": 20,
            "chars": [
                "\uE241"
            ]
        },
        {
            "type": "bitmap",
            "file": "minecraft:custom/hud/item_seed/0.png",
            "ascent": -29,
            "height": 10,
            "chars": [
                "\uE250"
            ]
        },
        {
            "type": "bitmap",
            "file": "minecraft:custom/hud/item_seed/1.png",
            "ascent": -29,
            "height": 10,
            "chars": [
                "\uE251"
            ]
        },
        {
            "type": "bitmap",
            "file": "minecraft:custom/hud/item_seed/2.png",
            "ascent": -29,
            "height": 10,
            "chars": [
                "\uE252"
            ]
        },
        {
            "type": "bitmap",
            "file": "minecraft:custom/hud/item_seed/3.png",
            "ascent": -29,
            "height": 10,
            "chars": [
                "\uE253"
            ]
        },
        {
            "type": "bitmap",
            "file": "minecraft:custom/hud/item_seed/4.png",
            "ascent": -29,
            "height": 10,
            "chars": [
                "\uE254"
            ]
        },
        {
            "type": "bitmap",
            "file": "minecraft:custom/hud/item_seed/5.png",
            "ascent": -29,
            "height": 10,
            "chars": [
                "\uE255"
            ]
        },
        {
            "type": "bitmap",
            "file": "minecraft:custom/hud/item_seed/6.png",
            "ascent": -29,
            "height": 10,
            "chars": [
                "\uE256"
            ]
        },
        {
            "type": "bitmap",
            "file": "minecraft:custom/hud/item_seed/7.png",
            "ascent": -29,
            "height": 10,
            "chars": [
                "\uE257"
            ]
        },
        {
            "type": "bitmap",
            "file": "minecraft:custom/hud/item_seed/8.png",
            "ascent": -29,
            "height": 10,
            "chars": [
                "\uE258"
            ]
        },
        {
            "type": "bitmap",
            "file": "minecraft:custom/hud/item_seed/9.png",
            "ascent": -29,
            "height": 10,
            "chars": [
                "\uE259"
            ]
        },
        {
            "type": "bitmap",
            "file": "minecraft:custom/hud/item_seed/10.png",
            "ascent": -29,
            "height": 10,
            "chars": [
                "\uE260"
            ]
        },
        {
            "type": "bitmap",
            "file": "minecraft:custom/hud/item_seed/11.png",
            "ascent": -29,
            "height": 10,
            "chars": [
                "\uE261"
            ]
        },
        {
            "type": "bitmap",
            "file": "minecraft:custom/hud/item_seed/12.png",
            "ascent": -29,
            "height": 10,
            "chars": [
                "\uE262"
            ]
        },
        {
            "type": "bitmap",
            "file": "minecraft:custom/hud/item_seed/13.png",
            "ascent": -29,
            "height": 10,
            "chars": [
                "\uE263"
            ]
        },
        {
            "type": "bitmap",
            "file": "minecraft:custom/hud/item_seed/14.png",
            "ascent": -29,
            "height": 10,
            "chars": [
                "\uE264"
            ]
        },
        {
            "type": "bitmap",
            "file": "minecraft:custom/hud/item_seed/15.png",
            "ascent": -29,
            "height": 10,
            "chars": [
                "\uE265"
            ]
        },
        {
            "type": "bitmap",
            "file": "minecraft:custom/hud/item_flowergun/base.png",
            "ascent": -29,
            "height": 10,
            "chars": [
                "\uE270"
            ]
        },
        {
            "type": "bitmap",
            "file": "minecraft:custom/hud/bossbars/flowerbulb.png",
            "ascent": 10,
            "height": 50,
            "chars": [
                "\uE271"
            ]
        },
        {
            "type": "bitmap",
            "file": "minecraft:custom/hud/bossbars/anathema.png",
            "ascent": 10,
            "height": 50,
            "chars": [
                "\uE272"
            ]
        },
        {
            "type": "bitmap",
            "file": "minecraft:custom/hud/bossbars/shammas.png",
            "ascent": 10,
            "height": 50,
            "chars": [
                "\uE273"
            ]
        },
        {
            "type": "bitmap",
            "file": "minecraft:custom/hud/bossbars/duality.png",
            "ascent": 10,
            "height": 50,
            "chars": [
                "\uE274"
            ]
        },
        {
            "type": "bitmap",
            "file": "minecraft:custom/hud/ult_r/1.png",
            "ascent": 260,
            "height": 260,
            "chars": [
                "\uE281"
            ]
        },
        {
            "type": "bitmap",
            "file": "minecraft:custom/hud/ult_r/2.png",
            "ascent": 260,
            "height": 260,
            "chars": [
                "\uE282"
            ]
        },
        {
            "type": "bitmap",
            "file": "minecraft:custom/hud/ult_r/3.png",
            "ascent": 260,
            "height": 260,
            "chars": [
                "\uE283"
            ]
        },
        {
            "type": "bitmap",
            "file": "minecraft:custom/hud/ult_r/4.png",
            "ascent": 260,
            "height": 260,
            "chars": [
                "\uE284"
            ]
        },
        {
            "type": "bitmap",
            "file": "minecraft:custom/hud/ult_r/5.png",
            "ascent": 260,
            "height": 260,
            "chars": [
                "\uE285"
            ]
        },
        {
            "type": "bitmap",
            "file": "minecraft:custom/hud/ult_r/6.png",
            "ascent": 260,
            "height": 260,
            "chars": [
                "\uE286"
            ]
        },
        {
            "type": "bitmap",
            "file": "minecraft:custom/hud/ult_r/7.png",
            "ascent": 260,
            "height": 260,
            "chars": [
                "\uE287"
            ]
        },
        {
            "type": "bitmap",
            "file": "minecraft:custom/hud/ult_r/8.png",
            "ascent": 260,
            "height": 260,
            "chars": [
                "\uE288"
            ]
        },
        {
            "type": "bitmap",
            "file": "minecraft:custom/hud/ult_r/9.png",
            "ascent": 260,
            "height": 260,
            "chars": [
                "\uE289"
            ]
        },
        {
            "type": "bitmap",
            "file": "minecraft:custom/hud/ult_r/10.png",
            "ascent": 260,
            "height": 260,
            "chars": [
                "\uE290"
            ]
        },
        {
            "type": "bitmap",
            "file": "minecraft:custom/pick_class/subclass_qnf_1.png",
            "ascent": -57,
            "height": 18,
            "chars": [
                "\uE301"
            ]
        },
        {
            "type": "bitmap",
            "file": "minecraft:custom/pick_class/subclass_qnf_2.png",
            "ascent": -57,
            "height": 18,
            "chars": [
                "\uE302"
            ]
        },
        {
            "type": "bitmap",
            "file": "minecraft:custom/pick_class/subclass_qnf_3.png",
            "ascent": -57,
            "height": 18,
            "chars": [
                "\uE303"
            ]
        },
        {
            "type": "bitmap",
            "file": "minecraft:custom/pick_class/subclass_qnf_4.png",
            "ascent": -57,
            "height": 18,
            "chars": [
                "\uE304"
            ]
        },
        {
            "type": "bitmap",
            "file": "minecraft:custom/pick_class/subclass_qnf_5.png",
            "ascent": -57,
            "height": 18,
            "chars": [
                "\uE305"
            ]
        },
        {
            "type": "bitmap",
            "file": "minecraft:custom/pick_class/melee1_title.png",
            "ascent": 35,
            "height": 40,
            "chars": [
                "\uE311"
            ]
        },
                {
            "type": "bitmap",
            "file": "minecraft:custom/pick_class/melee1_pic.png",
            "ascent": 210,
            "height": 260,
            "chars": [
                "\uE312"
            ]
        },
                {
            "type": "bitmap",
            "file": "minecraft:custom/pick_class/melee1_desc.png",
            "ascent": 205,
            "height": 260,
            "chars": [
                "\uE313"
            ]
        },
        {
            "type": "bitmap",
            "file": "minecraft:custom/pick_class/melee2_title.png",
            "ascent": 35,
            "height": 40,
            "chars": [
                "\uE321"
            ]
        },
                {
            "type": "bitmap",
            "file": "minecraft:custom/pick_class/melee2_pic.png",
            "ascent": 210,
            "height": 260,
            "chars": [
                "\uE322"
            ]
        },
                {
            "type": "bitmap",
            "file": "minecraft:custom/pick_class/melee2_desc.png",
            "ascent": 205,
            "height": 260,
            "chars": [
                "\uE323"
            ]
        },
        {
            "type": "bitmap",
            "file": "minecraft:custom/pick_class/ranged1_title.png",
            "ascent": 35,
            "height": 40,
            "chars": [
                "\uE331"
            ]
        },
                {
            "type": "bitmap",
            "file": "minecraft:custom/pick_class/ranged1_pic.png",
            "ascent": 210,
            "height": 260,
            "chars": [
                "\uE332"
            ]
        },
                {
            "type": "bitmap",
            "file": "minecraft:custom/pick_class/ranged1_desc.png",
            "ascent": 205,
            "height": 260,
            "chars": [
                "\uE333"
            ]
        },
        {
            "type": "bitmap",
            "file": "minecraft:custom/pick_class/ranged2_title.png",
            "ascent": 35,
            "height": 40,
            "chars": [
                "\uE341"
            ]
        },
                {
            "type": "bitmap",
            "file": "minecraft:custom/pick_class/ranged2_pic.png",
            "ascent": 210,
            "height": 260,
            "chars": [
                "\uE342"
            ]
        },
                {
            "type": "bitmap",
            "file": "minecraft:custom/pick_class/ranged2_desc.png",
            "ascent": 205,
            "height": 260,
            "chars": [
                "\uE343"
            ]
        },
        {
            "type": "bitmap",
            "file": "minecraft:custom/pick_class/mage1_title.png",
            "ascent": 35,
            "height": 40,
            "chars": [
                "\uE351"
            ]
        },
                {
            "type": "bitmap",
            "file": "minecraft:custom/pick_class/mage1_pic.png",
            "ascent": 210,
            "height": 260,
            "chars": [
                "\uE352"
            ]
        },
                {
            "type": "bitmap",
            "file": "minecraft:custom/pick_class/mage1_desc.png",
            "ascent": 205,
            "height": 260,
            "chars": [
                "\uE353"
            ]
        },
        {
            "type": "bitmap",
            "file": "minecraft:custom/pick_class/mage2_title.png",
            "ascent": 35,
            "height": 40,
            "chars": [
                "\uE361"
            ]
        },
                {
            "type": "bitmap",
            "file": "minecraft:custom/pick_class/mage2_pic.png",
            "ascent": 210,
            "height": 260,
            "chars": [
                "\uE362"
            ]
        },
                {
            "type": "bitmap",
            "file": "minecraft:custom/pick_class/mage2_desc.png",
            "ascent": 205,
            "height": 260,
            "chars": [
                "\uE363"
            ]
        },
        {
            "type": "bitmap",
            "file": "minecraft:custom/pick_class/hover_1.png",
            "ascent": 160,
            "height": 160,
            "chars": [
                "\uE371"
            ]
        },
        {
            "type": "bitmap",
            "file": "minecraft:custom/pick_class/hover_2.png",
            "ascent": 160,
            "height": 160,
            "chars": [
                "\uE372"
            ]
        },
        {
            "type": "bitmap",
            "file": "minecraft:custom/pick_class/hover_3.png",
            "ascent": 160,
            "height": 160,
            "chars": [
                "\uE373"
            ]
        },
        {
            "type": "bitmap",
            "file": "minecraft:custom/pick_class/hover_4.png",
            "ascent": 160,
            "height": 160,
            "chars": [
                "\uE374"
            ]
        },
        {
            "type": "bitmap",
            "file": "minecraft:custom/pick_class/hover_5.png",
            "ascent": 160,
            "height": 160,
            "chars": [
                "\uE375"
            ]
        },
        {
            "type": "bitmap",
            "file": "minecraft:custom/pick_class/hover_6.png",
            "ascent": 160,
            "height": 160,
            "chars": [
                "\uE376"
            ]
        },
        {
            "type": "bitmap",
            "file": "minecraft:custom/pick_class/hover_7.png",
            "ascent": 160,
            "height": 160,
            "chars": [
                "\uE377"
            ]
        },
        {
            "type": "bitmap",
            "file": "minecraft:custom/pick_class/hover_8.png",
            "ascent": 160,
            "height": 160,
            "chars": [
                "\uE378"
            ]
        },
        {
            "type": "bitmap",
            "file": "minecraft:custom/pick_class/hover_9.png",
            "ascent": 160,
            "height": 160,
            "chars": [
                "\uE379"
            ]
        },
        {
            "type": "bitmap",
            "file": "minecraft:custom/pick_class/hover_1.png",
            "ascent": 120,
            "height": 160,
            "chars": [
                "\uE381"
            ]
        },
        {
            "type": "bitmap",
            "file": "minecraft:custom/pick_class/hover_2.png",
            "ascent": 120,
            "height": 160,
            "chars": [
                "\uE382"
            ]
        },
        {
            "type": "bitmap",
            "file": "minecraft:custom/pick_class/hover_3.png",
            "ascent": 120,
            "height": 160,
            "chars": [
                "\uE383"
            ]
        },
        {
            "type": "bitmap",
            "file": "minecraft:custom/pick_class/hover_4.png",
            "ascent": 120,
            "height": 160,
            "chars": [
                "\uE384"
            ]
        },
        {
            "type": "bitmap",
            "file": "minecraft:custom/pick_class/hover_5.png",
            "ascent": 120,
            "height": 160,
            "chars": [
                "\uE385"
            ]
        },
        {
            "type": "bitmap",
            "file": "minecraft:custom/pick_class/hover_6.png",
            "ascent": 120,
            "height": 160,
            "chars": [
                "\uE386"
            ]
        },
        {
            "type": "bitmap",
            "file": "minecraft:custom/pick_class/hover_7.png",
            "ascent": 120,
            "height": 160,
            "chars": [
                "\uE387"
            ]
        },
        {
            "type": "bitmap",
            "file": "minecraft:custom/pick_class/hover_8.png",
            "ascent": 120,
            "height": 160,
            "chars": [
                "\uE388"
            ]
        },
        {
            "type": "bitmap",
            "file": "minecraft:custom/pick_class/hover_9.png",
            "ascent": 120,
            "height": 160,
            "chars": [
                "\uE389"
            ]
        },
        {
            "type": "bitmap",
            "file": "minecraft:custom/pick_class/tip.png",
            "ascent": 160,
            "height": 160,
            "chars": [
                "\uE390"
            ]
        },
        {
            "type": "bitmap",
            "file": "minecraft:custom/hud/modifiers/purist.png",
            "ascent": 50,
            "height": 80,
            "chars": [
                "\uE391"
            ]
        },
        {
            "type": "bitmap",
            "file": "minecraft:custom/hud/modifiers/hard.png",
            "ascent": 50,
            "height": 80,
            "chars": [
                "\uE392"
            ]
        },
        {
            "type": "bitmap",
            "file": "minecraft:custom/hud/modifiers/empyrean.png",
            "ascent": 50,
            "height": 80,
            "chars": [
                "\uE393"
            ]
        },
        {
            "type": "bitmap",
            "file": "minecraft:custom/pick_class/controls.png",
            "ascent": 140,
            "height": 220,
            "chars": [
                "\uE394"
            ]
        },
        {
            "type": "bitmap",
            "file": "minecraft:custom/hud/raid_tooltip/f_tooltip.png",
            "ascent": -40,
            "height": 4,
            "chars": [
                "\uE400"
            ]
        },
        {
            "type": "bitmap",
            "file": "minecraft:custom/hud/raid_tooltip/zenith.png",
            "ascent": 25,
            "height": 60,
            "chars": [
                "\uE401"
            ]
        },
        {
            "type": "bitmap",
            "file": "minecraft:custom/hud/raid_tooltip/doombringer.png",
            "ascent": 25,
            "height": 60,
            "chars": [
                "\uE402"
            ]
        },
        {
            "type": "bitmap",
            "file": "minecraft:custom/hud/raid_tooltip/corruption.png",
            "ascent": 25,
            "height": 60,
            "chars": [
                "\uE403"
            ]
        },
        {
            "type": "bitmap",
            "file": "minecraft:custom/hud/raid_tooltip/deathvolition.png",
            "ascent": 25,
            "height": 60,
            "chars": [
                "\uE404"
            ]
        },
        {
            "type": "bitmap",
            "file": "minecraft:custom/hud/raid_tooltip/remedyofdefiance.png",
            "ascent": 25,
            "height": 60,
            "chars": [
                "\uE405"
            ]
        },
        {
            "type": "bitmap",
            "file": "minecraft:custom/hud/raid_tooltip/obliviongauntlets.png",
            "ascent": 25,
            "height": 60,
            "chars": [
                "\uE406"
            ]
        },
        {
            "type": "bitmap",
            "file": "minecraft:custom/hud/raid_tooltip/malaise.png",
            "ascent": 25,
            "height": 60,
            "chars": [
                "\uE407"
            ]
        },
        {
            "type": "bitmap",
            "file": "minecraft:custom/hud/raid_tooltip/exultation.png",
            "ascent": 25,
            "height": 60,
            "chars": [
                "\uE408"
            ]
        },
        {
            "type": "bitmap",
            "file": "minecraft:custom/hud/raid_tooltip/ruinationsend.png",
            "ascent": 25,
            "height": 60,
            "chars": [
                "\uE409"
            ]
        },
        {
            "type": "bitmap",
            "file": "minecraft:custom/hud/raid_tooltip/theascendancy.png",
            "ascent": 25,
            "height": 60,
            "chars": [
                "\uE410"
            ]
        },
        {
            "type": "bitmap",
            "file": "minecraft:custom/hud/raid_tooltip/dusksong.png",
            "ascent": 25,
            "height": 60,
            "chars": [
                "\uE411"
            ]
        },
        {
            "type": "bitmap",
            "file": "minecraft:custom/hud/raid_tooltip/blightedtrinity.png",
            "ascent": 25,
            "height": 60,
            "chars": [
                "\uE412"
            ]
        },
        {
            "type": "bitmap",
            "file": "minecraft:custom/hud/sigil_tooltip/1.png",
            "ascent": 25,
            "height": 60,
            "chars": [
                "\uE501"
            ]
        },
        {
            "type": "bitmap",
            "file": "minecraft:custom/hud/sigil_tooltip/2.png",
            "ascent": 25,
            "height": 60,
            "chars": [
                "\uE502"
            ]
        },
        {
            "type": "bitmap",
            "file": "minecraft:custom/hud/sigil_tooltip/3.png",
            "ascent": 25,
            "height": 60,
            "chars": [
                "\uE503"
            ]
        },
        {
            "type": "bitmap",
            "file": "minecraft:custom/hud/sigil_tooltip/4.png",
            "ascent": 25,
            "height": 60,
            "chars": [
                "\uE504"
            ]
        },
        {
            "type": "bitmap",
            "file": "minecraft:custom/hud/sigil_tooltip/5.png",
            "ascent": 25,
            "height": 60,
            "chars": [
                "\uE505"
            ]
        },
        {
            "type": "bitmap",
            "file": "minecraft:custom/hud/sigil_tooltip/6.png",
            "ascent": 25,
            "height": 60,
            "chars": [
                "\uE506"
            ]
        },
        {
            "type": "bitmap",
            "file": "minecraft:custom/hud/sigil_tooltip/7.png",
            "ascent": 25,
            "height": 60,
            "chars": [
                "\uE507"
            ]
        },
        {
            "type": "bitmap",
            "file": "minecraft:custom/hud/sigil_tooltip/8.png",
            "ascent": 25,
            "height": 60,
            "chars": [
                "\uE508"
            ]
        },
        {
            "type": "bitmap",
            "file": "minecraft:custom/hud/corners_lower.png",
            "ascent": 335,
            "height": 400,
            "chars": [
                "\uE601"
            ]
        },
        {
            "type": "bitmap",
            "file": "minecraft:custom/hud/corners_upper.png",
            "ascent": 296,
            "height": 400,
            "chars": [
                "\uE602"
            ]
        },
        {
            "type": "bitmap",
            "file": "minecraft:custom/pick_class/gui.png",
            "ascent": 20,
            "height": 60,
            "chars": [
                "\uE603"
            ]
        },
        {
            "type": "bitmap",
            "file": "minecraft:custom/hud/deathvolition/0.png",
            "ascent": -29,
            "height": 10,
            "chars": [
                "\uE610"
            ]
        },
        {
            "type": "bitmap",
            "file": "minecraft:custom/hud/deathvolition/1.png",
            "ascent": -29,
            "height": 10,
            "chars": [
                "\uE611"
            ]
        },
        {
            "type": "bitmap",
            "file": "minecraft:custom/hud/deathvolition/2.png",
            "ascent": -29,
            "height": 10,
            "chars": [
                "\uE612"
            ]
        },
        {
            "type": "bitmap",
            "file": "minecraft:custom/hud/deathvolition/3.png",
            "ascent": -29,
            "height": 10,
            "chars": [
                "\uE613"
            ]
        },
        {
            "type": "bitmap",
            "file": "minecraft:custom/hud/deathvolition/4.png",
            "ascent": -29,
            "height": 10,
            "chars": [
                "\uE614"
            ]
        },
        {
            "type": "bitmap",
            "file": "minecraft:custom/hud/deathvolition/5.png",
            "ascent": -29,
            "height": 10,
            "chars": [
                "\uE615"
            ]
        },
        {
            "type": "bitmap",
            "file": "minecraft:custom/hud/deathvolition/6.png",
            "ascent": -29,
            "height": 10,
            "chars": [
                "\uE616"
            ]
        },
        {
            "type": "bitmap",
            "file": "minecraft:custom/hud/deathvolition/7.png",
            "ascent": -29,
            "height": 10,
            "chars": [
                "\uE617"
            ]
        },
        {
            "type": "bitmap",
            "file": "minecraft:custom/hud/deathvolition/8.png",
            "ascent": -29,
            "height": 10,
            "chars": [
                "\uE618"
            ]
        },
        {
            "type": "bitmap",
            "file": "minecraft:custom/hud/deathvolition/9.png",
            "ascent": -29,
            "height": 10,
            "chars": [
                "\uE619"
            ]
        },
        {
            "type": "bitmap",
            "file": "minecraft:custom/hud/deathvolition/10.png",
            "ascent": -29,
            "height": 10,
            "chars": [
                "\uE620"
            ]
        },
        {
            "type": "bitmap",
            "file": "minecraft:custom/hud/deathvolition/11.png",
            "ascent": -29,
            "height": 10,
            "chars": [
                "\uE621"
            ]
        },
        {
            "type": "bitmap",
            "file": "minecraft:custom/hud/deathvolition/12.png",
            "ascent": -29,
            "height": 10,
            "chars": [
                "\uE622"
            ]
        },
        {
            "type": "bitmap",
            "file": "minecraft:custom/hud/deathvolition/13.png",
            "ascent": -29,
            "height": 10,
            "chars": [
                "\uE623"
            ]
        },
        {
            "type": "bitmap",
            "file": "minecraft:custom/hud/deathvolition/14.png",
            "ascent": -29,
            "height": 10,
            "chars": [
                "\uE624"
            ]
        },
        {
            "type": "bitmap",
            "file": "minecraft:custom/hud/deathvolition/15.png",
            "ascent": -29,
            "height": 10,
            "chars": [
                "\uE625"
            ]
        },
        {
            "type": "bitmap",
            "file": "minecraft:custom/hud/deathvolition/16.png",
            "ascent": -29,
            "height": 10,
            "chars": [
                "\uE626"
            ]
        },
        {
            "type": "bitmap",
            "file": "minecraft:custom/hud/deathvolition/17.png",
            "ascent": -29,
            "height": 10,
            "chars": [
                "\uE627"
            ]
        },
        {
            "type": "bitmap",
            "file": "minecraft:custom/hud/deathvolition/18.png",
            "ascent": -29,
            "height": 10,
            "chars": [
                "\uE628"
            ]
        },
        {
            "type": "bitmap",
            "file": "minecraft:custom/pick_class/melee1_desc.png",
            "ascent": 35,
            "height": 70,
            "chars": [
                "\uE701"
            ]
        },
        {
            "type": "bitmap",
            "file": "minecraft:custom/pick_class/melee2_desc.png",
            "ascent": 35,
            "height": 70,
            "chars": [
                "\uE702"
            ]
        },
        {
            "type": "bitmap",
            "file": "minecraft:custom/pick_class/ranged1_desc.png",
            "ascent": 35,
            "height": 70,
            "chars": [
                "\uE703"
            ]
        },
        {
            "type": "bitmap",
            "file": "minecraft:custom/pick_class/ranged2_desc.png",
            "ascent": 35,
            "height": 70,
            "chars": [
                "\uE704"
            ]
        },
        {
            "type": "bitmap",
            "file": "minecraft:custom/pick_class/mage1_desc.png",
            "ascent": 35,
            "height": 70,
            "chars": [
                "\uE705"
            ]
        },
        {
            "type": "bitmap",
            "file": "minecraft:custom/pick_class/mage2_desc.png",
            "ascent": 35,
            "height": 70,
            "chars": [
                "\uE706"
            ]
        }
        
    ]
}