{
	"credit": "Made with Blockbench",
	"textures": {
		"0": "custom/ult/frostburn_ray",
		"particle": "custom/ult/frostburn_ray"
	},
	"elements": [
		{
			"from": [8, 5, 8],
			"to": [8, 11, 24],
			"rotation": {"angle": 0, "axis": "y", "origin": [0, 5, 16]},
			"faces": {
				"north": {"uv": [0, 0, 0, 6], "texture": "#0"},
				"east": {"uv": [16, 0, 0, 16], "texture": "#0"},
				"south": {"uv": [0, 0, 0, 6], "texture": "#0"},
				"west": {"uv": [16, 0, 0, 16], "texture": "#0"},
				"up": {"uv": [0, 16, 0, 0], "texture": "#0"},
				"down": {"uv": [0, 16, 0, 0], "texture": "#0"}
			}
		}
	],
	"display": {
		"thirdperson_righthand": {
			"scale": [0, 0, 0]
		},
		"thirdperson_lefthand": {
			"scale": [0, 0, 0]
		},
		"firstperson_lefthand": {
			"scale": [0, 0, 0]
		},
		"ground": {
			"scale": [0, 0, 0]
		},
		"gui": {
			"scale": [0, 0, 0]
		}
	}
}