{
	"credit": "Made with Blockbench",
	"textures": {
		"5": "custom/ability/grimoire_pages"
	},
	"elements": [
		{
			"name": "grimoire_pages - Copy_2",
			"from": [5.31625, 4.46875, 30.85875],
			"to": [10.68375, 11.53125, 31.14125],
			"rotation": {"angle": 0, "axis": "y", "origin": [8, 8, 8]},
			"faces": {
				"north": {"uv": [0, 6.875, 2.375, 10], "texture": "#5"},
				"east": {"uv": [0, 6.875, 0.125, 10], "texture": "#5"},
				"south": {"uv": [2.375, 6.875, 0, 10], "texture": "#5"},
				"west": {"uv": [2.25, 6.875, 2.375, 10], "texture": "#5"},
				"up": {"uv": [0, 6.875, 2.375, 7], "rotation": 180, "texture": "#5"},
				"down": {"uv": [0, 9.875, 2.375, 10], "rotation": 180, "texture": "#5"}
			}
		}
	],
	"display": {
		"thirdperson_righthand": {
			"scale": [0, 0, 0]
		},
		"thirdperson_lefthand": {
			"scale": [0, 0, 0]
		},
		"firstperson_lefthand": {
			"scale": [0, 0, 0]
		},
		"ground": {
			"scale": [0, 0, 0]
		},
		"gui": {
			"scale": [0, 0, 0]
		}
	},
	"groups": [
		{
			"name": "group",
			"origin": [5.31625, -9.56812, -0.07875],
			"color": 0,
			"children": [0]
		}
	]
}