{
	"credit": "Made with Blockbench",
	"textures": {
		"5": "custom/ability/grimoire_pages"
	},
	"elements": [
		{
			"name": "grimoire_pages - Copy_4",
			"from": [7.1525, 7.92938, 30.85875],
			"to": [9.9775, 10.47187, 31.14125],
			"rotation": {"angle": 0, "axis": "y", "origin": [8, 8, 8]},
			"faces": {
				"north": {"uv": [12, 6.875, 13.25, 8], "texture": "#5"},
				"east": {"uv": [12, 6.875, 12.125, 8], "texture": "#5"},
				"south": {"uv": [13.25, 6.875, 12, 8], "texture": "#5"},
				"west": {"uv": [13.125, 6.875, 13.25, 8], "texture": "#5"},
				"up": {"uv": [12, 6.875, 13.25, 7], "rotation": 180, "texture": "#5"},
				"down": {"uv": [12, 7.875, 13.25, 8], "rotation": 180, "texture": "#5"}
			}
		},
		{
			"name": "grimoire_pages - Copy_5",
			"from": [6.0225, 8.21188, 30.85875],
			"to": [7.1525, 10.47187, 31.14125],
			"rotation": {"angle": 0, "axis": "y", "origin": [8, 8, 8]},
			"faces": {
				"north": {"uv": [13.25, 6.875, 13.75, 7.875], "texture": "#5"},
				"east": {"uv": [13.25, 6.875, 13.375, 7.875], "texture": "#5"},
				"south": {"uv": [13.75, 6.875, 13.25, 7.875], "texture": "#5"},
				"west": {"uv": [13.625, 6.875, 13.75, 7.875], "texture": "#5"},
				"up": {"uv": [13.25, 6.875, 13.75, 7], "rotation": 180, "texture": "#5"},
				"down": {"uv": [13.25, 7.75, 13.75, 7.875], "rotation": 180, "texture": "#5"}
			}
		},
		{
			"name": "grimoire_pages - Copy_12",
			"from": [6.305, 7.36438, 30.85875],
			"to": [6.87, 8.21188, 31.14125],
			"rotation": {"angle": 0, "axis": "y", "origin": [8, 8, 8]},
			"faces": {
				"north": {"uv": [13.375, 7.875, 13.625, 8.25], "texture": "#5"},
				"east": {"uv": [13.375, 7.875, 13.5, 8.25], "texture": "#5"},
				"south": {"uv": [13.625, 7.875, 13.375, 8.25], "texture": "#5"},
				"west": {"uv": [13.5, 7.875, 13.625, 8.25], "texture": "#5"},
				"up": {"uv": [13.375, 7.875, 13.625, 8], "rotation": 180, "texture": "#5"},
				"down": {"uv": [13.375, 8.125, 13.625, 8.25], "rotation": 180, "texture": "#5"}
			}
		},
		{
			"name": "grimoire_pages - Copy_13",
			"from": [6.0225, 7.92938, 30.85875],
			"to": [6.305, 8.21188, 31.14125],
			"rotation": {"angle": 0, "axis": "y", "origin": [8, 8, 8]},
			"faces": {
				"north": {"uv": [13.625, 7.875, 13.75, 8], "texture": "#5"},
				"east": {"uv": [13.625, 7.875, 13.75, 8], "texture": "#5"},
				"south": {"uv": [13.75, 7.875, 13.625, 8], "texture": "#5"},
				"west": {"uv": [13.625, 7.875, 13.75, 8], "texture": "#5"},
				"up": {"uv": [13.625, 7.875, 13.75, 8], "rotation": 180, "texture": "#5"},
				"down": {"uv": [13.625, 7.875, 13.75, 8], "rotation": 180, "texture": "#5"}
			}
		},
		{
			"name": "grimoire_pages - Copy_14",
			"from": [9.13, 7.36438, 30.85875],
			"to": [9.9775, 7.92938, 31.14125],
			"rotation": {"angle": 0, "axis": "y", "origin": [8, 8, 8]},
			"faces": {
				"north": {"uv": [12, 8, 12.375, 8.25], "texture": "#5"},
				"east": {"uv": [12, 8, 12.125, 8.25], "texture": "#5"},
				"south": {"uv": [12.375, 8, 12, 8.25], "texture": "#5"},
				"west": {"uv": [12.25, 8, 12.375, 8.25], "texture": "#5"},
				"up": {"uv": [12, 8, 12.375, 8.125], "rotation": 180, "texture": "#5"},
				"down": {"uv": [12, 8.125, 12.375, 8.25], "rotation": 180, "texture": "#5"}
			}
		},
		{
			"name": "grimoire_pages - Copy_15",
			"from": [8.565, 7.64687, 30.85875],
			"to": [9.13, 7.92938, 31.14125],
			"rotation": {"angle": 0, "axis": "y", "origin": [8, 8, 8]},
			"faces": {
				"north": {"uv": [12.375, 8, 12.625, 8.125], "texture": "#5"},
				"east": {"uv": [12.375, 8, 12.5, 8.125], "texture": "#5"},
				"south": {"uv": [12.625, 8, 12.375, 8.125], "texture": "#5"},
				"west": {"uv": [12.5, 8, 12.625, 8.125], "texture": "#5"},
				"up": {"uv": [12.375, 8, 12.625, 8.125], "rotation": 180, "texture": "#5"},
				"down": {"uv": [12.375, 8, 12.625, 8.125], "rotation": 180, "texture": "#5"}
			}
		},
		{
			"name": "grimoire_pages - Copy_16",
			"from": [7.1525, 7.64687, 30.85875],
			"to": [8, 7.92938, 31.14125],
			"rotation": {"angle": 0, "axis": "y", "origin": [8, 8, 8]},
			"faces": {
				"north": {"uv": [12.875, 8, 13.25, 8.125], "texture": "#5"},
				"east": {"uv": [12.875, 8, 13, 8.125], "texture": "#5"},
				"south": {"uv": [13.25, 8, 12.875, 8.125], "texture": "#5"},
				"west": {"uv": [13.125, 8, 13.25, 8.125], "texture": "#5"},
				"up": {"uv": [12.875, 8, 13.25, 8.125], "rotation": 180, "texture": "#5"},
				"down": {"uv": [12.875, 8, 13.25, 8.125], "rotation": 180, "texture": "#5"}
			}
		},
		{
			"name": "grimoire_pages - Copy_17",
			"from": [7.1525, 7.36438, 30.85875],
			"to": [7.7175, 7.64687, 31.14125],
			"rotation": {"angle": 0, "axis": "y", "origin": [8, 8, 8]},
			"faces": {
				"north": {"uv": [13, 8.125, 13.25, 8.25], "texture": "#5"},
				"east": {"uv": [13, 8.125, 13.125, 8.25], "texture": "#5"},
				"south": {"uv": [13.25, 8.125, 13, 8.25], "texture": "#5"},
				"west": {"uv": [13.125, 8.125, 13.25, 8.25], "texture": "#5"},
				"up": {"uv": [13, 8.125, 13.25, 8.25], "rotation": 180, "texture": "#5"},
				"down": {"uv": [13, 8.125, 13.25, 8.25], "rotation": 180, "texture": "#5"}
			}
		},
		{
			"name": "grimoire_pages - Copy_18",
			"from": [9.4125, 6.79938, 30.85875],
			"to": [9.9775, 7.36438, 31.14125],
			"rotation": {"angle": 0, "axis": "y", "origin": [8, 8, 8]},
			"faces": {
				"north": {"uv": [12, 8.25, 12.25, 8.5], "texture": "#5"},
				"east": {"uv": [12, 8.25, 12.125, 8.5], "texture": "#5"},
				"south": {"uv": [12.25, 8.25, 12, 8.5], "texture": "#5"},
				"west": {"uv": [12.125, 8.25, 12.25, 8.5], "texture": "#5"},
				"up": {"uv": [12, 8.25, 12.25, 8.375], "rotation": 180, "texture": "#5"},
				"down": {"uv": [12, 8.375, 12.25, 8.5], "rotation": 180, "texture": "#5"}
			}
		},
		{
			"name": "grimoire_pages - Copy_19",
			"from": [7.1525, 7.08188, 30.85875],
			"to": [7.435, 7.36438, 31.14125],
			"rotation": {"angle": 0, "axis": "y", "origin": [8, 8, 8]},
			"faces": {
				"north": {"uv": [13.125, 8.25, 13.25, 8.375], "texture": "#5"},
				"east": {"uv": [13.125, 8.25, 13.25, 8.375], "texture": "#5"},
				"south": {"uv": [13.25, 8.25, 13.125, 8.375], "texture": "#5"},
				"west": {"uv": [13.125, 8.25, 13.25, 8.375], "texture": "#5"},
				"up": {"uv": [13.125, 8.25, 13.25, 8.375], "rotation": 180, "texture": "#5"},
				"down": {"uv": [13.125, 8.25, 13.25, 8.375], "rotation": 180, "texture": "#5"}
			}
		},
		{
			"name": "grimoire_pages - Copy_20",
			"from": [6.305, 6.79938, 30.85875],
			"to": [6.5875, 7.36438, 31.14125],
			"rotation": {"angle": 0, "axis": "y", "origin": [8, 8, 8]},
			"faces": {
				"north": {"uv": [13.5, 8.25, 13.625, 8.5], "texture": "#5"},
				"east": {"uv": [13.5, 8.25, 13.625, 8.5], "texture": "#5"},
				"south": {"uv": [13.625, 8.25, 13.5, 8.5], "texture": "#5"},
				"west": {"uv": [13.5, 8.25, 13.625, 8.5], "texture": "#5"},
				"up": {"uv": [13.5, 8.25, 13.625, 8.375], "rotation": 180, "texture": "#5"},
				"down": {"uv": [13.5, 8.375, 13.625, 8.5], "rotation": 180, "texture": "#5"}
			}
		},
		{
			"name": "grimoire_pages - Copy_21",
			"from": [6.87, 6.79938, 30.85875],
			"to": [7.1525, 7.08188, 31.14125],
			"rotation": {"angle": 0, "axis": "y", "origin": [8, 8, 8]},
			"faces": {
				"north": {"uv": [13.25, 8.375, 13.375, 8.5], "texture": "#5"},
				"east": {"uv": [13.25, 8.375, 13.375, 8.5], "texture": "#5"},
				"south": {"uv": [13.375, 8.375, 13.25, 8.5], "texture": "#5"},
				"west": {"uv": [13.25, 8.375, 13.375, 8.5], "texture": "#5"},
				"up": {"uv": [13.25, 8.375, 13.375, 8.5], "rotation": 180, "texture": "#5"},
				"down": {"uv": [13.25, 8.375, 13.375, 8.5], "rotation": 180, "texture": "#5"}
			}
		},
		{
			"name": "grimoire_pages - Copy_22",
			"from": [9.695, 6.51688, 30.85875],
			"to": [9.9775, 6.79938, 31.14125],
			"rotation": {"angle": 0, "axis": "y", "origin": [8, 8, 8]},
			"faces": {
				"north": {"uv": [12, 8.5, 12.125, 8.625], "texture": "#5"},
				"east": {"uv": [12, 8.5, 12.125, 8.625], "texture": "#5"},
				"south": {"uv": [12.125, 8.5, 12, 8.625], "texture": "#5"},
				"west": {"uv": [12, 8.5, 12.125, 8.625], "texture": "#5"},
				"up": {"uv": [12, 8.5, 12.125, 8.625], "rotation": 180, "texture": "#5"},
				"down": {"uv": [12, 8.5, 12.125, 8.625], "rotation": 180, "texture": "#5"}
			}
		}
	],
	"display": {
		"thirdperson_righthand": {
			"scale": [0, 0, 0]
		},
		"thirdperson_lefthand": {
			"scale": [0, 0, 0]
		},
		"firstperson_lefthand": {
			"scale": [0, 0, 0]
		},
		"ground": {
			"scale": [0, 0, 0]
		},
		"gui": {
			"scale": [0, 0, 0]
		}
	},
	"groups": [
		{
			"name": "group",
			"origin": [-33.0975, -15.15062, -0.07875],
			"color": 0,
			"nbt": "{}",
			"children": [0, 1, 2, 3, 4, 5, 6, 7, 8, 9, 10, 11, 12]
		}
	]
}