{
	"credit": "Made with Blockbench",
	"textures": {
		"5": "custom/ability/grimoire_pages"
	},
	"elements": [
		{
			"name": "grimoire_pages - Copy_2",
			"from": [5.10438, 6.09313, 30.85875],
			"to": [7.92938, 11.46062, 31.14125],
			"rotation": {"angle": 0, "axis": "y", "origin": [8, 8, 8]},
			"faces": {
				"north": {"uv": [9.25, 6.875, 8, 9.25], "texture": "#5"},
				"east": {"uv": [9.125, 6.875, 9.25, 9.25], "texture": "#5"},
				"south": {"uv": [8, 6.875, 9.25, 9.25], "texture": "#5"},
				"west": {"uv": [8, 6.875, 8.125, 9.25], "texture": "#5"},
				"up": {"uv": [8, 6.875, 9.25, 7], "texture": "#5"},
				"down": {"uv": [8, 9.125, 9.25, 9.25], "texture": "#5"}
			}
		},
		{
			"name": "grimoire_pages - Copy_3",
			"from": [7.92938, 11.17813, 30.85875],
			"to": [8.21188, 11.46062, 31.14125],
			"rotation": {"angle": 0, "axis": "y", "origin": [8, 8, 8]},
			"faces": {
				"north": {"uv": [9.375, 6.875, 9.25, 7], "texture": "#5"},
				"east": {"uv": [9.25, 6.875, 9.375, 7], "texture": "#5"},
				"south": {"uv": [9.25, 6.875, 9.375, 7], "texture": "#5"},
				"west": {"uv": [9.25, 6.875, 9.375, 7], "texture": "#5"},
				"up": {"uv": [9.25, 6.875, 9.375, 7], "texture": "#5"},
				"down": {"uv": [9.25, 6.875, 9.375, 7], "texture": "#5"}
			}
		},
		{
			"name": "grimoire_pages - Copy_6",
			"from": [7.92938, 5.81063, 30.85875],
			"to": [8.49438, 10.89563, 31.14125],
			"rotation": {"angle": 0, "axis": "y", "origin": [8, 8, 8]},
			"faces": {
				"north": {"uv": [9.5, 7.125, 9.25, 9.375], "texture": "#5"},
				"east": {"uv": [9.375, 7.125, 9.5, 9.375], "texture": "#5"},
				"south": {"uv": [9.25, 7.125, 9.5, 9.375], "texture": "#5"},
				"west": {"uv": [9.25, 7.125, 9.375, 9.375], "texture": "#5"},
				"up": {"uv": [9.25, 7.125, 9.5, 7.25], "texture": "#5"},
				"down": {"uv": [9.25, 9.25, 9.5, 9.375], "texture": "#5"}
			}
		},
		{
			"name": "grimoire_pages - Copy_7",
			"from": [8.49438, 5.81063, 30.85875],
			"to": [8.77688, 10.61313, 31.14125],
			"rotation": {"angle": 0, "axis": "y", "origin": [8, 8, 8]},
			"faces": {
				"north": {"uv": [9.625, 7.25, 9.5, 9.375], "texture": "#5"},
				"east": {"uv": [9.5, 7.25, 9.625, 9.375], "texture": "#5"},
				"south": {"uv": [9.5, 7.25, 9.625, 9.375], "texture": "#5"},
				"west": {"uv": [9.5, 7.25, 9.625, 9.375], "texture": "#5"},
				"up": {"uv": [9.5, 7.25, 9.625, 7.375], "texture": "#5"},
				"down": {"uv": [9.5, 9.25, 9.625, 9.375], "texture": "#5"}
			}
		},
		{
			"name": "grimoire_pages - Copy_8",
			"from": [8.77688, 6.09313, 30.85875],
			"to": [9.34188, 10.33062, 31.14125],
			"rotation": {"angle": 0, "axis": "y", "origin": [8, 8, 8]},
			"faces": {
				"north": {"uv": [9.875, 7.375, 9.625, 9.25], "texture": "#5"},
				"east": {"uv": [9.75, 7.375, 9.875, 9.25], "texture": "#5"},
				"south": {"uv": [9.625, 7.375, 9.875, 9.25], "texture": "#5"},
				"west": {"uv": [9.625, 7.375, 9.75, 9.25], "texture": "#5"},
				"up": {"uv": [9.625, 7.375, 9.875, 7.5], "texture": "#5"},
				"down": {"uv": [9.625, 9.125, 9.875, 9.25], "texture": "#5"}
			}
		},
		{
			"name": "grimoire_pages - Copy_9",
			"from": [9.34188, 6.09313, 30.85875],
			"to": [9.62438, 10.04813, 31.14125],
			"rotation": {"angle": 0, "axis": "y", "origin": [8, 8, 8]},
			"faces": {
				"north": {"uv": [10, 7.5, 9.875, 9.25], "texture": "#5"},
				"east": {"uv": [9.875, 7.5, 10, 9.25], "texture": "#5"},
				"south": {"uv": [9.875, 7.5, 10, 9.25], "texture": "#5"},
				"west": {"uv": [9.875, 7.5, 10, 9.25], "texture": "#5"},
				"up": {"uv": [9.875, 7.5, 10, 7.625], "texture": "#5"},
				"down": {"uv": [9.875, 9.125, 10, 9.25], "texture": "#5"}
			}
		},
		{
			"name": "grimoire_pages - Copy_10",
			"from": [9.62438, 6.37563, 30.85875],
			"to": [9.90688, 9.76563, 31.14125],
			"rotation": {"angle": 0, "axis": "y", "origin": [8, 8, 8]},
			"faces": {
				"north": {"uv": [10.125, 7.625, 10, 9.125], "texture": "#5"},
				"east": {"uv": [10, 7.625, 10.125, 9.125], "texture": "#5"},
				"south": {"uv": [10, 7.625, 10.125, 9.125], "texture": "#5"},
				"west": {"uv": [10, 7.625, 10.125, 9.125], "texture": "#5"},
				"up": {"uv": [10, 7.625, 10.125, 7.75], "texture": "#5"},
				"down": {"uv": [10, 9, 10.125, 9.125], "texture": "#5"}
			}
		},
		{
			"name": "grimoire_pages - Copy_11",
			"from": [9.90688, 6.65813, 30.85875],
			"to": [10.47188, 9.48312, 31.14125],
			"rotation": {"angle": 0, "axis": "y", "origin": [8, 8, 8]},
			"faces": {
				"north": {"uv": [10.375, 7.75, 10.125, 9], "texture": "#5"},
				"east": {"uv": [10.25, 7.75, 10.375, 9], "texture": "#5"},
				"south": {"uv": [10.125, 7.75, 10.375, 9], "texture": "#5"},
				"west": {"uv": [10.125, 7.75, 10.25, 9], "texture": "#5"},
				"up": {"uv": [10.125, 7.75, 10.375, 7.875], "texture": "#5"},
				"down": {"uv": [10.125, 8.875, 10.375, 9], "texture": "#5"}
			}
		},
		{
			"name": "grimoire_pages - Copy_23",
			"from": [9.90688, 6.37563, 30.85875],
			"to": [10.18938, 6.65813, 31.14125],
			"rotation": {"angle": 0, "axis": "y", "origin": [8, 8, 8]},
			"faces": {
				"north": {"uv": [10.25, 9, 10.125, 9.125], "texture": "#5"},
				"east": {"uv": [10.125, 9, 10.25, 9.125], "texture": "#5"},
				"south": {"uv": [10.125, 9, 10.25, 9.125], "texture": "#5"},
				"west": {"uv": [10.125, 9, 10.25, 9.125], "texture": "#5"},
				"up": {"uv": [10.125, 9, 10.25, 9.125], "texture": "#5"},
				"down": {"uv": [10.125, 9, 10.25, 9.125], "texture": "#5"}
			}
		},
		{
			"name": "grimoire_pages - Copy_24",
			"from": [5.10438, 5.81063, 30.85875],
			"to": [6.51688, 6.09313, 31.14125],
			"rotation": {"angle": 0, "axis": "y", "origin": [8, 8, 8]},
			"faces": {
				"north": {"uv": [8.625, 9.25, 8, 9.375], "texture": "#5"},
				"east": {"uv": [8.5, 9.25, 8.625, 9.375], "texture": "#5"},
				"south": {"uv": [8, 9.25, 8.625, 9.375], "texture": "#5"},
				"west": {"uv": [8, 9.25, 8.125, 9.375], "texture": "#5"},
				"up": {"uv": [8, 9.25, 8.625, 9.375], "texture": "#5"},
				"down": {"uv": [8, 9.25, 8.625, 9.375], "texture": "#5"}
			}
		},
		{
			"name": "grimoire_pages - Copy_25",
			"from": [6.79938, 5.52812, 30.85875],
			"to": [7.92938, 6.09313, 31.14125],
			"rotation": {"angle": 0, "axis": "y", "origin": [8, 8, 8]},
			"faces": {
				"north": {"uv": [9.25, 9.25, 8.75, 9.5], "texture": "#5"},
				"east": {"uv": [9.125, 9.25, 9.25, 9.5], "texture": "#5"},
				"south": {"uv": [8.75, 9.25, 9.25, 9.5], "texture": "#5"},
				"west": {"uv": [8.75, 9.25, 8.875, 9.5], "texture": "#5"},
				"up": {"uv": [8.75, 9.25, 9.25, 9.375], "texture": "#5"},
				"down": {"uv": [8.75, 9.375, 9.25, 9.5], "texture": "#5"}
			}
		},
		{
			"name": "grimoire_pages - Copy_26",
			"from": [8.77688, 5.81063, 30.85875],
			"to": [9.05938, 6.09313, 31.14125],
			"rotation": {"angle": 0, "axis": "y", "origin": [8, 8, 8]},
			"faces": {
				"north": {"uv": [9.75, 9.25, 9.625, 9.375], "texture": "#5"},
				"east": {"uv": [9.625, 9.25, 9.75, 9.375], "texture": "#5"},
				"south": {"uv": [9.625, 9.25, 9.75, 9.375], "texture": "#5"},
				"west": {"uv": [9.625, 9.25, 9.75, 9.375], "texture": "#5"},
				"up": {"uv": [9.625, 9.25, 9.75, 9.375], "texture": "#5"},
				"down": {"uv": [9.625, 9.25, 9.75, 9.375], "texture": "#5"}
			}
		},
		{
			"name": "grimoire_pages - Copy_27",
			"from": [5.38688, 4.96313, 30.85875],
			"to": [6.23438, 5.81063, 31.14125],
			"rotation": {"angle": 0, "axis": "y", "origin": [8, 8, 8]},
			"faces": {
				"north": {"uv": [8.5, 9.375, 8.125, 9.75], "texture": "#5"},
				"east": {"uv": [8.375, 9.375, 8.5, 9.75], "texture": "#5"},
				"south": {"uv": [8.125, 9.375, 8.5, 9.75], "texture": "#5"},
				"west": {"uv": [8.125, 9.375, 8.25, 9.75], "texture": "#5"},
				"up": {"uv": [8.125, 9.375, 8.5, 9.5], "texture": "#5"},
				"down": {"uv": [8.125, 9.625, 8.5, 9.75], "texture": "#5"}
			}
		},
		{
			"name": "grimoire_pages - Copy_28",
			"from": [6.23438, 5.24563, 30.85875],
			"to": [6.51688, 5.81063, 31.14125],
			"rotation": {"angle": 0, "axis": "y", "origin": [8, 8, 8]},
			"faces": {
				"north": {"uv": [8.625, 9.375, 8.5, 9.625], "texture": "#5"},
				"east": {"uv": [8.5, 9.375, 8.625, 9.625], "texture": "#5"},
				"south": {"uv": [8.5, 9.375, 8.625, 9.625], "texture": "#5"},
				"west": {"uv": [8.5, 9.375, 8.625, 9.625], "texture": "#5"},
				"up": {"uv": [8.5, 9.375, 8.625, 9.5], "texture": "#5"},
				"down": {"uv": [8.5, 9.5, 8.625, 9.625], "texture": "#5"}
			}
		},
		{
			"name": "grimoire_pages - Copy_29",
			"from": [8.21188, 5.52812, 30.85875],
			"to": [8.49438, 5.81063, 31.14125],
			"rotation": {"angle": 0, "axis": "y", "origin": [8, 8, 8]},
			"faces": {
				"north": {"uv": [9.5, 9.375, 9.375, 9.5], "texture": "#5"},
				"east": {"uv": [9.375, 9.375, 9.5, 9.5], "texture": "#5"},
				"south": {"uv": [9.375, 9.375, 9.5, 9.5], "texture": "#5"},
				"west": {"uv": [9.375, 9.375, 9.5, 9.5], "texture": "#5"},
				"up": {"uv": [9.375, 9.375, 9.5, 9.5], "texture": "#5"},
				"down": {"uv": [9.375, 9.375, 9.5, 9.5], "texture": "#5"}
			}
		},
		{
			"name": "grimoire_pages - Copy_30",
			"from": [6.51688, 4.96313, 30.85875],
			"to": [6.79938, 5.52812, 31.14125],
			"rotation": {"angle": 0, "axis": "y", "origin": [8, 8, 8]},
			"faces": {
				"north": {"uv": [8.75, 9.5, 8.625, 9.75], "texture": "#5"},
				"east": {"uv": [8.625, 9.5, 8.75, 9.75], "texture": "#5"},
				"south": {"uv": [8.625, 9.5, 8.75, 9.75], "texture": "#5"},
				"west": {"uv": [8.625, 9.5, 8.75, 9.75], "texture": "#5"},
				"up": {"uv": [8.625, 9.5, 8.75, 9.625], "texture": "#5"},
				"down": {"uv": [8.625, 9.625, 8.75, 9.75], "texture": "#5"}
			}
		},
		{
			"name": "grimoire_pages - Copy_31",
			"from": [5.66938, 4.39813, 30.85875],
			"to": [5.95188, 4.96313, 31.14125],
			"rotation": {"angle": 0, "axis": "y", "origin": [8, 8, 8]},
			"faces": {
				"north": {"uv": [8.375, 9.75, 8.25, 10], "texture": "#5"},
				"east": {"uv": [8.25, 9.75, 8.375, 10], "texture": "#5"},
				"south": {"uv": [8.25, 9.75, 8.375, 10], "texture": "#5"},
				"west": {"uv": [8.25, 9.75, 8.375, 10], "texture": "#5"},
				"up": {"uv": [8.25, 9.75, 8.375, 9.875], "texture": "#5"},
				"down": {"uv": [8.25, 9.875, 8.375, 10], "texture": "#5"}
			}
		}
	],
	"display": {
		"thirdperson_righthand": {
			"scale": [0, 0, 0]
		},
		"thirdperson_lefthand": {
			"scale": [0, 0, 0]
		},
		"firstperson_lefthand": {
			"scale": [0, 0, 0]
		},
		"ground": {
			"scale": [0, 0, 0]
		},
		"gui": {
			"scale": [0, 0, 0]
		}
	},
	"groups": [
		{
			"name": "group",
			"origin": [-12.97562, -14.16187, -0.14125],
			"color": 0,
			"nbt": "{}",
			"children": [0, 1, 2, 3, 4, 5, 6, 7, 8, 9, 10, 11, 12, 13, 14, 15, 16]
		}
	]
}