{
	"credit": "Made with Blockbench",
	"textures": {
		"1": "custom/ult/guillotine",
		"5": "custom/ability/melee1ability_effect",
		"particle": "custom/ult/guillotine"
	},
	"elements": [
		{
			"from": [2.69, 11.5425, 8.1025],
			"to": [13.29, 22.1425, 8.1025],
			"rotation": {"angle": 22.5, "axis": "x", "origin": [7.99, 11.5425, 8.1025]},
			"faces": {
				"north": {"uv": [0, 0, 16, 16], "rotation": 90, "texture": "#5"},
				"east": {"uv": [0, 0, 0, 10.6], "texture": "#5"},
				"south": {"uv": [0, 16, 16, 0], "rotation": 90, "texture": "#5"},
				"west": {"uv": [0, 0, 0, 10.6], "texture": "#5"},
				"up": {"uv": [0, 0, 10.6, 0], "texture": "#5"},
				"down": {"uv": [0, 0, 10.6, 0], "texture": "#5"}
			}
		},
		{
			"from": [2.71, 11.5425, 7.8975],
			"to": [13.31, 22.1425, 7.8975],
			"rotation": {"angle": -22.5, "axis": "x", "origin": [8.01, 11.5425, 7.8975]},
			"faces": {
				"north": {"uv": [0, 16, 16, 0], "rotation": 90, "texture": "#5"},
				"east": {"uv": [0, 0, 0, 10.6], "texture": "#5"},
				"south": {"uv": [0, 0, 16, 16], "rotation": 90, "texture": "#5"},
				"west": {"uv": [0, 0, 0, 10.6], "texture": "#5"},
				"up": {"uv": [10.6, 0, 0, 0], "texture": "#5"},
				"down": {"uv": [10.6, 0, 0, 0], "texture": "#5"}
			}
		},
		{
			"name": "guillotine_0",
			"from": [3.28, 11.5425, 7.8525],
			"to": [4.46, 12.1325, 8.1475],
			"rotation": {"angle": 0, "axis": "y", "origin": [1.215, -10.5825, 7.8525]},
			"faces": {
				"north": {"uv": [1.375, 6.375, 0.875, 6.625], "texture": "#1"},
				"east": {"uv": [1.25, 6.375, 1.375, 6.625], "texture": "#1"},
				"south": {"uv": [0.875, 6.375, 1.375, 6.625], "texture": "#1"},
				"west": {"uv": [0.875, 6.375, 1, 6.625], "texture": "#1"},
				"up": {"uv": [0.875, 6.375, 1.375, 6.5], "texture": "#1"},
				"down": {"uv": [0.875, 6.5, 1.375, 6.625], "texture": "#1"}
			}
		},
		{
			"name": "guillotine_1",
			"from": [11.54, 11.5425, 7.8525],
			"to": [12.72, 12.1325, 8.1475],
			"rotation": {"angle": 0, "axis": "y", "origin": [1.215, -10.5825, 7.8525]},
			"faces": {
				"north": {"uv": [4.875, 6.375, 4.375, 6.625], "texture": "#1"},
				"east": {"uv": [4.75, 6.375, 4.875, 6.625], "texture": "#1"},
				"south": {"uv": [4.375, 6.375, 4.875, 6.625], "texture": "#1"},
				"west": {"uv": [4.375, 6.375, 4.5, 6.625], "texture": "#1"},
				"up": {"uv": [4.375, 6.375, 4.875, 6.5], "texture": "#1"},
				"down": {"uv": [4.375, 6.5, 4.875, 6.625], "texture": "#1"}
			}
		},
		{
			"name": "guillotine_14",
			"from": [11.54, 9.7725, 7.8525],
			"to": [11.835, 10.3625, 8.1475],
			"rotation": {"angle": 0, "axis": "y", "origin": [1.215, -10.5825, 7.8525]},
			"faces": {
				"north": {"uv": [4.5, 7.125, 4.375, 7.375], "texture": "#1"},
				"east": {"uv": [4.375, 7.125, 4.5, 7.375], "texture": "#1"},
				"south": {"uv": [4.375, 7.125, 4.5, 7.375], "texture": "#1"},
				"west": {"uv": [4.375, 7.125, 4.5, 7.375], "texture": "#1"},
				"up": {"uv": [4.375, 7.125, 4.5, 7.25], "texture": "#1"},
				"down": {"uv": [4.375, 7.25, 4.5, 7.375], "texture": "#1"}
			}
		},
		{
			"name": "guillotine_18",
			"from": [11.835, 9.7725, 7.8525],
			"to": [12.13, 10.0675, 8.1475],
			"rotation": {"angle": 0, "axis": "y", "origin": [1.215, -10.5825, 7.8525]},
			"faces": {
				"north": {"uv": [4.625, 7.25, 4.5, 7.375], "texture": "#1"},
				"east": {"uv": [4.5, 7.25, 4.625, 7.375], "texture": "#1"},
				"south": {"uv": [4.5, 7.25, 4.625, 7.375], "texture": "#1"},
				"west": {"uv": [4.5, 7.25, 4.625, 7.375], "texture": "#1"},
				"up": {"uv": [4.5, 7.25, 4.625, 7.375], "texture": "#1"},
				"down": {"uv": [4.5, 7.25, 4.625, 7.375], "texture": "#1"}
			}
		},
		{
			"name": "guillotine_21",
			"from": [12.13, 9.7725, 7.8525],
			"to": [12.425, 10.0675, 8.1475],
			"rotation": {"angle": 0, "axis": "y", "origin": [-22.385, -10.5825, 7.8525]},
			"faces": {
				"north": {"uv": [14.75, 7.25, 14.625, 7.375], "texture": "#1"},
				"east": {"uv": [14.625, 7.25, 14.75, 7.375], "texture": "#1"},
				"south": {"uv": [14.625, 7.25, 14.75, 7.375], "texture": "#1"},
				"west": {"uv": [14.625, 7.25, 14.75, 7.375], "texture": "#1"},
				"up": {"uv": [14.625, 7.25, 14.75, 7.375], "texture": "#1"},
				"down": {"uv": [14.625, 7.25, 14.75, 7.375], "texture": "#1"}
			}
		},
		{
			"name": "guillotine_9",
			"from": [11.54, 10.6575, 7.8525],
			"to": [12.13, 10.9525, 8.1475],
			"rotation": {"angle": 0, "axis": "y", "origin": [-22.385, -10.5825, 7.8525]},
			"faces": {
				"north": {"uv": [14.625, 6.875, 14.375, 7], "texture": "#1"},
				"east": {"uv": [14.5, 6.875, 14.625, 7], "texture": "#1"},
				"south": {"uv": [14.375, 6.875, 14.625, 7], "texture": "#1"},
				"west": {"uv": [14.375, 6.875, 14.5, 7], "texture": "#1"},
				"up": {"uv": [14.375, 6.875, 14.625, 7], "texture": "#1"},
				"down": {"uv": [14.375, 6.875, 14.625, 7], "texture": "#1"}
			}
		},
		{
			"name": "guillotine_13",
			"from": [11.54, 10.3625, 7.8525],
			"to": [11.835, 10.6575, 8.1475],
			"rotation": {"angle": 0, "axis": "y", "origin": [-22.385, -10.5825, 7.8525]},
			"faces": {
				"north": {"uv": [14.5, 7, 14.375, 7.125], "texture": "#1"},
				"east": {"uv": [14.375, 7, 14.5, 7.125], "texture": "#1"},
				"south": {"uv": [14.375, 7, 14.5, 7.125], "texture": "#1"},
				"west": {"uv": [14.375, 7, 14.5, 7.125], "texture": "#1"},
				"up": {"uv": [14.375, 7, 14.5, 7.125], "texture": "#1"},
				"down": {"uv": [14.375, 7, 14.5, 7.125], "texture": "#1"}
			}
		},
		{
			"name": "guillotine_5",
			"from": [12.13, 10.6575, 7.8525],
			"to": [12.72, 10.9525, 8.1475],
			"rotation": {"angle": 0, "axis": "y", "origin": [1.215, -10.5825, 7.8525]},
			"faces": {
				"north": {"uv": [4.875, 6.875, 4.625, 7], "texture": "#1"},
				"east": {"uv": [4.75, 6.875, 4.875, 7], "texture": "#1"},
				"south": {"uv": [4.625, 6.875, 4.875, 7], "texture": "#1"},
				"west": {"uv": [4.625, 6.875, 4.75, 7], "texture": "#1"},
				"up": {"uv": [4.625, 6.875, 4.875, 7], "texture": "#1"},
				"down": {"uv": [4.625, 6.875, 4.875, 7], "texture": "#1"}
			}
		},
		{
			"name": "guillotine_10",
			"from": [12.425, 10.3625, 7.8525],
			"to": [12.72, 10.6575, 8.1475],
			"rotation": {"angle": 0, "axis": "y", "origin": [1.215, -10.5825, 7.8525]},
			"faces": {
				"north": {"uv": [4.875, 7, 4.75, 7.125], "texture": "#1"},
				"east": {"uv": [4.75, 7, 4.875, 7.125], "texture": "#1"},
				"south": {"uv": [4.75, 7, 4.875, 7.125], "texture": "#1"},
				"west": {"uv": [4.75, 7, 4.875, 7.125], "texture": "#1"},
				"up": {"uv": [4.75, 7, 4.875, 7.125], "texture": "#1"},
				"down": {"uv": [4.75, 7, 4.875, 7.125], "texture": "#1"}
			}
		},
		{
			"name": "guillotine_17",
			"from": [12.425, 9.7725, 7.8525],
			"to": [12.72, 10.3625, 8.1475],
			"rotation": {"angle": 0, "axis": "y", "origin": [-22.385, -10.5825, 7.8525]},
			"faces": {
				"north": {"uv": [14.875, 7.125, 14.75, 7.375], "texture": "#1"},
				"east": {"uv": [14.75, 7.125, 14.875, 7.375], "texture": "#1"},
				"south": {"uv": [14.75, 7.125, 14.875, 7.375], "texture": "#1"},
				"west": {"uv": [14.75, 7.125, 14.875, 7.375], "texture": "#1"},
				"up": {"uv": [14.75, 7.125, 14.875, 7.25], "texture": "#1"},
				"down": {"uv": [14.75, 7.25, 14.875, 7.375], "texture": "#1"}
			}
		},
		{
			"name": "guillotine_2",
			"from": [2.69, 11.2475, 7.6025],
			"to": [13.31, 11.5425, 8.3975],
			"rotation": {"angle": 0, "axis": "y", "origin": [-10.88, -10.5825, 8.1025]},
			"faces": {
				"north": {"uv": [10.25, 6.625, 5.75, 6.75], "texture": "#1"},
				"east": {"uv": [10.125, 6.625, 10.25, 6.75], "texture": "#1"},
				"south": {"uv": [5.75, 6.625, 10.25, 6.75], "texture": "#1"},
				"west": {"uv": [5.75, 6.625, 5.875, 6.75], "texture": "#1"},
				"up": {"uv": [5.75, 6.625, 10.25, 6.75], "texture": "#1"},
				"down": {"uv": [5.75, 6.625, 10.25, 6.75], "texture": "#1"}
			}
		},
		{
			"name": "guillotine_3",
			"from": [3.28, 10.9525, 7.6025],
			"to": [13.31, 11.2475, 8.3975],
			"rotation": {"angle": 0, "axis": "y", "origin": [-10.88, -10.5825, 8.1025]},
			"faces": {
				"north": {"uv": [10.25, 6.75, 6, 6.875], "texture": "#1"},
				"east": {"uv": [10.125, 6.75, 10.25, 6.875], "texture": "#1"},
				"south": {"uv": [6, 6.75, 10.25, 6.875], "texture": "#1"},
				"west": {"uv": [6, 6.75, 6.125, 6.875], "texture": "#1"},
				"up": {"uv": [6, 6.75, 10.25, 6.875], "texture": "#1"},
				"down": {"uv": [6, 6.75, 10.25, 6.875], "texture": "#1"}
			}
		},
		{
			"name": "guillotine_6",
			"from": [4.46, 10.6575, 7.6025],
			"to": [11.54, 10.9525, 8.3975],
			"rotation": {"angle": 0, "axis": "y", "origin": [-10.88, -10.5825, 8.1025]},
			"faces": {
				"north": {"uv": [9.5, 6.875, 6.5, 7], "texture": "#1"},
				"east": {"uv": [9.375, 6.875, 9.5, 7], "texture": "#1"},
				"south": {"uv": [6.5, 6.875, 9.5, 7], "texture": "#1"},
				"west": {"uv": [6.5, 6.875, 6.625, 7], "texture": "#1"},
				"up": {"uv": [6.5, 6.875, 9.5, 7], "texture": "#1"},
				"down": {"uv": [6.5, 6.875, 9.5, 7], "texture": "#1"}
			}
		},
		{
			"name": "guillotine_7",
			"from": [12.72, 8.5925, 7.6025],
			"to": [13.31, 10.9525, 8.3975],
			"rotation": {"angle": 0, "axis": "y", "origin": [-10.88, -10.5825, 8.1025]},
			"faces": {
				"north": {"uv": [10.25, 6.875, 10, 7.875], "texture": "#1"},
				"east": {"uv": [10.125, 6.875, 10.25, 7.875], "texture": "#1"},
				"south": {"uv": [10, 6.875, 10.25, 7.875], "texture": "#1"},
				"west": {"uv": [10, 6.875, 10.125, 7.875], "texture": "#1"},
				"up": {"uv": [10, 6.875, 10.25, 7], "texture": "#1"},
				"down": {"uv": [10, 7.75, 10.25, 7.875], "texture": "#1"}
			}
		},
		{
			"name": "guillotine_11",
			"from": [5.64, 10.3625, 7.6025],
			"to": [11.54, 10.6575, 8.3975],
			"rotation": {"angle": 0, "axis": "y", "origin": [-10.88, -10.5825, 8.1025]},
			"faces": {
				"north": {"uv": [9.5, 7, 7, 7.125], "texture": "#1"},
				"east": {"uv": [9.375, 7, 9.5, 7.125], "texture": "#1"},
				"south": {"uv": [7, 7, 9.5, 7.125], "texture": "#1"},
				"west": {"uv": [7, 7, 7.125, 7.125], "texture": "#1"},
				"up": {"uv": [7, 7, 9.5, 7.125], "texture": "#1"},
				"down": {"uv": [7, 7, 9.5, 7.125], "texture": "#1"}
			}
		},
		{
			"name": "guillotine_15",
			"from": [6.82, 10.0675, 7.6025],
			"to": [11.54, 10.3625, 8.3975],
			"rotation": {"angle": 0, "axis": "y", "origin": [-10.88, -10.5825, 8.1025]},
			"faces": {
				"north": {"uv": [9.5, 7.125, 7.5, 7.25], "texture": "#1"},
				"east": {"uv": [9.375, 7.125, 9.5, 7.25], "texture": "#1"},
				"south": {"uv": [7.5, 7.125, 9.5, 7.25], "texture": "#1"},
				"west": {"uv": [7.5, 7.125, 7.625, 7.25], "texture": "#1"},
				"up": {"uv": [7.5, 7.125, 9.5, 7.25], "texture": "#1"},
				"down": {"uv": [7.5, 7.125, 9.5, 7.25], "texture": "#1"}
			}
		},
		{
			"name": "guillotine_19",
			"from": [8, 9.7725, 7.6025],
			"to": [11.54, 10.0675, 8.3975],
			"rotation": {"angle": 0, "axis": "y", "origin": [-10.88, -10.5825, 8.1025]},
			"faces": {
				"north": {"uv": [9.5, 7.25, 8, 7.375], "texture": "#1"},
				"east": {"uv": [9.375, 7.25, 9.5, 7.375], "texture": "#1"},
				"south": {"uv": [8, 7.25, 9.5, 7.375], "texture": "#1"},
				"west": {"uv": [8, 7.25, 8.125, 7.375], "texture": "#1"},
				"up": {"uv": [8, 7.25, 9.5, 7.375], "texture": "#1"},
				"down": {"uv": [8, 7.25, 9.5, 7.375], "texture": "#1"}
			}
		},
		{
			"name": "guillotine_22",
			"from": [9.18, 9.4775, 7.6025],
			"to": [12.72, 9.7725, 8.3975],
			"rotation": {"angle": 0, "axis": "y", "origin": [-10.88, -10.5825, 8.1025]},
			"faces": {
				"north": {"uv": [10, 7.375, 8.5, 7.5], "texture": "#1"},
				"east": {"uv": [9.875, 7.375, 10, 7.5], "texture": "#1"},
				"south": {"uv": [8.5, 7.375, 10, 7.5], "texture": "#1"},
				"west": {"uv": [8.5, 7.375, 8.625, 7.5], "texture": "#1"},
				"up": {"uv": [8.5, 7.375, 10, 7.5], "texture": "#1"},
				"down": {"uv": [8.5, 7.375, 10, 7.5], "texture": "#1"}
			}
		},
		{
			"name": "guillotine_24",
			"from": [10.36, 9.1825, 7.6025],
			"to": [12.72, 9.4775, 8.3975],
			"rotation": {"angle": 0, "axis": "y", "origin": [-10.88, -10.5825, 8.1025]},
			"faces": {
				"north": {"uv": [10, 7.5, 9, 7.625], "texture": "#1"},
				"east": {"uv": [9.875, 7.5, 10, 7.625], "texture": "#1"},
				"south": {"uv": [9, 7.5, 10, 7.625], "texture": "#1"},
				"west": {"uv": [9, 7.5, 9.125, 7.625], "texture": "#1"},
				"up": {"uv": [9, 7.5, 10, 7.625], "texture": "#1"},
				"down": {"uv": [9, 7.5, 10, 7.625], "texture": "#1"}
			}
		},
		{
			"name": "guillotine_26",
			"from": [11.54, 8.8875, 7.6025],
			"to": [12.72, 9.1825, 8.3975],
			"rotation": {"angle": 0, "axis": "y", "origin": [-10.88, -10.5825, 8.1025]},
			"faces": {
				"north": {"uv": [10, 7.625, 9.5, 7.75], "texture": "#1"},
				"east": {"uv": [9.875, 7.625, 10, 7.75], "texture": "#1"},
				"south": {"uv": [9.5, 7.625, 10, 7.75], "texture": "#1"},
				"west": {"uv": [9.5, 7.625, 9.625, 7.75], "texture": "#1"},
				"up": {"uv": [9.5, 7.625, 10, 7.75], "texture": "#1"},
				"down": {"uv": [9.5, 7.625, 10, 7.75], "texture": "#1"}
			}
		},
		{
			"name": "guillotine_4",
			"from": [2.69, 8.5925, 7.7275],
			"to": [3.28, 11.2475, 8.2725],
			"rotation": {"angle": 0, "axis": "y", "origin": [-22.385, -10.5825, 7.7275]},
			"faces": {
				"north": {"uv": [10.875, 6.75, 10.625, 7.875], "texture": "#1"},
				"east": {"uv": [10.75, 6.75, 10.875, 7.875], "texture": "#1"},
				"south": {"uv": [10.625, 6.75, 10.875, 7.875], "texture": "#1"},
				"west": {"uv": [10.625, 6.75, 10.75, 7.875], "texture": "#1"},
				"up": {"uv": [10.625, 6.75, 10.875, 6.875], "texture": "#1"},
				"down": {"uv": [10.625, 7.75, 10.875, 7.875], "texture": "#1"}
			}
		},
		{
			"name": "guillotine_8",
			"from": [3.28, 8.2975, 7.7275],
			"to": [4.46, 10.9525, 8.2725],
			"rotation": {"angle": 0, "axis": "y", "origin": [-22.385, -10.5825, 7.7275]},
			"faces": {
				"north": {"uv": [11.375, 6.875, 10.875, 8], "texture": "#1"},
				"east": {"uv": [11.25, 6.875, 11.375, 8], "texture": "#1"},
				"south": {"uv": [10.875, 6.875, 11.375, 8], "texture": "#1"},
				"west": {"uv": [10.875, 6.875, 11, 8], "texture": "#1"},
				"up": {"uv": [10.875, 6.875, 11.375, 7], "texture": "#1"},
				"down": {"uv": [10.875, 7.875, 11.375, 8], "texture": "#1"}
			}
		},
		{
			"name": "guillotine_12",
			"from": [4.46, 8.0025, 7.7275],
			"to": [5.64, 10.6575, 8.2725],
			"rotation": {"angle": 0, "axis": "y", "origin": [-22.385, -10.5825, 7.7275]},
			"faces": {
				"north": {"uv": [11.875, 7, 11.375, 8.125], "texture": "#1"},
				"east": {"uv": [11.75, 7, 11.875, 8.125], "texture": "#1"},
				"south": {"uv": [11.375, 7, 11.875, 8.125], "texture": "#1"},
				"west": {"uv": [11.375, 7, 11.5, 8.125], "texture": "#1"},
				"up": {"uv": [11.375, 7, 11.875, 7.125], "texture": "#1"},
				"down": {"uv": [11.375, 8, 11.875, 8.125], "texture": "#1"}
			}
		},
		{
			"name": "guillotine_16",
			"from": [5.64, 7.7075, 7.7275],
			"to": [6.82, 10.3625, 8.2725],
			"rotation": {"angle": 0, "axis": "y", "origin": [-22.385, -10.5825, 7.7275]},
			"faces": {
				"north": {"uv": [12.375, 7.125, 11.875, 8.25], "texture": "#1"},
				"east": {"uv": [12.25, 7.125, 12.375, 8.25], "texture": "#1"},
				"south": {"uv": [11.875, 7.125, 12.375, 8.25], "texture": "#1"},
				"west": {"uv": [11.875, 7.125, 12, 8.25], "texture": "#1"},
				"up": {"uv": [11.875, 7.125, 12.375, 7.25], "texture": "#1"},
				"down": {"uv": [11.875, 8.125, 12.375, 8.25], "texture": "#1"}
			}
		},
		{
			"name": "guillotine_20",
			"from": [6.82, 7.4125, 7.7275],
			"to": [8, 10.0675, 8.2725],
			"rotation": {"angle": 0, "axis": "y", "origin": [-22.385, -10.5825, 7.7275]},
			"faces": {
				"north": {"uv": [12.875, 7.25, 12.375, 8.375], "texture": "#1"},
				"east": {"uv": [12.75, 7.25, 12.875, 8.375], "texture": "#1"},
				"south": {"uv": [12.375, 7.25, 12.875, 8.375], "texture": "#1"},
				"west": {"uv": [12.375, 7.25, 12.5, 8.375], "texture": "#1"},
				"up": {"uv": [12.375, 7.25, 12.875, 7.375], "texture": "#1"},
				"down": {"uv": [12.375, 8.25, 12.875, 8.375], "texture": "#1"}
			}
		},
		{
			"name": "guillotine_23",
			"from": [8, 7.1175, 7.7275],
			"to": [9.18, 9.7725, 8.2725],
			"rotation": {"angle": 0, "axis": "y", "origin": [-22.385, -10.5825, 7.7275]},
			"faces": {
				"north": {"uv": [13.375, 7.375, 12.875, 8.5], "texture": "#1"},
				"east": {"uv": [13.25, 7.375, 13.375, 8.5], "texture": "#1"},
				"south": {"uv": [12.875, 7.375, 13.375, 8.5], "texture": "#1"},
				"west": {"uv": [12.875, 7.375, 13, 8.5], "texture": "#1"},
				"up": {"uv": [12.875, 7.375, 13.375, 7.5], "texture": "#1"},
				"down": {"uv": [12.875, 8.375, 13.375, 8.5], "texture": "#1"}
			}
		},
		{
			"name": "guillotine_25",
			"from": [9.18, 6.8225, 7.7275],
			"to": [10.36, 9.4775, 8.2725],
			"rotation": {"angle": 0, "axis": "y", "origin": [-22.385, -10.5825, 7.7275]},
			"faces": {
				"north": {"uv": [13.875, 7.5, 13.375, 8.625], "texture": "#1"},
				"east": {"uv": [13.75, 7.5, 13.875, 8.625], "texture": "#1"},
				"south": {"uv": [13.375, 7.5, 13.875, 8.625], "texture": "#1"},
				"west": {"uv": [13.375, 7.5, 13.5, 8.625], "texture": "#1"},
				"up": {"uv": [13.375, 7.5, 13.875, 7.625], "texture": "#1"},
				"down": {"uv": [13.375, 8.5, 13.875, 8.625], "texture": "#1"}
			}
		},
		{
			"name": "guillotine_27",
			"from": [10.36, 6.5275, 7.7275],
			"to": [11.54, 9.1825, 8.2725],
			"rotation": {"angle": 0, "axis": "y", "origin": [-22.385, -10.5825, 7.7275]},
			"faces": {
				"north": {"uv": [14.375, 7.625, 13.875, 8.75], "texture": "#1"},
				"east": {"uv": [14.25, 7.625, 14.375, 8.75], "texture": "#1"},
				"south": {"uv": [13.875, 7.625, 14.375, 8.75], "texture": "#1"},
				"west": {"uv": [13.875, 7.625, 14, 8.75], "texture": "#1"},
				"up": {"uv": [13.875, 7.625, 14.375, 7.75], "texture": "#1"},
				"down": {"uv": [13.875, 8.625, 14.375, 8.75], "texture": "#1"}
			}
		},
		{
			"name": "guillotine_28",
			"from": [11.54, 6.2325, 7.7275],
			"to": [12.72, 8.8875, 8.2725],
			"rotation": {"angle": 0, "axis": "y", "origin": [-22.385, -10.5825, 7.7275]},
			"faces": {
				"north": {"uv": [14.875, 7.75, 14.375, 8.875], "texture": "#1"},
				"east": {"uv": [14.75, 7.75, 14.875, 8.875], "texture": "#1"},
				"south": {"uv": [14.375, 7.75, 14.875, 8.875], "texture": "#1"},
				"west": {"uv": [14.375, 7.75, 14.5, 8.875], "texture": "#1"},
				"up": {"uv": [14.375, 7.75, 14.875, 7.875], "texture": "#1"},
				"down": {"uv": [14.375, 8.75, 14.875, 8.875], "texture": "#1"}
			}
		},
		{
			"name": "guillotine_30",
			"from": [12.72, 5.9375, 7.7275],
			"to": [13.31, 8.5925, 8.2725],
			"rotation": {"angle": 0, "axis": "y", "origin": [-22.385, -10.5825, 7.7275]},
			"faces": {
				"north": {"uv": [15.125, 7.875, 14.875, 9], "texture": "#1"},
				"east": {"uv": [15, 7.875, 15.125, 9], "texture": "#1"},
				"south": {"uv": [14.875, 7.875, 15.125, 9], "texture": "#1"},
				"west": {"uv": [14.875, 7.875, 15, 9], "texture": "#1"},
				"up": {"uv": [14.875, 7.875, 15.125, 8], "texture": "#1"},
				"down": {"uv": [14.875, 8.875, 15.125, 9], "texture": "#1"}
			}
		},
		{
			"name": "guillotine_29",
			"from": [2.69, 5.9375, 7.875],
			"to": [3.28, 8.5925, 8.125],
			"rotation": {"angle": 0, "axis": "y", "origin": [-10.88, -10.5825, 7.58]},
			"faces": {
				"north": {"uv": [6, 7.875, 5.75, 9], "texture": "#1"},
				"east": {"uv": [5.875, 7.875, 6, 9], "texture": "#1"},
				"south": {"uv": [5.75, 7.875, 6, 9], "texture": "#1"},
				"west": {"uv": [5.75, 7.875, 5.875, 9], "texture": "#1"},
				"up": {"uv": [5.75, 7.875, 6, 8], "texture": "#1"},
				"down": {"uv": [5.75, 8.875, 6, 9], "texture": "#1"}
			}
		},
		{
			"name": "guillotine_31",
			"from": [3.28, 5.9375, 7.875],
			"to": [4.46, 8.2975, 8.125],
			"rotation": {"angle": 0, "axis": "y", "origin": [-10.88, -10.5825, 7.58]},
			"faces": {
				"north": {"uv": [6.5, 8, 6, 9], "texture": "#1"},
				"east": {"uv": [6.375, 8, 6.5, 9], "texture": "#1"},
				"south": {"uv": [6, 8, 6.5, 9], "texture": "#1"},
				"west": {"uv": [6, 8, 6.125, 9], "texture": "#1"},
				"up": {"uv": [6, 8, 6.5, 8.125], "texture": "#1"},
				"down": {"uv": [6, 8.875, 6.5, 9], "texture": "#1"}
			}
		},
		{
			"name": "guillotine_32",
			"from": [4.46, 5.6425, 7.875],
			"to": [5.64, 8.0025, 8.125],
			"rotation": {"angle": 0, "axis": "y", "origin": [-10.88, -10.5825, 7.58]},
			"faces": {
				"north": {"uv": [7, 8.125, 6.5, 9.125], "texture": "#1"},
				"east": {"uv": [6.875, 8.125, 7, 9.125], "texture": "#1"},
				"south": {"uv": [6.5, 8.125, 7, 9.125], "texture": "#1"},
				"west": {"uv": [6.5, 8.125, 6.625, 9.125], "texture": "#1"},
				"up": {"uv": [6.5, 8.125, 7, 8.25], "texture": "#1"},
				"down": {"uv": [6.5, 9, 7, 9.125], "texture": "#1"}
			}
		},
		{
			"name": "guillotine_33",
			"from": [5.64, 5.3475, 7.875],
			"to": [6.82, 7.7075, 8.125],
			"rotation": {"angle": 0, "axis": "y", "origin": [-10.88, -10.5825, 7.58]},
			"faces": {
				"north": {"uv": [7.5, 8.25, 7, 9.25], "texture": "#1"},
				"east": {"uv": [7.375, 8.25, 7.5, 9.25], "texture": "#1"},
				"south": {"uv": [7, 8.25, 7.5, 9.25], "texture": "#1"},
				"west": {"uv": [7, 8.25, 7.125, 9.25], "texture": "#1"},
				"up": {"uv": [7, 8.25, 7.5, 8.375], "texture": "#1"},
				"down": {"uv": [7, 9.125, 7.5, 9.25], "texture": "#1"}
			}
		},
		{
			"name": "guillotine_34",
			"from": [6.82, 5.0525, 7.875],
			"to": [8, 7.4125, 8.125],
			"rotation": {"angle": 0, "axis": "y", "origin": [-10.88, -10.5825, 7.58]},
			"faces": {
				"north": {"uv": [8, 8.375, 7.5, 9.375], "texture": "#1"},
				"east": {"uv": [7.875, 8.375, 8, 9.375], "texture": "#1"},
				"south": {"uv": [7.5, 8.375, 8, 9.375], "texture": "#1"},
				"west": {"uv": [7.5, 8.375, 7.625, 9.375], "texture": "#1"},
				"up": {"uv": [7.5, 8.375, 8, 8.5], "texture": "#1"},
				"down": {"uv": [7.5, 9.25, 8, 9.375], "texture": "#1"}
			}
		},
		{
			"name": "guillotine_35",
			"from": [8, 4.7575, 7.875],
			"to": [9.18, 7.1175, 8.125],
			"rotation": {"angle": 0, "axis": "y", "origin": [-10.88, -10.5825, 7.58]},
			"faces": {
				"north": {"uv": [8.5, 8.5, 8, 9.5], "texture": "#1"},
				"east": {"uv": [8.375, 8.5, 8.5, 9.5], "texture": "#1"},
				"south": {"uv": [8, 8.5, 8.5, 9.5], "texture": "#1"},
				"west": {"uv": [8, 8.5, 8.125, 9.5], "texture": "#1"},
				"up": {"uv": [8, 8.5, 8.5, 8.625], "texture": "#1"},
				"down": {"uv": [8, 9.375, 8.5, 9.5], "texture": "#1"}
			}
		},
		{
			"name": "guillotine_36",
			"from": [9.18, 4.4625, 7.875],
			"to": [10.36, 6.8225, 8.125],
			"rotation": {"angle": 0, "axis": "y", "origin": [-10.88, -10.5825, 7.58]},
			"faces": {
				"north": {"uv": [9, 8.625, 8.5, 9.625], "texture": "#1"},
				"east": {"uv": [8.875, 8.625, 9, 9.625], "texture": "#1"},
				"south": {"uv": [8.5, 8.625, 9, 9.625], "texture": "#1"},
				"west": {"uv": [8.5, 8.625, 8.625, 9.625], "texture": "#1"},
				"up": {"uv": [8.5, 8.625, 9, 8.75], "texture": "#1"},
				"down": {"uv": [8.5, 9.5, 9, 9.625], "texture": "#1"}
			}
		},
		{
			"name": "guillotine_37",
			"from": [10.36, 4.1675, 7.875],
			"to": [11.54, 6.5275, 8.125],
			"rotation": {"angle": 0, "axis": "y", "origin": [-10.88, -10.5825, 7.58]},
			"faces": {
				"north": {"uv": [9.5, 8.75, 9, 9.75], "texture": "#1"},
				"east": {"uv": [9.375, 8.75, 9.5, 9.75], "texture": "#1"},
				"south": {"uv": [9, 8.75, 9.5, 9.75], "texture": "#1"},
				"west": {"uv": [9, 8.75, 9.125, 9.75], "texture": "#1"},
				"up": {"uv": [9, 8.75, 9.5, 8.875], "texture": "#1"},
				"down": {"uv": [9, 9.625, 9.5, 9.75], "texture": "#1"}
			}
		},
		{
			"name": "guillotine_38",
			"from": [11.54, 3.8725, 7.875],
			"to": [12.72, 6.2325, 8.125],
			"rotation": {"angle": 0, "axis": "y", "origin": [-10.88, -10.5825, 7.58]},
			"faces": {
				"north": {"uv": [10, 8.875, 9.5, 9.875], "texture": "#1"},
				"east": {"uv": [9.875, 8.875, 10, 9.875], "texture": "#1"},
				"south": {"uv": [9.5, 8.875, 10, 9.875], "texture": "#1"},
				"west": {"uv": [9.5, 8.875, 9.625, 9.875], "texture": "#1"},
				"up": {"uv": [9.5, 8.875, 10, 9], "texture": "#1"},
				"down": {"uv": [9.5, 9.75, 10, 9.875], "texture": "#1"}
			}
		},
		{
			"name": "guillotine_39",
			"from": [3.87, 5.6425, 7.875],
			"to": [4.46, 5.9375, 8.125],
			"rotation": {"angle": 0, "axis": "y", "origin": [-10.88, -10.5825, 7.58]},
			"faces": {
				"north": {"uv": [6.5, 9, 6.25, 9.125], "texture": "#1"},
				"east": {"uv": [6.375, 9, 6.5, 9.125], "texture": "#1"},
				"south": {"uv": [6.25, 9, 6.5, 9.125], "texture": "#1"},
				"west": {"uv": [6.25, 9, 6.375, 9.125], "texture": "#1"},
				"up": {"uv": [6.25, 9, 6.5, 9.125], "texture": "#1"},
				"down": {"uv": [6.25, 9, 6.5, 9.125], "texture": "#1"}
			}
		},
		{
			"name": "guillotine_40",
			"from": [12.72, 3.5775, 7.875],
			"to": [13.31, 5.9375, 8.125],
			"rotation": {"angle": 0, "axis": "y", "origin": [-10.88, -10.5825, 7.58]},
			"faces": {
				"north": {"uv": [10.25, 9, 10, 10], "texture": "#1"},
				"east": {"uv": [10.125, 9, 10.25, 10], "texture": "#1"},
				"south": {"uv": [10, 9, 10.25, 10], "texture": "#1"},
				"west": {"uv": [10, 9, 10.125, 10], "texture": "#1"},
				"up": {"uv": [10, 9, 10.25, 9.125], "texture": "#1"},
				"down": {"uv": [10, 9.875, 10.25, 10], "texture": "#1"}
			}
		},
		{
			"name": "guillotine_41",
			"from": [5.05, 5.3475, 7.875],
			"to": [5.64, 5.6425, 8.125],
			"rotation": {"angle": 0, "axis": "y", "origin": [-10.88, -10.5825, 7.58]},
			"faces": {
				"north": {"uv": [7, 9.125, 6.75, 9.25], "texture": "#1"},
				"east": {"uv": [6.875, 9.125, 7, 9.25], "texture": "#1"},
				"south": {"uv": [6.75, 9.125, 7, 9.25], "texture": "#1"},
				"west": {"uv": [6.75, 9.125, 6.875, 9.25], "texture": "#1"},
				"up": {"uv": [6.75, 9.125, 7, 9.25], "texture": "#1"},
				"down": {"uv": [6.75, 9.125, 7, 9.25], "texture": "#1"}
			}
		},
		{
			"name": "guillotine_42",
			"from": [6.23, 5.0525, 7.875],
			"to": [6.82, 5.3475, 8.125],
			"rotation": {"angle": 0, "axis": "y", "origin": [-10.88, -10.5825, 7.58]},
			"faces": {
				"north": {"uv": [7.5, 9.25, 7.25, 9.375], "texture": "#1"},
				"east": {"uv": [7.375, 9.25, 7.5, 9.375], "texture": "#1"},
				"south": {"uv": [7.25, 9.25, 7.5, 9.375], "texture": "#1"},
				"west": {"uv": [7.25, 9.25, 7.375, 9.375], "texture": "#1"},
				"up": {"uv": [7.25, 9.25, 7.5, 9.375], "texture": "#1"},
				"down": {"uv": [7.25, 9.25, 7.5, 9.375], "texture": "#1"}
			}
		},
		{
			"name": "guillotine_43",
			"from": [7.41, 4.7575, 7.875],
			"to": [8, 5.0525, 8.125],
			"rotation": {"angle": 0, "axis": "y", "origin": [-10.88, -10.5825, 7.58]},
			"faces": {
				"north": {"uv": [8, 9.375, 7.75, 9.5], "texture": "#1"},
				"east": {"uv": [7.875, 9.375, 8, 9.5], "texture": "#1"},
				"south": {"uv": [7.75, 9.375, 8, 9.5], "texture": "#1"},
				"west": {"uv": [7.75, 9.375, 7.875, 9.5], "texture": "#1"},
				"up": {"uv": [7.75, 9.375, 8, 9.5], "texture": "#1"},
				"down": {"uv": [7.75, 9.375, 8, 9.5], "texture": "#1"}
			}
		},
		{
			"name": "guillotine_44",
			"from": [8.59, 4.4625, 7.875],
			"to": [9.18, 4.7575, 8.125],
			"rotation": {"angle": 0, "axis": "y", "origin": [-10.88, -10.5825, 7.58]},
			"faces": {
				"north": {"uv": [8.5, 9.5, 8.25, 9.625], "texture": "#1"},
				"east": {"uv": [8.375, 9.5, 8.5, 9.625], "texture": "#1"},
				"south": {"uv": [8.25, 9.5, 8.5, 9.625], "texture": "#1"},
				"west": {"uv": [8.25, 9.5, 8.375, 9.625], "texture": "#1"},
				"up": {"uv": [8.25, 9.5, 8.5, 9.625], "texture": "#1"},
				"down": {"uv": [8.25, 9.5, 8.5, 9.625], "texture": "#1"}
			}
		},
		{
			"name": "guillotine_45",
			"from": [9.77, 4.1675, 7.875],
			"to": [10.36, 4.4625, 8.125],
			"rotation": {"angle": 0, "axis": "y", "origin": [-10.88, -10.5825, 7.58]},
			"faces": {
				"north": {"uv": [9, 9.625, 8.75, 9.75], "texture": "#1"},
				"east": {"uv": [8.875, 9.625, 9, 9.75], "texture": "#1"},
				"south": {"uv": [8.75, 9.625, 9, 9.75], "texture": "#1"},
				"west": {"uv": [8.75, 9.625, 8.875, 9.75], "texture": "#1"},
				"up": {"uv": [8.75, 9.625, 9, 9.75], "texture": "#1"},
				"down": {"uv": [8.75, 9.625, 9, 9.75], "texture": "#1"}
			}
		},
		{
			"name": "guillotine_46",
			"from": [10.95, 3.8725, 7.875],
			"to": [11.54, 4.1675, 8.125],
			"rotation": {"angle": 0, "axis": "y", "origin": [-10.88, -10.5825, 7.58]},
			"faces": {
				"north": {"uv": [9.5, 9.75, 9.25, 9.875], "texture": "#1"},
				"east": {"uv": [9.375, 9.75, 9.5, 9.875], "texture": "#1"},
				"south": {"uv": [9.25, 9.75, 9.5, 9.875], "texture": "#1"},
				"west": {"uv": [9.25, 9.75, 9.375, 9.875], "texture": "#1"},
				"up": {"uv": [9.25, 9.75, 9.5, 9.875], "texture": "#1"},
				"down": {"uv": [9.25, 9.75, 9.5, 9.875], "texture": "#1"}
			}
		},
		{
			"name": "guillotine_47",
			"from": [12.13, 3.5775, 7.875],
			"to": [12.72, 3.8725, 8.125],
			"rotation": {"angle": 0, "axis": "y", "origin": [-10.88, -10.5825, 7.58]},
			"faces": {
				"north": {"uv": [10, 9.875, 9.75, 10], "texture": "#1"},
				"east": {"uv": [9.875, 9.875, 10, 10], "texture": "#1"},
				"south": {"uv": [9.75, 9.875, 10, 10], "texture": "#1"},
				"west": {"uv": [9.75, 9.875, 9.875, 10], "texture": "#1"},
				"up": {"uv": [9.75, 9.875, 10, 10], "texture": "#1"},
				"down": {"uv": [9.75, 9.875, 10, 10], "texture": "#1"}
			}
		}
	],
	"display": {
		"thirdperson_righthand": {
			"scale": [0, 0, 0]
		},
		"thirdperson_lefthand": {
			"translation": [0, 0.75, 2.75],
			"scale": [0.74, 0.74, 0.74]
		},
		"firstperson_righthand": {
			"scale": [0, 0, 0]
		},
		"firstperson_lefthand": {
			"scale": [0, 0, 0]
		},
		"ground": {
			"scale": [0, 0, 0]
		},
		"gui": {
			"scale": [0, 0, 0]
		}
	},
	"groups": [
		{
			"name": "guillotine",
			"origin": [8.085, 8, 15.9375],
			"color": 0,
			"nbt": "{}",
			"children": [
				0,
				1,
				{
					"name": "group",
					"origin": [1.215, -10.5825, 7.8525],
					"color": 0,
					"nbt": "{}",
					"children": [2, 3]
				},
				{
					"name": "group",
					"origin": [-22.385, -10.5825, 7.8525],
					"color": 0,
					"nbt": "{}",
					"children": [4, 5, 6, 7, 8, 9, 10, 11]
				},
				{
					"name": "group",
					"origin": [-10.88, -10.5825, 8.1025],
					"color": 0,
					"nbt": "{}",
					"children": [12, 13, 14, 15, 16, 17, 18, 19, 20, 21]
				},
				{
					"name": "group",
					"origin": [-10.88, -10.5825, 7.7275],
					"color": 0,
					"nbt": "{}",
					"children": [22, 23, 24, 25, 26, 27, 28, 29, 30, 31]
				},
				{
					"name": "group",
					"origin": [-10.88, -10.5825, 7.58],
					"color": 0,
					"nbt": "{}",
					"children": [32, 33, 34, 35, 36, 37, 38, 39, 40, 41, 42, 43, 44, 45, 46, 47, 48, 49]
				}
			]
		}
	]
}