{
	"credit": "Made with Blockbench",
	"texture_size": [32, 32],
	"textures": {
		"0": "custom/melee/chaosfists",
		"1": "custom/melee/chaosfistsdesign",
		"particle": "custom/melee/chaosfists"
	},
	"elements": [
		{
			"from": [-2.92857, 4, 9],
			"to": [5.07143, 9, 11],
			"rotation": {"angle": 0, "axis": "y", "origin": [21.57143, 0, 16]},
			"faces": {
				"north": {"uv": [8, 2.5, 4, 5], "texture": "#0"},
				"east": {"uv": [4, 9, 3, 11.5], "texture": "#0"},
				"south": {"uv": [8, 0, 4, 2.5], "texture": "#0"},
				"west": {"uv": [9, 10, 8, 12.5], "texture": "#0"},
				"up": {"uv": [12, 0, 8, 1], "texture": "#0"},
				"down": {"uv": [12, 2, 8, 1], "texture": "#0"}
			}
		},
		{
			"from": [-2.92857, 2, 5],
			"to": [5.07143, 9, 9],
			"rotation": {"angle": 0, "axis": "y", "origin": [21.57143, 0, 16]},
			"faces": {
				"north": {"uv": [4, 3.5, 0, 7], "texture": "#0"},
				"east": {"uv": [6, 7, 4, 10.5], "texture": "#0"},
				"south": {"uv": [4, 0, 0, 3.5], "texture": "#0"},
				"west": {"uv": [8, 7, 6, 10.5], "texture": "#0"},
				"up": {"uv": [8, 5, 4, 7], "texture": "#0"},
				"down": {"uv": [4, 9, 0, 7], "texture": "#0"}
			}
		},
		{
			"from": [-0.92857, 0, 5],
			"to": [3.07143, 2, 9],
			"rotation": {"angle": 0, "axis": "y", "origin": [21.57143, 0, 16]},
			"faces": {
				"north": {"uv": [12.5, 6, 10.5, 7], "texture": "#0"},
				"east": {"uv": [8, 10.5, 6, 11.5], "texture": "#0"},
				"south": {"uv": [6, 10.5, 4, 11.5], "texture": "#0"},
				"west": {"uv": [12.5, 7, 10.5, 8], "texture": "#0"},
				"up": {"uv": [10, 2, 8, 4], "texture": "#0"},
				"down": {"uv": [10, 6, 8, 4], "texture": "#0"}
			}
		},
		{
			"from": [-2.92857, 4, 11],
			"to": [2.07143, 7, 13],
			"rotation": {"angle": 0, "axis": "y", "origin": [21.57143, 0, 16]},
			"faces": {
				"north": {"uv": [10.5, 7.5, 8, 9], "texture": "#0"},
				"east": {"uv": [3, 11, 2, 12.5], "texture": "#0"},
				"south": {"uv": [10.5, 6, 8, 7.5], "texture": "#0"},
				"west": {"uv": [10, 11, 9, 12.5], "texture": "#0"},
				"up": {"uv": [12.5, 5, 10, 6], "texture": "#0"},
				"down": {"uv": [11.5, 11, 9, 10], "texture": "#0"}
			}
		},
		{
			"from": [-2.92857, 2, 9],
			"to": [0.07143, 4, 13],
			"rotation": {"angle": 0, "axis": "y", "origin": [21.57143, 0, 16]},
			"faces": {
				"north": {"uv": [11.5, 11, 10, 12], "texture": "#0"},
				"east": {"uv": [12.5, 8, 10.5, 9], "texture": "#0"},
				"south": {"uv": [12.5, 9, 11, 10], "texture": "#0"},
				"west": {"uv": [2, 11, 0, 12], "texture": "#0"},
				"up": {"uv": [1.5, 9, 0, 11], "texture": "#0"},
				"down": {"uv": [3, 11, 1.5, 9], "texture": "#0"}
			}
		},
		{
			"from": [-0.42857, 9, 5],
			"to": [-0.42857, 11, 11],
			"rotation": {"angle": 0, "axis": "y", "origin": [21.57143, 0, 16]},
			"faces": {
				"north": {"uv": [0, 0, 0, 1], "texture": "#0"},
				"east": {"uv": [10, 4, 13, 5], "texture": "#0"},
				"south": {"uv": [0, 0, 0, 1], "texture": "#0"},
				"west": {"uv": [13, 4, 10, 5], "texture": "#0"},
				"up": {"uv": [0, 0, 0, 3], "texture": "#0"},
				"down": {"uv": [0, 3, 0, 0], "texture": "#0"}
			}
		},
		{
			"from": [2.42857, 9, 5],
			"to": [2.42857, 11, 11],
			"rotation": {"angle": 0, "axis": "y", "origin": [-5.57143, 0, 16]},
			"faces": {
				"north": {"uv": [0, 0, 0, 1], "texture": "#0"},
				"east": {"uv": [10, 4, 13, 5], "texture": "#0"},
				"south": {"uv": [0, 0, 0, 1], "texture": "#0"},
				"west": {"uv": [13, 4, 10, 5], "texture": "#0"},
				"up": {"uv": [0, 0, 0, 3], "texture": "#0"},
				"down": {"uv": [0, 3, 0, 0], "texture": "#0"}
			}
		},
		{
			"name": "chaosfistsdesign_0",
			"from": [0.75423, 11.82613, 7.31282],
			"to": [1.24578, 17.23318, 7.31282],
			"rotation": {"angle": 0, "axis": "y", "origin": [-22.72187, -9.07307, -0.50718]},
			"faces": {
				"north": {"uv": [7.875, 3.625, 7.75, 5], "texture": "#1"},
				"east": {"uv": [7.875, 3.625, 7.75, 5], "texture": "#1"},
				"south": {"uv": [7.875, 5, 7.75, 3.625], "rotation": 180, "texture": "#1"},
				"west": {"uv": [7.875, 3.625, 7.75, 5], "texture": "#1"},
				"up": {"uv": [7.875, 3.75, 7.75, 3.625], "rotation": 180, "texture": "#1"},
				"down": {"uv": [7.75, 5, 7.875, 4.875], "texture": "#1"}
			}
		},
		{
			"name": "chaosfistsdesign_1",
			"from": [0.26267, 10.84303, 7.31282],
			"to": [0.75423, 16.25008, 7.31282],
			"rotation": {"angle": 0, "axis": "y", "origin": [-22.72187, -9.07307, -0.50718]},
			"faces": {
				"north": {"uv": [7.75, 3.875, 7.625, 5.25], "texture": "#1"},
				"east": {"uv": [7.75, 3.875, 7.625, 5.25], "texture": "#1"},
				"south": {"uv": [7.75, 5.25, 7.625, 3.875], "rotation": 180, "texture": "#1"},
				"west": {"uv": [7.75, 3.875, 7.625, 5.25], "texture": "#1"},
				"up": {"uv": [7.75, 4, 7.625, 3.875], "rotation": 180, "texture": "#1"},
				"down": {"uv": [7.625, 5.25, 7.75, 5.125], "texture": "#1"}
			}
		},
		{
			"name": "chaosfistsdesign_2",
			"from": [1.24578, 10.84303, 7.31282],
			"to": [1.73733, 16.25008, 7.31282],
			"rotation": {"angle": 0, "axis": "y", "origin": [-22.72187, -9.07307, -0.50718]},
			"faces": {
				"north": {"uv": [8, 3.875, 7.875, 5.25], "texture": "#1"},
				"east": {"uv": [8, 3.875, 7.875, 5.25], "texture": "#1"},
				"south": {"uv": [8, 5.25, 7.875, 3.875], "rotation": 180, "texture": "#1"},
				"west": {"uv": [8, 3.875, 7.875, 5.25], "texture": "#1"},
				"up": {"uv": [8, 4, 7.875, 3.875], "rotation": 180, "texture": "#1"},
				"down": {"uv": [7.875, 5.25, 8, 5.125], "texture": "#1"}
			}
		},
		{
			"name": "chaosfistsdesign_3",
			"from": [-0.72043, 12.80923, 7.31282],
			"to": [-0.22888, 15.75853, 7.31282],
			"rotation": {"angle": 0, "axis": "y", "origin": [-22.72187, -9.07307, -0.50718]},
			"faces": {
				"north": {"uv": [7.5, 4, 7.375, 4.75], "texture": "#1"},
				"east": {"uv": [7.5, 4, 7.375, 4.75], "texture": "#1"},
				"south": {"uv": [7.5, 4.75, 7.375, 4], "rotation": 180, "texture": "#1"},
				"west": {"uv": [7.5, 4, 7.375, 4.75], "texture": "#1"},
				"up": {"uv": [7.5, 4.125, 7.375, 4], "rotation": 180, "texture": "#1"},
				"down": {"uv": [7.375, 4.75, 7.5, 4.625], "texture": "#1"}
			}
		},
		{
			"name": "chaosfistsdesign_4",
			"from": [2.22887, 12.80923, 7.31282],
			"to": [2.72043, 15.75853, 7.31282],
			"rotation": {"angle": 0, "axis": "y", "origin": [-22.72187, -9.07307, -0.50718]},
			"faces": {
				"north": {"uv": [8.25, 4, 8.125, 4.75], "texture": "#1"},
				"east": {"uv": [8.25, 4, 8.125, 4.75], "texture": "#1"},
				"south": {"uv": [8.25, 4.75, 8.125, 4], "rotation": 180, "texture": "#1"},
				"west": {"uv": [8.25, 4, 8.125, 4.75], "texture": "#1"},
				"up": {"uv": [8.25, 4.125, 8.125, 4], "rotation": 180, "texture": "#1"},
				"down": {"uv": [8.125, 4.75, 8.25, 4.625], "texture": "#1"}
			}
		},
		{
			"name": "chaosfistsdesign_5",
			"from": [-1.21197, 12.31768, 7.31282],
			"to": [-0.72043, 15.26698, 7.31282],
			"rotation": {"angle": 0, "axis": "y", "origin": [-22.72187, -9.07307, -0.50718]},
			"faces": {
				"north": {"uv": [7.375, 4.125, 7.25, 4.875], "texture": "#1"},
				"east": {"uv": [7.375, 4.125, 7.25, 4.875], "texture": "#1"},
				"south": {"uv": [7.375, 4.875, 7.25, 4.125], "rotation": 180, "texture": "#1"},
				"west": {"uv": [7.375, 4.125, 7.25, 4.875], "texture": "#1"},
				"up": {"uv": [7.375, 4.25, 7.25, 4.125], "rotation": 180, "texture": "#1"},
				"down": {"uv": [7.25, 4.875, 7.375, 4.75], "texture": "#1"}
			}
		},
		{
			"name": "chaosfistsdesign_6",
			"from": [2.72043, 12.31768, 7.31282],
			"to": [3.21197, 15.26698, 7.31282],
			"rotation": {"angle": 0, "axis": "y", "origin": [-22.72187, -9.07307, -0.50718]},
			"faces": {
				"north": {"uv": [8.375, 4.125, 8.25, 4.875], "texture": "#1"},
				"east": {"uv": [8.375, 4.125, 8.25, 4.875], "texture": "#1"},
				"south": {"uv": [8.375, 4.875, 8.25, 4.125], "rotation": 180, "texture": "#1"},
				"west": {"uv": [8.375, 4.125, 8.25, 4.875], "texture": "#1"},
				"up": {"uv": [8.375, 4.25, 8.25, 4.125], "rotation": 180, "texture": "#1"},
				"down": {"uv": [8.25, 4.875, 8.375, 4.75], "texture": "#1"}
			}
		},
		{
			"name": "chaosfistsdesign_7",
			"from": [-2.19508, 12.31768, 7.31282],
			"to": [-1.21197, 13.79233, 7.31282],
			"rotation": {"angle": 0, "axis": "y", "origin": [-22.72187, -9.07307, -0.50718]},
			"faces": {
				"north": {"uv": [7.25, 4.5, 7, 4.875], "texture": "#1"},
				"east": {"uv": [7.25, 4.5, 7.125, 4.875], "texture": "#1"},
				"south": {"uv": [7.25, 4.875, 7, 4.5], "rotation": 180, "texture": "#1"},
				"west": {"uv": [7.125, 4.5, 7, 4.875], "texture": "#1"},
				"up": {"uv": [7.25, 4.625, 7, 4.5], "rotation": 180, "texture": "#1"},
				"down": {"uv": [7, 4.875, 7.25, 4.75], "texture": "#1"}
			}
		},
		{
			"name": "chaosfistsdesign_8",
			"from": [3.21197, 12.31768, 7.31282],
			"to": [4.19508, 13.79233, 7.31282],
			"rotation": {"angle": 0, "axis": "y", "origin": [-22.72187, -9.07307, -0.50718]},
			"faces": {
				"north": {"uv": [8.625, 4.5, 8.375, 4.875], "texture": "#1"},
				"east": {"uv": [8.625, 4.5, 8.5, 4.875], "texture": "#1"},
				"south": {"uv": [8.625, 4.875, 8.375, 4.5], "rotation": 180, "texture": "#1"},
				"west": {"uv": [8.5, 4.5, 8.375, 4.875], "texture": "#1"},
				"up": {"uv": [8.625, 4.625, 8.375, 4.5], "rotation": 180, "texture": "#1"},
				"down": {"uv": [8.375, 4.875, 8.625, 4.75], "texture": "#1"}
			}
		},
		{
			"name": "chaosfistsdesign_9",
			"from": [-3.17817, 11.82613, 7.31282],
			"to": [-2.19508, 13.30078, 7.31282],
			"rotation": {"angle": 0, "axis": "y", "origin": [-22.72187, -9.07307, -0.50718]},
			"faces": {
				"north": {"uv": [7, 4.625, 6.75, 5], "texture": "#1"},
				"east": {"uv": [7, 4.625, 6.875, 5], "texture": "#1"},
				"south": {"uv": [7, 5, 6.75, 4.625], "rotation": 180, "texture": "#1"},
				"west": {"uv": [6.875, 4.625, 6.75, 5], "texture": "#1"},
				"up": {"uv": [7, 4.75, 6.75, 4.625], "rotation": 180, "texture": "#1"},
				"down": {"uv": [6.75, 5, 7, 4.875], "texture": "#1"}
			}
		},
		{
			"name": "chaosfistsdesign_10",
			"from": [-0.22888, 11.82613, 7.31282],
			"to": [0.26267, 13.30078, 7.31282],
			"rotation": {"angle": 0, "axis": "y", "origin": [-22.72187, -9.07307, -0.50718]},
			"faces": {
				"north": {"uv": [7.625, 4.625, 7.5, 5], "texture": "#1"},
				"east": {"uv": [7.625, 4.625, 7.5, 5], "texture": "#1"},
				"south": {"uv": [7.625, 5, 7.5, 4.625], "rotation": 180, "texture": "#1"},
				"west": {"uv": [7.625, 4.625, 7.5, 5], "texture": "#1"},
				"up": {"uv": [7.625, 4.75, 7.5, 4.625], "rotation": 180, "texture": "#1"},
				"down": {"uv": [7.5, 5, 7.625, 4.875], "texture": "#1"}
			}
		},
		{
			"name": "chaosfistsdesign_11",
			"from": [1.73733, 11.82613, 7.31282],
			"to": [2.22887, 13.30078, 7.31282],
			"rotation": {"angle": 0, "axis": "y", "origin": [-22.72187, -9.07307, -0.50718]},
			"faces": {
				"north": {"uv": [8.125, 4.625, 8, 5], "texture": "#1"},
				"east": {"uv": [8.125, 4.625, 8, 5], "texture": "#1"},
				"south": {"uv": [8.125, 5, 8, 4.625], "rotation": 180, "texture": "#1"},
				"west": {"uv": [8.125, 4.625, 8, 5], "texture": "#1"},
				"up": {"uv": [8.125, 4.75, 8, 4.625], "rotation": 180, "texture": "#1"},
				"down": {"uv": [8, 5, 8.125, 4.875], "texture": "#1"}
			}
		},
		{
			"name": "chaosfistsdesign_12",
			"from": [4.19508, 11.82613, 7.31282],
			"to": [5.17818, 13.30078, 7.31282],
			"rotation": {"angle": 0, "axis": "y", "origin": [-22.72187, -9.07307, -0.50718]},
			"faces": {
				"north": {"uv": [8.875, 4.625, 8.625, 5], "texture": "#1"},
				"east": {"uv": [8.875, 4.625, 8.75, 5], "texture": "#1"},
				"south": {"uv": [8.875, 5, 8.625, 4.625], "rotation": 180, "texture": "#1"},
				"west": {"uv": [8.75, 4.625, 8.625, 5], "texture": "#1"},
				"up": {"uv": [8.875, 4.75, 8.625, 4.625], "rotation": 180, "texture": "#1"},
				"down": {"uv": [8.625, 5, 8.875, 4.875], "texture": "#1"}
			}
		},
		{
			"name": "chaosfistsdesign_13",
			"from": [-4.16127, 11.33458, 7.31282],
			"to": [-3.17817, 12.80923, 7.31282],
			"rotation": {"angle": 0, "axis": "y", "origin": [-22.72187, -9.07307, -0.50718]},
			"faces": {
				"north": {"uv": [6.75, 4.75, 6.5, 5.125], "texture": "#1"},
				"east": {"uv": [6.75, 4.75, 6.625, 5.125], "texture": "#1"},
				"south": {"uv": [6.75, 5.125, 6.5, 4.75], "rotation": 180, "texture": "#1"},
				"west": {"uv": [6.625, 4.75, 6.5, 5.125], "texture": "#1"},
				"up": {"uv": [6.75, 4.875, 6.5, 4.75], "rotation": 180, "texture": "#1"},
				"down": {"uv": [6.5, 5.125, 6.75, 5], "texture": "#1"}
			}
		},
		{
			"name": "chaosfistsdesign_14",
			"from": [5.17818, 11.33458, 7.31282],
			"to": [6.16127, 12.80923, 7.31282],
			"rotation": {"angle": 0, "axis": "y", "origin": [-22.72187, -9.07307, -0.50718]},
			"faces": {
				"north": {"uv": [9.125, 4.75, 8.875, 5.125], "texture": "#1"},
				"east": {"uv": [9.125, 4.75, 9, 5.125], "texture": "#1"},
				"south": {"uv": [9.125, 5.125, 8.875, 4.75], "rotation": 180, "texture": "#1"},
				"west": {"uv": [9, 4.75, 8.875, 5.125], "texture": "#1"},
				"up": {"uv": [9.125, 4.875, 8.875, 4.75], "rotation": 180, "texture": "#1"},
				"down": {"uv": [8.875, 5.125, 9.125, 5], "texture": "#1"}
			}
		},
		{
			"name": "chaosfistsdesign_15",
			"from": [-4.65283, 8.87683, 7.31282],
			"to": [-4.16127, 12.31768, 7.31282],
			"rotation": {"angle": 0, "axis": "y", "origin": [-22.72187, -9.07307, -0.50718]},
			"faces": {
				"north": {"uv": [6.5, 4.875, 6.375, 5.75], "texture": "#1"},
				"east": {"uv": [6.5, 4.875, 6.375, 5.75], "texture": "#1"},
				"south": {"uv": [6.5, 5.75, 6.375, 4.875], "rotation": 180, "texture": "#1"},
				"west": {"uv": [6.5, 4.875, 6.375, 5.75], "texture": "#1"},
				"up": {"uv": [6.5, 5, 6.375, 4.875], "rotation": 180, "texture": "#1"},
				"down": {"uv": [6.375, 5.75, 6.5, 5.625], "texture": "#1"}
			}
		},
		{
			"name": "chaosfistsdesign_16",
			"from": [6.16127, 8.87683, 7.31282],
			"to": [6.65283, 12.31768, 7.31282],
			"rotation": {"angle": 0, "axis": "y", "origin": [-22.72187, -9.07307, -0.50718]},
			"faces": {
				"north": {"uv": [9.25, 4.875, 9.125, 5.75], "texture": "#1"},
				"east": {"uv": [9.25, 4.875, 9.125, 5.75], "texture": "#1"},
				"south": {"uv": [9.25, 5.75, 9.125, 4.875], "rotation": 180, "texture": "#1"},
				"west": {"uv": [9.25, 4.875, 9.125, 5.75], "texture": "#1"},
				"up": {"uv": [9.25, 5, 9.125, 4.875], "rotation": 180, "texture": "#1"},
				"down": {"uv": [9.125, 5.75, 9.25, 5.625], "texture": "#1"}
			}
		},
		{
			"name": "chaosfistsdesign_17",
			"from": [-5.14437, 10.35148, 7.31282],
			"to": [-4.65283, 11.33458, 7.31282],
			"rotation": {"angle": 0, "axis": "y", "origin": [-22.72187, -9.07307, -0.50718]},
			"faces": {
				"north": {"uv": [6.375, 5.125, 6.25, 5.375], "texture": "#1"},
				"east": {"uv": [6.375, 5.125, 6.25, 5.375], "texture": "#1"},
				"south": {"uv": [6.375, 5.375, 6.25, 5.125], "rotation": 180, "texture": "#1"},
				"west": {"uv": [6.375, 5.125, 6.25, 5.375], "texture": "#1"},
				"up": {"uv": [6.375, 5.25, 6.25, 5.125], "rotation": 180, "texture": "#1"},
				"down": {"uv": [6.25, 5.375, 6.375, 5.25], "texture": "#1"}
			}
		},
		{
			"name": "chaosfistsdesign_18",
			"from": [-4.16127, 10.84303, 7.31282],
			"to": [-3.66972, 11.33458, 7.31282],
			"rotation": {"angle": 0, "axis": "y", "origin": [-22.72187, -9.07307, -0.50718]},
			"faces": {
				"north": {"uv": [6.625, 5.125, 6.5, 5.25], "texture": "#1"},
				"east": {"uv": [6.625, 5.125, 6.5, 5.25], "texture": "#1"},
				"south": {"uv": [6.625, 5.25, 6.5, 5.125], "rotation": 180, "texture": "#1"},
				"west": {"uv": [6.625, 5.125, 6.5, 5.25], "texture": "#1"},
				"up": {"uv": [6.625, 5.25, 6.5, 5.125], "rotation": 180, "texture": "#1"},
				"down": {"uv": [6.5, 5.25, 6.625, 5.125], "texture": "#1"}
			}
		},
		{
			"name": "chaosfistsdesign_19",
			"from": [5.66973, 10.84303, 7.31282],
			"to": [6.16127, 11.33458, 7.31282],
			"rotation": {"angle": 0, "axis": "y", "origin": [-22.72187, -9.07307, -0.50718]},
			"faces": {
				"north": {"uv": [9.125, 5.125, 9, 5.25], "texture": "#1"},
				"east": {"uv": [9.125, 5.125, 9, 5.25], "texture": "#1"},
				"south": {"uv": [9.125, 5.25, 9, 5.125], "rotation": 180, "texture": "#1"},
				"west": {"uv": [9.125, 5.125, 9, 5.25], "texture": "#1"},
				"up": {"uv": [9.125, 5.25, 9, 5.125], "rotation": 180, "texture": "#1"},
				"down": {"uv": [9, 5.25, 9.125, 5.125], "texture": "#1"}
			}
		},
		{
			"name": "chaosfistsdesign_20",
			"from": [6.65283, 10.35148, 7.31282],
			"to": [7.14438, 11.33458, 7.31282],
			"rotation": {"angle": 0, "axis": "y", "origin": [-22.72187, -9.07307, -0.50718]},
			"faces": {
				"north": {"uv": [9.375, 5.125, 9.25, 5.375], "texture": "#1"},
				"east": {"uv": [9.375, 5.125, 9.25, 5.375], "texture": "#1"},
				"south": {"uv": [9.375, 5.375, 9.25, 5.125], "rotation": 180, "texture": "#1"},
				"west": {"uv": [9.375, 5.125, 9.25, 5.375], "texture": "#1"},
				"up": {"uv": [9.375, 5.25, 9.25, 5.125], "rotation": 180, "texture": "#1"},
				"down": {"uv": [9.25, 5.375, 9.375, 5.25], "texture": "#1"}
			}
		},
		{
			"name": "chaosfistsdesign_21",
			"from": [-5.14437, 5.92753, 7.31282],
			"to": [-4.65283, 9.36838, 7.31282],
			"rotation": {"angle": 0, "axis": "y", "origin": [-22.72187, -9.07307, -0.50718]},
			"faces": {
				"north": {"uv": [6.375, 5.625, 6.25, 6.5], "texture": "#1"},
				"east": {"uv": [6.375, 5.625, 6.25, 6.5], "texture": "#1"},
				"south": {"uv": [6.375, 6.5, 6.25, 5.625], "rotation": 180, "texture": "#1"},
				"west": {"uv": [6.375, 5.625, 6.25, 6.5], "texture": "#1"},
				"up": {"uv": [6.375, 5.75, 6.25, 5.625], "rotation": 180, "texture": "#1"},
				"down": {"uv": [6.25, 6.5, 6.375, 6.375], "texture": "#1"}
			}
		},
		{
			"name": "chaosfistsdesign_22",
			"from": [6.65283, 5.92753, 7.31282],
			"to": [7.14438, 9.36838, 7.31282],
			"rotation": {"angle": 0, "axis": "y", "origin": [-22.72187, -9.07307, -0.50718]},
			"faces": {
				"north": {"uv": [9.375, 5.625, 9.25, 6.5], "texture": "#1"},
				"east": {"uv": [9.375, 5.625, 9.25, 6.5], "texture": "#1"},
				"south": {"uv": [9.375, 6.5, 9.25, 5.625], "rotation": 180, "texture": "#1"},
				"west": {"uv": [9.375, 5.625, 9.25, 6.5], "texture": "#1"},
				"up": {"uv": [9.375, 5.75, 9.25, 5.625], "rotation": 180, "texture": "#1"},
				"down": {"uv": [9.25, 6.5, 9.375, 6.375], "texture": "#1"}
			}
		},
		{
			"name": "chaosfistsdesign_23",
			"from": [-4.65283, 5.43598, 7.31282],
			"to": [-4.16127, 6.41908, 7.31282],
			"rotation": {"angle": 0, "axis": "y", "origin": [-22.72187, -9.07307, -0.50718]},
			"faces": {
				"north": {"uv": [6.5, 6.375, 6.375, 6.625], "texture": "#1"},
				"east": {"uv": [6.5, 6.375, 6.375, 6.625], "texture": "#1"},
				"south": {"uv": [6.5, 6.625, 6.375, 6.375], "rotation": 180, "texture": "#1"},
				"west": {"uv": [6.5, 6.375, 6.375, 6.625], "texture": "#1"},
				"up": {"uv": [6.5, 6.5, 6.375, 6.375], "rotation": 180, "texture": "#1"},
				"down": {"uv": [6.375, 6.625, 6.5, 6.5], "texture": "#1"}
			}
		},
		{
			"name": "chaosfistsdesign_24",
			"from": [6.16127, 5.43598, 7.31282],
			"to": [6.65283, 6.41908, 7.31282],
			"rotation": {"angle": 0, "axis": "y", "origin": [-22.72187, -9.07307, -0.50718]},
			"faces": {
				"north": {"uv": [9.25, 6.375, 9.125, 6.625], "texture": "#1"},
				"east": {"uv": [9.25, 6.375, 9.125, 6.625], "texture": "#1"},
				"south": {"uv": [9.25, 6.625, 9.125, 6.375], "rotation": 180, "texture": "#1"},
				"west": {"uv": [9.25, 6.375, 9.125, 6.625], "texture": "#1"},
				"up": {"uv": [9.25, 6.5, 9.125, 6.375], "rotation": 180, "texture": "#1"},
				"down": {"uv": [9.125, 6.625, 9.25, 6.5], "texture": "#1"}
			}
		},
		{
			"name": "chaosfistsdesign_25",
			"from": [-4.16127, 2.97823, 7.31282],
			"to": [-3.66972, 5.92753, 7.31282],
			"rotation": {"angle": 0, "axis": "y", "origin": [-22.72187, -9.07307, -0.50718]},
			"faces": {
				"north": {"uv": [6.625, 6.5, 6.5, 7.25], "texture": "#1"},
				"east": {"uv": [6.625, 6.5, 6.5, 7.25], "texture": "#1"},
				"south": {"uv": [6.625, 7.25, 6.5, 6.5], "rotation": 180, "texture": "#1"},
				"west": {"uv": [6.625, 6.5, 6.5, 7.25], "texture": "#1"},
				"up": {"uv": [6.625, 6.625, 6.5, 6.5], "rotation": 180, "texture": "#1"},
				"down": {"uv": [6.5, 7.25, 6.625, 7.125], "texture": "#1"}
			}
		},
		{
			"name": "chaosfistsdesign_26",
			"from": [5.66973, 2.97823, 7.31282],
			"to": [6.16127, 5.92753, 7.31282],
			"rotation": {"angle": 0, "axis": "y", "origin": [-22.72187, -9.07307, -0.50718]},
			"faces": {
				"north": {"uv": [9.125, 6.5, 9, 7.25], "texture": "#1"},
				"east": {"uv": [9.125, 6.5, 9, 7.25], "texture": "#1"},
				"south": {"uv": [9.125, 7.25, 9, 6.5], "rotation": 180, "texture": "#1"},
				"west": {"uv": [9.125, 6.5, 9, 7.25], "texture": "#1"},
				"up": {"uv": [9.125, 6.625, 9, 6.5], "rotation": 180, "texture": "#1"},
				"down": {"uv": [9, 7.25, 9.125, 7.125], "texture": "#1"}
			}
		},
		{
			"name": "chaosfistsdesign_27",
			"from": [-4.65283, 4.45288, 7.31282],
			"to": [-4.16127, 4.94443, 7.31282],
			"rotation": {"angle": 0, "axis": "y", "origin": [-22.72187, -9.07307, -0.50718]},
			"faces": {
				"north": {"uv": [6.5, 6.75, 6.375, 6.875], "texture": "#1"},
				"east": {"uv": [6.5, 6.75, 6.375, 6.875], "texture": "#1"},
				"south": {"uv": [6.5, 6.875, 6.375, 6.75], "rotation": 180, "texture": "#1"},
				"west": {"uv": [6.5, 6.75, 6.375, 6.875], "texture": "#1"},
				"up": {"uv": [6.5, 6.875, 6.375, 6.75], "rotation": 180, "texture": "#1"},
				"down": {"uv": [6.375, 6.875, 6.5, 6.75], "texture": "#1"}
			}
		},
		{
			"name": "chaosfistsdesign_28",
			"from": [6.16127, 4.45288, 7.31282],
			"to": [6.65283, 4.94443, 7.31282],
			"rotation": {"angle": 0, "axis": "y", "origin": [-22.72187, -9.07307, -0.50718]},
			"faces": {
				"north": {"uv": [9.25, 6.75, 9.125, 6.875], "texture": "#1"},
				"east": {"uv": [9.25, 6.75, 9.125, 6.875], "texture": "#1"},
				"south": {"uv": [9.25, 6.875, 9.125, 6.75], "rotation": 180, "texture": "#1"},
				"west": {"uv": [9.25, 6.75, 9.125, 6.875], "texture": "#1"},
				"up": {"uv": [9.25, 6.875, 9.125, 6.75], "rotation": 180, "texture": "#1"},
				"down": {"uv": [9.125, 6.875, 9.25, 6.75], "texture": "#1"}
			}
		},
		{
			"name": "chaosfistsdesign_29",
			"from": [-3.66972, 3.46978, 7.31282],
			"to": [-3.17817, 3.96133, 7.31282],
			"rotation": {"angle": 0, "axis": "y", "origin": [-22.72187, -9.07307, -0.50718]},
			"faces": {
				"north": {"uv": [6.75, 7, 6.625, 7.125], "texture": "#1"},
				"east": {"uv": [6.75, 7, 6.625, 7.125], "texture": "#1"},
				"south": {"uv": [6.75, 7.125, 6.625, 7], "rotation": 180, "texture": "#1"},
				"west": {"uv": [6.75, 7, 6.625, 7.125], "texture": "#1"},
				"up": {"uv": [6.75, 7.125, 6.625, 7], "rotation": 180, "texture": "#1"},
				"down": {"uv": [6.625, 7.125, 6.75, 7], "texture": "#1"}
			}
		},
		{
			"name": "chaosfistsdesign_30",
			"from": [5.17818, 3.46978, 7.31282],
			"to": [5.66973, 3.96133, 7.31282],
			"rotation": {"angle": 0, "axis": "y", "origin": [-22.72187, -9.07307, -0.50718]},
			"faces": {
				"north": {"uv": [9, 7, 8.875, 7.125], "texture": "#1"},
				"east": {"uv": [9, 7, 8.875, 7.125], "texture": "#1"},
				"south": {"uv": [9, 7.125, 8.875, 7], "rotation": 180, "texture": "#1"},
				"west": {"uv": [9, 7, 8.875, 7.125], "texture": "#1"},
				"up": {"uv": [9, 7.125, 8.875, 7], "rotation": 180, "texture": "#1"},
				"down": {"uv": [8.875, 7.125, 9, 7], "texture": "#1"}
			}
		},
		{
			"name": "chaosfistsdesign_47",
			"from": [-1.63205, 5.2403, 3.60997],
			"to": [-1.04715, 5.8252, 5.00163],
			"rotation": {"angle": 0, "axis": "y", "origin": [8, 13.41814, 1.26145]},
			"faces": {
				"north": {"uv": [8.75, 8.5, 8.625, 8.625], "texture": "#1"},
				"east": {"uv": [8.75, 8.5, 8.625, 8.625], "texture": "#1"},
				"south": {"uv": [8.75, 8.625, 8.625, 8.5], "rotation": 180, "texture": "#1"},
				"west": {"uv": [8.75, 8.5, 8.625, 8.625], "texture": "#1"},
				"up": {"uv": [8.75, 8.625, 8.625, 8.5], "rotation": 180, "texture": "#1"},
				"down": {"uv": [8.625, 8.625, 8.75, 8.5], "texture": "#1"}
			}
		},
		{
			"name": "chaosfistsdesign_37",
			"from": [-1.04715, 6.4101, 3.60997],
			"to": [0.12265, 6.995, 5.00163],
			"rotation": {"angle": 0, "axis": "y", "origin": [8, 13.41814, 1.26145]},
			"faces": {
				"north": {"uv": [9, 8.25, 8.75, 8.375], "texture": "#1"},
				"east": {"uv": [9, 8.25, 8.875, 8.375], "texture": "#1"},
				"south": {"uv": [9, 8.375, 8.75, 8.25], "rotation": 180, "texture": "#1"},
				"west": {"uv": [8.875, 8.25, 8.75, 8.375], "texture": "#1"},
				"up": {"uv": [9, 8.375, 8.75, 8.25], "rotation": 180, "texture": "#1"},
				"down": {"uv": [8.75, 8.375, 9, 8.25], "texture": "#1"}
			}
		},
		{
			"name": "chaosfistsdesign_40",
			"from": [-1.04715, 5.8252, 3.60997],
			"to": [-0.46225, 6.4101, 5.00163],
			"rotation": {"angle": 0, "axis": "y", "origin": [8, 13.41814, 1.26145]},
			"faces": {
				"north": {"uv": [8.875, 8.375, 8.75, 8.5], "texture": "#1"},
				"east": {"uv": [8.875, 8.375, 8.75, 8.5], "texture": "#1"},
				"south": {"uv": [8.875, 8.5, 8.75, 8.375], "rotation": 180, "texture": "#1"},
				"west": {"uv": [8.875, 8.375, 8.75, 8.5], "texture": "#1"},
				"up": {"uv": [8.875, 8.5, 8.75, 8.375], "rotation": 180, "texture": "#1"},
				"down": {"uv": [8.75, 8.5, 8.875, 8.375], "texture": "#1"}
			}
		},
		{
			"name": "chaosfistsdesign_55",
			"from": [-1.04715, 4.07049, 3.60997],
			"to": [-0.46225, 5.2403, 5.00163],
			"rotation": {"angle": 0, "axis": "y", "origin": [8, 13.41814, 1.26145]},
			"faces": {
				"north": {"uv": [8.875, 8.625, 8.75, 8.875], "texture": "#1"},
				"east": {"uv": [8.875, 8.625, 8.75, 8.875], "texture": "#1"},
				"south": {"uv": [8.875, 8.875, 8.75, 8.625], "rotation": 180, "texture": "#1"},
				"west": {"uv": [8.875, 8.625, 8.75, 8.875], "texture": "#1"},
				"up": {"uv": [8.875, 8.75, 8.75, 8.625], "rotation": 180, "texture": "#1"},
				"down": {"uv": [8.75, 8.875, 8.875, 8.75], "texture": "#1"}
			}
		},
		{
			"name": "chaosfistsdesign_59",
			"from": [-0.46225, 4.07049, 3.60997],
			"to": [0.12265, 4.6554, 5.00163],
			"rotation": {"angle": 0, "axis": "y", "origin": [8, 13.41814, 1.26145]},
			"faces": {
				"north": {"uv": [9, 8.75, 8.875, 8.875], "texture": "#1"},
				"east": {"uv": [9, 8.75, 8.875, 8.875], "texture": "#1"},
				"south": {"uv": [9, 8.875, 8.875, 8.75], "rotation": 180, "texture": "#1"},
				"west": {"uv": [9, 8.75, 8.875, 8.875], "texture": "#1"},
				"up": {"uv": [9, 8.875, 8.875, 8.75], "rotation": 180, "texture": "#1"},
				"down": {"uv": [8.875, 8.875, 9, 8.75], "texture": "#1"}
			}
		},
		{
			"name": "chaosfistsdesign_64",
			"from": [0.12265, 3.48559, 3.60997],
			"to": [1.87735, 4.07049, 5.00163],
			"rotation": {"angle": 0, "axis": "y", "origin": [8, 13.41814, 1.26145]},
			"faces": {
				"north": {"uv": [9.375, 8.875, 9, 9], "texture": "#1"},
				"east": {"uv": [9.375, 8.875, 9.25, 9], "texture": "#1"},
				"south": {"uv": [9.375, 9, 9, 8.875], "rotation": 180, "texture": "#1"},
				"west": {"uv": [9.125, 8.875, 9, 9], "texture": "#1"},
				"up": {"uv": [9.375, 9, 9, 8.875], "rotation": 180, "texture": "#1"},
				"down": {"uv": [9, 9, 9.375, 8.875], "texture": "#1"}
			}
		},
		{
			"name": "chaosfistsdesign_56",
			"from": [2.46225, 4.07049, 3.60997],
			"to": [3.04715, 5.2403, 5.00163],
			"rotation": {"angle": 0, "axis": "y", "origin": [8, 13.41814, 1.26145]},
			"faces": {
				"north": {"uv": [9.625, 8.625, 9.5, 8.875], "texture": "#1"},
				"east": {"uv": [9.625, 8.625, 9.5, 8.875], "texture": "#1"},
				"south": {"uv": [9.625, 8.875, 9.5, 8.625], "rotation": 180, "texture": "#1"},
				"west": {"uv": [9.625, 8.625, 9.5, 8.875], "texture": "#1"},
				"up": {"uv": [9.625, 8.75, 9.5, 8.625], "rotation": 180, "texture": "#1"},
				"down": {"uv": [9.5, 8.875, 9.625, 8.75], "texture": "#1"}
			}
		},
		{
			"name": "chaosfistsdesign_60",
			"from": [1.87735, 4.07049, 3.60997],
			"to": [2.46225, 4.6554, 5.00163],
			"rotation": {"angle": 0, "axis": "y", "origin": [8, 13.41814, 1.26145]},
			"faces": {
				"north": {"uv": [9.5, 8.75, 9.375, 8.875], "texture": "#1"},
				"east": {"uv": [9.5, 8.75, 9.375, 8.875], "texture": "#1"},
				"south": {"uv": [9.5, 8.875, 9.375, 8.75], "rotation": 180, "texture": "#1"},
				"west": {"uv": [9.5, 8.75, 9.375, 8.875], "texture": "#1"},
				"up": {"uv": [9.5, 8.875, 9.375, 8.75], "rotation": 180, "texture": "#1"},
				"down": {"uv": [9.375, 8.875, 9.5, 8.75], "texture": "#1"}
			}
		},
		{
			"name": "chaosfistsdesign_48",
			"from": [3.04715, 5.2403, 3.60997],
			"to": [3.63205, 5.8252, 5.00163],
			"rotation": {"angle": 0, "axis": "y", "origin": [8, 13.41814, 1.26145]},
			"faces": {
				"north": {"uv": [9.75, 8.5, 9.625, 8.625], "texture": "#1"},
				"east": {"uv": [9.75, 8.5, 9.625, 8.625], "texture": "#1"},
				"south": {"uv": [9.75, 8.625, 9.625, 8.5], "rotation": 180, "texture": "#1"},
				"west": {"uv": [9.75, 8.5, 9.625, 8.625], "texture": "#1"},
				"up": {"uv": [9.75, 8.625, 9.625, 8.5], "rotation": 180, "texture": "#1"},
				"down": {"uv": [9.625, 8.625, 9.75, 8.5], "texture": "#1"}
			}
		},
		{
			"name": "chaosfistsdesign_38",
			"from": [1.87735, 6.4101, 3.60997],
			"to": [3.04715, 6.995, 5.00163],
			"rotation": {"angle": 0, "axis": "y", "origin": [8, 13.41814, 1.26145]},
			"faces": {
				"north": {"uv": [9.625, 8.25, 9.375, 8.375], "texture": "#1"},
				"east": {"uv": [9.625, 8.25, 9.5, 8.375], "texture": "#1"},
				"south": {"uv": [9.625, 8.375, 9.375, 8.25], "rotation": 180, "texture": "#1"},
				"west": {"uv": [9.5, 8.25, 9.375, 8.375], "texture": "#1"},
				"up": {"uv": [9.625, 8.375, 9.375, 8.25], "rotation": 180, "texture": "#1"},
				"down": {"uv": [9.375, 8.375, 9.625, 8.25], "texture": "#1"}
			}
		},
		{
			"name": "chaosfistsdesign_41",
			"from": [2.46225, 5.8252, 3.60997],
			"to": [3.04715, 6.4101, 5.00163],
			"rotation": {"angle": 0, "axis": "y", "origin": [8, 13.41814, 1.26145]},
			"faces": {
				"north": {"uv": [9.625, 8.375, 9.5, 8.5], "texture": "#1"},
				"east": {"uv": [9.625, 8.375, 9.5, 8.5], "texture": "#1"},
				"south": {"uv": [9.625, 8.5, 9.5, 8.375], "rotation": 180, "texture": "#1"},
				"west": {"uv": [9.625, 8.375, 9.5, 8.5], "texture": "#1"},
				"up": {"uv": [9.625, 8.5, 9.5, 8.375], "rotation": 180, "texture": "#1"},
				"down": {"uv": [9.5, 8.5, 9.625, 8.375], "texture": "#1"}
			}
		},
		{
			"name": "chaosfistsdesign_34",
			"from": [0.12265, 6.995, 3.60997],
			"to": [1.87735, 7.5799, 5.00163],
			"rotation": {"angle": 0, "axis": "y", "origin": [8, 13.41814, 1.26145]},
			"faces": {
				"north": {"uv": [9.375, 8.125, 9, 8.25], "texture": "#1"},
				"east": {"uv": [9.375, 8.125, 9.25, 8.25], "texture": "#1"},
				"south": {"uv": [9.375, 8.25, 9, 8.125], "rotation": 180, "texture": "#1"},
				"west": {"uv": [9.125, 8.125, 9, 8.25], "texture": "#1"},
				"up": {"uv": [9.375, 8.25, 9, 8.125], "rotation": 180, "texture": "#1"},
				"down": {"uv": [9, 8.25, 9.375, 8.125], "texture": "#1"}
			}
		},
		{
			"name": "chaosfistsdesign_49",
			"from": [-1.04715, 5.2403, 3.40828],
			"to": [-0.46225, 5.8252, 5.00163],
			"rotation": {"angle": 0, "axis": "y", "origin": [8, 13.41814, 1.26145]},
			"faces": {
				"north": {"uv": [10.125, 8.5, 10, 8.625], "texture": "#1"},
				"east": {"uv": [10.125, 8.5, 10, 8.625], "texture": "#1"},
				"south": {"uv": [10.125, 8.625, 10, 8.5], "rotation": 180, "texture": "#1"},
				"west": {"uv": [10.125, 8.5, 10, 8.625], "texture": "#1"},
				"up": {"uv": [10.125, 8.625, 10, 8.5], "rotation": 180, "texture": "#1"},
				"down": {"uv": [10, 8.625, 10.125, 8.5], "texture": "#1"}
			}
		},
		{
			"name": "chaosfistsdesign_42",
			"from": [-0.46225, 5.8252, 3.40828],
			"to": [0.12265, 6.4101, 5.00163],
			"rotation": {"angle": 0, "axis": "y", "origin": [8, 13.41814, 1.26145]},
			"faces": {
				"north": {"uv": [10.25, 8.375, 10.125, 8.5], "texture": "#1"},
				"east": {"uv": [10.25, 8.375, 10.125, 8.5], "texture": "#1"},
				"south": {"uv": [10.25, 8.5, 10.125, 8.375], "rotation": 180, "texture": "#1"},
				"west": {"uv": [10.25, 8.375, 10.125, 8.5], "texture": "#1"},
				"up": {"uv": [10.25, 8.5, 10.125, 8.375], "rotation": 180, "texture": "#1"},
				"down": {"uv": [10.125, 8.5, 10.25, 8.375], "texture": "#1"}
			}
		},
		{
			"name": "chaosfistsdesign_39",
			"from": [0.12265, 6.4101, 3.40828],
			"to": [1.87735, 6.995, 5.00163],
			"rotation": {"angle": 0, "axis": "y", "origin": [8, 13.41814, 1.26145]},
			"faces": {
				"north": {"uv": [10.625, 8.25, 10.25, 8.375], "texture": "#1"},
				"east": {"uv": [10.625, 8.25, 10.5, 8.375], "texture": "#1"},
				"south": {"uv": [10.625, 8.375, 10.25, 8.25], "rotation": 180, "texture": "#1"},
				"west": {"uv": [10.375, 8.25, 10.25, 8.375], "texture": "#1"},
				"up": {"uv": [10.625, 8.375, 10.25, 8.25], "rotation": 180, "texture": "#1"},
				"down": {"uv": [10.25, 8.375, 10.625, 8.25], "texture": "#1"}
			}
		},
		{
			"name": "chaosfistsdesign_43",
			"from": [1.87735, 5.8252, 3.40828],
			"to": [2.46225, 6.4101, 5.00163],
			"rotation": {"angle": 0, "axis": "y", "origin": [8, 13.41814, 1.26145]},
			"faces": {
				"north": {"uv": [10.75, 8.375, 10.625, 8.5], "texture": "#1"},
				"east": {"uv": [10.75, 8.375, 10.625, 8.5], "texture": "#1"},
				"south": {"uv": [10.75, 8.5, 10.625, 8.375], "rotation": 180, "texture": "#1"},
				"west": {"uv": [10.75, 8.375, 10.625, 8.5], "texture": "#1"},
				"up": {"uv": [10.75, 8.5, 10.625, 8.375], "rotation": 180, "texture": "#1"},
				"down": {"uv": [10.625, 8.5, 10.75, 8.375], "texture": "#1"}
			}
		},
		{
			"name": "chaosfistsdesign_50",
			"from": [2.46225, 5.2403, 3.40828],
			"to": [3.04715, 5.8252, 5.00163],
			"rotation": {"angle": 0, "axis": "y", "origin": [8, 13.41814, 1.26145]},
			"faces": {
				"north": {"uv": [10.875, 8.5, 10.75, 8.625], "texture": "#1"},
				"east": {"uv": [10.875, 8.5, 10.75, 8.625], "texture": "#1"},
				"south": {"uv": [10.875, 8.625, 10.75, 8.5], "rotation": 180, "texture": "#1"},
				"west": {"uv": [10.875, 8.5, 10.75, 8.625], "texture": "#1"},
				"up": {"uv": [10.875, 8.625, 10.75, 8.5], "rotation": 180, "texture": "#1"},
				"down": {"uv": [10.75, 8.625, 10.875, 8.5], "texture": "#1"}
			}
		},
		{
			"name": "chaosfistsdesign_58",
			"from": [1.87735, 4.6554, 3.40828],
			"to": [2.46225, 5.2403, 5.00163],
			"rotation": {"angle": 0, "axis": "y", "origin": [8, 13.41814, 1.26145]},
			"faces": {
				"north": {"uv": [10.75, 8.625, 10.625, 8.75], "texture": "#1"},
				"east": {"uv": [10.75, 8.625, 10.625, 8.75], "texture": "#1"},
				"south": {"uv": [10.75, 8.75, 10.625, 8.625], "rotation": 180, "texture": "#1"},
				"west": {"uv": [10.75, 8.625, 10.625, 8.75], "texture": "#1"},
				"up": {"uv": [10.75, 8.75, 10.625, 8.625], "rotation": 180, "texture": "#1"},
				"down": {"uv": [10.625, 8.75, 10.75, 8.625], "texture": "#1"}
			}
		},
		{
			"name": "chaosfistsdesign_61",
			"from": [0.12265, 4.07049, 3.40828],
			"to": [1.87735, 4.6554, 5.00163],
			"rotation": {"angle": 0, "axis": "y", "origin": [8, 13.41814, 1.26145]},
			"faces": {
				"north": {"uv": [10.625, 8.75, 10.25, 8.875], "texture": "#1"},
				"east": {"uv": [10.625, 8.75, 10.5, 8.875], "texture": "#1"},
				"south": {"uv": [10.625, 8.875, 10.25, 8.75], "rotation": 180, "texture": "#1"},
				"west": {"uv": [10.375, 8.75, 10.25, 8.875], "texture": "#1"},
				"up": {"uv": [10.625, 8.875, 10.25, 8.75], "rotation": 180, "texture": "#1"},
				"down": {"uv": [10.25, 8.875, 10.625, 8.75], "texture": "#1"}
			}
		},
		{
			"name": "chaosfistsdesign_57",
			"from": [-0.46225, 4.6554, 3.40828],
			"to": [0.12265, 5.2403, 5.00163],
			"rotation": {"angle": 0, "axis": "y", "origin": [8, 13.41814, 1.26145]},
			"faces": {
				"north": {"uv": [10.25, 8.625, 10.125, 8.75], "texture": "#1"},
				"east": {"uv": [10.25, 8.625, 10.125, 8.75], "texture": "#1"},
				"south": {"uv": [10.25, 8.75, 10.125, 8.625], "rotation": 180, "texture": "#1"},
				"west": {"uv": [10.25, 8.625, 10.125, 8.75], "texture": "#1"},
				"up": {"uv": [10.25, 8.75, 10.125, 8.625], "rotation": 180, "texture": "#1"},
				"down": {"uv": [10.125, 8.75, 10.25, 8.625], "texture": "#1"}
			}
		},
		{
			"name": "chaosfistsdesign_44",
			"from": [0.12265, 4.6554, 4.21504],
			"to": [1.87735, 6.4101, 5.00163],
			"rotation": {"angle": 0, "axis": "y", "origin": [8, 13.41814, 1.26145]},
			"faces": {
				"north": {"uv": [11.5, 8.375, 11.125, 8.75], "texture": "#1"},
				"east": {"uv": [11.5, 8.375, 11.375, 8.75], "texture": "#1"},
				"south": {"uv": [11.5, 8.75, 11.125, 8.375], "rotation": 180, "texture": "#1"},
				"west": {"uv": [11.25, 8.375, 11.125, 8.75], "texture": "#1"},
				"up": {"uv": [11.5, 8.5, 11.125, 8.375], "rotation": 180, "texture": "#1"},
				"down": {"uv": [11.125, 8.75, 11.5, 8.625], "texture": "#1"}
			}
		},
		{
			"name": "chaosfistsdesign_51",
			"from": [-0.46225, 5.2403, 4.21504],
			"to": [0.12265, 5.8252, 5.00163],
			"rotation": {"angle": 0, "axis": "y", "origin": [8, 13.41814, 1.26145]},
			"faces": {
				"north": {"uv": [11.125, 8.5, 11, 8.625], "texture": "#1"},
				"east": {"uv": [11.125, 8.5, 11, 8.625], "texture": "#1"},
				"south": {"uv": [11.125, 8.625, 11, 8.5], "rotation": 180, "texture": "#1"},
				"west": {"uv": [11.125, 8.5, 11, 8.625], "texture": "#1"},
				"up": {"uv": [11.125, 8.625, 11, 8.5], "rotation": 180, "texture": "#1"},
				"down": {"uv": [11, 8.625, 11.125, 8.5], "texture": "#1"}
			}
		},
		{
			"name": "chaosfistsdesign_52",
			"from": [1.87735, 5.2403, 4.21504],
			"to": [2.46225, 5.8252, 5.00163],
			"rotation": {"angle": 0, "axis": "y", "origin": [8, 13.41814, 1.26145]},
			"faces": {
				"north": {"uv": [11.625, 8.5, 11.5, 8.625], "texture": "#1"},
				"east": {"uv": [11.625, 8.5, 11.5, 8.625], "texture": "#1"},
				"south": {"uv": [11.625, 8.625, 11.5, 8.5], "rotation": 180, "texture": "#1"},
				"west": {"uv": [11.625, 8.5, 11.5, 8.625], "texture": "#1"},
				"up": {"uv": [11.625, 8.625, 11.5, 8.5], "rotation": 180, "texture": "#1"},
				"down": {"uv": [11.5, 8.625, 11.625, 8.5], "texture": "#1"}
			}
		},
		{
			"name": "chaosfistsdesign_65",
			"from": [0.12265, 2.90069, 4.01335],
			"to": [1.87735, 3.48559, 5.00163],
			"rotation": {"angle": 0, "axis": "y", "origin": [8, 13.41814, 1.26145]},
			"faces": {
				"north": {"uv": [8, 9, 7.625, 9.125], "texture": "#1"},
				"east": {"uv": [8, 9, 7.875, 9.125], "texture": "#1"},
				"south": {"uv": [8, 9.125, 7.625, 9], "rotation": 180, "texture": "#1"},
				"west": {"uv": [7.75, 9, 7.625, 9.125], "texture": "#1"},
				"up": {"uv": [8, 9.125, 7.625, 9], "rotation": 180, "texture": "#1"},
				"down": {"uv": [7.625, 9.125, 8, 9], "texture": "#1"}
			}
		},
		{
			"name": "chaosfistsdesign_62",
			"from": [-1.04715, 3.48559, 4.01335],
			"to": [0.12265, 4.07049, 5.00163],
			"rotation": {"angle": 0, "axis": "y", "origin": [8, 13.41814, 1.26145]},
			"faces": {
				"north": {"uv": [7.625, 8.875, 7.375, 9], "texture": "#1"},
				"east": {"uv": [7.625, 8.875, 7.5, 9], "texture": "#1"},
				"south": {"uv": [7.625, 9, 7.375, 8.875], "rotation": 180, "texture": "#1"},
				"west": {"uv": [7.5, 8.875, 7.375, 9], "texture": "#1"},
				"up": {"uv": [7.625, 9, 7.375, 8.875], "rotation": 180, "texture": "#1"},
				"down": {"uv": [7.375, 9, 7.625, 8.875], "texture": "#1"}
			}
		},
		{
			"name": "chaosfistsdesign_53",
			"from": [-1.63205, 4.07049, 4.01335],
			"to": [-1.04715, 5.2403, 5.00163],
			"rotation": {"angle": 0, "axis": "y", "origin": [8, 13.41814, 1.26145]},
			"faces": {
				"north": {"uv": [7.375, 8.625, 7.25, 8.875], "texture": "#1"},
				"east": {"uv": [7.375, 8.625, 7.25, 8.875], "texture": "#1"},
				"south": {"uv": [7.375, 8.875, 7.25, 8.625], "rotation": 180, "texture": "#1"},
				"west": {"uv": [7.375, 8.625, 7.25, 8.875], "texture": "#1"},
				"up": {"uv": [7.375, 8.75, 7.25, 8.625], "rotation": 180, "texture": "#1"},
				"down": {"uv": [7.25, 8.875, 7.375, 8.75], "texture": "#1"}
			}
		},
		{
			"name": "chaosfistsdesign_45",
			"from": [-2.21696, 5.2403, 4.01335],
			"to": [-1.63205, 5.8252, 5.00163],
			"rotation": {"angle": 0, "axis": "y", "origin": [8, 13.41814, 1.26145]},
			"faces": {
				"north": {"uv": [7.25, 8.5, 7.125, 8.625], "texture": "#1"},
				"east": {"uv": [7.25, 8.5, 7.125, 8.625], "texture": "#1"},
				"south": {"uv": [7.25, 8.625, 7.125, 8.5], "rotation": 180, "texture": "#1"},
				"west": {"uv": [7.25, 8.5, 7.125, 8.625], "texture": "#1"},
				"up": {"uv": [7.25, 8.625, 7.125, 8.5], "rotation": 180, "texture": "#1"},
				"down": {"uv": [7.125, 8.625, 7.25, 8.5], "texture": "#1"}
			}
		},
		{
			"name": "chaosfistsdesign_35",
			"from": [-1.63205, 5.8252, 4.01335],
			"to": [-1.04715, 6.995, 5.00163],
			"rotation": {"angle": 0, "axis": "y", "origin": [8, 13.41814, 1.26145]},
			"faces": {
				"north": {"uv": [7.375, 8.25, 7.25, 8.5], "texture": "#1"},
				"east": {"uv": [7.375, 8.25, 7.25, 8.5], "texture": "#1"},
				"south": {"uv": [7.375, 8.5, 7.25, 8.25], "rotation": 180, "texture": "#1"},
				"west": {"uv": [7.375, 8.25, 7.25, 8.5], "texture": "#1"},
				"up": {"uv": [7.375, 8.375, 7.25, 8.25], "rotation": 180, "texture": "#1"},
				"down": {"uv": [7.25, 8.5, 7.375, 8.375], "texture": "#1"}
			}
		},
		{
			"name": "chaosfistsdesign_32",
			"from": [-1.04715, 6.995, 4.01335],
			"to": [0.12265, 7.5799, 5.00163],
			"rotation": {"angle": 0, "axis": "y", "origin": [8, 13.41814, 1.26145]},
			"faces": {
				"north": {"uv": [7.625, 8.125, 7.375, 8.25], "texture": "#1"},
				"east": {"uv": [7.625, 8.125, 7.5, 8.25], "texture": "#1"},
				"south": {"uv": [7.625, 8.25, 7.375, 8.125], "rotation": 180, "texture": "#1"},
				"west": {"uv": [7.5, 8.125, 7.375, 8.25], "texture": "#1"},
				"up": {"uv": [7.625, 8.25, 7.375, 8.125], "rotation": 180, "texture": "#1"},
				"down": {"uv": [7.375, 8.25, 7.625, 8.125], "texture": "#1"}
			}
		},
		{
			"name": "chaosfistsdesign_31",
			"from": [0.12265, 7.5799, 4.01335],
			"to": [1.87735, 8.1648, 5.00163],
			"rotation": {"angle": 0, "axis": "y", "origin": [8, 13.41814, 1.26145]},
			"faces": {
				"north": {"uv": [8, 8, 7.625, 8.125], "texture": "#1"},
				"east": {"uv": [8, 8, 7.875, 8.125], "texture": "#1"},
				"south": {"uv": [8, 8.125, 7.625, 8], "rotation": 180, "texture": "#1"},
				"west": {"uv": [7.75, 8, 7.625, 8.125], "texture": "#1"},
				"up": {"uv": [8, 8.125, 7.625, 8], "rotation": 180, "texture": "#1"},
				"down": {"uv": [7.625, 8.125, 8, 8], "texture": "#1"}
			}
		},
		{
			"name": "chaosfistsdesign_33",
			"from": [1.87735, 6.995, 4.01335],
			"to": [3.04715, 7.5799, 5.00163],
			"rotation": {"angle": 0, "axis": "y", "origin": [8, 13.41814, 1.26145]},
			"faces": {
				"north": {"uv": [8.25, 8.125, 8, 8.25], "texture": "#1"},
				"east": {"uv": [8.25, 8.125, 8.125, 8.25], "texture": "#1"},
				"south": {"uv": [8.25, 8.25, 8, 8.125], "rotation": 180, "texture": "#1"},
				"west": {"uv": [8.125, 8.125, 8, 8.25], "texture": "#1"},
				"up": {"uv": [8.25, 8.25, 8, 8.125], "rotation": 180, "texture": "#1"},
				"down": {"uv": [8, 8.25, 8.25, 8.125], "texture": "#1"}
			}
		},
		{
			"name": "chaosfistsdesign_36",
			"from": [3.04715, 5.8252, 4.01335],
			"to": [3.63205, 6.995, 5.00163],
			"rotation": {"angle": 0, "axis": "y", "origin": [8, 13.41814, 1.26145]},
			"faces": {
				"north": {"uv": [8.375, 8.25, 8.25, 8.5], "texture": "#1"},
				"east": {"uv": [8.375, 8.25, 8.25, 8.5], "texture": "#1"},
				"south": {"uv": [8.375, 8.5, 8.25, 8.25], "rotation": 180, "texture": "#1"},
				"west": {"uv": [8.375, 8.25, 8.25, 8.5], "texture": "#1"},
				"up": {"uv": [8.375, 8.375, 8.25, 8.25], "rotation": 180, "texture": "#1"},
				"down": {"uv": [8.25, 8.5, 8.375, 8.375], "texture": "#1"}
			}
		},
		{
			"name": "chaosfistsdesign_46",
			"from": [3.63205, 5.2403, 4.01335],
			"to": [4.21696, 5.8252, 5.00163],
			"rotation": {"angle": 0, "axis": "y", "origin": [8, 13.41814, 1.26145]},
			"faces": {
				"north": {"uv": [8.5, 8.5, 8.375, 8.625], "texture": "#1"},
				"east": {"uv": [8.5, 8.5, 8.375, 8.625], "texture": "#1"},
				"south": {"uv": [8.5, 8.625, 8.375, 8.5], "rotation": 180, "texture": "#1"},
				"west": {"uv": [8.5, 8.5, 8.375, 8.625], "texture": "#1"},
				"up": {"uv": [8.5, 8.625, 8.375, 8.5], "rotation": 180, "texture": "#1"},
				"down": {"uv": [8.375, 8.625, 8.5, 8.5], "texture": "#1"}
			}
		},
		{
			"name": "chaosfistsdesign_54",
			"from": [3.04715, 4.07049, 4.01335],
			"to": [3.63205, 5.2403, 5.00163],
			"rotation": {"angle": 0, "axis": "y", "origin": [8, 13.41814, 1.26145]},
			"faces": {
				"north": {"uv": [8.375, 8.625, 8.25, 8.875], "texture": "#1"},
				"east": {"uv": [8.375, 8.625, 8.25, 8.875], "texture": "#1"},
				"south": {"uv": [8.375, 8.875, 8.25, 8.625], "rotation": 180, "texture": "#1"},
				"west": {"uv": [8.375, 8.625, 8.25, 8.875], "texture": "#1"},
				"up": {"uv": [8.375, 8.75, 8.25, 8.625], "rotation": 180, "texture": "#1"},
				"down": {"uv": [8.25, 8.875, 8.375, 8.75], "texture": "#1"}
			}
		},
		{
			"name": "chaosfistsdesign_63",
			"from": [1.87735, 3.48559, 4.01335],
			"to": [3.04715, 4.07049, 5.00163],
			"rotation": {"angle": 0, "axis": "y", "origin": [8, 13.41814, 1.26145]},
			"faces": {
				"north": {"uv": [8.25, 8.875, 8, 9], "texture": "#1"},
				"east": {"uv": [8.25, 8.875, 8.125, 9], "texture": "#1"},
				"south": {"uv": [8.25, 9, 8, 8.875], "rotation": 180, "texture": "#1"},
				"west": {"uv": [8.125, 8.875, 8, 9], "texture": "#1"},
				"up": {"uv": [8.25, 9, 8, 8.875], "rotation": 180, "texture": "#1"},
				"down": {"uv": [8, 9, 8.25, 8.875], "texture": "#1"}
			}
		},
		{
			"from": [10.92857, 4, 9],
			"to": [18.92857, 9, 11],
			"rotation": {"angle": 0, "axis": "y", "origin": [-5.57143, 0, 16]},
			"faces": {
				"north": {"uv": [4, 2.5, 8, 5], "texture": "#0"},
				"east": {"uv": [8, 10, 9, 12.5], "texture": "#0"},
				"south": {"uv": [4, 0, 8, 2.5], "texture": "#0"},
				"west": {"uv": [3, 9, 4, 11.5], "texture": "#0"},
				"up": {"uv": [8, 0, 12, 1], "texture": "#0"},
				"down": {"uv": [8, 2, 12, 1], "texture": "#0"}
			}
		},
		{
			"from": [10.92857, 2, 5],
			"to": [18.92857, 9, 9],
			"rotation": {"angle": 0, "axis": "y", "origin": [-5.57143, 0, 16]},
			"faces": {
				"north": {"uv": [0, 3.5, 4, 7], "texture": "#0"},
				"east": {"uv": [6, 7, 8, 10.5], "texture": "#0"},
				"south": {"uv": [0, 0, 4, 3.5], "texture": "#0"},
				"west": {"uv": [4, 7, 6, 10.5], "texture": "#0"},
				"up": {"uv": [4, 5, 8, 7], "texture": "#0"},
				"down": {"uv": [0, 9, 4, 7], "texture": "#0"}
			}
		},
		{
			"from": [12.92857, 0, 5],
			"to": [16.92857, 2, 9],
			"rotation": {"angle": 0, "axis": "y", "origin": [-5.57143, 0, 16]},
			"faces": {
				"north": {"uv": [10.5, 6, 12.5, 7], "texture": "#0"},
				"east": {"uv": [10.5, 7, 12.5, 8], "texture": "#0"},
				"south": {"uv": [4, 10.5, 6, 11.5], "texture": "#0"},
				"west": {"uv": [6, 10.5, 8, 11.5], "texture": "#0"},
				"up": {"uv": [8, 2, 10, 4], "texture": "#0"},
				"down": {"uv": [8, 6, 10, 4], "texture": "#0"}
			}
		},
		{
			"from": [13.92857, 4, 11],
			"to": [18.92857, 7, 13],
			"rotation": {"angle": 0, "axis": "y", "origin": [-5.57143, 0, 16]},
			"faces": {
				"north": {"uv": [8, 7.5, 10.5, 9], "texture": "#0"},
				"east": {"uv": [9, 11, 10, 12.5], "texture": "#0"},
				"south": {"uv": [8, 6, 10.5, 7.5], "texture": "#0"},
				"west": {"uv": [2, 11, 3, 12.5], "texture": "#0"},
				"up": {"uv": [10, 5, 12.5, 6], "texture": "#0"},
				"down": {"uv": [9, 11, 11.5, 10], "texture": "#0"}
			}
		},
		{
			"from": [15.92857, 2, 9],
			"to": [18.92857, 4, 13],
			"rotation": {"angle": 0, "axis": "y", "origin": [-5.57143, 0, 16]},
			"faces": {
				"north": {"uv": [10, 11, 11.5, 12], "texture": "#0"},
				"east": {"uv": [0, 11, 2, 12], "texture": "#0"},
				"south": {"uv": [11, 9, 12.5, 10], "texture": "#0"},
				"west": {"uv": [10.5, 8, 12.5, 9], "texture": "#0"},
				"up": {"uv": [0, 9, 1.5, 11], "texture": "#0"},
				"down": {"uv": [1.5, 11, 3, 9], "texture": "#0"}
			}
		},
		{
			"from": [16.42857, 9, 5],
			"to": [16.42857, 11, 11],
			"rotation": {"angle": 0, "axis": "y", "origin": [-5.57143, 0, 16]},
			"faces": {
				"north": {"uv": [0, 0, 0, 1], "texture": "#0"},
				"east": {"uv": [10, 4, 13, 5], "texture": "#0"},
				"south": {"uv": [0, 0, 0, 1], "texture": "#0"},
				"west": {"uv": [13, 4, 10, 5], "texture": "#0"},
				"up": {"uv": [0, 0, 0, 3], "texture": "#0"},
				"down": {"uv": [0, 3, 0, 0], "texture": "#0"}
			}
		},
		{
			"from": [13.57143, 9, 5],
			"to": [13.57143, 11, 11],
			"rotation": {"angle": 0, "axis": "y", "origin": [21.57143, 0, 16]},
			"faces": {
				"north": {"uv": [0, 0, 0, 1], "texture": "#0"},
				"east": {"uv": [10, 4, 13, 5], "texture": "#0"},
				"south": {"uv": [0, 0, 0, 1], "texture": "#0"},
				"west": {"uv": [13, 4, 10, 5], "texture": "#0"},
				"up": {"uv": [0, 0, 0, 3], "texture": "#0"},
				"down": {"uv": [0, 3, 0, 0], "texture": "#0"}
			}
		},
		{
			"name": "chaosfistsdesign_1",
			"from": [14.75422, 11.82613, 7.31282],
			"to": [15.24577, 17.23318, 7.31282],
			"rotation": {"angle": 0, "axis": "y", "origin": [38.72187, -9.07307, -0.50718]},
			"faces": {
				"north": {"uv": [7.75, 3.625, 7.875, 5], "texture": "#1"},
				"east": {"uv": [7.75, 3.625, 7.875, 5], "texture": "#1"},
				"south": {"uv": [7.75, 5, 7.875, 3.625], "rotation": 180, "texture": "#1"},
				"west": {"uv": [7.75, 3.625, 7.875, 5], "texture": "#1"},
				"up": {"uv": [7.75, 3.75, 7.875, 3.625], "rotation": 180, "texture": "#1"},
				"down": {"uv": [7.875, 5, 7.75, 4.875], "texture": "#1"}
			}
		},
		{
			"name": "chaosfistsdesign_2",
			"from": [15.24577, 10.84303, 7.31282],
			"to": [15.73733, 16.25008, 7.31282],
			"rotation": {"angle": 0, "axis": "y", "origin": [38.72187, -9.07307, -0.50718]},
			"faces": {
				"north": {"uv": [7.625, 3.875, 7.75, 5.25], "texture": "#1"},
				"east": {"uv": [7.625, 3.875, 7.75, 5.25], "texture": "#1"},
				"south": {"uv": [7.625, 5.25, 7.75, 3.875], "rotation": 180, "texture": "#1"},
				"west": {"uv": [7.625, 3.875, 7.75, 5.25], "texture": "#1"},
				"up": {"uv": [7.625, 4, 7.75, 3.875], "rotation": 180, "texture": "#1"},
				"down": {"uv": [7.75, 5.25, 7.625, 5.125], "texture": "#1"}
			}
		},
		{
			"name": "chaosfistsdesign_3",
			"from": [14.26268, 10.84303, 7.31282],
			"to": [14.75422, 16.25008, 7.31282],
			"rotation": {"angle": 0, "axis": "y", "origin": [38.72187, -9.07307, -0.50718]},
			"faces": {
				"north": {"uv": [7.875, 3.875, 8, 5.25], "texture": "#1"},
				"east": {"uv": [7.875, 3.875, 8, 5.25], "texture": "#1"},
				"south": {"uv": [7.875, 5.25, 8, 3.875], "rotation": 180, "texture": "#1"},
				"west": {"uv": [7.875, 3.875, 8, 5.25], "texture": "#1"},
				"up": {"uv": [7.875, 4, 8, 3.875], "rotation": 180, "texture": "#1"},
				"down": {"uv": [8, 5.25, 7.875, 5.125], "texture": "#1"}
			}
		},
		{
			"name": "chaosfistsdesign_4",
			"from": [16.22888, 12.80923, 7.31282],
			"to": [16.72042, 15.75853, 7.31282],
			"rotation": {"angle": 0, "axis": "y", "origin": [38.72187, -9.07307, -0.50718]},
			"faces": {
				"north": {"uv": [7.375, 4, 7.5, 4.75], "texture": "#1"},
				"east": {"uv": [7.375, 4, 7.5, 4.75], "texture": "#1"},
				"south": {"uv": [7.375, 4.75, 7.5, 4], "rotation": 180, "texture": "#1"},
				"west": {"uv": [7.375, 4, 7.5, 4.75], "texture": "#1"},
				"up": {"uv": [7.375, 4.125, 7.5, 4], "rotation": 180, "texture": "#1"},
				"down": {"uv": [7.5, 4.75, 7.375, 4.625], "texture": "#1"}
			}
		},
		{
			"name": "chaosfistsdesign_5",
			"from": [13.27958, 12.80923, 7.31282],
			"to": [13.77113, 15.75853, 7.31282],
			"rotation": {"angle": 0, "axis": "y", "origin": [38.72187, -9.07307, -0.50718]},
			"faces": {
				"north": {"uv": [8.125, 4, 8.25, 4.75], "texture": "#1"},
				"east": {"uv": [8.125, 4, 8.25, 4.75], "texture": "#1"},
				"south": {"uv": [8.125, 4.75, 8.25, 4], "rotation": 180, "texture": "#1"},
				"west": {"uv": [8.125, 4, 8.25, 4.75], "texture": "#1"},
				"up": {"uv": [8.125, 4.125, 8.25, 4], "rotation": 180, "texture": "#1"},
				"down": {"uv": [8.25, 4.75, 8.125, 4.625], "texture": "#1"}
			}
		},
		{
			"name": "chaosfistsdesign_6",
			"from": [16.72042, 12.31768, 7.31282],
			"to": [17.21198, 15.26698, 7.31282],
			"rotation": {"angle": 0, "axis": "y", "origin": [38.72187, -9.07307, -0.50718]},
			"faces": {
				"north": {"uv": [7.25, 4.125, 7.375, 4.875], "texture": "#1"},
				"east": {"uv": [7.25, 4.125, 7.375, 4.875], "texture": "#1"},
				"south": {"uv": [7.25, 4.875, 7.375, 4.125], "rotation": 180, "texture": "#1"},
				"west": {"uv": [7.25, 4.125, 7.375, 4.875], "texture": "#1"},
				"up": {"uv": [7.25, 4.25, 7.375, 4.125], "rotation": 180, "texture": "#1"},
				"down": {"uv": [7.375, 4.875, 7.25, 4.75], "texture": "#1"}
			}
		},
		{
			"name": "chaosfistsdesign_7",
			"from": [12.78803, 12.31768, 7.31282],
			"to": [13.27958, 15.26698, 7.31282],
			"rotation": {"angle": 0, "axis": "y", "origin": [38.72187, -9.07307, -0.50718]},
			"faces": {
				"north": {"uv": [8.25, 4.125, 8.375, 4.875], "texture": "#1"},
				"east": {"uv": [8.25, 4.125, 8.375, 4.875], "texture": "#1"},
				"south": {"uv": [8.25, 4.875, 8.375, 4.125], "rotation": 180, "texture": "#1"},
				"west": {"uv": [8.25, 4.125, 8.375, 4.875], "texture": "#1"},
				"up": {"uv": [8.25, 4.25, 8.375, 4.125], "rotation": 180, "texture": "#1"},
				"down": {"uv": [8.375, 4.875, 8.25, 4.75], "texture": "#1"}
			}
		},
		{
			"name": "chaosfistsdesign_8",
			"from": [17.21198, 12.31768, 7.31282],
			"to": [18.19508, 13.79233, 7.31282],
			"rotation": {"angle": 0, "axis": "y", "origin": [38.72187, -9.07307, -0.50718]},
			"faces": {
				"north": {"uv": [7, 4.5, 7.25, 4.875], "texture": "#1"},
				"east": {"uv": [7, 4.5, 7.125, 4.875], "texture": "#1"},
				"south": {"uv": [7, 4.875, 7.25, 4.5], "rotation": 180, "texture": "#1"},
				"west": {"uv": [7.125, 4.5, 7.25, 4.875], "texture": "#1"},
				"up": {"uv": [7, 4.625, 7.25, 4.5], "rotation": 180, "texture": "#1"},
				"down": {"uv": [7.25, 4.875, 7, 4.75], "texture": "#1"}
			}
		},
		{
			"name": "chaosfistsdesign_9",
			"from": [11.80493, 12.31768, 7.31282],
			"to": [12.78803, 13.79233, 7.31282],
			"rotation": {"angle": 0, "axis": "y", "origin": [38.72187, -9.07307, -0.50718]},
			"faces": {
				"north": {"uv": [8.375, 4.5, 8.625, 4.875], "texture": "#1"},
				"east": {"uv": [8.375, 4.5, 8.5, 4.875], "texture": "#1"},
				"south": {"uv": [8.375, 4.875, 8.625, 4.5], "rotation": 180, "texture": "#1"},
				"west": {"uv": [8.5, 4.5, 8.625, 4.875], "texture": "#1"},
				"up": {"uv": [8.375, 4.625, 8.625, 4.5], "rotation": 180, "texture": "#1"},
				"down": {"uv": [8.625, 4.875, 8.375, 4.75], "texture": "#1"}
			}
		},
		{
			"name": "chaosfistsdesign_10",
			"from": [18.19508, 11.82613, 7.31282],
			"to": [19.17818, 13.30078, 7.31282],
			"rotation": {"angle": 0, "axis": "y", "origin": [38.72187, -9.07307, -0.50718]},
			"faces": {
				"north": {"uv": [6.75, 4.625, 7, 5], "texture": "#1"},
				"east": {"uv": [6.75, 4.625, 6.875, 5], "texture": "#1"},
				"south": {"uv": [6.75, 5, 7, 4.625], "rotation": 180, "texture": "#1"},
				"west": {"uv": [6.875, 4.625, 7, 5], "texture": "#1"},
				"up": {"uv": [6.75, 4.75, 7, 4.625], "rotation": 180, "texture": "#1"},
				"down": {"uv": [7, 5, 6.75, 4.875], "texture": "#1"}
			}
		},
		{
			"name": "chaosfistsdesign_11",
			"from": [15.73733, 11.82613, 7.31282],
			"to": [16.22888, 13.30078, 7.31282],
			"rotation": {"angle": 0, "axis": "y", "origin": [38.72187, -9.07307, -0.50718]},
			"faces": {
				"north": {"uv": [7.5, 4.625, 7.625, 5], "texture": "#1"},
				"east": {"uv": [7.5, 4.625, 7.625, 5], "texture": "#1"},
				"south": {"uv": [7.5, 5, 7.625, 4.625], "rotation": 180, "texture": "#1"},
				"west": {"uv": [7.5, 4.625, 7.625, 5], "texture": "#1"},
				"up": {"uv": [7.5, 4.75, 7.625, 4.625], "rotation": 180, "texture": "#1"},
				"down": {"uv": [7.625, 5, 7.5, 4.875], "texture": "#1"}
			}
		},
		{
			"name": "chaosfistsdesign_12",
			"from": [13.77113, 11.82613, 7.31282],
			"to": [14.26268, 13.30078, 7.31282],
			"rotation": {"angle": 0, "axis": "y", "origin": [38.72187, -9.07307, -0.50718]},
			"faces": {
				"north": {"uv": [8, 4.625, 8.125, 5], "texture": "#1"},
				"east": {"uv": [8, 4.625, 8.125, 5], "texture": "#1"},
				"south": {"uv": [8, 5, 8.125, 4.625], "rotation": 180, "texture": "#1"},
				"west": {"uv": [8, 4.625, 8.125, 5], "texture": "#1"},
				"up": {"uv": [8, 4.75, 8.125, 4.625], "rotation": 180, "texture": "#1"},
				"down": {"uv": [8.125, 5, 8, 4.875], "texture": "#1"}
			}
		},
		{
			"name": "chaosfistsdesign_13",
			"from": [10.82182, 11.82613, 7.31282],
			"to": [11.80493, 13.30078, 7.31282],
			"rotation": {"angle": 0, "axis": "y", "origin": [38.72187, -9.07307, -0.50718]},
			"faces": {
				"north": {"uv": [8.625, 4.625, 8.875, 5], "texture": "#1"},
				"east": {"uv": [8.625, 4.625, 8.75, 5], "texture": "#1"},
				"south": {"uv": [8.625, 5, 8.875, 4.625], "rotation": 180, "texture": "#1"},
				"west": {"uv": [8.75, 4.625, 8.875, 5], "texture": "#1"},
				"up": {"uv": [8.625, 4.75, 8.875, 4.625], "rotation": 180, "texture": "#1"},
				"down": {"uv": [8.875, 5, 8.625, 4.875], "texture": "#1"}
			}
		},
		{
			"name": "chaosfistsdesign_14",
			"from": [19.17818, 11.33458, 7.31282],
			"to": [20.16127, 12.80923, 7.31282],
			"rotation": {"angle": 0, "axis": "y", "origin": [38.72187, -9.07307, -0.50718]},
			"faces": {
				"north": {"uv": [6.5, 4.75, 6.75, 5.125], "texture": "#1"},
				"east": {"uv": [6.5, 4.75, 6.625, 5.125], "texture": "#1"},
				"south": {"uv": [6.5, 5.125, 6.75, 4.75], "rotation": 180, "texture": "#1"},
				"west": {"uv": [6.625, 4.75, 6.75, 5.125], "texture": "#1"},
				"up": {"uv": [6.5, 4.875, 6.75, 4.75], "rotation": 180, "texture": "#1"},
				"down": {"uv": [6.75, 5.125, 6.5, 5], "texture": "#1"}
			}
		},
		{
			"name": "chaosfistsdesign_15",
			"from": [9.83873, 11.33458, 7.31282],
			"to": [10.82182, 12.80923, 7.31282],
			"rotation": {"angle": 0, "axis": "y", "origin": [38.72187, -9.07307, -0.50718]},
			"faces": {
				"north": {"uv": [8.875, 4.75, 9.125, 5.125], "texture": "#1"},
				"east": {"uv": [8.875, 4.75, 9, 5.125], "texture": "#1"},
				"south": {"uv": [8.875, 5.125, 9.125, 4.75], "rotation": 180, "texture": "#1"},
				"west": {"uv": [9, 4.75, 9.125, 5.125], "texture": "#1"},
				"up": {"uv": [8.875, 4.875, 9.125, 4.75], "rotation": 180, "texture": "#1"},
				"down": {"uv": [9.125, 5.125, 8.875, 5], "texture": "#1"}
			}
		},
		{
			"name": "chaosfistsdesign_16",
			"from": [20.16127, 8.87683, 7.31282],
			"to": [20.65283, 12.31768, 7.31282],
			"rotation": {"angle": 0, "axis": "y", "origin": [38.72187, -9.07307, -0.50718]},
			"faces": {
				"north": {"uv": [6.375, 4.875, 6.5, 5.75], "texture": "#1"},
				"east": {"uv": [6.375, 4.875, 6.5, 5.75], "texture": "#1"},
				"south": {"uv": [6.375, 5.75, 6.5, 4.875], "rotation": 180, "texture": "#1"},
				"west": {"uv": [6.375, 4.875, 6.5, 5.75], "texture": "#1"},
				"up": {"uv": [6.375, 5, 6.5, 4.875], "rotation": 180, "texture": "#1"},
				"down": {"uv": [6.5, 5.75, 6.375, 5.625], "texture": "#1"}
			}
		},
		{
			"name": "chaosfistsdesign_17",
			"from": [9.34718, 8.87683, 7.31282],
			"to": [9.83873, 12.31768, 7.31282],
			"rotation": {"angle": 0, "axis": "y", "origin": [38.72187, -9.07307, -0.50718]},
			"faces": {
				"north": {"uv": [9.125, 4.875, 9.25, 5.75], "texture": "#1"},
				"east": {"uv": [9.125, 4.875, 9.25, 5.75], "texture": "#1"},
				"south": {"uv": [9.125, 5.75, 9.25, 4.875], "rotation": 180, "texture": "#1"},
				"west": {"uv": [9.125, 4.875, 9.25, 5.75], "texture": "#1"},
				"up": {"uv": [9.125, 5, 9.25, 4.875], "rotation": 180, "texture": "#1"},
				"down": {"uv": [9.25, 5.75, 9.125, 5.625], "texture": "#1"}
			}
		},
		{
			"name": "chaosfistsdesign_18",
			"from": [20.65283, 10.35148, 7.31282],
			"to": [21.14438, 11.33458, 7.31282],
			"rotation": {"angle": 0, "axis": "y", "origin": [38.72187, -9.07307, -0.50718]},
			"faces": {
				"north": {"uv": [6.25, 5.125, 6.375, 5.375], "texture": "#1"},
				"east": {"uv": [6.25, 5.125, 6.375, 5.375], "texture": "#1"},
				"south": {"uv": [6.25, 5.375, 6.375, 5.125], "rotation": 180, "texture": "#1"},
				"west": {"uv": [6.25, 5.125, 6.375, 5.375], "texture": "#1"},
				"up": {"uv": [6.25, 5.25, 6.375, 5.125], "rotation": 180, "texture": "#1"},
				"down": {"uv": [6.375, 5.375, 6.25, 5.25], "texture": "#1"}
			}
		},
		{
			"name": "chaosfistsdesign_19",
			"from": [19.66973, 10.84303, 7.31282],
			"to": [20.16127, 11.33458, 7.31282],
			"rotation": {"angle": 0, "axis": "y", "origin": [38.72187, -9.07307, -0.50718]},
			"faces": {
				"north": {"uv": [6.5, 5.125, 6.625, 5.25], "texture": "#1"},
				"east": {"uv": [6.5, 5.125, 6.625, 5.25], "texture": "#1"},
				"south": {"uv": [6.5, 5.25, 6.625, 5.125], "rotation": 180, "texture": "#1"},
				"west": {"uv": [6.5, 5.125, 6.625, 5.25], "texture": "#1"},
				"up": {"uv": [6.5, 5.25, 6.625, 5.125], "rotation": 180, "texture": "#1"},
				"down": {"uv": [6.625, 5.25, 6.5, 5.125], "texture": "#1"}
			}
		},
		{
			"name": "chaosfistsdesign_20",
			"from": [9.83873, 10.84303, 7.31282],
			"to": [10.33028, 11.33458, 7.31282],
			"rotation": {"angle": 0, "axis": "y", "origin": [38.72187, -9.07307, -0.50718]},
			"faces": {
				"north": {"uv": [9, 5.125, 9.125, 5.25], "texture": "#1"},
				"east": {"uv": [9, 5.125, 9.125, 5.25], "texture": "#1"},
				"south": {"uv": [9, 5.25, 9.125, 5.125], "rotation": 180, "texture": "#1"},
				"west": {"uv": [9, 5.125, 9.125, 5.25], "texture": "#1"},
				"up": {"uv": [9, 5.25, 9.125, 5.125], "rotation": 180, "texture": "#1"},
				"down": {"uv": [9.125, 5.25, 9, 5.125], "texture": "#1"}
			}
		},
		{
			"name": "chaosfistsdesign_21",
			"from": [8.85563, 10.35148, 7.31282],
			"to": [9.34718, 11.33458, 7.31282],
			"rotation": {"angle": 0, "axis": "y", "origin": [38.72187, -9.07307, -0.50718]},
			"faces": {
				"north": {"uv": [9.25, 5.125, 9.375, 5.375], "texture": "#1"},
				"east": {"uv": [9.25, 5.125, 9.375, 5.375], "texture": "#1"},
				"south": {"uv": [9.25, 5.375, 9.375, 5.125], "rotation": 180, "texture": "#1"},
				"west": {"uv": [9.25, 5.125, 9.375, 5.375], "texture": "#1"},
				"up": {"uv": [9.25, 5.25, 9.375, 5.125], "rotation": 180, "texture": "#1"},
				"down": {"uv": [9.375, 5.375, 9.25, 5.25], "texture": "#1"}
			}
		},
		{
			"name": "chaosfistsdesign_22",
			"from": [20.65283, 5.92753, 7.31282],
			"to": [21.14438, 9.36838, 7.31282],
			"rotation": {"angle": 0, "axis": "y", "origin": [38.72187, -9.07307, -0.50718]},
			"faces": {
				"north": {"uv": [6.25, 5.625, 6.375, 6.5], "texture": "#1"},
				"east": {"uv": [6.25, 5.625, 6.375, 6.5], "texture": "#1"},
				"south": {"uv": [6.25, 6.5, 6.375, 5.625], "rotation": 180, "texture": "#1"},
				"west": {"uv": [6.25, 5.625, 6.375, 6.5], "texture": "#1"},
				"up": {"uv": [6.25, 5.75, 6.375, 5.625], "rotation": 180, "texture": "#1"},
				"down": {"uv": [6.375, 6.5, 6.25, 6.375], "texture": "#1"}
			}
		},
		{
			"name": "chaosfistsdesign_23",
			"from": [8.85563, 5.92753, 7.31282],
			"to": [9.34718, 9.36838, 7.31282],
			"rotation": {"angle": 0, "axis": "y", "origin": [38.72187, -9.07307, -0.50718]},
			"faces": {
				"north": {"uv": [9.25, 5.625, 9.375, 6.5], "texture": "#1"},
				"east": {"uv": [9.25, 5.625, 9.375, 6.5], "texture": "#1"},
				"south": {"uv": [9.25, 6.5, 9.375, 5.625], "rotation": 180, "texture": "#1"},
				"west": {"uv": [9.25, 5.625, 9.375, 6.5], "texture": "#1"},
				"up": {"uv": [9.25, 5.75, 9.375, 5.625], "rotation": 180, "texture": "#1"},
				"down": {"uv": [9.375, 6.5, 9.25, 6.375], "texture": "#1"}
			}
		},
		{
			"name": "chaosfistsdesign_24",
			"from": [20.16127, 5.43598, 7.31282],
			"to": [20.65283, 6.41908, 7.31282],
			"rotation": {"angle": 0, "axis": "y", "origin": [38.72187, -9.07307, -0.50718]},
			"faces": {
				"north": {"uv": [6.375, 6.375, 6.5, 6.625], "texture": "#1"},
				"east": {"uv": [6.375, 6.375, 6.5, 6.625], "texture": "#1"},
				"south": {"uv": [6.375, 6.625, 6.5, 6.375], "rotation": 180, "texture": "#1"},
				"west": {"uv": [6.375, 6.375, 6.5, 6.625], "texture": "#1"},
				"up": {"uv": [6.375, 6.5, 6.5, 6.375], "rotation": 180, "texture": "#1"},
				"down": {"uv": [6.5, 6.625, 6.375, 6.5], "texture": "#1"}
			}
		},
		{
			"name": "chaosfistsdesign_25",
			"from": [9.34718, 5.43598, 7.31282],
			"to": [9.83873, 6.41908, 7.31282],
			"rotation": {"angle": 0, "axis": "y", "origin": [38.72187, -9.07307, -0.50718]},
			"faces": {
				"north": {"uv": [9.125, 6.375, 9.25, 6.625], "texture": "#1"},
				"east": {"uv": [9.125, 6.375, 9.25, 6.625], "texture": "#1"},
				"south": {"uv": [9.125, 6.625, 9.25, 6.375], "rotation": 180, "texture": "#1"},
				"west": {"uv": [9.125, 6.375, 9.25, 6.625], "texture": "#1"},
				"up": {"uv": [9.125, 6.5, 9.25, 6.375], "rotation": 180, "texture": "#1"},
				"down": {"uv": [9.25, 6.625, 9.125, 6.5], "texture": "#1"}
			}
		},
		{
			"name": "chaosfistsdesign_26",
			"from": [19.66973, 2.97823, 7.31282],
			"to": [20.16127, 5.92753, 7.31282],
			"rotation": {"angle": 0, "axis": "y", "origin": [38.72187, -9.07307, -0.50718]},
			"faces": {
				"north": {"uv": [6.5, 6.5, 6.625, 7.25], "texture": "#1"},
				"east": {"uv": [6.5, 6.5, 6.625, 7.25], "texture": "#1"},
				"south": {"uv": [6.5, 7.25, 6.625, 6.5], "rotation": 180, "texture": "#1"},
				"west": {"uv": [6.5, 6.5, 6.625, 7.25], "texture": "#1"},
				"up": {"uv": [6.5, 6.625, 6.625, 6.5], "rotation": 180, "texture": "#1"},
				"down": {"uv": [6.625, 7.25, 6.5, 7.125], "texture": "#1"}
			}
		},
		{
			"name": "chaosfistsdesign_27",
			"from": [9.83873, 2.97823, 7.31282],
			"to": [10.33028, 5.92753, 7.31282],
			"rotation": {"angle": 0, "axis": "y", "origin": [38.72187, -9.07307, -0.50718]},
			"faces": {
				"north": {"uv": [9, 6.5, 9.125, 7.25], "texture": "#1"},
				"east": {"uv": [9, 6.5, 9.125, 7.25], "texture": "#1"},
				"south": {"uv": [9, 7.25, 9.125, 6.5], "rotation": 180, "texture": "#1"},
				"west": {"uv": [9, 6.5, 9.125, 7.25], "texture": "#1"},
				"up": {"uv": [9, 6.625, 9.125, 6.5], "rotation": 180, "texture": "#1"},
				"down": {"uv": [9.125, 7.25, 9, 7.125], "texture": "#1"}
			}
		},
		{
			"name": "chaosfistsdesign_28",
			"from": [20.16127, 4.45288, 7.31282],
			"to": [20.65283, 4.94443, 7.31282],
			"rotation": {"angle": 0, "axis": "y", "origin": [38.72187, -9.07307, -0.50718]},
			"faces": {
				"north": {"uv": [6.375, 6.75, 6.5, 6.875], "texture": "#1"},
				"east": {"uv": [6.375, 6.75, 6.5, 6.875], "texture": "#1"},
				"south": {"uv": [6.375, 6.875, 6.5, 6.75], "rotation": 180, "texture": "#1"},
				"west": {"uv": [6.375, 6.75, 6.5, 6.875], "texture": "#1"},
				"up": {"uv": [6.375, 6.875, 6.5, 6.75], "rotation": 180, "texture": "#1"},
				"down": {"uv": [6.5, 6.875, 6.375, 6.75], "texture": "#1"}
			}
		},
		{
			"name": "chaosfistsdesign_29",
			"from": [9.34718, 4.45288, 7.31282],
			"to": [9.83873, 4.94443, 7.31282],
			"rotation": {"angle": 0, "axis": "y", "origin": [38.72187, -9.07307, -0.50718]},
			"faces": {
				"north": {"uv": [9.125, 6.75, 9.25, 6.875], "texture": "#1"},
				"east": {"uv": [9.125, 6.75, 9.25, 6.875], "texture": "#1"},
				"south": {"uv": [9.125, 6.875, 9.25, 6.75], "rotation": 180, "texture": "#1"},
				"west": {"uv": [9.125, 6.75, 9.25, 6.875], "texture": "#1"},
				"up": {"uv": [9.125, 6.875, 9.25, 6.75], "rotation": 180, "texture": "#1"},
				"down": {"uv": [9.25, 6.875, 9.125, 6.75], "texture": "#1"}
			}
		},
		{
			"name": "chaosfistsdesign_30",
			"from": [19.17818, 3.46978, 7.31282],
			"to": [19.66973, 3.96133, 7.31282],
			"rotation": {"angle": 0, "axis": "y", "origin": [38.72187, -9.07307, -0.50718]},
			"faces": {
				"north": {"uv": [6.625, 7, 6.75, 7.125], "texture": "#1"},
				"east": {"uv": [6.625, 7, 6.75, 7.125], "texture": "#1"},
				"south": {"uv": [6.625, 7.125, 6.75, 7], "rotation": 180, "texture": "#1"},
				"west": {"uv": [6.625, 7, 6.75, 7.125], "texture": "#1"},
				"up": {"uv": [6.625, 7.125, 6.75, 7], "rotation": 180, "texture": "#1"},
				"down": {"uv": [6.75, 7.125, 6.625, 7], "texture": "#1"}
			}
		},
		{
			"name": "chaosfistsdesign_31",
			"from": [10.33028, 3.46978, 7.31282],
			"to": [10.82182, 3.96133, 7.31282],
			"rotation": {"angle": 0, "axis": "y", "origin": [38.72187, -9.07307, -0.50718]},
			"faces": {
				"north": {"uv": [8.875, 7, 9, 7.125], "texture": "#1"},
				"east": {"uv": [8.875, 7, 9, 7.125], "texture": "#1"},
				"south": {"uv": [8.875, 7.125, 9, 7], "rotation": 180, "texture": "#1"},
				"west": {"uv": [8.875, 7, 9, 7.125], "texture": "#1"},
				"up": {"uv": [8.875, 7.125, 9, 7], "rotation": 180, "texture": "#1"},
				"down": {"uv": [9, 7.125, 8.875, 7], "texture": "#1"}
			}
		},
		{
			"name": "chaosfistsdesign_48",
			"from": [17.04715, 5.2403, 3.60997],
			"to": [17.63205, 5.8252, 5.00163],
			"rotation": {"angle": 0, "axis": "y", "origin": [8, 13.41814, 1.26145]},
			"faces": {
				"north": {"uv": [8.625, 8.5, 8.75, 8.625], "texture": "#1"},
				"east": {"uv": [8.625, 8.5, 8.75, 8.625], "texture": "#1"},
				"south": {"uv": [8.625, 8.625, 8.75, 8.5], "rotation": 180, "texture": "#1"},
				"west": {"uv": [8.625, 8.5, 8.75, 8.625], "texture": "#1"},
				"up": {"uv": [8.625, 8.625, 8.75, 8.5], "rotation": 180, "texture": "#1"},
				"down": {"uv": [8.75, 8.625, 8.625, 8.5], "texture": "#1"}
			}
		},
		{
			"name": "chaosfistsdesign_38",
			"from": [15.87735, 6.4101, 3.60997],
			"to": [17.04715, 6.995, 5.00163],
			"rotation": {"angle": 0, "axis": "y", "origin": [8, 13.41814, 1.26145]},
			"faces": {
				"north": {"uv": [8.75, 8.25, 9, 8.375], "texture": "#1"},
				"east": {"uv": [8.75, 8.25, 8.875, 8.375], "texture": "#1"},
				"south": {"uv": [8.75, 8.375, 9, 8.25], "rotation": 180, "texture": "#1"},
				"west": {"uv": [8.875, 8.25, 9, 8.375], "texture": "#1"},
				"up": {"uv": [8.75, 8.375, 9, 8.25], "rotation": 180, "texture": "#1"},
				"down": {"uv": [9, 8.375, 8.75, 8.25], "texture": "#1"}
			}
		},
		{
			"name": "chaosfistsdesign_41",
			"from": [16.46225, 5.8252, 3.60997],
			"to": [17.04715, 6.4101, 5.00163],
			"rotation": {"angle": 0, "axis": "y", "origin": [8, 13.41814, 1.26145]},
			"faces": {
				"north": {"uv": [8.75, 8.375, 8.875, 8.5], "texture": "#1"},
				"east": {"uv": [8.75, 8.375, 8.875, 8.5], "texture": "#1"},
				"south": {"uv": [8.75, 8.5, 8.875, 8.375], "rotation": 180, "texture": "#1"},
				"west": {"uv": [8.75, 8.375, 8.875, 8.5], "texture": "#1"},
				"up": {"uv": [8.75, 8.5, 8.875, 8.375], "rotation": 180, "texture": "#1"},
				"down": {"uv": [8.875, 8.5, 8.75, 8.375], "texture": "#1"}
			}
		},
		{
			"name": "chaosfistsdesign_56",
			"from": [16.46225, 4.07049, 3.60997],
			"to": [17.04715, 5.2403, 5.00163],
			"rotation": {"angle": 0, "axis": "y", "origin": [8, 13.41814, 1.26145]},
			"faces": {
				"north": {"uv": [8.75, 8.625, 8.875, 8.875], "texture": "#1"},
				"east": {"uv": [8.75, 8.625, 8.875, 8.875], "texture": "#1"},
				"south": {"uv": [8.75, 8.875, 8.875, 8.625], "rotation": 180, "texture": "#1"},
				"west": {"uv": [8.75, 8.625, 8.875, 8.875], "texture": "#1"},
				"up": {"uv": [8.75, 8.75, 8.875, 8.625], "rotation": 180, "texture": "#1"},
				"down": {"uv": [8.875, 8.875, 8.75, 8.75], "texture": "#1"}
			}
		},
		{
			"name": "chaosfistsdesign_60",
			"from": [15.87735, 4.07049, 3.60997],
			"to": [16.46225, 4.6554, 5.00163],
			"rotation": {"angle": 0, "axis": "y", "origin": [8, 13.41814, 1.26145]},
			"faces": {
				"north": {"uv": [8.875, 8.75, 9, 8.875], "texture": "#1"},
				"east": {"uv": [8.875, 8.75, 9, 8.875], "texture": "#1"},
				"south": {"uv": [8.875, 8.875, 9, 8.75], "rotation": 180, "texture": "#1"},
				"west": {"uv": [8.875, 8.75, 9, 8.875], "texture": "#1"},
				"up": {"uv": [8.875, 8.875, 9, 8.75], "rotation": 180, "texture": "#1"},
				"down": {"uv": [9, 8.875, 8.875, 8.75], "texture": "#1"}
			}
		},
		{
			"name": "chaosfistsdesign_65",
			"from": [14.12265, 3.48559, 3.60997],
			"to": [15.87735, 4.07049, 5.00163],
			"rotation": {"angle": 0, "axis": "y", "origin": [8, 13.41814, 1.26145]},
			"faces": {
				"north": {"uv": [9, 8.875, 9.375, 9], "texture": "#1"},
				"east": {"uv": [9, 8.875, 9.125, 9], "texture": "#1"},
				"south": {"uv": [9, 9, 9.375, 8.875], "rotation": 180, "texture": "#1"},
				"west": {"uv": [9.25, 8.875, 9.375, 9], "texture": "#1"},
				"up": {"uv": [9, 9, 9.375, 8.875], "rotation": 180, "texture": "#1"},
				"down": {"uv": [9.375, 9, 9, 8.875], "texture": "#1"}
			}
		},
		{
			"name": "chaosfistsdesign_57",
			"from": [12.95285, 4.07049, 3.60997],
			"to": [13.53775, 5.2403, 5.00163],
			"rotation": {"angle": 0, "axis": "y", "origin": [8, 13.41814, 1.26145]},
			"faces": {
				"north": {"uv": [9.5, 8.625, 9.625, 8.875], "texture": "#1"},
				"east": {"uv": [9.5, 8.625, 9.625, 8.875], "texture": "#1"},
				"south": {"uv": [9.5, 8.875, 9.625, 8.625], "rotation": 180, "texture": "#1"},
				"west": {"uv": [9.5, 8.625, 9.625, 8.875], "texture": "#1"},
				"up": {"uv": [9.5, 8.75, 9.625, 8.625], "rotation": 180, "texture": "#1"},
				"down": {"uv": [9.625, 8.875, 9.5, 8.75], "texture": "#1"}
			}
		},
		{
			"name": "chaosfistsdesign_61",
			"from": [13.53775, 4.07049, 3.60997],
			"to": [14.12265, 4.6554, 5.00163],
			"rotation": {"angle": 0, "axis": "y", "origin": [8, 13.41814, 1.26145]},
			"faces": {
				"north": {"uv": [9.375, 8.75, 9.5, 8.875], "texture": "#1"},
				"east": {"uv": [9.375, 8.75, 9.5, 8.875], "texture": "#1"},
				"south": {"uv": [9.375, 8.875, 9.5, 8.75], "rotation": 180, "texture": "#1"},
				"west": {"uv": [9.375, 8.75, 9.5, 8.875], "texture": "#1"},
				"up": {"uv": [9.375, 8.875, 9.5, 8.75], "rotation": 180, "texture": "#1"},
				"down": {"uv": [9.5, 8.875, 9.375, 8.75], "texture": "#1"}
			}
		},
		{
			"name": "chaosfistsdesign_49",
			"from": [12.36795, 5.2403, 3.60997],
			"to": [12.95285, 5.8252, 5.00163],
			"rotation": {"angle": 0, "axis": "y", "origin": [8, 13.41814, 1.26145]},
			"faces": {
				"north": {"uv": [9.625, 8.5, 9.75, 8.625], "texture": "#1"},
				"east": {"uv": [9.625, 8.5, 9.75, 8.625], "texture": "#1"},
				"south": {"uv": [9.625, 8.625, 9.75, 8.5], "rotation": 180, "texture": "#1"},
				"west": {"uv": [9.625, 8.5, 9.75, 8.625], "texture": "#1"},
				"up": {"uv": [9.625, 8.625, 9.75, 8.5], "rotation": 180, "texture": "#1"},
				"down": {"uv": [9.75, 8.625, 9.625, 8.5], "texture": "#1"}
			}
		},
		{
			"name": "chaosfistsdesign_39",
			"from": [12.95285, 6.4101, 3.60997],
			"to": [14.12265, 6.995, 5.00163],
			"rotation": {"angle": 0, "axis": "y", "origin": [8, 13.41814, 1.26145]},
			"faces": {
				"north": {"uv": [9.375, 8.25, 9.625, 8.375], "texture": "#1"},
				"east": {"uv": [9.375, 8.25, 9.5, 8.375], "texture": "#1"},
				"south": {"uv": [9.375, 8.375, 9.625, 8.25], "rotation": 180, "texture": "#1"},
				"west": {"uv": [9.5, 8.25, 9.625, 8.375], "texture": "#1"},
				"up": {"uv": [9.375, 8.375, 9.625, 8.25], "rotation": 180, "texture": "#1"},
				"down": {"uv": [9.625, 8.375, 9.375, 8.25], "texture": "#1"}
			}
		},
		{
			"name": "chaosfistsdesign_42",
			"from": [12.95285, 5.8252, 3.60997],
			"to": [13.53775, 6.4101, 5.00163],
			"rotation": {"angle": 0, "axis": "y", "origin": [8, 13.41814, 1.26145]},
			"faces": {
				"north": {"uv": [9.5, 8.375, 9.625, 8.5], "texture": "#1"},
				"east": {"uv": [9.5, 8.375, 9.625, 8.5], "texture": "#1"},
				"south": {"uv": [9.5, 8.5, 9.625, 8.375], "rotation": 180, "texture": "#1"},
				"west": {"uv": [9.5, 8.375, 9.625, 8.5], "texture": "#1"},
				"up": {"uv": [9.5, 8.5, 9.625, 8.375], "rotation": 180, "texture": "#1"},
				"down": {"uv": [9.625, 8.5, 9.5, 8.375], "texture": "#1"}
			}
		},
		{
			"name": "chaosfistsdesign_35",
			"from": [14.12265, 6.995, 3.60997],
			"to": [15.87735, 7.5799, 5.00163],
			"rotation": {"angle": 0, "axis": "y", "origin": [8, 13.41814, 1.26145]},
			"faces": {
				"north": {"uv": [9, 8.125, 9.375, 8.25], "texture": "#1"},
				"east": {"uv": [9, 8.125, 9.125, 8.25], "texture": "#1"},
				"south": {"uv": [9, 8.25, 9.375, 8.125], "rotation": 180, "texture": "#1"},
				"west": {"uv": [9.25, 8.125, 9.375, 8.25], "texture": "#1"},
				"up": {"uv": [9, 8.25, 9.375, 8.125], "rotation": 180, "texture": "#1"},
				"down": {"uv": [9.375, 8.25, 9, 8.125], "texture": "#1"}
			}
		},
		{
			"name": "chaosfistsdesign_50",
			"from": [16.46225, 5.2403, 3.40828],
			"to": [17.04715, 5.8252, 5.00163],
			"rotation": {"angle": 0, "axis": "y", "origin": [8, 13.41814, 1.26145]},
			"faces": {
				"north": {"uv": [10, 8.5, 10.125, 8.625], "texture": "#1"},
				"east": {"uv": [10, 8.5, 10.125, 8.625], "texture": "#1"},
				"south": {"uv": [10, 8.625, 10.125, 8.5], "rotation": 180, "texture": "#1"},
				"west": {"uv": [10, 8.5, 10.125, 8.625], "texture": "#1"},
				"up": {"uv": [10, 8.625, 10.125, 8.5], "rotation": 180, "texture": "#1"},
				"down": {"uv": [10.125, 8.625, 10, 8.5], "texture": "#1"}
			}
		},
		{
			"name": "chaosfistsdesign_43",
			"from": [15.87735, 5.8252, 3.40828],
			"to": [16.46225, 6.4101, 5.00163],
			"rotation": {"angle": 0, "axis": "y", "origin": [8, 13.41814, 1.26145]},
			"faces": {
				"north": {"uv": [10.125, 8.375, 10.25, 8.5], "texture": "#1"},
				"east": {"uv": [10.125, 8.375, 10.25, 8.5], "texture": "#1"},
				"south": {"uv": [10.125, 8.5, 10.25, 8.375], "rotation": 180, "texture": "#1"},
				"west": {"uv": [10.125, 8.375, 10.25, 8.5], "texture": "#1"},
				"up": {"uv": [10.125, 8.5, 10.25, 8.375], "rotation": 180, "texture": "#1"},
				"down": {"uv": [10.25, 8.5, 10.125, 8.375], "texture": "#1"}
			}
		},
		{
			"name": "chaosfistsdesign_40",
			"from": [14.12265, 6.4101, 3.40828],
			"to": [15.87735, 6.995, 5.00163],
			"rotation": {"angle": 0, "axis": "y", "origin": [8, 13.41814, 1.26145]},
			"faces": {
				"north": {"uv": [10.25, 8.25, 10.625, 8.375], "texture": "#1"},
				"east": {"uv": [10.25, 8.25, 10.375, 8.375], "texture": "#1"},
				"south": {"uv": [10.25, 8.375, 10.625, 8.25], "rotation": 180, "texture": "#1"},
				"west": {"uv": [10.5, 8.25, 10.625, 8.375], "texture": "#1"},
				"up": {"uv": [10.25, 8.375, 10.625, 8.25], "rotation": 180, "texture": "#1"},
				"down": {"uv": [10.625, 8.375, 10.25, 8.25], "texture": "#1"}
			}
		},
		{
			"name": "chaosfistsdesign_44",
			"from": [13.53775, 5.8252, 3.40828],
			"to": [14.12265, 6.4101, 5.00163],
			"rotation": {"angle": 0, "axis": "y", "origin": [8, 13.41814, 1.26145]},
			"faces": {
				"north": {"uv": [10.625, 8.375, 10.75, 8.5], "texture": "#1"},
				"east": {"uv": [10.625, 8.375, 10.75, 8.5], "texture": "#1"},
				"south": {"uv": [10.625, 8.5, 10.75, 8.375], "rotation": 180, "texture": "#1"},
				"west": {"uv": [10.625, 8.375, 10.75, 8.5], "texture": "#1"},
				"up": {"uv": [10.625, 8.5, 10.75, 8.375], "rotation": 180, "texture": "#1"},
				"down": {"uv": [10.75, 8.5, 10.625, 8.375], "texture": "#1"}
			}
		},
		{
			"name": "chaosfistsdesign_51",
			"from": [12.95285, 5.2403, 3.40828],
			"to": [13.53775, 5.8252, 5.00163],
			"rotation": {"angle": 0, "axis": "y", "origin": [8, 13.41814, 1.26145]},
			"faces": {
				"north": {"uv": [10.75, 8.5, 10.875, 8.625], "texture": "#1"},
				"east": {"uv": [10.75, 8.5, 10.875, 8.625], "texture": "#1"},
				"south": {"uv": [10.75, 8.625, 10.875, 8.5], "rotation": 180, "texture": "#1"},
				"west": {"uv": [10.75, 8.5, 10.875, 8.625], "texture": "#1"},
				"up": {"uv": [10.75, 8.625, 10.875, 8.5], "rotation": 180, "texture": "#1"},
				"down": {"uv": [10.875, 8.625, 10.75, 8.5], "texture": "#1"}
			}
		},
		{
			"name": "chaosfistsdesign_59",
			"from": [13.53775, 4.6554, 3.40828],
			"to": [14.12265, 5.2403, 5.00163],
			"rotation": {"angle": 0, "axis": "y", "origin": [8, 13.41814, 1.26145]},
			"faces": {
				"north": {"uv": [10.625, 8.625, 10.75, 8.75], "texture": "#1"},
				"east": {"uv": [10.625, 8.625, 10.75, 8.75], "texture": "#1"},
				"south": {"uv": [10.625, 8.75, 10.75, 8.625], "rotation": 180, "texture": "#1"},
				"west": {"uv": [10.625, 8.625, 10.75, 8.75], "texture": "#1"},
				"up": {"uv": [10.625, 8.75, 10.75, 8.625], "rotation": 180, "texture": "#1"},
				"down": {"uv": [10.75, 8.75, 10.625, 8.625], "texture": "#1"}
			}
		},
		{
			"name": "chaosfistsdesign_62",
			"from": [14.12265, 4.07049, 3.40828],
			"to": [15.87735, 4.6554, 5.00163],
			"rotation": {"angle": 0, "axis": "y", "origin": [8, 13.41814, 1.26145]},
			"faces": {
				"north": {"uv": [10.25, 8.75, 10.625, 8.875], "texture": "#1"},
				"east": {"uv": [10.25, 8.75, 10.375, 8.875], "texture": "#1"},
				"south": {"uv": [10.25, 8.875, 10.625, 8.75], "rotation": 180, "texture": "#1"},
				"west": {"uv": [10.5, 8.75, 10.625, 8.875], "texture": "#1"},
				"up": {"uv": [10.25, 8.875, 10.625, 8.75], "rotation": 180, "texture": "#1"},
				"down": {"uv": [10.625, 8.875, 10.25, 8.75], "texture": "#1"}
			}
		},
		{
			"name": "chaosfistsdesign_58",
			"from": [15.87735, 4.6554, 3.40828],
			"to": [16.46225, 5.2403, 5.00163],
			"rotation": {"angle": 0, "axis": "y", "origin": [8, 13.41814, 1.26145]},
			"faces": {
				"north": {"uv": [10.125, 8.625, 10.25, 8.75], "texture": "#1"},
				"east": {"uv": [10.125, 8.625, 10.25, 8.75], "texture": "#1"},
				"south": {"uv": [10.125, 8.75, 10.25, 8.625], "rotation": 180, "texture": "#1"},
				"west": {"uv": [10.125, 8.625, 10.25, 8.75], "texture": "#1"},
				"up": {"uv": [10.125, 8.75, 10.25, 8.625], "rotation": 180, "texture": "#1"},
				"down": {"uv": [10.25, 8.75, 10.125, 8.625], "texture": "#1"}
			}
		},
		{
			"name": "chaosfistsdesign_45",
			"from": [14.12265, 4.6554, 4.21504],
			"to": [15.87735, 6.4101, 5.00163],
			"rotation": {"angle": 0, "axis": "y", "origin": [8, 13.41814, 1.26145]},
			"faces": {
				"north": {"uv": [11.125, 8.375, 11.5, 8.75], "texture": "#1"},
				"east": {"uv": [11.125, 8.375, 11.25, 8.75], "texture": "#1"},
				"south": {"uv": [11.125, 8.75, 11.5, 8.375], "rotation": 180, "texture": "#1"},
				"west": {"uv": [11.375, 8.375, 11.5, 8.75], "texture": "#1"},
				"up": {"uv": [11.125, 8.5, 11.5, 8.375], "rotation": 180, "texture": "#1"},
				"down": {"uv": [11.5, 8.75, 11.125, 8.625], "texture": "#1"}
			}
		},
		{
			"name": "chaosfistsdesign_52",
			"from": [15.87735, 5.2403, 4.21504],
			"to": [16.46225, 5.8252, 5.00163],
			"rotation": {"angle": 0, "axis": "y", "origin": [8, 13.41814, 1.26145]},
			"faces": {
				"north": {"uv": [11, 8.5, 11.125, 8.625], "texture": "#1"},
				"east": {"uv": [11, 8.5, 11.125, 8.625], "texture": "#1"},
				"south": {"uv": [11, 8.625, 11.125, 8.5], "rotation": 180, "texture": "#1"},
				"west": {"uv": [11, 8.5, 11.125, 8.625], "texture": "#1"},
				"up": {"uv": [11, 8.625, 11.125, 8.5], "rotation": 180, "texture": "#1"},
				"down": {"uv": [11.125, 8.625, 11, 8.5], "texture": "#1"}
			}
		},
		{
			"name": "chaosfistsdesign_53",
			"from": [13.53775, 5.2403, 4.21504],
			"to": [14.12265, 5.8252, 5.00163],
			"rotation": {"angle": 0, "axis": "y", "origin": [8, 13.41814, 1.26145]},
			"faces": {
				"north": {"uv": [11.5, 8.5, 11.625, 8.625], "texture": "#1"},
				"east": {"uv": [11.5, 8.5, 11.625, 8.625], "texture": "#1"},
				"south": {"uv": [11.5, 8.625, 11.625, 8.5], "rotation": 180, "texture": "#1"},
				"west": {"uv": [11.5, 8.5, 11.625, 8.625], "texture": "#1"},
				"up": {"uv": [11.5, 8.625, 11.625, 8.5], "rotation": 180, "texture": "#1"},
				"down": {"uv": [11.625, 8.625, 11.5, 8.5], "texture": "#1"}
			}
		},
		{
			"name": "chaosfistsdesign_66",
			"from": [14.12265, 2.90069, 4.01335],
			"to": [15.87735, 3.48559, 5.00163],
			"rotation": {"angle": 0, "axis": "y", "origin": [8, 13.41814, 1.26145]},
			"faces": {
				"north": {"uv": [7.625, 9, 8, 9.125], "texture": "#1"},
				"east": {"uv": [7.625, 9, 7.75, 9.125], "texture": "#1"},
				"south": {"uv": [7.625, 9.125, 8, 9], "rotation": 180, "texture": "#1"},
				"west": {"uv": [7.875, 9, 8, 9.125], "texture": "#1"},
				"up": {"uv": [7.625, 9.125, 8, 9], "rotation": 180, "texture": "#1"},
				"down": {"uv": [8, 9.125, 7.625, 9], "texture": "#1"}
			}
		},
		{
			"name": "chaosfistsdesign_63",
			"from": [15.87735, 3.48559, 4.01335],
			"to": [17.04715, 4.07049, 5.00163],
			"rotation": {"angle": 0, "axis": "y", "origin": [8, 13.41814, 1.26145]},
			"faces": {
				"north": {"uv": [7.375, 8.875, 7.625, 9], "texture": "#1"},
				"east": {"uv": [7.375, 8.875, 7.5, 9], "texture": "#1"},
				"south": {"uv": [7.375, 9, 7.625, 8.875], "rotation": 180, "texture": "#1"},
				"west": {"uv": [7.5, 8.875, 7.625, 9], "texture": "#1"},
				"up": {"uv": [7.375, 9, 7.625, 8.875], "rotation": 180, "texture": "#1"},
				"down": {"uv": [7.625, 9, 7.375, 8.875], "texture": "#1"}
			}
		},
		{
			"name": "chaosfistsdesign_54",
			"from": [17.04715, 4.07049, 4.01335],
			"to": [17.63205, 5.2403, 5.00163],
			"rotation": {"angle": 0, "axis": "y", "origin": [8, 13.41814, 1.26145]},
			"faces": {
				"north": {"uv": [7.25, 8.625, 7.375, 8.875], "texture": "#1"},
				"east": {"uv": [7.25, 8.625, 7.375, 8.875], "texture": "#1"},
				"south": {"uv": [7.25, 8.875, 7.375, 8.625], "rotation": 180, "texture": "#1"},
				"west": {"uv": [7.25, 8.625, 7.375, 8.875], "texture": "#1"},
				"up": {"uv": [7.25, 8.75, 7.375, 8.625], "rotation": 180, "texture": "#1"},
				"down": {"uv": [7.375, 8.875, 7.25, 8.75], "texture": "#1"}
			}
		},
		{
			"name": "chaosfistsdesign_46",
			"from": [17.63205, 5.2403, 4.01335],
			"to": [18.21696, 5.8252, 5.00163],
			"rotation": {"angle": 0, "axis": "y", "origin": [8, 13.41814, 1.26145]},
			"faces": {
				"north": {"uv": [7.125, 8.5, 7.25, 8.625], "texture": "#1"},
				"east": {"uv": [7.125, 8.5, 7.25, 8.625], "texture": "#1"},
				"south": {"uv": [7.125, 8.625, 7.25, 8.5], "rotation": 180, "texture": "#1"},
				"west": {"uv": [7.125, 8.5, 7.25, 8.625], "texture": "#1"},
				"up": {"uv": [7.125, 8.625, 7.25, 8.5], "rotation": 180, "texture": "#1"},
				"down": {"uv": [7.25, 8.625, 7.125, 8.5], "texture": "#1"}
			}
		},
		{
			"name": "chaosfistsdesign_36",
			"from": [17.04715, 5.8252, 4.01335],
			"to": [17.63205, 6.995, 5.00163],
			"rotation": {"angle": 0, "axis": "y", "origin": [8, 13.41814, 1.26145]},
			"faces": {
				"north": {"uv": [7.25, 8.25, 7.375, 8.5], "texture": "#1"},
				"east": {"uv": [7.25, 8.25, 7.375, 8.5], "texture": "#1"},
				"south": {"uv": [7.25, 8.5, 7.375, 8.25], "rotation": 180, "texture": "#1"},
				"west": {"uv": [7.25, 8.25, 7.375, 8.5], "texture": "#1"},
				"up": {"uv": [7.25, 8.375, 7.375, 8.25], "rotation": 180, "texture": "#1"},
				"down": {"uv": [7.375, 8.5, 7.25, 8.375], "texture": "#1"}
			}
		},
		{
			"name": "chaosfistsdesign_33",
			"from": [15.87735, 6.995, 4.01335],
			"to": [17.04715, 7.5799, 5.00163],
			"rotation": {"angle": 0, "axis": "y", "origin": [8, 13.41814, 1.26145]},
			"faces": {
				"north": {"uv": [7.375, 8.125, 7.625, 8.25], "texture": "#1"},
				"east": {"uv": [7.375, 8.125, 7.5, 8.25], "texture": "#1"},
				"south": {"uv": [7.375, 8.25, 7.625, 8.125], "rotation": 180, "texture": "#1"},
				"west": {"uv": [7.5, 8.125, 7.625, 8.25], "texture": "#1"},
				"up": {"uv": [7.375, 8.25, 7.625, 8.125], "rotation": 180, "texture": "#1"},
				"down": {"uv": [7.625, 8.25, 7.375, 8.125], "texture": "#1"}
			}
		},
		{
			"name": "chaosfistsdesign_32",
			"from": [14.12265, 7.5799, 4.01335],
			"to": [15.87735, 8.1648, 5.00163],
			"rotation": {"angle": 0, "axis": "y", "origin": [8, 13.41814, 1.26145]},
			"faces": {
				"north": {"uv": [7.625, 8, 8, 8.125], "texture": "#1"},
				"east": {"uv": [7.625, 8, 7.75, 8.125], "texture": "#1"},
				"south": {"uv": [7.625, 8.125, 8, 8], "rotation": 180, "texture": "#1"},
				"west": {"uv": [7.875, 8, 8, 8.125], "texture": "#1"},
				"up": {"uv": [7.625, 8.125, 8, 8], "rotation": 180, "texture": "#1"},
				"down": {"uv": [8, 8.125, 7.625, 8], "texture": "#1"}
			}
		},
		{
			"name": "chaosfistsdesign_34",
			"from": [12.95285, 6.995, 4.01335],
			"to": [14.12265, 7.5799, 5.00163],
			"rotation": {"angle": 0, "axis": "y", "origin": [8, 13.41814, 1.26145]},
			"faces": {
				"north": {"uv": [8, 8.125, 8.25, 8.25], "texture": "#1"},
				"east": {"uv": [8, 8.125, 8.125, 8.25], "texture": "#1"},
				"south": {"uv": [8, 8.25, 8.25, 8.125], "rotation": 180, "texture": "#1"},
				"west": {"uv": [8.125, 8.125, 8.25, 8.25], "texture": "#1"},
				"up": {"uv": [8, 8.25, 8.25, 8.125], "rotation": 180, "texture": "#1"},
				"down": {"uv": [8.25, 8.25, 8, 8.125], "texture": "#1"}
			}
		},
		{
			"name": "chaosfistsdesign_37",
			"from": [12.36795, 5.8252, 4.01335],
			"to": [12.95285, 6.995, 5.00163],
			"rotation": {"angle": 0, "axis": "y", "origin": [8, 13.41814, 1.26145]},
			"faces": {
				"north": {"uv": [8.25, 8.25, 8.375, 8.5], "texture": "#1"},
				"east": {"uv": [8.25, 8.25, 8.375, 8.5], "texture": "#1"},
				"south": {"uv": [8.25, 8.5, 8.375, 8.25], "rotation": 180, "texture": "#1"},
				"west": {"uv": [8.25, 8.25, 8.375, 8.5], "texture": "#1"},
				"up": {"uv": [8.25, 8.375, 8.375, 8.25], "rotation": 180, "texture": "#1"},
				"down": {"uv": [8.375, 8.5, 8.25, 8.375], "texture": "#1"}
			}
		},
		{
			"name": "chaosfistsdesign_47",
			"from": [11.78304, 5.2403, 4.01335],
			"to": [12.36795, 5.8252, 5.00163],
			"rotation": {"angle": 0, "axis": "y", "origin": [8, 13.41814, 1.26145]},
			"faces": {
				"north": {"uv": [8.375, 8.5, 8.5, 8.625], "texture": "#1"},
				"east": {"uv": [8.375, 8.5, 8.5, 8.625], "texture": "#1"},
				"south": {"uv": [8.375, 8.625, 8.5, 8.5], "rotation": 180, "texture": "#1"},
				"west": {"uv": [8.375, 8.5, 8.5, 8.625], "texture": "#1"},
				"up": {"uv": [8.375, 8.625, 8.5, 8.5], "rotation": 180, "texture": "#1"},
				"down": {"uv": [8.5, 8.625, 8.375, 8.5], "texture": "#1"}
			}
		},
		{
			"name": "chaosfistsdesign_55",
			"from": [12.36795, 4.07049, 4.01335],
			"to": [12.95285, 5.2403, 5.00163],
			"rotation": {"angle": 0, "axis": "y", "origin": [8, 13.41814, 1.26145]},
			"faces": {
				"north": {"uv": [8.25, 8.625, 8.375, 8.875], "texture": "#1"},
				"east": {"uv": [8.25, 8.625, 8.375, 8.875], "texture": "#1"},
				"south": {"uv": [8.25, 8.875, 8.375, 8.625], "rotation": 180, "texture": "#1"},
				"west": {"uv": [8.25, 8.625, 8.375, 8.875], "texture": "#1"},
				"up": {"uv": [8.25, 8.75, 8.375, 8.625], "rotation": 180, "texture": "#1"},
				"down": {"uv": [8.375, 8.875, 8.25, 8.75], "texture": "#1"}
			}
		},
		{
			"name": "chaosfistsdesign_64",
			"from": [12.95285, 3.48559, 4.01335],
			"to": [14.12265, 4.07049, 5.00163],
			"rotation": {"angle": 0, "axis": "y", "origin": [8, 13.41814, 1.26145]},
			"faces": {
				"north": {"uv": [8, 8.875, 8.25, 9], "texture": "#1"},
				"east": {"uv": [8, 8.875, 8.125, 9], "texture": "#1"},
				"south": {"uv": [8, 9, 8.25, 8.875], "rotation": 180, "texture": "#1"},
				"west": {"uv": [8.125, 8.875, 8.25, 9], "texture": "#1"},
				"up": {"uv": [8, 9, 8.25, 8.875], "rotation": 180, "texture": "#1"},
				"down": {"uv": [8.25, 9, 8, 8.875], "texture": "#1"}
			}
		}
	],
	"display": {
		"thirdperson_righthand": {
			"scale": [0, 0, 0]
		},
		"thirdperson_lefthand": {
			"scale": [0, 0, 0]
		},
		"firstperson_righthand": {
			"rotation": [-15, 0, 0],
			"translation": [-9, 3, -3.25]
		},
		"firstperson_lefthand": {
			"scale": [0, 0, 0]
		},
		"ground": {
			"scale": [0, 0, 0]
		},
		"gui": {
			"scale": [0, 0, 0]
		}
	},
	"groups": [
		{
			"name": "fist_1",
			"origin": [0, 0, 0],
			"color": 0,
			"children": [
				0,
				1,
				2,
				3,
				4,
				5,
				6,
				{
					"name": "chaosfistsdesign",
					"origin": [8, 8, 8],
					"color": 0,
					"children": [7, 8, 9, 10, 11, 12, 13, 14, 15, 16, 17, 18, 19, 20, 21, 22, 23, 24, 25, 26, 27, 28, 29, 30, 31, 32, 33, 34, 35, 36, 37]
				},
				{
					"name": "group",
					"origin": [-4.47, 0, 8.1742],
					"color": 0,
					"children": [38, 39, 40, 41, 42, 43, 44, 45, 46, 47, 48, 49, 50, 51, 52, 53, 54, 55, 56, 57, 58, 59, 60, 61, 62, 63, 64, 65, 66, 67, 68, 69, 70, 71, 72]
				}
			]
		},
		{
			"name": "fist_2",
			"origin": [0, 0, 0],
			"color": 0,
			"children": [
				73,
				74,
				75,
				76,
				77,
				78,
				79,
				{
					"name": "chaosfistsdesign",
					"origin": [8, 8, 8],
					"color": 0,
					"children": [80, 81, 82, 83, 84, 85, 86, 87, 88, 89, 90, 91, 92, 93, 94, 95, 96, 97, 98, 99, 100, 101, 102, 103, 104, 105, 106, 107, 108, 109, 110]
				},
				{
					"name": "group",
					"origin": [-4.47, 0, 8.1742],
					"color": 0,
					"children": [111, 112, 113, 114, 115, 116, 117, 118, 119, 120, 121, 122, 123, 124, 125, 126, 127, 128, 129, 130, 131, 132, 133, 134, 135, 136, 137, 138, 139, 140, 141, 142, 143, 144, 145]
				}
			]
		}
	]
}