{
	"credit": "Made with Blockbench",
	"texture_size": [32, 32],
	"textures": {
		"0": "custom/melee/chaosfists",
		"1": "custom/melee/chaosfistsdesign",
		"particle": "custom/melee/chaosfists"
	},
	"elements": [
		{
			"from": [8.89752, 4, 3.92858],
			"to": [10.89752, 9, 11.92858],
			"rotation": {"angle": -22.5, "axis": "y", "origin": [8, 7.76483, 8]},
			"faces": {
				"north": {"uv": [4, 9, 3, 11.5], "texture": "#0"},
				"east": {"uv": [8, 0, 4, 2.5], "texture": "#0"},
				"south": {"uv": [9, 10, 8, 12.5], "texture": "#0"},
				"west": {"uv": [8, 2.5, 4, 5], "texture": "#0"},
				"up": {"uv": [8, 1, 12, 0], "rotation": 90, "texture": "#0"},
				"down": {"uv": [8, 1, 12, 2], "rotation": 270, "texture": "#0"}
			}
		},
		{
			"from": [4.89752, 2, 3.92858],
			"to": [8.89752, 9, 11.92858],
			"rotation": {"angle": -22.5, "axis": "y", "origin": [8, 7.76483, 8]},
			"faces": {
				"north": {"uv": [6, 7, 4, 10.5], "texture": "#0"},
				"east": {"uv": [4, 0, 0, 3.5], "texture": "#0"},
				"south": {"uv": [8, 7, 6, 10.5], "texture": "#0"},
				"west": {"uv": [4, 3.5, 0, 7], "texture": "#0"},
				"up": {"uv": [4, 7, 8, 5], "rotation": 90, "texture": "#0"},
				"down": {"uv": [0, 7, 4, 9], "rotation": 270, "texture": "#0"}
			}
		},
		{
			"from": [4.89752, 0, 5.92858],
			"to": [8.89752, 2, 9.92857],
			"rotation": {"angle": -22.5, "axis": "y", "origin": [8, 7.76483, 8]},
			"faces": {
				"north": {"uv": [8, 10.5, 6, 11.5], "texture": "#0"},
				"east": {"uv": [6, 10.5, 4, 11.5], "texture": "#0"},
				"south": {"uv": [12.5, 7, 10.5, 8], "texture": "#0"},
				"west": {"uv": [12.5, 6, 10.5, 7], "texture": "#0"},
				"up": {"uv": [8, 4, 10, 2], "rotation": 90, "texture": "#0"},
				"down": {"uv": [8, 4, 10, 6], "rotation": 270, "texture": "#0"}
			}
		},
		{
			"from": [10.89752, 4, 6.92858],
			"to": [12.89752, 7, 11.92858],
			"rotation": {"angle": -22.5, "axis": "y", "origin": [8, 7.76483, 8]},
			"faces": {
				"north": {"uv": [3, 11, 2, 12.5], "texture": "#0"},
				"east": {"uv": [10.5, 6, 8, 7.5], "texture": "#0"},
				"south": {"uv": [10, 11, 9, 12.5], "texture": "#0"},
				"west": {"uv": [10.5, 7.5, 8, 9], "texture": "#0"},
				"up": {"uv": [10, 6, 12.5, 5], "rotation": 90, "texture": "#0"},
				"down": {"uv": [9, 10, 11.5, 11], "rotation": 270, "texture": "#0"}
			}
		},
		{
			"from": [8.89752, 2, 8.92857],
			"to": [12.89752, 4, 11.92858],
			"rotation": {"angle": -22.5, "axis": "y", "origin": [8, 7.76483, 8]},
			"faces": {
				"north": {"uv": [12.5, 8, 10.5, 9], "texture": "#0"},
				"east": {"uv": [12.5, 9, 11, 10], "texture": "#0"},
				"south": {"uv": [2, 11, 0, 12], "texture": "#0"},
				"west": {"uv": [11.5, 11, 10, 12], "texture": "#0"},
				"up": {"uv": [0, 11, 1.5, 9], "rotation": 90, "texture": "#0"},
				"down": {"uv": [1.5, 9, 3, 11], "rotation": 270, "texture": "#0"}
			}
		},
		{
			"from": [4.89752, 9, 9.42857],
			"to": [10.89752, 11, 9.42857],
			"rotation": {"angle": -22.5, "axis": "y", "origin": [8, 7.76483, 8]},
			"faces": {
				"north": {"uv": [10, 4, 13, 5], "texture": "#0"},
				"east": {"uv": [0, 0, 0, 1], "texture": "#0"},
				"south": {"uv": [13, 4, 10, 5], "texture": "#0"},
				"west": {"uv": [0, 0, 0, 1], "texture": "#0"},
				"up": {"uv": [0, 3, 0, 0], "rotation": 90, "texture": "#0"},
				"down": {"uv": [0, 0, 0, 3], "rotation": 270, "texture": "#0"}
			}
		},
		{
			"from": [4.89752, 9, 6.57144],
			"to": [10.89752, 11, 6.57144],
			"rotation": {"angle": -22.5, "axis": "y", "origin": [8, 7.76483, 8]},
			"faces": {
				"north": {"uv": [10, 4, 13, 5], "texture": "#0"},
				"east": {"uv": [0, 0, 0, 1], "texture": "#0"},
				"south": {"uv": [13, 4, 10, 5], "texture": "#0"},
				"west": {"uv": [0, 0, 0, 1], "texture": "#0"},
				"up": {"uv": [0, 3, 0, 0], "rotation": 90, "texture": "#0"},
				"down": {"uv": [0, 0, 0, 3], "rotation": 270, "texture": "#0"}
			}
		},
		{
			"name": "chaosfistsdesign_0",
			"from": [7.21034, 11.82613, 7.75423],
			"to": [7.21034, 17.23318, 8.24577],
			"rotation": {"angle": -22.5, "axis": "y", "origin": [8, 7.76483, 8]},
			"faces": {
				"north": {"uv": [7.875, 3.625, 7.75, 5], "texture": "#1"},
				"east": {"uv": [7.875, 5, 7.75, 3.625], "rotation": 180, "texture": "#1"},
				"south": {"uv": [7.875, 3.625, 7.75, 5], "texture": "#1"},
				"west": {"uv": [7.875, 3.625, 7.75, 5], "texture": "#1"},
				"up": {"uv": [7.75, 3.625, 7.875, 3.75], "rotation": 270, "texture": "#1"},
				"down": {"uv": [7.875, 4.875, 7.75, 5], "rotation": 270, "texture": "#1"}
			}
		},
		{
			"name": "chaosfistsdesign_1",
			"from": [7.21034, 10.84303, 8.24577],
			"to": [7.21034, 16.25008, 8.73733],
			"rotation": {"angle": -22.5, "axis": "y", "origin": [8, 7.76483, 8]},
			"faces": {
				"north": {"uv": [7.75, 3.875, 7.625, 5.25], "texture": "#1"},
				"east": {"uv": [7.75, 5.25, 7.625, 3.875], "rotation": 180, "texture": "#1"},
				"south": {"uv": [7.75, 3.875, 7.625, 5.25], "texture": "#1"},
				"west": {"uv": [7.75, 3.875, 7.625, 5.25], "texture": "#1"},
				"up": {"uv": [7.625, 3.875, 7.75, 4], "rotation": 270, "texture": "#1"},
				"down": {"uv": [7.75, 5.125, 7.625, 5.25], "rotation": 270, "texture": "#1"}
			}
		},
		{
			"name": "chaosfistsdesign_2",
			"from": [7.21034, 10.84303, 7.26268],
			"to": [7.21034, 16.25008, 7.75423],
			"rotation": {"angle": -22.5, "axis": "y", "origin": [8, 7.76483, 8]},
			"faces": {
				"north": {"uv": [8, 3.875, 7.875, 5.25], "texture": "#1"},
				"east": {"uv": [8, 5.25, 7.875, 3.875], "rotation": 180, "texture": "#1"},
				"south": {"uv": [8, 3.875, 7.875, 5.25], "texture": "#1"},
				"west": {"uv": [8, 3.875, 7.875, 5.25], "texture": "#1"},
				"up": {"uv": [7.875, 3.875, 8, 4], "rotation": 270, "texture": "#1"},
				"down": {"uv": [8, 5.125, 7.875, 5.25], "rotation": 270, "texture": "#1"}
			}
		},
		{
			"name": "chaosfistsdesign_3",
			"from": [7.21034, 12.80923, 9.22888],
			"to": [7.21034, 15.75853, 9.72043],
			"rotation": {"angle": -22.5, "axis": "y", "origin": [8, 7.76483, 8]},
			"faces": {
				"north": {"uv": [7.5, 4, 7.375, 4.75], "texture": "#1"},
				"east": {"uv": [7.5, 4.75, 7.375, 4], "rotation": 180, "texture": "#1"},
				"south": {"uv": [7.5, 4, 7.375, 4.75], "texture": "#1"},
				"west": {"uv": [7.5, 4, 7.375, 4.75], "texture": "#1"},
				"up": {"uv": [7.375, 4, 7.5, 4.125], "rotation": 270, "texture": "#1"},
				"down": {"uv": [7.5, 4.625, 7.375, 4.75], "rotation": 270, "texture": "#1"}
			}
		},
		{
			"name": "chaosfistsdesign_4",
			"from": [7.21034, 12.80923, 6.27958],
			"to": [7.21034, 15.75853, 6.77114],
			"rotation": {"angle": -22.5, "axis": "y", "origin": [8, 7.76483, 8]},
			"faces": {
				"north": {"uv": [8.25, 4, 8.125, 4.75], "texture": "#1"},
				"east": {"uv": [8.25, 4.75, 8.125, 4], "rotation": 180, "texture": "#1"},
				"south": {"uv": [8.25, 4, 8.125, 4.75], "texture": "#1"},
				"west": {"uv": [8.25, 4, 8.125, 4.75], "texture": "#1"},
				"up": {"uv": [8.125, 4, 8.25, 4.125], "rotation": 270, "texture": "#1"},
				"down": {"uv": [8.25, 4.625, 8.125, 4.75], "rotation": 270, "texture": "#1"}
			}
		},
		{
			"name": "chaosfistsdesign_5",
			"from": [7.21034, 12.31768, 9.72043],
			"to": [7.21034, 15.26698, 10.21198],
			"rotation": {"angle": -22.5, "axis": "y", "origin": [8, 7.76483, 8]},
			"faces": {
				"north": {"uv": [7.375, 4.125, 7.25, 4.875], "texture": "#1"},
				"east": {"uv": [7.375, 4.875, 7.25, 4.125], "rotation": 180, "texture": "#1"},
				"south": {"uv": [7.375, 4.125, 7.25, 4.875], "texture": "#1"},
				"west": {"uv": [7.375, 4.125, 7.25, 4.875], "texture": "#1"},
				"up": {"uv": [7.25, 4.125, 7.375, 4.25], "rotation": 270, "texture": "#1"},
				"down": {"uv": [7.375, 4.75, 7.25, 4.875], "rotation": 270, "texture": "#1"}
			}
		},
		{
			"name": "chaosfistsdesign_6",
			"from": [7.21034, 12.31768, 5.78804],
			"to": [7.21034, 15.26698, 6.27958],
			"rotation": {"angle": -22.5, "axis": "y", "origin": [8, 7.76483, 8]},
			"faces": {
				"north": {"uv": [8.375, 4.125, 8.25, 4.875], "texture": "#1"},
				"east": {"uv": [8.375, 4.875, 8.25, 4.125], "rotation": 180, "texture": "#1"},
				"south": {"uv": [8.375, 4.125, 8.25, 4.875], "texture": "#1"},
				"west": {"uv": [8.375, 4.125, 8.25, 4.875], "texture": "#1"},
				"up": {"uv": [8.25, 4.125, 8.375, 4.25], "rotation": 270, "texture": "#1"},
				"down": {"uv": [8.375, 4.75, 8.25, 4.875], "rotation": 270, "texture": "#1"}
			}
		},
		{
			"name": "chaosfistsdesign_7",
			"from": [7.21034, 12.31768, 10.21198],
			"to": [7.21034, 13.79233, 11.19509],
			"rotation": {"angle": -22.5, "axis": "y", "origin": [8, 7.76483, 8]},
			"faces": {
				"north": {"uv": [7.25, 4.5, 7.125, 4.875], "texture": "#1"},
				"east": {"uv": [7.25, 4.875, 7, 4.5], "rotation": 180, "texture": "#1"},
				"south": {"uv": [7.125, 4.5, 7, 4.875], "texture": "#1"},
				"west": {"uv": [7.25, 4.5, 7, 4.875], "texture": "#1"},
				"up": {"uv": [7, 4.5, 7.25, 4.625], "rotation": 270, "texture": "#1"},
				"down": {"uv": [7.25, 4.75, 7, 4.875], "rotation": 270, "texture": "#1"}
			}
		},
		{
			"name": "chaosfistsdesign_8",
			"from": [7.21034, 12.31768, 4.80492],
			"to": [7.21034, 13.79233, 5.78804],
			"rotation": {"angle": -22.5, "axis": "y", "origin": [8, 7.76483, 8]},
			"faces": {
				"north": {"uv": [8.625, 4.5, 8.5, 4.875], "texture": "#1"},
				"east": {"uv": [8.625, 4.875, 8.375, 4.5], "rotation": 180, "texture": "#1"},
				"south": {"uv": [8.5, 4.5, 8.375, 4.875], "texture": "#1"},
				"west": {"uv": [8.625, 4.5, 8.375, 4.875], "texture": "#1"},
				"up": {"uv": [8.375, 4.5, 8.625, 4.625], "rotation": 270, "texture": "#1"},
				"down": {"uv": [8.625, 4.75, 8.375, 4.875], "rotation": 270, "texture": "#1"}
			}
		},
		{
			"name": "chaosfistsdesign_9",
			"from": [7.21034, 11.82613, 11.19509],
			"to": [7.21034, 13.30078, 12.17818],
			"rotation": {"angle": -22.5, "axis": "y", "origin": [8, 7.76483, 8]},
			"faces": {
				"north": {"uv": [7, 4.625, 6.875, 5], "texture": "#1"},
				"east": {"uv": [7, 5, 6.75, 4.625], "rotation": 180, "texture": "#1"},
				"south": {"uv": [6.875, 4.625, 6.75, 5], "texture": "#1"},
				"west": {"uv": [7, 4.625, 6.75, 5], "texture": "#1"},
				"up": {"uv": [6.75, 4.625, 7, 4.75], "rotation": 270, "texture": "#1"},
				"down": {"uv": [7, 4.875, 6.75, 5], "rotation": 270, "texture": "#1"}
			}
		},
		{
			"name": "chaosfistsdesign_10",
			"from": [7.21034, 11.82613, 8.73733],
			"to": [7.21034, 13.30078, 9.22888],
			"rotation": {"angle": -22.5, "axis": "y", "origin": [8, 7.76483, 8]},
			"faces": {
				"north": {"uv": [7.625, 4.625, 7.5, 5], "texture": "#1"},
				"east": {"uv": [7.625, 5, 7.5, 4.625], "rotation": 180, "texture": "#1"},
				"south": {"uv": [7.625, 4.625, 7.5, 5], "texture": "#1"},
				"west": {"uv": [7.625, 4.625, 7.5, 5], "texture": "#1"},
				"up": {"uv": [7.5, 4.625, 7.625, 4.75], "rotation": 270, "texture": "#1"},
				"down": {"uv": [7.625, 4.875, 7.5, 5], "rotation": 270, "texture": "#1"}
			}
		},
		{
			"name": "chaosfistsdesign_11",
			"from": [7.21034, 11.82613, 6.77114],
			"to": [7.21034, 13.30078, 7.26268],
			"rotation": {"angle": -22.5, "axis": "y", "origin": [8, 7.76483, 8]},
			"faces": {
				"north": {"uv": [8.125, 4.625, 8, 5], "texture": "#1"},
				"east": {"uv": [8.125, 5, 8, 4.625], "rotation": 180, "texture": "#1"},
				"south": {"uv": [8.125, 4.625, 8, 5], "texture": "#1"},
				"west": {"uv": [8.125, 4.625, 8, 5], "texture": "#1"},
				"up": {"uv": [8, 4.625, 8.125, 4.75], "rotation": 270, "texture": "#1"},
				"down": {"uv": [8.125, 4.875, 8, 5], "rotation": 270, "texture": "#1"}
			}
		},
		{
			"name": "chaosfistsdesign_12",
			"from": [7.21034, 11.82613, 3.82182],
			"to": [7.21034, 13.30078, 4.80492],
			"rotation": {"angle": -22.5, "axis": "y", "origin": [8, 7.76483, 8]},
			"faces": {
				"north": {"uv": [8.875, 4.625, 8.75, 5], "texture": "#1"},
				"east": {"uv": [8.875, 5, 8.625, 4.625], "rotation": 180, "texture": "#1"},
				"south": {"uv": [8.75, 4.625, 8.625, 5], "texture": "#1"},
				"west": {"uv": [8.875, 4.625, 8.625, 5], "texture": "#1"},
				"up": {"uv": [8.625, 4.625, 8.875, 4.75], "rotation": 270, "texture": "#1"},
				"down": {"uv": [8.875, 4.875, 8.625, 5], "rotation": 270, "texture": "#1"}
			}
		},
		{
			"name": "chaosfistsdesign_13",
			"from": [7.21034, 11.33458, 12.17818],
			"to": [7.21034, 12.80923, 13.16128],
			"rotation": {"angle": -22.5, "axis": "y", "origin": [8, 7.76483, 8]},
			"faces": {
				"north": {"uv": [6.75, 4.75, 6.625, 5.125], "texture": "#1"},
				"east": {"uv": [6.75, 5.125, 6.5, 4.75], "rotation": 180, "texture": "#1"},
				"south": {"uv": [6.625, 4.75, 6.5, 5.125], "texture": "#1"},
				"west": {"uv": [6.75, 4.75, 6.5, 5.125], "texture": "#1"},
				"up": {"uv": [6.5, 4.75, 6.75, 4.875], "rotation": 270, "texture": "#1"},
				"down": {"uv": [6.75, 5, 6.5, 5.125], "rotation": 270, "texture": "#1"}
			}
		},
		{
			"name": "chaosfistsdesign_14",
			"from": [7.21034, 11.33458, 2.83873],
			"to": [7.21034, 12.80923, 3.82182],
			"rotation": {"angle": -22.5, "axis": "y", "origin": [8, 7.76483, 8]},
			"faces": {
				"north": {"uv": [9.125, 4.75, 9, 5.125], "texture": "#1"},
				"east": {"uv": [9.125, 5.125, 8.875, 4.75], "rotation": 180, "texture": "#1"},
				"south": {"uv": [9, 4.75, 8.875, 5.125], "texture": "#1"},
				"west": {"uv": [9.125, 4.75, 8.875, 5.125], "texture": "#1"},
				"up": {"uv": [8.875, 4.75, 9.125, 4.875], "rotation": 270, "texture": "#1"},
				"down": {"uv": [9.125, 5, 8.875, 5.125], "rotation": 270, "texture": "#1"}
			}
		},
		{
			"name": "chaosfistsdesign_15",
			"from": [7.21034, 8.87683, 13.16128],
			"to": [7.21034, 12.31768, 13.65284],
			"rotation": {"angle": -22.5, "axis": "y", "origin": [8, 7.76483, 8]},
			"faces": {
				"north": {"uv": [6.5, 4.875, 6.375, 5.75], "texture": "#1"},
				"east": {"uv": [6.5, 5.75, 6.375, 4.875], "rotation": 180, "texture": "#1"},
				"south": {"uv": [6.5, 4.875, 6.375, 5.75], "texture": "#1"},
				"west": {"uv": [6.5, 4.875, 6.375, 5.75], "texture": "#1"},
				"up": {"uv": [6.375, 4.875, 6.5, 5], "rotation": 270, "texture": "#1"},
				"down": {"uv": [6.5, 5.625, 6.375, 5.75], "rotation": 270, "texture": "#1"}
			}
		},
		{
			"name": "chaosfistsdesign_16",
			"from": [7.21034, 8.87683, 2.34717],
			"to": [7.21034, 12.31768, 2.83873],
			"rotation": {"angle": -22.5, "axis": "y", "origin": [8, 7.76483, 8]},
			"faces": {
				"north": {"uv": [9.25, 4.875, 9.125, 5.75], "texture": "#1"},
				"east": {"uv": [9.25, 5.75, 9.125, 4.875], "rotation": 180, "texture": "#1"},
				"south": {"uv": [9.25, 4.875, 9.125, 5.75], "texture": "#1"},
				"west": {"uv": [9.25, 4.875, 9.125, 5.75], "texture": "#1"},
				"up": {"uv": [9.125, 4.875, 9.25, 5], "rotation": 270, "texture": "#1"},
				"down": {"uv": [9.25, 5.625, 9.125, 5.75], "rotation": 270, "texture": "#1"}
			}
		},
		{
			"name": "chaosfistsdesign_17",
			"from": [7.21034, 10.35148, 13.65284],
			"to": [7.21034, 11.33458, 14.14438],
			"rotation": {"angle": -22.5, "axis": "y", "origin": [8, 7.76483, 8]},
			"faces": {
				"north": {"uv": [6.375, 5.125, 6.25, 5.375], "texture": "#1"},
				"east": {"uv": [6.375, 5.375, 6.25, 5.125], "rotation": 180, "texture": "#1"},
				"south": {"uv": [6.375, 5.125, 6.25, 5.375], "texture": "#1"},
				"west": {"uv": [6.375, 5.125, 6.25, 5.375], "texture": "#1"},
				"up": {"uv": [6.25, 5.125, 6.375, 5.25], "rotation": 270, "texture": "#1"},
				"down": {"uv": [6.375, 5.25, 6.25, 5.375], "rotation": 270, "texture": "#1"}
			}
		},
		{
			"name": "chaosfistsdesign_18",
			"from": [7.21034, 10.84303, 12.66973],
			"to": [7.21034, 11.33458, 13.16128],
			"rotation": {"angle": -22.5, "axis": "y", "origin": [8, 7.76483, 8]},
			"faces": {
				"north": {"uv": [6.625, 5.125, 6.5, 5.25], "texture": "#1"},
				"east": {"uv": [6.625, 5.25, 6.5, 5.125], "rotation": 180, "texture": "#1"},
				"south": {"uv": [6.625, 5.125, 6.5, 5.25], "texture": "#1"},
				"west": {"uv": [6.625, 5.125, 6.5, 5.25], "texture": "#1"},
				"up": {"uv": [6.5, 5.125, 6.625, 5.25], "rotation": 270, "texture": "#1"},
				"down": {"uv": [6.625, 5.125, 6.5, 5.25], "rotation": 270, "texture": "#1"}
			}
		},
		{
			"name": "chaosfistsdesign_19",
			"from": [7.21034, 10.84303, 2.83873],
			"to": [7.21034, 11.33458, 3.33027],
			"rotation": {"angle": -22.5, "axis": "y", "origin": [8, 7.76483, 8]},
			"faces": {
				"north": {"uv": [9.125, 5.125, 9, 5.25], "texture": "#1"},
				"east": {"uv": [9.125, 5.25, 9, 5.125], "rotation": 180, "texture": "#1"},
				"south": {"uv": [9.125, 5.125, 9, 5.25], "texture": "#1"},
				"west": {"uv": [9.125, 5.125, 9, 5.25], "texture": "#1"},
				"up": {"uv": [9, 5.125, 9.125, 5.25], "rotation": 270, "texture": "#1"},
				"down": {"uv": [9.125, 5.125, 9, 5.25], "rotation": 270, "texture": "#1"}
			}
		},
		{
			"name": "chaosfistsdesign_20",
			"from": [7.21034, 10.35148, 1.85562],
			"to": [7.21034, 11.33458, 2.34717],
			"rotation": {"angle": -22.5, "axis": "y", "origin": [8, 7.76483, 8]},
			"faces": {
				"north": {"uv": [9.375, 5.125, 9.25, 5.375], "texture": "#1"},
				"east": {"uv": [9.375, 5.375, 9.25, 5.125], "rotation": 180, "texture": "#1"},
				"south": {"uv": [9.375, 5.125, 9.25, 5.375], "texture": "#1"},
				"west": {"uv": [9.375, 5.125, 9.25, 5.375], "texture": "#1"},
				"up": {"uv": [9.25, 5.125, 9.375, 5.25], "rotation": 270, "texture": "#1"},
				"down": {"uv": [9.375, 5.25, 9.25, 5.375], "rotation": 270, "texture": "#1"}
			}
		},
		{
			"name": "chaosfistsdesign_21",
			"from": [7.21034, 5.92753, 13.65284],
			"to": [7.21034, 9.36838, 14.14438],
			"rotation": {"angle": -22.5, "axis": "y", "origin": [8, 7.76483, 8]},
			"faces": {
				"north": {"uv": [6.375, 5.625, 6.25, 6.5], "texture": "#1"},
				"east": {"uv": [6.375, 6.5, 6.25, 5.625], "rotation": 180, "texture": "#1"},
				"south": {"uv": [6.375, 5.625, 6.25, 6.5], "texture": "#1"},
				"west": {"uv": [6.375, 5.625, 6.25, 6.5], "texture": "#1"},
				"up": {"uv": [6.25, 5.625, 6.375, 5.75], "rotation": 270, "texture": "#1"},
				"down": {"uv": [6.375, 6.375, 6.25, 6.5], "rotation": 270, "texture": "#1"}
			}
		},
		{
			"name": "chaosfistsdesign_22",
			"from": [7.21034, 5.92753, 1.85562],
			"to": [7.21034, 9.36838, 2.34717],
			"rotation": {"angle": -22.5, "axis": "y", "origin": [8, 7.76483, 8]},
			"faces": {
				"north": {"uv": [9.375, 5.625, 9.25, 6.5], "texture": "#1"},
				"east": {"uv": [9.375, 6.5, 9.25, 5.625], "rotation": 180, "texture": "#1"},
				"south": {"uv": [9.375, 5.625, 9.25, 6.5], "texture": "#1"},
				"west": {"uv": [9.375, 5.625, 9.25, 6.5], "texture": "#1"},
				"up": {"uv": [9.25, 5.625, 9.375, 5.75], "rotation": 270, "texture": "#1"},
				"down": {"uv": [9.375, 6.375, 9.25, 6.5], "rotation": 270, "texture": "#1"}
			}
		},
		{
			"name": "chaosfistsdesign_23",
			"from": [7.21034, 5.43598, 13.16128],
			"to": [7.21034, 6.41908, 13.65284],
			"rotation": {"angle": -22.5, "axis": "y", "origin": [8, 7.76483, 8]},
			"faces": {
				"north": {"uv": [6.5, 6.375, 6.375, 6.625], "texture": "#1"},
				"east": {"uv": [6.5, 6.625, 6.375, 6.375], "rotation": 180, "texture": "#1"},
				"south": {"uv": [6.5, 6.375, 6.375, 6.625], "texture": "#1"},
				"west": {"uv": [6.5, 6.375, 6.375, 6.625], "texture": "#1"},
				"up": {"uv": [6.375, 6.375, 6.5, 6.5], "rotation": 270, "texture": "#1"},
				"down": {"uv": [6.5, 6.5, 6.375, 6.625], "rotation": 270, "texture": "#1"}
			}
		},
		{
			"name": "chaosfistsdesign_24",
			"from": [7.21034, 5.43598, 2.34717],
			"to": [7.21034, 6.41908, 2.83873],
			"rotation": {"angle": -22.5, "axis": "y", "origin": [8, 7.76483, 8]},
			"faces": {
				"north": {"uv": [9.25, 6.375, 9.125, 6.625], "texture": "#1"},
				"east": {"uv": [9.25, 6.625, 9.125, 6.375], "rotation": 180, "texture": "#1"},
				"south": {"uv": [9.25, 6.375, 9.125, 6.625], "texture": "#1"},
				"west": {"uv": [9.25, 6.375, 9.125, 6.625], "texture": "#1"},
				"up": {"uv": [9.125, 6.375, 9.25, 6.5], "rotation": 270, "texture": "#1"},
				"down": {"uv": [9.25, 6.5, 9.125, 6.625], "rotation": 270, "texture": "#1"}
			}
		},
		{
			"name": "chaosfistsdesign_25",
			"from": [7.21034, 2.97823, 12.66973],
			"to": [7.21034, 5.92753, 13.16128],
			"rotation": {"angle": -22.5, "axis": "y", "origin": [8, 7.76483, 8]},
			"faces": {
				"north": {"uv": [6.625, 6.5, 6.5, 7.25], "texture": "#1"},
				"east": {"uv": [6.625, 7.25, 6.5, 6.5], "rotation": 180, "texture": "#1"},
				"south": {"uv": [6.625, 6.5, 6.5, 7.25], "texture": "#1"},
				"west": {"uv": [6.625, 6.5, 6.5, 7.25], "texture": "#1"},
				"up": {"uv": [6.5, 6.5, 6.625, 6.625], "rotation": 270, "texture": "#1"},
				"down": {"uv": [6.625, 7.125, 6.5, 7.25], "rotation": 270, "texture": "#1"}
			}
		},
		{
			"name": "chaosfistsdesign_26",
			"from": [7.21034, 2.97823, 2.83873],
			"to": [7.21034, 5.92753, 3.33027],
			"rotation": {"angle": -22.5, "axis": "y", "origin": [8, 7.76483, 8]},
			"faces": {
				"north": {"uv": [9.125, 6.5, 9, 7.25], "texture": "#1"},
				"east": {"uv": [9.125, 7.25, 9, 6.5], "rotation": 180, "texture": "#1"},
				"south": {"uv": [9.125, 6.5, 9, 7.25], "texture": "#1"},
				"west": {"uv": [9.125, 6.5, 9, 7.25], "texture": "#1"},
				"up": {"uv": [9, 6.5, 9.125, 6.625], "rotation": 270, "texture": "#1"},
				"down": {"uv": [9.125, 7.125, 9, 7.25], "rotation": 270, "texture": "#1"}
			}
		},
		{
			"name": "chaosfistsdesign_27",
			"from": [7.21034, 4.45288, 13.16128],
			"to": [7.21034, 4.94443, 13.65284],
			"rotation": {"angle": -22.5, "axis": "y", "origin": [8, 7.76483, 8]},
			"faces": {
				"north": {"uv": [6.5, 6.75, 6.375, 6.875], "texture": "#1"},
				"east": {"uv": [6.5, 6.875, 6.375, 6.75], "rotation": 180, "texture": "#1"},
				"south": {"uv": [6.5, 6.75, 6.375, 6.875], "texture": "#1"},
				"west": {"uv": [6.5, 6.75, 6.375, 6.875], "texture": "#1"},
				"up": {"uv": [6.375, 6.75, 6.5, 6.875], "rotation": 270, "texture": "#1"},
				"down": {"uv": [6.5, 6.75, 6.375, 6.875], "rotation": 270, "texture": "#1"}
			}
		},
		{
			"name": "chaosfistsdesign_28",
			"from": [7.21034, 4.45288, 2.34717],
			"to": [7.21034, 4.94443, 2.83873],
			"rotation": {"angle": -22.5, "axis": "y", "origin": [8, 7.76483, 8]},
			"faces": {
				"north": {"uv": [9.25, 6.75, 9.125, 6.875], "texture": "#1"},
				"east": {"uv": [9.25, 6.875, 9.125, 6.75], "rotation": 180, "texture": "#1"},
				"south": {"uv": [9.25, 6.75, 9.125, 6.875], "texture": "#1"},
				"west": {"uv": [9.25, 6.75, 9.125, 6.875], "texture": "#1"},
				"up": {"uv": [9.125, 6.75, 9.25, 6.875], "rotation": 270, "texture": "#1"},
				"down": {"uv": [9.25, 6.75, 9.125, 6.875], "rotation": 270, "texture": "#1"}
			}
		},
		{
			"name": "chaosfistsdesign_29",
			"from": [7.21034, 3.46978, 12.17818],
			"to": [7.21034, 3.96133, 12.66973],
			"rotation": {"angle": -22.5, "axis": "y", "origin": [8, 7.76483, 8]},
			"faces": {
				"north": {"uv": [6.75, 7, 6.625, 7.125], "texture": "#1"},
				"east": {"uv": [6.75, 7.125, 6.625, 7], "rotation": 180, "texture": "#1"},
				"south": {"uv": [6.75, 7, 6.625, 7.125], "texture": "#1"},
				"west": {"uv": [6.75, 7, 6.625, 7.125], "texture": "#1"},
				"up": {"uv": [6.625, 7, 6.75, 7.125], "rotation": 270, "texture": "#1"},
				"down": {"uv": [6.75, 7, 6.625, 7.125], "rotation": 270, "texture": "#1"}
			}
		},
		{
			"name": "chaosfistsdesign_30",
			"from": [7.21034, 3.46978, 3.33027],
			"to": [7.21034, 3.96133, 3.82182],
			"rotation": {"angle": -22.5, "axis": "y", "origin": [8, 7.76483, 8]},
			"faces": {
				"north": {"uv": [9, 7, 8.875, 7.125], "texture": "#1"},
				"east": {"uv": [9, 7.125, 8.875, 7], "rotation": 180, "texture": "#1"},
				"south": {"uv": [9, 7, 8.875, 7.125], "texture": "#1"},
				"west": {"uv": [9, 7, 8.875, 7.125], "texture": "#1"},
				"up": {"uv": [8.875, 7, 9, 7.125], "rotation": 270, "texture": "#1"},
				"down": {"uv": [9, 7, 8.875, 7.125], "rotation": 270, "texture": "#1"}
			}
		},
		{
			"name": "chaosfistsdesign_47",
			"from": [3.50749, 5.2403, 10.04716],
			"to": [4.89915, 5.8252, 10.63205],
			"rotation": {"angle": -22.5, "axis": "y", "origin": [8, 7.76483, 8]},
			"faces": {
				"north": {"uv": [8.75, 8.5, 8.625, 8.625], "texture": "#1"},
				"east": {"uv": [8.75, 8.625, 8.625, 8.5], "rotation": 180, "texture": "#1"},
				"south": {"uv": [8.75, 8.5, 8.625, 8.625], "texture": "#1"},
				"west": {"uv": [8.75, 8.5, 8.625, 8.625], "texture": "#1"},
				"up": {"uv": [8.625, 8.5, 8.75, 8.625], "rotation": 270, "texture": "#1"},
				"down": {"uv": [8.75, 8.5, 8.625, 8.625], "rotation": 270, "texture": "#1"}
			}
		},
		{
			"name": "chaosfistsdesign_37",
			"from": [3.50749, 6.4101, 8.87735],
			"to": [4.89915, 6.995, 10.04716],
			"rotation": {"angle": -22.5, "axis": "y", "origin": [8, 7.76483, 8]},
			"faces": {
				"north": {"uv": [9, 8.25, 8.875, 8.375], "texture": "#1"},
				"east": {"uv": [9, 8.375, 8.75, 8.25], "rotation": 180, "texture": "#1"},
				"south": {"uv": [8.875, 8.25, 8.75, 8.375], "texture": "#1"},
				"west": {"uv": [9, 8.25, 8.75, 8.375], "texture": "#1"},
				"up": {"uv": [8.75, 8.25, 9, 8.375], "rotation": 270, "texture": "#1"},
				"down": {"uv": [9, 8.25, 8.75, 8.375], "rotation": 270, "texture": "#1"}
			}
		},
		{
			"name": "chaosfistsdesign_40",
			"from": [3.50749, 5.8252, 9.46226],
			"to": [4.89915, 6.4101, 10.04716],
			"rotation": {"angle": -22.5, "axis": "y", "origin": [8, 7.76483, 8]},
			"faces": {
				"north": {"uv": [8.875, 8.375, 8.75, 8.5], "texture": "#1"},
				"east": {"uv": [8.875, 8.5, 8.75, 8.375], "rotation": 180, "texture": "#1"},
				"south": {"uv": [8.875, 8.375, 8.75, 8.5], "texture": "#1"},
				"west": {"uv": [8.875, 8.375, 8.75, 8.5], "texture": "#1"},
				"up": {"uv": [8.75, 8.375, 8.875, 8.5], "rotation": 270, "texture": "#1"},
				"down": {"uv": [8.875, 8.375, 8.75, 8.5], "rotation": 270, "texture": "#1"}
			}
		},
		{
			"name": "chaosfistsdesign_55",
			"from": [3.50749, 4.07049, 9.46226],
			"to": [4.89915, 5.2403, 10.04716],
			"rotation": {"angle": -22.5, "axis": "y", "origin": [8, 7.76483, 8]},
			"faces": {
				"north": {"uv": [8.875, 8.625, 8.75, 8.875], "texture": "#1"},
				"east": {"uv": [8.875, 8.875, 8.75, 8.625], "rotation": 180, "texture": "#1"},
				"south": {"uv": [8.875, 8.625, 8.75, 8.875], "texture": "#1"},
				"west": {"uv": [8.875, 8.625, 8.75, 8.875], "texture": "#1"},
				"up": {"uv": [8.75, 8.625, 8.875, 8.75], "rotation": 270, "texture": "#1"},
				"down": {"uv": [8.875, 8.75, 8.75, 8.875], "rotation": 270, "texture": "#1"}
			}
		},
		{
			"name": "chaosfistsdesign_59",
			"from": [3.50749, 4.07049, 8.87735],
			"to": [4.89915, 4.6554, 9.46226],
			"rotation": {"angle": -22.5, "axis": "y", "origin": [8, 7.76483, 8]},
			"faces": {
				"north": {"uv": [9, 8.75, 8.875, 8.875], "texture": "#1"},
				"east": {"uv": [9, 8.875, 8.875, 8.75], "rotation": 180, "texture": "#1"},
				"south": {"uv": [9, 8.75, 8.875, 8.875], "texture": "#1"},
				"west": {"uv": [9, 8.75, 8.875, 8.875], "texture": "#1"},
				"up": {"uv": [8.875, 8.75, 9, 8.875], "rotation": 270, "texture": "#1"},
				"down": {"uv": [9, 8.75, 8.875, 8.875], "rotation": 270, "texture": "#1"}
			}
		},
		{
			"name": "chaosfistsdesign_64",
			"from": [3.50749, 3.48559, 7.12266],
			"to": [4.89915, 4.07049, 8.87735],
			"rotation": {"angle": -22.5, "axis": "y", "origin": [8, 7.76483, 8]},
			"faces": {
				"north": {"uv": [9.375, 8.875, 9.25, 9], "texture": "#1"},
				"east": {"uv": [9.375, 9, 9, 8.875], "rotation": 180, "texture": "#1"},
				"south": {"uv": [9.125, 8.875, 9, 9], "texture": "#1"},
				"west": {"uv": [9.375, 8.875, 9, 9], "texture": "#1"},
				"up": {"uv": [9, 8.875, 9.375, 9], "rotation": 270, "texture": "#1"},
				"down": {"uv": [9.375, 8.875, 9, 9], "rotation": 270, "texture": "#1"}
			}
		},
		{
			"name": "chaosfistsdesign_56",
			"from": [3.50749, 4.07049, 5.95285],
			"to": [4.89915, 5.2403, 6.53776],
			"rotation": {"angle": -22.5, "axis": "y", "origin": [8, 7.76483, 8]},
			"faces": {
				"north": {"uv": [9.625, 8.625, 9.5, 8.875], "texture": "#1"},
				"east": {"uv": [9.625, 8.875, 9.5, 8.625], "rotation": 180, "texture": "#1"},
				"south": {"uv": [9.625, 8.625, 9.5, 8.875], "texture": "#1"},
				"west": {"uv": [9.625, 8.625, 9.5, 8.875], "texture": "#1"},
				"up": {"uv": [9.5, 8.625, 9.625, 8.75], "rotation": 270, "texture": "#1"},
				"down": {"uv": [9.625, 8.75, 9.5, 8.875], "rotation": 270, "texture": "#1"}
			}
		},
		{
			"name": "chaosfistsdesign_60",
			"from": [3.50749, 4.07049, 6.53776],
			"to": [4.89915, 4.6554, 7.12266],
			"rotation": {"angle": -22.5, "axis": "y", "origin": [8, 7.76483, 8]},
			"faces": {
				"north": {"uv": [9.5, 8.75, 9.375, 8.875], "texture": "#1"},
				"east": {"uv": [9.5, 8.875, 9.375, 8.75], "rotation": 180, "texture": "#1"},
				"south": {"uv": [9.5, 8.75, 9.375, 8.875], "texture": "#1"},
				"west": {"uv": [9.5, 8.75, 9.375, 8.875], "texture": "#1"},
				"up": {"uv": [9.375, 8.75, 9.5, 8.875], "rotation": 270, "texture": "#1"},
				"down": {"uv": [9.5, 8.75, 9.375, 8.875], "rotation": 270, "texture": "#1"}
			}
		},
		{
			"name": "chaosfistsdesign_48",
			"from": [3.50749, 5.2403, 5.36796],
			"to": [4.89915, 5.8252, 5.95285],
			"rotation": {"angle": -22.5, "axis": "y", "origin": [8, 7.76483, 8]},
			"faces": {
				"north": {"uv": [9.75, 8.5, 9.625, 8.625], "texture": "#1"},
				"east": {"uv": [9.75, 8.625, 9.625, 8.5], "rotation": 180, "texture": "#1"},
				"south": {"uv": [9.75, 8.5, 9.625, 8.625], "texture": "#1"},
				"west": {"uv": [9.75, 8.5, 9.625, 8.625], "texture": "#1"},
				"up": {"uv": [9.625, 8.5, 9.75, 8.625], "rotation": 270, "texture": "#1"},
				"down": {"uv": [9.75, 8.5, 9.625, 8.625], "rotation": 270, "texture": "#1"}
			}
		},
		{
			"name": "chaosfistsdesign_38",
			"from": [3.50749, 6.4101, 5.95285],
			"to": [4.89915, 6.995, 7.12266],
			"rotation": {"angle": -22.5, "axis": "y", "origin": [8, 7.76483, 8]},
			"faces": {
				"north": {"uv": [9.625, 8.25, 9.5, 8.375], "texture": "#1"},
				"east": {"uv": [9.625, 8.375, 9.375, 8.25], "rotation": 180, "texture": "#1"},
				"south": {"uv": [9.5, 8.25, 9.375, 8.375], "texture": "#1"},
				"west": {"uv": [9.625, 8.25, 9.375, 8.375], "texture": "#1"},
				"up": {"uv": [9.375, 8.25, 9.625, 8.375], "rotation": 270, "texture": "#1"},
				"down": {"uv": [9.625, 8.25, 9.375, 8.375], "rotation": 270, "texture": "#1"}
			}
		},
		{
			"name": "chaosfistsdesign_41",
			"from": [3.50749, 5.8252, 5.95285],
			"to": [4.89915, 6.4101, 6.53776],
			"rotation": {"angle": -22.5, "axis": "y", "origin": [8, 7.76483, 8]},
			"faces": {
				"north": {"uv": [9.625, 8.375, 9.5, 8.5], "texture": "#1"},
				"east": {"uv": [9.625, 8.5, 9.5, 8.375], "rotation": 180, "texture": "#1"},
				"south": {"uv": [9.625, 8.375, 9.5, 8.5], "texture": "#1"},
				"west": {"uv": [9.625, 8.375, 9.5, 8.5], "texture": "#1"},
				"up": {"uv": [9.5, 8.375, 9.625, 8.5], "rotation": 270, "texture": "#1"},
				"down": {"uv": [9.625, 8.375, 9.5, 8.5], "rotation": 270, "texture": "#1"}
			}
		},
		{
			"name": "chaosfistsdesign_34",
			"from": [3.50749, 6.995, 7.12266],
			"to": [4.89915, 7.5799, 8.87735],
			"rotation": {"angle": -22.5, "axis": "y", "origin": [8, 7.76483, 8]},
			"faces": {
				"north": {"uv": [9.375, 8.125, 9.25, 8.25], "texture": "#1"},
				"east": {"uv": [9.375, 8.25, 9, 8.125], "rotation": 180, "texture": "#1"},
				"south": {"uv": [9.125, 8.125, 9, 8.25], "texture": "#1"},
				"west": {"uv": [9.375, 8.125, 9, 8.25], "texture": "#1"},
				"up": {"uv": [9, 8.125, 9.375, 8.25], "rotation": 270, "texture": "#1"},
				"down": {"uv": [9.375, 8.125, 9, 8.25], "rotation": 270, "texture": "#1"}
			}
		},
		{
			"name": "chaosfistsdesign_49",
			"from": [3.3058, 5.2403, 9.46226],
			"to": [4.89915, 5.8252, 10.04716],
			"rotation": {"angle": -22.5, "axis": "y", "origin": [8, 7.76483, 8]},
			"faces": {
				"north": {"uv": [10.125, 8.5, 10, 8.625], "texture": "#1"},
				"east": {"uv": [10.125, 8.625, 10, 8.5], "rotation": 180, "texture": "#1"},
				"south": {"uv": [10.125, 8.5, 10, 8.625], "texture": "#1"},
				"west": {"uv": [10.125, 8.5, 10, 8.625], "texture": "#1"},
				"up": {"uv": [10, 8.5, 10.125, 8.625], "rotation": 270, "texture": "#1"},
				"down": {"uv": [10.125, 8.5, 10, 8.625], "rotation": 270, "texture": "#1"}
			}
		},
		{
			"name": "chaosfistsdesign_42",
			"from": [3.3058, 5.8252, 8.87735],
			"to": [4.89915, 6.4101, 9.46226],
			"rotation": {"angle": -22.5, "axis": "y", "origin": [8, 7.76483, 8]},
			"faces": {
				"north": {"uv": [10.25, 8.375, 10.125, 8.5], "texture": "#1"},
				"east": {"uv": [10.25, 8.5, 10.125, 8.375], "rotation": 180, "texture": "#1"},
				"south": {"uv": [10.25, 8.375, 10.125, 8.5], "texture": "#1"},
				"west": {"uv": [10.25, 8.375, 10.125, 8.5], "texture": "#1"},
				"up": {"uv": [10.125, 8.375, 10.25, 8.5], "rotation": 270, "texture": "#1"},
				"down": {"uv": [10.25, 8.375, 10.125, 8.5], "rotation": 270, "texture": "#1"}
			}
		},
		{
			"name": "chaosfistsdesign_39",
			"from": [3.3058, 6.4101, 7.12266],
			"to": [4.89915, 6.995, 8.87735],
			"rotation": {"angle": -22.5, "axis": "y", "origin": [8, 7.76483, 8]},
			"faces": {
				"north": {"uv": [10.625, 8.25, 10.5, 8.375], "texture": "#1"},
				"east": {"uv": [10.625, 8.375, 10.25, 8.25], "rotation": 180, "texture": "#1"},
				"south": {"uv": [10.375, 8.25, 10.25, 8.375], "texture": "#1"},
				"west": {"uv": [10.625, 8.25, 10.25, 8.375], "texture": "#1"},
				"up": {"uv": [10.25, 8.25, 10.625, 8.375], "rotation": 270, "texture": "#1"},
				"down": {"uv": [10.625, 8.25, 10.25, 8.375], "rotation": 270, "texture": "#1"}
			}
		},
		{
			"name": "chaosfistsdesign_43",
			"from": [3.3058, 5.8252, 6.53776],
			"to": [4.89915, 6.4101, 7.12266],
			"rotation": {"angle": -22.5, "axis": "y", "origin": [8, 7.76483, 8]},
			"faces": {
				"north": {"uv": [10.75, 8.375, 10.625, 8.5], "texture": "#1"},
				"east": {"uv": [10.75, 8.5, 10.625, 8.375], "rotation": 180, "texture": "#1"},
				"south": {"uv": [10.75, 8.375, 10.625, 8.5], "texture": "#1"},
				"west": {"uv": [10.75, 8.375, 10.625, 8.5], "texture": "#1"},
				"up": {"uv": [10.625, 8.375, 10.75, 8.5], "rotation": 270, "texture": "#1"},
				"down": {"uv": [10.75, 8.375, 10.625, 8.5], "rotation": 270, "texture": "#1"}
			}
		},
		{
			"name": "chaosfistsdesign_50",
			"from": [3.3058, 5.2403, 5.95285],
			"to": [4.89915, 5.8252, 6.53776],
			"rotation": {"angle": -22.5, "axis": "y", "origin": [8, 7.76483, 8]},
			"faces": {
				"north": {"uv": [10.875, 8.5, 10.75, 8.625], "texture": "#1"},
				"east": {"uv": [10.875, 8.625, 10.75, 8.5], "rotation": 180, "texture": "#1"},
				"south": {"uv": [10.875, 8.5, 10.75, 8.625], "texture": "#1"},
				"west": {"uv": [10.875, 8.5, 10.75, 8.625], "texture": "#1"},
				"up": {"uv": [10.75, 8.5, 10.875, 8.625], "rotation": 270, "texture": "#1"},
				"down": {"uv": [10.875, 8.5, 10.75, 8.625], "rotation": 270, "texture": "#1"}
			}
		},
		{
			"name": "chaosfistsdesign_58",
			"from": [3.3058, 4.6554, 6.53776],
			"to": [4.89915, 5.2403, 7.12266],
			"rotation": {"angle": -22.5, "axis": "y", "origin": [8, 7.76483, 8]},
			"faces": {
				"north": {"uv": [10.75, 8.625, 10.625, 8.75], "texture": "#1"},
				"east": {"uv": [10.75, 8.75, 10.625, 8.625], "rotation": 180, "texture": "#1"},
				"south": {"uv": [10.75, 8.625, 10.625, 8.75], "texture": "#1"},
				"west": {"uv": [10.75, 8.625, 10.625, 8.75], "texture": "#1"},
				"up": {"uv": [10.625, 8.625, 10.75, 8.75], "rotation": 270, "texture": "#1"},
				"down": {"uv": [10.75, 8.625, 10.625, 8.75], "rotation": 270, "texture": "#1"}
			}
		},
		{
			"name": "chaosfistsdesign_61",
			"from": [3.3058, 4.07049, 7.12266],
			"to": [4.89915, 4.6554, 8.87735],
			"rotation": {"angle": -22.5, "axis": "y", "origin": [8, 7.76483, 8]},
			"faces": {
				"north": {"uv": [10.625, 8.75, 10.5, 8.875], "texture": "#1"},
				"east": {"uv": [10.625, 8.875, 10.25, 8.75], "rotation": 180, "texture": "#1"},
				"south": {"uv": [10.375, 8.75, 10.25, 8.875], "texture": "#1"},
				"west": {"uv": [10.625, 8.75, 10.25, 8.875], "texture": "#1"},
				"up": {"uv": [10.25, 8.75, 10.625, 8.875], "rotation": 270, "texture": "#1"},
				"down": {"uv": [10.625, 8.75, 10.25, 8.875], "rotation": 270, "texture": "#1"}
			}
		},
		{
			"name": "chaosfistsdesign_57",
			"from": [3.3058, 4.6554, 8.87735],
			"to": [4.89915, 5.2403, 9.46226],
			"rotation": {"angle": -22.5, "axis": "y", "origin": [8, 7.76483, 8]},
			"faces": {
				"north": {"uv": [10.25, 8.625, 10.125, 8.75], "texture": "#1"},
				"east": {"uv": [10.25, 8.75, 10.125, 8.625], "rotation": 180, "texture": "#1"},
				"south": {"uv": [10.25, 8.625, 10.125, 8.75], "texture": "#1"},
				"west": {"uv": [10.25, 8.625, 10.125, 8.75], "texture": "#1"},
				"up": {"uv": [10.125, 8.625, 10.25, 8.75], "rotation": 270, "texture": "#1"},
				"down": {"uv": [10.25, 8.625, 10.125, 8.75], "rotation": 270, "texture": "#1"}
			}
		},
		{
			"name": "chaosfistsdesign_44",
			"from": [4.11256, 4.6554, 7.12266],
			"to": [4.89915, 6.4101, 8.87735],
			"rotation": {"angle": -22.5, "axis": "y", "origin": [8, 7.76483, 8]},
			"faces": {
				"north": {"uv": [11.5, 8.375, 11.375, 8.75], "texture": "#1"},
				"east": {"uv": [11.5, 8.75, 11.125, 8.375], "rotation": 180, "texture": "#1"},
				"south": {"uv": [11.25, 8.375, 11.125, 8.75], "texture": "#1"},
				"west": {"uv": [11.5, 8.375, 11.125, 8.75], "texture": "#1"},
				"up": {"uv": [11.125, 8.375, 11.5, 8.5], "rotation": 270, "texture": "#1"},
				"down": {"uv": [11.5, 8.625, 11.125, 8.75], "rotation": 270, "texture": "#1"}
			}
		},
		{
			"name": "chaosfistsdesign_51",
			"from": [4.11256, 5.2403, 8.87735],
			"to": [4.89915, 5.8252, 9.46226],
			"rotation": {"angle": -22.5, "axis": "y", "origin": [8, 7.76483, 8]},
			"faces": {
				"north": {"uv": [11.125, 8.5, 11, 8.625], "texture": "#1"},
				"east": {"uv": [11.125, 8.625, 11, 8.5], "rotation": 180, "texture": "#1"},
				"south": {"uv": [11.125, 8.5, 11, 8.625], "texture": "#1"},
				"west": {"uv": [11.125, 8.5, 11, 8.625], "texture": "#1"},
				"up": {"uv": [11, 8.5, 11.125, 8.625], "rotation": 270, "texture": "#1"},
				"down": {"uv": [11.125, 8.5, 11, 8.625], "rotation": 270, "texture": "#1"}
			}
		},
		{
			"name": "chaosfistsdesign_52",
			"from": [4.11256, 5.2403, 6.53776],
			"to": [4.89915, 5.8252, 7.12266],
			"rotation": {"angle": -22.5, "axis": "y", "origin": [8, 7.76483, 8]},
			"faces": {
				"north": {"uv": [11.625, 8.5, 11.5, 8.625], "texture": "#1"},
				"east": {"uv": [11.625, 8.625, 11.5, 8.5], "rotation": 180, "texture": "#1"},
				"south": {"uv": [11.625, 8.5, 11.5, 8.625], "texture": "#1"},
				"west": {"uv": [11.625, 8.5, 11.5, 8.625], "texture": "#1"},
				"up": {"uv": [11.5, 8.5, 11.625, 8.625], "rotation": 270, "texture": "#1"},
				"down": {"uv": [11.625, 8.5, 11.5, 8.625], "rotation": 270, "texture": "#1"}
			}
		},
		{
			"name": "chaosfistsdesign_65",
			"from": [3.91087, 2.90069, 7.12266],
			"to": [4.89915, 3.48559, 8.87735],
			"rotation": {"angle": -22.5, "axis": "y", "origin": [8, 7.76483, 8]},
			"faces": {
				"north": {"uv": [8, 9, 7.875, 9.125], "texture": "#1"},
				"east": {"uv": [8, 9.125, 7.625, 9], "rotation": 180, "texture": "#1"},
				"south": {"uv": [7.75, 9, 7.625, 9.125], "texture": "#1"},
				"west": {"uv": [8, 9, 7.625, 9.125], "texture": "#1"},
				"up": {"uv": [7.625, 9, 8, 9.125], "rotation": 270, "texture": "#1"},
				"down": {"uv": [8, 9, 7.625, 9.125], "rotation": 270, "texture": "#1"}
			}
		},
		{
			"name": "chaosfistsdesign_62",
			"from": [3.91087, 3.48559, 8.87735],
			"to": [4.89915, 4.07049, 10.04716],
			"rotation": {"angle": -22.5, "axis": "y", "origin": [8, 7.76483, 8]},
			"faces": {
				"north": {"uv": [7.625, 8.875, 7.5, 9], "texture": "#1"},
				"east": {"uv": [7.625, 9, 7.375, 8.875], "rotation": 180, "texture": "#1"},
				"south": {"uv": [7.5, 8.875, 7.375, 9], "texture": "#1"},
				"west": {"uv": [7.625, 8.875, 7.375, 9], "texture": "#1"},
				"up": {"uv": [7.375, 8.875, 7.625, 9], "rotation": 270, "texture": "#1"},
				"down": {"uv": [7.625, 8.875, 7.375, 9], "rotation": 270, "texture": "#1"}
			}
		},
		{
			"name": "chaosfistsdesign_53",
			"from": [3.91087, 4.07049, 10.04716],
			"to": [4.89915, 5.2403, 10.63205],
			"rotation": {"angle": -22.5, "axis": "y", "origin": [8, 7.76483, 8]},
			"faces": {
				"north": {"uv": [7.375, 8.625, 7.25, 8.875], "texture": "#1"},
				"east": {"uv": [7.375, 8.875, 7.25, 8.625], "rotation": 180, "texture": "#1"},
				"south": {"uv": [7.375, 8.625, 7.25, 8.875], "texture": "#1"},
				"west": {"uv": [7.375, 8.625, 7.25, 8.875], "texture": "#1"},
				"up": {"uv": [7.25, 8.625, 7.375, 8.75], "rotation": 270, "texture": "#1"},
				"down": {"uv": [7.375, 8.75, 7.25, 8.875], "rotation": 270, "texture": "#1"}
			}
		},
		{
			"name": "chaosfistsdesign_45",
			"from": [3.91087, 5.2403, 10.63205],
			"to": [4.89915, 5.8252, 11.21696],
			"rotation": {"angle": -22.5, "axis": "y", "origin": [8, 7.76483, 8]},
			"faces": {
				"north": {"uv": [7.25, 8.5, 7.125, 8.625], "texture": "#1"},
				"east": {"uv": [7.25, 8.625, 7.125, 8.5], "rotation": 180, "texture": "#1"},
				"south": {"uv": [7.25, 8.5, 7.125, 8.625], "texture": "#1"},
				"west": {"uv": [7.25, 8.5, 7.125, 8.625], "texture": "#1"},
				"up": {"uv": [7.125, 8.5, 7.25, 8.625], "rotation": 270, "texture": "#1"},
				"down": {"uv": [7.25, 8.5, 7.125, 8.625], "rotation": 270, "texture": "#1"}
			}
		},
		{
			"name": "chaosfistsdesign_35",
			"from": [3.91087, 5.8252, 10.04716],
			"to": [4.89915, 6.995, 10.63205],
			"rotation": {"angle": -22.5, "axis": "y", "origin": [8, 7.76483, 8]},
			"faces": {
				"north": {"uv": [7.375, 8.25, 7.25, 8.5], "texture": "#1"},
				"east": {"uv": [7.375, 8.5, 7.25, 8.25], "rotation": 180, "texture": "#1"},
				"south": {"uv": [7.375, 8.25, 7.25, 8.5], "texture": "#1"},
				"west": {"uv": [7.375, 8.25, 7.25, 8.5], "texture": "#1"},
				"up": {"uv": [7.25, 8.25, 7.375, 8.375], "rotation": 270, "texture": "#1"},
				"down": {"uv": [7.375, 8.375, 7.25, 8.5], "rotation": 270, "texture": "#1"}
			}
		},
		{
			"name": "chaosfistsdesign_32",
			"from": [3.91087, 6.995, 8.87735],
			"to": [4.89915, 7.5799, 10.04716],
			"rotation": {"angle": -22.5, "axis": "y", "origin": [8, 7.76483, 8]},
			"faces": {
				"north": {"uv": [7.625, 8.125, 7.5, 8.25], "texture": "#1"},
				"east": {"uv": [7.625, 8.25, 7.375, 8.125], "rotation": 180, "texture": "#1"},
				"south": {"uv": [7.5, 8.125, 7.375, 8.25], "texture": "#1"},
				"west": {"uv": [7.625, 8.125, 7.375, 8.25], "texture": "#1"},
				"up": {"uv": [7.375, 8.125, 7.625, 8.25], "rotation": 270, "texture": "#1"},
				"down": {"uv": [7.625, 8.125, 7.375, 8.25], "rotation": 270, "texture": "#1"}
			}
		},
		{
			"name": "chaosfistsdesign_31",
			"from": [3.91087, 7.5799, 7.12266],
			"to": [4.89915, 8.1648, 8.87735],
			"rotation": {"angle": -22.5, "axis": "y", "origin": [8, 7.76483, 8]},
			"faces": {
				"north": {"uv": [8, 8, 7.875, 8.125], "texture": "#1"},
				"east": {"uv": [8, 8.125, 7.625, 8], "rotation": 180, "texture": "#1"},
				"south": {"uv": [7.75, 8, 7.625, 8.125], "texture": "#1"},
				"west": {"uv": [8, 8, 7.625, 8.125], "texture": "#1"},
				"up": {"uv": [7.625, 8, 8, 8.125], "rotation": 270, "texture": "#1"},
				"down": {"uv": [8, 8, 7.625, 8.125], "rotation": 270, "texture": "#1"}
			}
		},
		{
			"name": "chaosfistsdesign_33",
			"from": [3.91087, 6.995, 5.95285],
			"to": [4.89915, 7.5799, 7.12266],
			"rotation": {"angle": -22.5, "axis": "y", "origin": [8, 7.76483, 8]},
			"faces": {
				"north": {"uv": [8.25, 8.125, 8.125, 8.25], "texture": "#1"},
				"east": {"uv": [8.25, 8.25, 8, 8.125], "rotation": 180, "texture": "#1"},
				"south": {"uv": [8.125, 8.125, 8, 8.25], "texture": "#1"},
				"west": {"uv": [8.25, 8.125, 8, 8.25], "texture": "#1"},
				"up": {"uv": [8, 8.125, 8.25, 8.25], "rotation": 270, "texture": "#1"},
				"down": {"uv": [8.25, 8.125, 8, 8.25], "rotation": 270, "texture": "#1"}
			}
		},
		{
			"name": "chaosfistsdesign_36",
			"from": [3.91087, 5.8252, 5.36796],
			"to": [4.89915, 6.995, 5.95285],
			"rotation": {"angle": -22.5, "axis": "y", "origin": [8, 7.76483, 8]},
			"faces": {
				"north": {"uv": [8.375, 8.25, 8.25, 8.5], "texture": "#1"},
				"east": {"uv": [8.375, 8.5, 8.25, 8.25], "rotation": 180, "texture": "#1"},
				"south": {"uv": [8.375, 8.25, 8.25, 8.5], "texture": "#1"},
				"west": {"uv": [8.375, 8.25, 8.25, 8.5], "texture": "#1"},
				"up": {"uv": [8.25, 8.25, 8.375, 8.375], "rotation": 270, "texture": "#1"},
				"down": {"uv": [8.375, 8.375, 8.25, 8.5], "rotation": 270, "texture": "#1"}
			}
		},
		{
			"name": "chaosfistsdesign_46",
			"from": [3.91087, 5.2403, 4.78305],
			"to": [4.89915, 5.8252, 5.36796],
			"rotation": {"angle": -22.5, "axis": "y", "origin": [8, 7.76483, 8]},
			"faces": {
				"north": {"uv": [8.5, 8.5, 8.375, 8.625], "texture": "#1"},
				"east": {"uv": [8.5, 8.625, 8.375, 8.5], "rotation": 180, "texture": "#1"},
				"south": {"uv": [8.5, 8.5, 8.375, 8.625], "texture": "#1"},
				"west": {"uv": [8.5, 8.5, 8.375, 8.625], "texture": "#1"},
				"up": {"uv": [8.375, 8.5, 8.5, 8.625], "rotation": 270, "texture": "#1"},
				"down": {"uv": [8.5, 8.5, 8.375, 8.625], "rotation": 270, "texture": "#1"}
			}
		},
		{
			"name": "chaosfistsdesign_54",
			"from": [3.91087, 4.07049, 5.36796],
			"to": [4.89915, 5.2403, 5.95285],
			"rotation": {"angle": -22.5, "axis": "y", "origin": [8, 7.76483, 8]},
			"faces": {
				"north": {"uv": [8.375, 8.625, 8.25, 8.875], "texture": "#1"},
				"east": {"uv": [8.375, 8.875, 8.25, 8.625], "rotation": 180, "texture": "#1"},
				"south": {"uv": [8.375, 8.625, 8.25, 8.875], "texture": "#1"},
				"west": {"uv": [8.375, 8.625, 8.25, 8.875], "texture": "#1"},
				"up": {"uv": [8.25, 8.625, 8.375, 8.75], "rotation": 270, "texture": "#1"},
				"down": {"uv": [8.375, 8.75, 8.25, 8.875], "rotation": 270, "texture": "#1"}
			}
		},
		{
			"name": "chaosfistsdesign_63",
			"from": [3.91087, 3.48559, 5.95285],
			"to": [4.89915, 4.07049, 7.12266],
			"rotation": {"angle": -22.5, "axis": "y", "origin": [8, 7.76483, 8]},
			"faces": {
				"north": {"uv": [8.25, 8.875, 8.125, 9], "texture": "#1"},
				"east": {"uv": [8.25, 9, 8, 8.875], "rotation": 180, "texture": "#1"},
				"south": {"uv": [8.125, 8.875, 8, 9], "texture": "#1"},
				"west": {"uv": [8.25, 8.875, 8, 9], "texture": "#1"},
				"up": {"uv": [8, 8.875, 8.25, 9], "rotation": 270, "texture": "#1"},
				"down": {"uv": [8.25, 8.875, 8, 9], "rotation": 270, "texture": "#1"}
			}
		}
	],
	"display": {
		"thirdperson_righthand": {
			"scale": [0, 0, 0]
		},
		"thirdperson_lefthand": {
			"scale": [0, 0, 0]
		},
		"firstperson_righthand": {
			"rotation": [-15, 0, 0],
			"translation": [-9, 3, -3.25]
		},
		"firstperson_lefthand": {
			"scale": [0, 0, 0]
		},
		"ground": {
			"scale": [0, 0, 0]
		},
		"gui": {
			"scale": [0, 0, 0]
		}
	},
	"groups": [
		{
			"name": "fist_1",
			"origin": [7, 0, -0.10248],
			"color": 0,
			"nbt": "{}",
			"children": [
				0,
				1,
				2,
				3,
				4,
				5,
				6,
				{
					"name": "chaosfistsdesign",
					"origin": [15, 8, 7.89752],
					"color": 0,
					"nbt": "{}",
					"children": [7, 8, 9, 10, 11, 12, 13, 14, 15, 16, 17, 18, 19, 20, 21, 22, 23, 24, 25, 26, 27, 28, 29, 30, 31, 32, 33, 34, 35, 36, 37]
				},
				{
					"name": "group",
					"origin": [2.53, 0, 8.07172],
					"color": 0,
					"nbt": "{}",
					"children": [38, 39, 40, 41, 42, 43, 44, 45, 46, 47, 48, 49, 50, 51, 52, 53, 54, 55, 56, 57, 58, 59, 60, 61, 62, 63, 64, 65, 66, 67, 68, 69, 70, 71, 72]
				}
			]
		}
	]
}