{
	"credit": "Made with Blockbench",
	"texture_size": [32, 32],
	"textures": {
		"0": "custom/melee/chaosfists",
		"1": "custom/melee/chaosfistsdesign",
		"particle": "custom/melee/chaosfists"
	},
	"elements": [
		{
			"from": [5.10248, 4, 3.92856],
			"to": [7.10248, 9, 11.92857],
			"rotation": {"angle": 22.5, "axis": "y", "origin": [8, 7.76483, 8]},
			"faces": {
				"north": {"uv": [3, 9, 4, 11.5], "texture": "#0"},
				"east": {"uv": [4, 2.5, 8, 5], "texture": "#0"},
				"south": {"uv": [8, 10, 9, 12.5], "texture": "#0"},
				"west": {"uv": [4, 0, 8, 2.5], "texture": "#0"},
				"up": {"uv": [12, 1, 8, 0], "rotation": 270, "texture": "#0"},
				"down": {"uv": [12, 1, 8, 2], "rotation": 90, "texture": "#0"}
			}
		},
		{
			"from": [7.10248, 2, 3.92856],
			"to": [11.10248, 9, 11.92857],
			"rotation": {"angle": 22.5, "axis": "y", "origin": [8, 7.76483, 8]},
			"faces": {
				"north": {"uv": [4, 7, 6, 10.5], "texture": "#0"},
				"east": {"uv": [0, 3.5, 4, 7], "texture": "#0"},
				"south": {"uv": [6, 7, 8, 10.5], "texture": "#0"},
				"west": {"uv": [0, 0, 4, 3.5], "texture": "#0"},
				"up": {"uv": [8, 7, 4, 5], "rotation": 270, "texture": "#0"},
				"down": {"uv": [4, 7, 0, 9], "rotation": 90, "texture": "#0"}
			}
		},
		{
			"from": [7.10248, 0, 5.92856],
			"to": [11.10248, 2, 9.92856],
			"rotation": {"angle": 22.5, "axis": "y", "origin": [8, 7.76483, 8]},
			"faces": {
				"north": {"uv": [6, 10.5, 8, 11.5], "texture": "#0"},
				"east": {"uv": [10.5, 6, 12.5, 7], "texture": "#0"},
				"south": {"uv": [10.5, 7, 12.5, 8], "texture": "#0"},
				"west": {"uv": [4, 10.5, 6, 11.5], "texture": "#0"},
				"up": {"uv": [10, 4, 8, 2], "rotation": 270, "texture": "#0"},
				"down": {"uv": [10, 4, 8, 6], "rotation": 90, "texture": "#0"}
			}
		},
		{
			"from": [3.10248, 4, 6.92856],
			"to": [5.10248, 7, 11.92857],
			"rotation": {"angle": 22.5, "axis": "y", "origin": [8, 7.76483, 8]},
			"faces": {
				"north": {"uv": [2, 11, 3, 12.5], "texture": "#0"},
				"east": {"uv": [8, 7.5, 10.5, 9], "texture": "#0"},
				"south": {"uv": [9, 11, 10, 12.5], "texture": "#0"},
				"west": {"uv": [8, 6, 10.5, 7.5], "texture": "#0"},
				"up": {"uv": [12.5, 6, 10, 5], "rotation": 270, "texture": "#0"},
				"down": {"uv": [11.5, 10, 9, 11], "rotation": 90, "texture": "#0"}
			}
		},
		{
			"from": [3.10248, 2, 8.92856],
			"to": [7.10248, 4, 11.92857],
			"rotation": {"angle": 22.5, "axis": "y", "origin": [8, 7.76483, 8]},
			"faces": {
				"north": {"uv": [10.5, 8, 12.5, 9], "texture": "#0"},
				"east": {"uv": [10, 11, 11.5, 12], "texture": "#0"},
				"south": {"uv": [0, 11, 2, 12], "texture": "#0"},
				"west": {"uv": [11, 9, 12.5, 10], "texture": "#0"},
				"up": {"uv": [1.5, 11, 0, 9], "rotation": 270, "texture": "#0"},
				"down": {"uv": [3, 9, 1.5, 11], "rotation": 90, "texture": "#0"}
			}
		},
		{
			"from": [5.10248, 9, 9.42856],
			"to": [11.10248, 11, 9.42856],
			"rotation": {"angle": 22.5, "axis": "y", "origin": [8, 7.76483, 8]},
			"faces": {
				"north": {"uv": [13, 4, 10, 5], "texture": "#0"},
				"east": {"uv": [0, 0, 0, 1], "texture": "#0"},
				"south": {"uv": [10, 4, 13, 5], "texture": "#0"},
				"west": {"uv": [0, 0, 0, 1], "texture": "#0"},
				"up": {"uv": [0, 3, 0, 0], "rotation": 270, "texture": "#0"},
				"down": {"uv": [0, 0, 0, 3], "rotation": 90, "texture": "#0"}
			}
		},
		{
			"from": [5.10248, 9, 6.57142],
			"to": [11.10248, 11, 6.57142],
			"rotation": {"angle": 22.5, "axis": "y", "origin": [8, 7.76483, 8]},
			"faces": {
				"north": {"uv": [13, 4, 10, 5], "texture": "#0"},
				"east": {"uv": [0, 0, 0, 1], "texture": "#0"},
				"south": {"uv": [10, 4, 13, 5], "texture": "#0"},
				"west": {"uv": [0, 0, 0, 1], "texture": "#0"},
				"up": {"uv": [0, 3, 0, 0], "rotation": 270, "texture": "#0"},
				"down": {"uv": [0, 0, 0, 3], "rotation": 90, "texture": "#0"}
			}
		},
		{
			"name": "chaosfistsdesign_1",
			"from": [8.78966, 11.82613, 7.75421],
			"to": [8.78966, 17.23318, 8.24576],
			"rotation": {"angle": 22.5, "axis": "y", "origin": [8, 7.76483, 8]},
			"faces": {
				"north": {"uv": [7.75, 3.625, 7.875, 5], "texture": "#1"},
				"east": {"uv": [7.75, 3.625, 7.875, 5], "texture": "#1"},
				"south": {"uv": [7.75, 3.625, 7.875, 5], "texture": "#1"},
				"west": {"uv": [7.75, 5, 7.875, 3.625], "rotation": 180, "texture": "#1"},
				"up": {"uv": [7.875, 3.625, 7.75, 3.75], "rotation": 90, "texture": "#1"},
				"down": {"uv": [7.75, 4.875, 7.875, 5], "rotation": 90, "texture": "#1"}
			}
		},
		{
			"name": "chaosfistsdesign_2",
			"from": [8.78966, 10.84303, 8.24576],
			"to": [8.78966, 16.25008, 8.73732],
			"rotation": {"angle": 22.5, "axis": "y", "origin": [8, 7.76483, 8]},
			"faces": {
				"north": {"uv": [7.625, 3.875, 7.75, 5.25], "texture": "#1"},
				"east": {"uv": [7.625, 3.875, 7.75, 5.25], "texture": "#1"},
				"south": {"uv": [7.625, 3.875, 7.75, 5.25], "texture": "#1"},
				"west": {"uv": [7.625, 5.25, 7.75, 3.875], "rotation": 180, "texture": "#1"},
				"up": {"uv": [7.75, 3.875, 7.625, 4], "rotation": 90, "texture": "#1"},
				"down": {"uv": [7.625, 5.125, 7.75, 5.25], "rotation": 90, "texture": "#1"}
			}
		},
		{
			"name": "chaosfistsdesign_3",
			"from": [8.78966, 10.84303, 7.26267],
			"to": [8.78966, 16.25008, 7.75421],
			"rotation": {"angle": 22.5, "axis": "y", "origin": [8, 7.76483, 8]},
			"faces": {
				"north": {"uv": [7.875, 3.875, 8, 5.25], "texture": "#1"},
				"east": {"uv": [7.875, 3.875, 8, 5.25], "texture": "#1"},
				"south": {"uv": [7.875, 3.875, 8, 5.25], "texture": "#1"},
				"west": {"uv": [7.875, 5.25, 8, 3.875], "rotation": 180, "texture": "#1"},
				"up": {"uv": [8, 3.875, 7.875, 4], "rotation": 90, "texture": "#1"},
				"down": {"uv": [7.875, 5.125, 8, 5.25], "rotation": 90, "texture": "#1"}
			}
		},
		{
			"name": "chaosfistsdesign_4",
			"from": [8.78966, 12.80923, 9.22887],
			"to": [8.78966, 15.75853, 9.72041],
			"rotation": {"angle": 22.5, "axis": "y", "origin": [8, 7.76483, 8]},
			"faces": {
				"north": {"uv": [7.375, 4, 7.5, 4.75], "texture": "#1"},
				"east": {"uv": [7.375, 4, 7.5, 4.75], "texture": "#1"},
				"south": {"uv": [7.375, 4, 7.5, 4.75], "texture": "#1"},
				"west": {"uv": [7.375, 4.75, 7.5, 4], "rotation": 180, "texture": "#1"},
				"up": {"uv": [7.5, 4, 7.375, 4.125], "rotation": 90, "texture": "#1"},
				"down": {"uv": [7.375, 4.625, 7.5, 4.75], "rotation": 90, "texture": "#1"}
			}
		},
		{
			"name": "chaosfistsdesign_5",
			"from": [8.78966, 12.80923, 6.27957],
			"to": [8.78966, 15.75853, 6.77112],
			"rotation": {"angle": 22.5, "axis": "y", "origin": [8, 7.76483, 8]},
			"faces": {
				"north": {"uv": [8.125, 4, 8.25, 4.75], "texture": "#1"},
				"east": {"uv": [8.125, 4, 8.25, 4.75], "texture": "#1"},
				"south": {"uv": [8.125, 4, 8.25, 4.75], "texture": "#1"},
				"west": {"uv": [8.125, 4.75, 8.25, 4], "rotation": 180, "texture": "#1"},
				"up": {"uv": [8.25, 4, 8.125, 4.125], "rotation": 90, "texture": "#1"},
				"down": {"uv": [8.125, 4.625, 8.25, 4.75], "rotation": 90, "texture": "#1"}
			}
		},
		{
			"name": "chaosfistsdesign_6",
			"from": [8.78966, 12.31768, 9.72041],
			"to": [8.78966, 15.26698, 10.21197],
			"rotation": {"angle": 22.5, "axis": "y", "origin": [8, 7.76483, 8]},
			"faces": {
				"north": {"uv": [7.25, 4.125, 7.375, 4.875], "texture": "#1"},
				"east": {"uv": [7.25, 4.125, 7.375, 4.875], "texture": "#1"},
				"south": {"uv": [7.25, 4.125, 7.375, 4.875], "texture": "#1"},
				"west": {"uv": [7.25, 4.875, 7.375, 4.125], "rotation": 180, "texture": "#1"},
				"up": {"uv": [7.375, 4.125, 7.25, 4.25], "rotation": 90, "texture": "#1"},
				"down": {"uv": [7.25, 4.75, 7.375, 4.875], "rotation": 90, "texture": "#1"}
			}
		},
		{
			"name": "chaosfistsdesign_7",
			"from": [8.78966, 12.31768, 5.78802],
			"to": [8.78966, 15.26698, 6.27957],
			"rotation": {"angle": 22.5, "axis": "y", "origin": [8, 7.76483, 8]},
			"faces": {
				"north": {"uv": [8.25, 4.125, 8.375, 4.875], "texture": "#1"},
				"east": {"uv": [8.25, 4.125, 8.375, 4.875], "texture": "#1"},
				"south": {"uv": [8.25, 4.125, 8.375, 4.875], "texture": "#1"},
				"west": {"uv": [8.25, 4.875, 8.375, 4.125], "rotation": 180, "texture": "#1"},
				"up": {"uv": [8.375, 4.125, 8.25, 4.25], "rotation": 90, "texture": "#1"},
				"down": {"uv": [8.25, 4.75, 8.375, 4.875], "rotation": 90, "texture": "#1"}
			}
		},
		{
			"name": "chaosfistsdesign_8",
			"from": [8.78966, 12.31768, 10.21197],
			"to": [8.78966, 13.79233, 11.19508],
			"rotation": {"angle": 22.5, "axis": "y", "origin": [8, 7.76483, 8]},
			"faces": {
				"north": {"uv": [7.125, 4.5, 7.25, 4.875], "texture": "#1"},
				"east": {"uv": [7, 4.5, 7.25, 4.875], "texture": "#1"},
				"south": {"uv": [7, 4.5, 7.125, 4.875], "texture": "#1"},
				"west": {"uv": [7, 4.875, 7.25, 4.5], "rotation": 180, "texture": "#1"},
				"up": {"uv": [7.25, 4.5, 7, 4.625], "rotation": 90, "texture": "#1"},
				"down": {"uv": [7, 4.75, 7.25, 4.875], "rotation": 90, "texture": "#1"}
			}
		},
		{
			"name": "chaosfistsdesign_9",
			"from": [8.78966, 12.31768, 4.80492],
			"to": [8.78966, 13.79233, 5.78802],
			"rotation": {"angle": 22.5, "axis": "y", "origin": [8, 7.76483, 8]},
			"faces": {
				"north": {"uv": [8.5, 4.5, 8.625, 4.875], "texture": "#1"},
				"east": {"uv": [8.375, 4.5, 8.625, 4.875], "texture": "#1"},
				"south": {"uv": [8.375, 4.5, 8.5, 4.875], "texture": "#1"},
				"west": {"uv": [8.375, 4.875, 8.625, 4.5], "rotation": 180, "texture": "#1"},
				"up": {"uv": [8.625, 4.5, 8.375, 4.625], "rotation": 90, "texture": "#1"},
				"down": {"uv": [8.375, 4.75, 8.625, 4.875], "rotation": 90, "texture": "#1"}
			}
		},
		{
			"name": "chaosfistsdesign_10",
			"from": [8.78966, 11.82613, 11.19508],
			"to": [8.78966, 13.30078, 12.17818],
			"rotation": {"angle": 22.5, "axis": "y", "origin": [8, 7.76483, 8]},
			"faces": {
				"north": {"uv": [6.875, 4.625, 7, 5], "texture": "#1"},
				"east": {"uv": [6.75, 4.625, 7, 5], "texture": "#1"},
				"south": {"uv": [6.75, 4.625, 6.875, 5], "texture": "#1"},
				"west": {"uv": [6.75, 5, 7, 4.625], "rotation": 180, "texture": "#1"},
				"up": {"uv": [7, 4.625, 6.75, 4.75], "rotation": 90, "texture": "#1"},
				"down": {"uv": [6.75, 4.875, 7, 5], "rotation": 90, "texture": "#1"}
			}
		},
		{
			"name": "chaosfistsdesign_11",
			"from": [8.78966, 11.82613, 8.73732],
			"to": [8.78966, 13.30078, 9.22887],
			"rotation": {"angle": 22.5, "axis": "y", "origin": [8, 7.76483, 8]},
			"faces": {
				"north": {"uv": [7.5, 4.625, 7.625, 5], "texture": "#1"},
				"east": {"uv": [7.5, 4.625, 7.625, 5], "texture": "#1"},
				"south": {"uv": [7.5, 4.625, 7.625, 5], "texture": "#1"},
				"west": {"uv": [7.5, 5, 7.625, 4.625], "rotation": 180, "texture": "#1"},
				"up": {"uv": [7.625, 4.625, 7.5, 4.75], "rotation": 90, "texture": "#1"},
				"down": {"uv": [7.5, 4.875, 7.625, 5], "rotation": 90, "texture": "#1"}
			}
		},
		{
			"name": "chaosfistsdesign_12",
			"from": [8.78966, 11.82613, 6.77112],
			"to": [8.78966, 13.30078, 7.26267],
			"rotation": {"angle": 22.5, "axis": "y", "origin": [8, 7.76483, 8]},
			"faces": {
				"north": {"uv": [8, 4.625, 8.125, 5], "texture": "#1"},
				"east": {"uv": [8, 4.625, 8.125, 5], "texture": "#1"},
				"south": {"uv": [8, 4.625, 8.125, 5], "texture": "#1"},
				"west": {"uv": [8, 5, 8.125, 4.625], "rotation": 180, "texture": "#1"},
				"up": {"uv": [8.125, 4.625, 8, 4.75], "rotation": 90, "texture": "#1"},
				"down": {"uv": [8, 4.875, 8.125, 5], "rotation": 90, "texture": "#1"}
			}
		},
		{
			"name": "chaosfistsdesign_13",
			"from": [8.78966, 11.82613, 3.82181],
			"to": [8.78966, 13.30078, 4.80492],
			"rotation": {"angle": 22.5, "axis": "y", "origin": [8, 7.76483, 8]},
			"faces": {
				"north": {"uv": [8.75, 4.625, 8.875, 5], "texture": "#1"},
				"east": {"uv": [8.625, 4.625, 8.875, 5], "texture": "#1"},
				"south": {"uv": [8.625, 4.625, 8.75, 5], "texture": "#1"},
				"west": {"uv": [8.625, 5, 8.875, 4.625], "rotation": 180, "texture": "#1"},
				"up": {"uv": [8.875, 4.625, 8.625, 4.75], "rotation": 90, "texture": "#1"},
				"down": {"uv": [8.625, 4.875, 8.875, 5], "rotation": 90, "texture": "#1"}
			}
		},
		{
			"name": "chaosfistsdesign_14",
			"from": [8.78966, 11.33458, 12.17818],
			"to": [8.78966, 12.80923, 13.16126],
			"rotation": {"angle": 22.5, "axis": "y", "origin": [8, 7.76483, 8]},
			"faces": {
				"north": {"uv": [6.625, 4.75, 6.75, 5.125], "texture": "#1"},
				"east": {"uv": [6.5, 4.75, 6.75, 5.125], "texture": "#1"},
				"south": {"uv": [6.5, 4.75, 6.625, 5.125], "texture": "#1"},
				"west": {"uv": [6.5, 5.125, 6.75, 4.75], "rotation": 180, "texture": "#1"},
				"up": {"uv": [6.75, 4.75, 6.5, 4.875], "rotation": 90, "texture": "#1"},
				"down": {"uv": [6.5, 5, 6.75, 5.125], "rotation": 90, "texture": "#1"}
			}
		},
		{
			"name": "chaosfistsdesign_15",
			"from": [8.78966, 11.33458, 2.83872],
			"to": [8.78966, 12.80923, 3.82181],
			"rotation": {"angle": 22.5, "axis": "y", "origin": [8, 7.76483, 8]},
			"faces": {
				"north": {"uv": [9, 4.75, 9.125, 5.125], "texture": "#1"},
				"east": {"uv": [8.875, 4.75, 9.125, 5.125], "texture": "#1"},
				"south": {"uv": [8.875, 4.75, 9, 5.125], "texture": "#1"},
				"west": {"uv": [8.875, 5.125, 9.125, 4.75], "rotation": 180, "texture": "#1"},
				"up": {"uv": [9.125, 4.75, 8.875, 4.875], "rotation": 90, "texture": "#1"},
				"down": {"uv": [8.875, 5, 9.125, 5.125], "rotation": 90, "texture": "#1"}
			}
		},
		{
			"name": "chaosfistsdesign_16",
			"from": [8.78966, 8.87683, 13.16126],
			"to": [8.78966, 12.31768, 13.65283],
			"rotation": {"angle": 22.5, "axis": "y", "origin": [8, 7.76483, 8]},
			"faces": {
				"north": {"uv": [6.375, 4.875, 6.5, 5.75], "texture": "#1"},
				"east": {"uv": [6.375, 4.875, 6.5, 5.75], "texture": "#1"},
				"south": {"uv": [6.375, 4.875, 6.5, 5.75], "texture": "#1"},
				"west": {"uv": [6.375, 5.75, 6.5, 4.875], "rotation": 180, "texture": "#1"},
				"up": {"uv": [6.5, 4.875, 6.375, 5], "rotation": 90, "texture": "#1"},
				"down": {"uv": [6.375, 5.625, 6.5, 5.75], "rotation": 90, "texture": "#1"}
			}
		},
		{
			"name": "chaosfistsdesign_17",
			"from": [8.78966, 8.87683, 2.34717],
			"to": [8.78966, 12.31768, 2.83872],
			"rotation": {"angle": 22.5, "axis": "y", "origin": [8, 7.76483, 8]},
			"faces": {
				"north": {"uv": [9.125, 4.875, 9.25, 5.75], "texture": "#1"},
				"east": {"uv": [9.125, 4.875, 9.25, 5.75], "texture": "#1"},
				"south": {"uv": [9.125, 4.875, 9.25, 5.75], "texture": "#1"},
				"west": {"uv": [9.125, 5.75, 9.25, 4.875], "rotation": 180, "texture": "#1"},
				"up": {"uv": [9.25, 4.875, 9.125, 5], "rotation": 90, "texture": "#1"},
				"down": {"uv": [9.125, 5.625, 9.25, 5.75], "rotation": 90, "texture": "#1"}
			}
		},
		{
			"name": "chaosfistsdesign_18",
			"from": [8.78966, 10.35148, 13.65283],
			"to": [8.78966, 11.33458, 14.14438],
			"rotation": {"angle": 22.5, "axis": "y", "origin": [8, 7.76483, 8]},
			"faces": {
				"north": {"uv": [6.25, 5.125, 6.375, 5.375], "texture": "#1"},
				"east": {"uv": [6.25, 5.125, 6.375, 5.375], "texture": "#1"},
				"south": {"uv": [6.25, 5.125, 6.375, 5.375], "texture": "#1"},
				"west": {"uv": [6.25, 5.375, 6.375, 5.125], "rotation": 180, "texture": "#1"},
				"up": {"uv": [6.375, 5.125, 6.25, 5.25], "rotation": 90, "texture": "#1"},
				"down": {"uv": [6.25, 5.25, 6.375, 5.375], "rotation": 90, "texture": "#1"}
			}
		},
		{
			"name": "chaosfistsdesign_19",
			"from": [8.78966, 10.84303, 12.66973],
			"to": [8.78966, 11.33458, 13.16126],
			"rotation": {"angle": 22.5, "axis": "y", "origin": [8, 7.76483, 8]},
			"faces": {
				"north": {"uv": [6.5, 5.125, 6.625, 5.25], "texture": "#1"},
				"east": {"uv": [6.5, 5.125, 6.625, 5.25], "texture": "#1"},
				"south": {"uv": [6.5, 5.125, 6.625, 5.25], "texture": "#1"},
				"west": {"uv": [6.5, 5.25, 6.625, 5.125], "rotation": 180, "texture": "#1"},
				"up": {"uv": [6.625, 5.125, 6.5, 5.25], "rotation": 90, "texture": "#1"},
				"down": {"uv": [6.5, 5.125, 6.625, 5.25], "rotation": 90, "texture": "#1"}
			}
		},
		{
			"name": "chaosfistsdesign_20",
			"from": [8.78966, 10.84303, 2.83872],
			"to": [8.78966, 11.33458, 3.33027],
			"rotation": {"angle": 22.5, "axis": "y", "origin": [8, 7.76483, 8]},
			"faces": {
				"north": {"uv": [9, 5.125, 9.125, 5.25], "texture": "#1"},
				"east": {"uv": [9, 5.125, 9.125, 5.25], "texture": "#1"},
				"south": {"uv": [9, 5.125, 9.125, 5.25], "texture": "#1"},
				"west": {"uv": [9, 5.25, 9.125, 5.125], "rotation": 180, "texture": "#1"},
				"up": {"uv": [9.125, 5.125, 9, 5.25], "rotation": 90, "texture": "#1"},
				"down": {"uv": [9, 5.125, 9.125, 5.25], "rotation": 90, "texture": "#1"}
			}
		},
		{
			"name": "chaosfistsdesign_21",
			"from": [8.78966, 10.35148, 1.85562],
			"to": [8.78966, 11.33458, 2.34717],
			"rotation": {"angle": 22.5, "axis": "y", "origin": [8, 7.76483, 8]},
			"faces": {
				"north": {"uv": [9.25, 5.125, 9.375, 5.375], "texture": "#1"},
				"east": {"uv": [9.25, 5.125, 9.375, 5.375], "texture": "#1"},
				"south": {"uv": [9.25, 5.125, 9.375, 5.375], "texture": "#1"},
				"west": {"uv": [9.25, 5.375, 9.375, 5.125], "rotation": 180, "texture": "#1"},
				"up": {"uv": [9.375, 5.125, 9.25, 5.25], "rotation": 90, "texture": "#1"},
				"down": {"uv": [9.25, 5.25, 9.375, 5.375], "rotation": 90, "texture": "#1"}
			}
		},
		{
			"name": "chaosfistsdesign_22",
			"from": [8.78966, 5.92753, 13.65283],
			"to": [8.78966, 9.36838, 14.14438],
			"rotation": {"angle": 22.5, "axis": "y", "origin": [8, 7.76483, 8]},
			"faces": {
				"north": {"uv": [6.25, 5.625, 6.375, 6.5], "texture": "#1"},
				"east": {"uv": [6.25, 5.625, 6.375, 6.5], "texture": "#1"},
				"south": {"uv": [6.25, 5.625, 6.375, 6.5], "texture": "#1"},
				"west": {"uv": [6.25, 6.5, 6.375, 5.625], "rotation": 180, "texture": "#1"},
				"up": {"uv": [6.375, 5.625, 6.25, 5.75], "rotation": 90, "texture": "#1"},
				"down": {"uv": [6.25, 6.375, 6.375, 6.5], "rotation": 90, "texture": "#1"}
			}
		},
		{
			"name": "chaosfistsdesign_23",
			"from": [8.78966, 5.92753, 1.85562],
			"to": [8.78966, 9.36838, 2.34717],
			"rotation": {"angle": 22.5, "axis": "y", "origin": [8, 7.76483, 8]},
			"faces": {
				"north": {"uv": [9.25, 5.625, 9.375, 6.5], "texture": "#1"},
				"east": {"uv": [9.25, 5.625, 9.375, 6.5], "texture": "#1"},
				"south": {"uv": [9.25, 5.625, 9.375, 6.5], "texture": "#1"},
				"west": {"uv": [9.25, 6.5, 9.375, 5.625], "rotation": 180, "texture": "#1"},
				"up": {"uv": [9.375, 5.625, 9.25, 5.75], "rotation": 90, "texture": "#1"},
				"down": {"uv": [9.25, 6.375, 9.375, 6.5], "rotation": 90, "texture": "#1"}
			}
		},
		{
			"name": "chaosfistsdesign_24",
			"from": [8.78966, 5.43598, 13.16126],
			"to": [8.78966, 6.41908, 13.65283],
			"rotation": {"angle": 22.5, "axis": "y", "origin": [8, 7.76483, 8]},
			"faces": {
				"north": {"uv": [6.375, 6.375, 6.5, 6.625], "texture": "#1"},
				"east": {"uv": [6.375, 6.375, 6.5, 6.625], "texture": "#1"},
				"south": {"uv": [6.375, 6.375, 6.5, 6.625], "texture": "#1"},
				"west": {"uv": [6.375, 6.625, 6.5, 6.375], "rotation": 180, "texture": "#1"},
				"up": {"uv": [6.5, 6.375, 6.375, 6.5], "rotation": 90, "texture": "#1"},
				"down": {"uv": [6.375, 6.5, 6.5, 6.625], "rotation": 90, "texture": "#1"}
			}
		},
		{
			"name": "chaosfistsdesign_25",
			"from": [8.78966, 5.43598, 2.34717],
			"to": [8.78966, 6.41908, 2.83872],
			"rotation": {"angle": 22.5, "axis": "y", "origin": [8, 7.76483, 8]},
			"faces": {
				"north": {"uv": [9.125, 6.375, 9.25, 6.625], "texture": "#1"},
				"east": {"uv": [9.125, 6.375, 9.25, 6.625], "texture": "#1"},
				"south": {"uv": [9.125, 6.375, 9.25, 6.625], "texture": "#1"},
				"west": {"uv": [9.125, 6.625, 9.25, 6.375], "rotation": 180, "texture": "#1"},
				"up": {"uv": [9.25, 6.375, 9.125, 6.5], "rotation": 90, "texture": "#1"},
				"down": {"uv": [9.125, 6.5, 9.25, 6.625], "rotation": 90, "texture": "#1"}
			}
		},
		{
			"name": "chaosfistsdesign_26",
			"from": [8.78966, 2.97823, 12.66973],
			"to": [8.78966, 5.92753, 13.16126],
			"rotation": {"angle": 22.5, "axis": "y", "origin": [8, 7.76483, 8]},
			"faces": {
				"north": {"uv": [6.5, 6.5, 6.625, 7.25], "texture": "#1"},
				"east": {"uv": [6.5, 6.5, 6.625, 7.25], "texture": "#1"},
				"south": {"uv": [6.5, 6.5, 6.625, 7.25], "texture": "#1"},
				"west": {"uv": [6.5, 7.25, 6.625, 6.5], "rotation": 180, "texture": "#1"},
				"up": {"uv": [6.625, 6.5, 6.5, 6.625], "rotation": 90, "texture": "#1"},
				"down": {"uv": [6.5, 7.125, 6.625, 7.25], "rotation": 90, "texture": "#1"}
			}
		},
		{
			"name": "chaosfistsdesign_27",
			"from": [8.78966, 2.97823, 2.83872],
			"to": [8.78966, 5.92753, 3.33027],
			"rotation": {"angle": 22.5, "axis": "y", "origin": [8, 7.76483, 8]},
			"faces": {
				"north": {"uv": [9, 6.5, 9.125, 7.25], "texture": "#1"},
				"east": {"uv": [9, 6.5, 9.125, 7.25], "texture": "#1"},
				"south": {"uv": [9, 6.5, 9.125, 7.25], "texture": "#1"},
				"west": {"uv": [9, 7.25, 9.125, 6.5], "rotation": 180, "texture": "#1"},
				"up": {"uv": [9.125, 6.5, 9, 6.625], "rotation": 90, "texture": "#1"},
				"down": {"uv": [9, 7.125, 9.125, 7.25], "rotation": 90, "texture": "#1"}
			}
		},
		{
			"name": "chaosfistsdesign_28",
			"from": [8.78966, 4.45288, 13.16126],
			"to": [8.78966, 4.94443, 13.65283],
			"rotation": {"angle": 22.5, "axis": "y", "origin": [8, 7.76483, 8]},
			"faces": {
				"north": {"uv": [6.375, 6.75, 6.5, 6.875], "texture": "#1"},
				"east": {"uv": [6.375, 6.75, 6.5, 6.875], "texture": "#1"},
				"south": {"uv": [6.375, 6.75, 6.5, 6.875], "texture": "#1"},
				"west": {"uv": [6.375, 6.875, 6.5, 6.75], "rotation": 180, "texture": "#1"},
				"up": {"uv": [6.5, 6.75, 6.375, 6.875], "rotation": 90, "texture": "#1"},
				"down": {"uv": [6.375, 6.75, 6.5, 6.875], "rotation": 90, "texture": "#1"}
			}
		},
		{
			"name": "chaosfistsdesign_29",
			"from": [8.78966, 4.45288, 2.34717],
			"to": [8.78966, 4.94443, 2.83872],
			"rotation": {"angle": 22.5, "axis": "y", "origin": [8, 7.76483, 8]},
			"faces": {
				"north": {"uv": [9.125, 6.75, 9.25, 6.875], "texture": "#1"},
				"east": {"uv": [9.125, 6.75, 9.25, 6.875], "texture": "#1"},
				"south": {"uv": [9.125, 6.75, 9.25, 6.875], "texture": "#1"},
				"west": {"uv": [9.125, 6.875, 9.25, 6.75], "rotation": 180, "texture": "#1"},
				"up": {"uv": [9.25, 6.75, 9.125, 6.875], "rotation": 90, "texture": "#1"},
				"down": {"uv": [9.125, 6.75, 9.25, 6.875], "rotation": 90, "texture": "#1"}
			}
		},
		{
			"name": "chaosfistsdesign_30",
			"from": [8.78966, 3.46978, 12.17818],
			"to": [8.78966, 3.96133, 12.66973],
			"rotation": {"angle": 22.5, "axis": "y", "origin": [8, 7.76483, 8]},
			"faces": {
				"north": {"uv": [6.625, 7, 6.75, 7.125], "texture": "#1"},
				"east": {"uv": [6.625, 7, 6.75, 7.125], "texture": "#1"},
				"south": {"uv": [6.625, 7, 6.75, 7.125], "texture": "#1"},
				"west": {"uv": [6.625, 7.125, 6.75, 7], "rotation": 180, "texture": "#1"},
				"up": {"uv": [6.75, 7, 6.625, 7.125], "rotation": 90, "texture": "#1"},
				"down": {"uv": [6.625, 7, 6.75, 7.125], "rotation": 90, "texture": "#1"}
			}
		},
		{
			"name": "chaosfistsdesign_31",
			"from": [8.78966, 3.46978, 3.33027],
			"to": [8.78966, 3.96133, 3.82181],
			"rotation": {"angle": 22.5, "axis": "y", "origin": [8, 7.76483, 8]},
			"faces": {
				"north": {"uv": [8.875, 7, 9, 7.125], "texture": "#1"},
				"east": {"uv": [8.875, 7, 9, 7.125], "texture": "#1"},
				"south": {"uv": [8.875, 7, 9, 7.125], "texture": "#1"},
				"west": {"uv": [8.875, 7.125, 9, 7], "rotation": 180, "texture": "#1"},
				"up": {"uv": [9, 7, 8.875, 7.125], "rotation": 90, "texture": "#1"},
				"down": {"uv": [8.875, 7, 9, 7.125], "rotation": 90, "texture": "#1"}
			}
		},
		{
			"name": "chaosfistsdesign_48",
			"from": [11.10085, 5.2403, 10.04714],
			"to": [12.49251, 5.8252, 10.63204],
			"rotation": {"angle": 22.5, "axis": "y", "origin": [8, 7.76483, 8]},
			"faces": {
				"north": {"uv": [8.625, 8.5, 8.75, 8.625], "texture": "#1"},
				"east": {"uv": [8.625, 8.5, 8.75, 8.625], "texture": "#1"},
				"south": {"uv": [8.625, 8.5, 8.75, 8.625], "texture": "#1"},
				"west": {"uv": [8.625, 8.625, 8.75, 8.5], "rotation": 180, "texture": "#1"},
				"up": {"uv": [8.75, 8.5, 8.625, 8.625], "rotation": 90, "texture": "#1"},
				"down": {"uv": [8.625, 8.5, 8.75, 8.625], "rotation": 90, "texture": "#1"}
			}
		},
		{
			"name": "chaosfistsdesign_38",
			"from": [11.10085, 6.4101, 8.87734],
			"to": [12.49251, 6.995, 10.04714],
			"rotation": {"angle": 22.5, "axis": "y", "origin": [8, 7.76483, 8]},
			"faces": {
				"north": {"uv": [8.875, 8.25, 9, 8.375], "texture": "#1"},
				"east": {"uv": [8.75, 8.25, 9, 8.375], "texture": "#1"},
				"south": {"uv": [8.75, 8.25, 8.875, 8.375], "texture": "#1"},
				"west": {"uv": [8.75, 8.375, 9, 8.25], "rotation": 180, "texture": "#1"},
				"up": {"uv": [9, 8.25, 8.75, 8.375], "rotation": 90, "texture": "#1"},
				"down": {"uv": [8.75, 8.25, 9, 8.375], "rotation": 90, "texture": "#1"}
			}
		},
		{
			"name": "chaosfistsdesign_41",
			"from": [11.10085, 5.8252, 9.46224],
			"to": [12.49251, 6.4101, 10.04714],
			"rotation": {"angle": 22.5, "axis": "y", "origin": [8, 7.76483, 8]},
			"faces": {
				"north": {"uv": [8.75, 8.375, 8.875, 8.5], "texture": "#1"},
				"east": {"uv": [8.75, 8.375, 8.875, 8.5], "texture": "#1"},
				"south": {"uv": [8.75, 8.375, 8.875, 8.5], "texture": "#1"},
				"west": {"uv": [8.75, 8.5, 8.875, 8.375], "rotation": 180, "texture": "#1"},
				"up": {"uv": [8.875, 8.375, 8.75, 8.5], "rotation": 90, "texture": "#1"},
				"down": {"uv": [8.75, 8.375, 8.875, 8.5], "rotation": 90, "texture": "#1"}
			}
		},
		{
			"name": "chaosfistsdesign_56",
			"from": [11.10085, 4.07049, 9.46224],
			"to": [12.49251, 5.2403, 10.04714],
			"rotation": {"angle": 22.5, "axis": "y", "origin": [8, 7.76483, 8]},
			"faces": {
				"north": {"uv": [8.75, 8.625, 8.875, 8.875], "texture": "#1"},
				"east": {"uv": [8.75, 8.625, 8.875, 8.875], "texture": "#1"},
				"south": {"uv": [8.75, 8.625, 8.875, 8.875], "texture": "#1"},
				"west": {"uv": [8.75, 8.875, 8.875, 8.625], "rotation": 180, "texture": "#1"},
				"up": {"uv": [8.875, 8.625, 8.75, 8.75], "rotation": 90, "texture": "#1"},
				"down": {"uv": [8.75, 8.75, 8.875, 8.875], "rotation": 90, "texture": "#1"}
			}
		},
		{
			"name": "chaosfistsdesign_60",
			"from": [11.10085, 4.07049, 8.87734],
			"to": [12.49251, 4.6554, 9.46224],
			"rotation": {"angle": 22.5, "axis": "y", "origin": [8, 7.76483, 8]},
			"faces": {
				"north": {"uv": [8.875, 8.75, 9, 8.875], "texture": "#1"},
				"east": {"uv": [8.875, 8.75, 9, 8.875], "texture": "#1"},
				"south": {"uv": [8.875, 8.75, 9, 8.875], "texture": "#1"},
				"west": {"uv": [8.875, 8.875, 9, 8.75], "rotation": 180, "texture": "#1"},
				"up": {"uv": [9, 8.75, 8.875, 8.875], "rotation": 90, "texture": "#1"},
				"down": {"uv": [8.875, 8.75, 9, 8.875], "rotation": 90, "texture": "#1"}
			}
		},
		{
			"name": "chaosfistsdesign_65",
			"from": [11.10085, 3.48559, 7.12264],
			"to": [12.49251, 4.07049, 8.87734],
			"rotation": {"angle": 22.5, "axis": "y", "origin": [8, 7.76483, 8]},
			"faces": {
				"north": {"uv": [9.25, 8.875, 9.375, 9], "texture": "#1"},
				"east": {"uv": [9, 8.875, 9.375, 9], "texture": "#1"},
				"south": {"uv": [9, 8.875, 9.125, 9], "texture": "#1"},
				"west": {"uv": [9, 9, 9.375, 8.875], "rotation": 180, "texture": "#1"},
				"up": {"uv": [9.375, 8.875, 9, 9], "rotation": 90, "texture": "#1"},
				"down": {"uv": [9, 8.875, 9.375, 9], "rotation": 90, "texture": "#1"}
			}
		},
		{
			"name": "chaosfistsdesign_57",
			"from": [11.10085, 4.07049, 5.95284],
			"to": [12.49251, 5.2403, 6.53774],
			"rotation": {"angle": 22.5, "axis": "y", "origin": [8, 7.76483, 8]},
			"faces": {
				"north": {"uv": [9.5, 8.625, 9.625, 8.875], "texture": "#1"},
				"east": {"uv": [9.5, 8.625, 9.625, 8.875], "texture": "#1"},
				"south": {"uv": [9.5, 8.625, 9.625, 8.875], "texture": "#1"},
				"west": {"uv": [9.5, 8.875, 9.625, 8.625], "rotation": 180, "texture": "#1"},
				"up": {"uv": [9.625, 8.625, 9.5, 8.75], "rotation": 90, "texture": "#1"},
				"down": {"uv": [9.5, 8.75, 9.625, 8.875], "rotation": 90, "texture": "#1"}
			}
		},
		{
			"name": "chaosfistsdesign_61",
			"from": [11.10085, 4.07049, 6.53774],
			"to": [12.49251, 4.6554, 7.12264],
			"rotation": {"angle": 22.5, "axis": "y", "origin": [8, 7.76483, 8]},
			"faces": {
				"north": {"uv": [9.375, 8.75, 9.5, 8.875], "texture": "#1"},
				"east": {"uv": [9.375, 8.75, 9.5, 8.875], "texture": "#1"},
				"south": {"uv": [9.375, 8.75, 9.5, 8.875], "texture": "#1"},
				"west": {"uv": [9.375, 8.875, 9.5, 8.75], "rotation": 180, "texture": "#1"},
				"up": {"uv": [9.5, 8.75, 9.375, 8.875], "rotation": 90, "texture": "#1"},
				"down": {"uv": [9.375, 8.75, 9.5, 8.875], "rotation": 90, "texture": "#1"}
			}
		},
		{
			"name": "chaosfistsdesign_49",
			"from": [11.10085, 5.2403, 5.36794],
			"to": [12.49251, 5.8252, 5.95284],
			"rotation": {"angle": 22.5, "axis": "y", "origin": [8, 7.76483, 8]},
			"faces": {
				"north": {"uv": [9.625, 8.5, 9.75, 8.625], "texture": "#1"},
				"east": {"uv": [9.625, 8.5, 9.75, 8.625], "texture": "#1"},
				"south": {"uv": [9.625, 8.5, 9.75, 8.625], "texture": "#1"},
				"west": {"uv": [9.625, 8.625, 9.75, 8.5], "rotation": 180, "texture": "#1"},
				"up": {"uv": [9.75, 8.5, 9.625, 8.625], "rotation": 90, "texture": "#1"},
				"down": {"uv": [9.625, 8.5, 9.75, 8.625], "rotation": 90, "texture": "#1"}
			}
		},
		{
			"name": "chaosfistsdesign_39",
			"from": [11.10085, 6.4101, 5.95284],
			"to": [12.49251, 6.995, 7.12264],
			"rotation": {"angle": 22.5, "axis": "y", "origin": [8, 7.76483, 8]},
			"faces": {
				"north": {"uv": [9.5, 8.25, 9.625, 8.375], "texture": "#1"},
				"east": {"uv": [9.375, 8.25, 9.625, 8.375], "texture": "#1"},
				"south": {"uv": [9.375, 8.25, 9.5, 8.375], "texture": "#1"},
				"west": {"uv": [9.375, 8.375, 9.625, 8.25], "rotation": 180, "texture": "#1"},
				"up": {"uv": [9.625, 8.25, 9.375, 8.375], "rotation": 90, "texture": "#1"},
				"down": {"uv": [9.375, 8.25, 9.625, 8.375], "rotation": 90, "texture": "#1"}
			}
		},
		{
			"name": "chaosfistsdesign_42",
			"from": [11.10085, 5.8252, 5.95284],
			"to": [12.49251, 6.4101, 6.53774],
			"rotation": {"angle": 22.5, "axis": "y", "origin": [8, 7.76483, 8]},
			"faces": {
				"north": {"uv": [9.5, 8.375, 9.625, 8.5], "texture": "#1"},
				"east": {"uv": [9.5, 8.375, 9.625, 8.5], "texture": "#1"},
				"south": {"uv": [9.5, 8.375, 9.625, 8.5], "texture": "#1"},
				"west": {"uv": [9.5, 8.5, 9.625, 8.375], "rotation": 180, "texture": "#1"},
				"up": {"uv": [9.625, 8.375, 9.5, 8.5], "rotation": 90, "texture": "#1"},
				"down": {"uv": [9.5, 8.375, 9.625, 8.5], "rotation": 90, "texture": "#1"}
			}
		},
		{
			"name": "chaosfistsdesign_35",
			"from": [11.10085, 6.995, 7.12264],
			"to": [12.49251, 7.5799, 8.87734],
			"rotation": {"angle": 22.5, "axis": "y", "origin": [8, 7.76483, 8]},
			"faces": {
				"north": {"uv": [9.25, 8.125, 9.375, 8.25], "texture": "#1"},
				"east": {"uv": [9, 8.125, 9.375, 8.25], "texture": "#1"},
				"south": {"uv": [9, 8.125, 9.125, 8.25], "texture": "#1"},
				"west": {"uv": [9, 8.25, 9.375, 8.125], "rotation": 180, "texture": "#1"},
				"up": {"uv": [9.375, 8.125, 9, 8.25], "rotation": 90, "texture": "#1"},
				"down": {"uv": [9, 8.125, 9.375, 8.25], "rotation": 90, "texture": "#1"}
			}
		},
		{
			"name": "chaosfistsdesign_50",
			"from": [11.10085, 5.2403, 9.46224],
			"to": [12.6942, 5.8252, 10.04714],
			"rotation": {"angle": 22.5, "axis": "y", "origin": [8, 7.76483, 8]},
			"faces": {
				"north": {"uv": [10, 8.5, 10.125, 8.625], "texture": "#1"},
				"east": {"uv": [10, 8.5, 10.125, 8.625], "texture": "#1"},
				"south": {"uv": [10, 8.5, 10.125, 8.625], "texture": "#1"},
				"west": {"uv": [10, 8.625, 10.125, 8.5], "rotation": 180, "texture": "#1"},
				"up": {"uv": [10.125, 8.5, 10, 8.625], "rotation": 90, "texture": "#1"},
				"down": {"uv": [10, 8.5, 10.125, 8.625], "rotation": 90, "texture": "#1"}
			}
		},
		{
			"name": "chaosfistsdesign_43",
			"from": [11.10085, 5.8252, 8.87734],
			"to": [12.6942, 6.4101, 9.46224],
			"rotation": {"angle": 22.5, "axis": "y", "origin": [8, 7.76483, 8]},
			"faces": {
				"north": {"uv": [10.125, 8.375, 10.25, 8.5], "texture": "#1"},
				"east": {"uv": [10.125, 8.375, 10.25, 8.5], "texture": "#1"},
				"south": {"uv": [10.125, 8.375, 10.25, 8.5], "texture": "#1"},
				"west": {"uv": [10.125, 8.5, 10.25, 8.375], "rotation": 180, "texture": "#1"},
				"up": {"uv": [10.25, 8.375, 10.125, 8.5], "rotation": 90, "texture": "#1"},
				"down": {"uv": [10.125, 8.375, 10.25, 8.5], "rotation": 90, "texture": "#1"}
			}
		},
		{
			"name": "chaosfistsdesign_40",
			"from": [11.10085, 6.4101, 7.12264],
			"to": [12.6942, 6.995, 8.87734],
			"rotation": {"angle": 22.5, "axis": "y", "origin": [8, 7.76483, 8]},
			"faces": {
				"north": {"uv": [10.5, 8.25, 10.625, 8.375], "texture": "#1"},
				"east": {"uv": [10.25, 8.25, 10.625, 8.375], "texture": "#1"},
				"south": {"uv": [10.25, 8.25, 10.375, 8.375], "texture": "#1"},
				"west": {"uv": [10.25, 8.375, 10.625, 8.25], "rotation": 180, "texture": "#1"},
				"up": {"uv": [10.625, 8.25, 10.25, 8.375], "rotation": 90, "texture": "#1"},
				"down": {"uv": [10.25, 8.25, 10.625, 8.375], "rotation": 90, "texture": "#1"}
			}
		},
		{
			"name": "chaosfistsdesign_44",
			"from": [11.10085, 5.8252, 6.53774],
			"to": [12.6942, 6.4101, 7.12264],
			"rotation": {"angle": 22.5, "axis": "y", "origin": [8, 7.76483, 8]},
			"faces": {
				"north": {"uv": [10.625, 8.375, 10.75, 8.5], "texture": "#1"},
				"east": {"uv": [10.625, 8.375, 10.75, 8.5], "texture": "#1"},
				"south": {"uv": [10.625, 8.375, 10.75, 8.5], "texture": "#1"},
				"west": {"uv": [10.625, 8.5, 10.75, 8.375], "rotation": 180, "texture": "#1"},
				"up": {"uv": [10.75, 8.375, 10.625, 8.5], "rotation": 90, "texture": "#1"},
				"down": {"uv": [10.625, 8.375, 10.75, 8.5], "rotation": 90, "texture": "#1"}
			}
		},
		{
			"name": "chaosfistsdesign_51",
			"from": [11.10085, 5.2403, 5.95284],
			"to": [12.6942, 5.8252, 6.53774],
			"rotation": {"angle": 22.5, "axis": "y", "origin": [8, 7.76483, 8]},
			"faces": {
				"north": {"uv": [10.75, 8.5, 10.875, 8.625], "texture": "#1"},
				"east": {"uv": [10.75, 8.5, 10.875, 8.625], "texture": "#1"},
				"south": {"uv": [10.75, 8.5, 10.875, 8.625], "texture": "#1"},
				"west": {"uv": [10.75, 8.625, 10.875, 8.5], "rotation": 180, "texture": "#1"},
				"up": {"uv": [10.875, 8.5, 10.75, 8.625], "rotation": 90, "texture": "#1"},
				"down": {"uv": [10.75, 8.5, 10.875, 8.625], "rotation": 90, "texture": "#1"}
			}
		},
		{
			"name": "chaosfistsdesign_59",
			"from": [11.10085, 4.6554, 6.53774],
			"to": [12.6942, 5.2403, 7.12264],
			"rotation": {"angle": 22.5, "axis": "y", "origin": [8, 7.76483, 8]},
			"faces": {
				"north": {"uv": [10.625, 8.625, 10.75, 8.75], "texture": "#1"},
				"east": {"uv": [10.625, 8.625, 10.75, 8.75], "texture": "#1"},
				"south": {"uv": [10.625, 8.625, 10.75, 8.75], "texture": "#1"},
				"west": {"uv": [10.625, 8.75, 10.75, 8.625], "rotation": 180, "texture": "#1"},
				"up": {"uv": [10.75, 8.625, 10.625, 8.75], "rotation": 90, "texture": "#1"},
				"down": {"uv": [10.625, 8.625, 10.75, 8.75], "rotation": 90, "texture": "#1"}
			}
		},
		{
			"name": "chaosfistsdesign_62",
			"from": [11.10085, 4.07049, 7.12264],
			"to": [12.6942, 4.6554, 8.87734],
			"rotation": {"angle": 22.5, "axis": "y", "origin": [8, 7.76483, 8]},
			"faces": {
				"north": {"uv": [10.5, 8.75, 10.625, 8.875], "texture": "#1"},
				"east": {"uv": [10.25, 8.75, 10.625, 8.875], "texture": "#1"},
				"south": {"uv": [10.25, 8.75, 10.375, 8.875], "texture": "#1"},
				"west": {"uv": [10.25, 8.875, 10.625, 8.75], "rotation": 180, "texture": "#1"},
				"up": {"uv": [10.625, 8.75, 10.25, 8.875], "rotation": 90, "texture": "#1"},
				"down": {"uv": [10.25, 8.75, 10.625, 8.875], "rotation": 90, "texture": "#1"}
			}
		},
		{
			"name": "chaosfistsdesign_58",
			"from": [11.10085, 4.6554, 8.87734],
			"to": [12.6942, 5.2403, 9.46224],
			"rotation": {"angle": 22.5, "axis": "y", "origin": [8, 7.76483, 8]},
			"faces": {
				"north": {"uv": [10.125, 8.625, 10.25, 8.75], "texture": "#1"},
				"east": {"uv": [10.125, 8.625, 10.25, 8.75], "texture": "#1"},
				"south": {"uv": [10.125, 8.625, 10.25, 8.75], "texture": "#1"},
				"west": {"uv": [10.125, 8.75, 10.25, 8.625], "rotation": 180, "texture": "#1"},
				"up": {"uv": [10.25, 8.625, 10.125, 8.75], "rotation": 90, "texture": "#1"},
				"down": {"uv": [10.125, 8.625, 10.25, 8.75], "rotation": 90, "texture": "#1"}
			}
		},
		{
			"name": "chaosfistsdesign_45",
			"from": [11.10085, 4.6554, 7.12264],
			"to": [11.88744, 6.4101, 8.87734],
			"rotation": {"angle": 22.5, "axis": "y", "origin": [8, 7.76483, 8]},
			"faces": {
				"north": {"uv": [11.375, 8.375, 11.5, 8.75], "texture": "#1"},
				"east": {"uv": [11.125, 8.375, 11.5, 8.75], "texture": "#1"},
				"south": {"uv": [11.125, 8.375, 11.25, 8.75], "texture": "#1"},
				"west": {"uv": [11.125, 8.75, 11.5, 8.375], "rotation": 180, "texture": "#1"},
				"up": {"uv": [11.5, 8.375, 11.125, 8.5], "rotation": 90, "texture": "#1"},
				"down": {"uv": [11.125, 8.625, 11.5, 8.75], "rotation": 90, "texture": "#1"}
			}
		},
		{
			"name": "chaosfistsdesign_52",
			"from": [11.10085, 5.2403, 8.87734],
			"to": [11.88744, 5.8252, 9.46224],
			"rotation": {"angle": 22.5, "axis": "y", "origin": [8, 7.76483, 8]},
			"faces": {
				"north": {"uv": [11, 8.5, 11.125, 8.625], "texture": "#1"},
				"east": {"uv": [11, 8.5, 11.125, 8.625], "texture": "#1"},
				"south": {"uv": [11, 8.5, 11.125, 8.625], "texture": "#1"},
				"west": {"uv": [11, 8.625, 11.125, 8.5], "rotation": 180, "texture": "#1"},
				"up": {"uv": [11.125, 8.5, 11, 8.625], "rotation": 90, "texture": "#1"},
				"down": {"uv": [11, 8.5, 11.125, 8.625], "rotation": 90, "texture": "#1"}
			}
		},
		{
			"name": "chaosfistsdesign_53",
			"from": [11.10085, 5.2403, 6.53774],
			"to": [11.88744, 5.8252, 7.12264],
			"rotation": {"angle": 22.5, "axis": "y", "origin": [8, 7.76483, 8]},
			"faces": {
				"north": {"uv": [11.5, 8.5, 11.625, 8.625], "texture": "#1"},
				"east": {"uv": [11.5, 8.5, 11.625, 8.625], "texture": "#1"},
				"south": {"uv": [11.5, 8.5, 11.625, 8.625], "texture": "#1"},
				"west": {"uv": [11.5, 8.625, 11.625, 8.5], "rotation": 180, "texture": "#1"},
				"up": {"uv": [11.625, 8.5, 11.5, 8.625], "rotation": 90, "texture": "#1"},
				"down": {"uv": [11.5, 8.5, 11.625, 8.625], "rotation": 90, "texture": "#1"}
			}
		},
		{
			"name": "chaosfistsdesign_66",
			"from": [11.10085, 2.90069, 7.12264],
			"to": [12.08913, 3.48559, 8.87734],
			"rotation": {"angle": 22.5, "axis": "y", "origin": [8, 7.76483, 8]},
			"faces": {
				"north": {"uv": [7.875, 9, 8, 9.125], "texture": "#1"},
				"east": {"uv": [7.625, 9, 8, 9.125], "texture": "#1"},
				"south": {"uv": [7.625, 9, 7.75, 9.125], "texture": "#1"},
				"west": {"uv": [7.625, 9.125, 8, 9], "rotation": 180, "texture": "#1"},
				"up": {"uv": [8, 9, 7.625, 9.125], "rotation": 90, "texture": "#1"},
				"down": {"uv": [7.625, 9, 8, 9.125], "rotation": 90, "texture": "#1"}
			}
		},
		{
			"name": "chaosfistsdesign_63",
			"from": [11.10085, 3.48559, 8.87734],
			"to": [12.08913, 4.07049, 10.04714],
			"rotation": {"angle": 22.5, "axis": "y", "origin": [8, 7.76483, 8]},
			"faces": {
				"north": {"uv": [7.5, 8.875, 7.625, 9], "texture": "#1"},
				"east": {"uv": [7.375, 8.875, 7.625, 9], "texture": "#1"},
				"south": {"uv": [7.375, 8.875, 7.5, 9], "texture": "#1"},
				"west": {"uv": [7.375, 9, 7.625, 8.875], "rotation": 180, "texture": "#1"},
				"up": {"uv": [7.625, 8.875, 7.375, 9], "rotation": 90, "texture": "#1"},
				"down": {"uv": [7.375, 8.875, 7.625, 9], "rotation": 90, "texture": "#1"}
			}
		},
		{
			"name": "chaosfistsdesign_54",
			"from": [11.10085, 4.07049, 10.04714],
			"to": [12.08913, 5.2403, 10.63204],
			"rotation": {"angle": 22.5, "axis": "y", "origin": [8, 7.76483, 8]},
			"faces": {
				"north": {"uv": [7.25, 8.625, 7.375, 8.875], "texture": "#1"},
				"east": {"uv": [7.25, 8.625, 7.375, 8.875], "texture": "#1"},
				"south": {"uv": [7.25, 8.625, 7.375, 8.875], "texture": "#1"},
				"west": {"uv": [7.25, 8.875, 7.375, 8.625], "rotation": 180, "texture": "#1"},
				"up": {"uv": [7.375, 8.625, 7.25, 8.75], "rotation": 90, "texture": "#1"},
				"down": {"uv": [7.25, 8.75, 7.375, 8.875], "rotation": 90, "texture": "#1"}
			}
		},
		{
			"name": "chaosfistsdesign_46",
			"from": [11.10085, 5.2403, 10.63204],
			"to": [12.08913, 5.8252, 11.21695],
			"rotation": {"angle": 22.5, "axis": "y", "origin": [8, 7.76483, 8]},
			"faces": {
				"north": {"uv": [7.125, 8.5, 7.25, 8.625], "texture": "#1"},
				"east": {"uv": [7.125, 8.5, 7.25, 8.625], "texture": "#1"},
				"south": {"uv": [7.125, 8.5, 7.25, 8.625], "texture": "#1"},
				"west": {"uv": [7.125, 8.625, 7.25, 8.5], "rotation": 180, "texture": "#1"},
				"up": {"uv": [7.25, 8.5, 7.125, 8.625], "rotation": 90, "texture": "#1"},
				"down": {"uv": [7.125, 8.5, 7.25, 8.625], "rotation": 90, "texture": "#1"}
			}
		},
		{
			"name": "chaosfistsdesign_36",
			"from": [11.10085, 5.8252, 10.04714],
			"to": [12.08913, 6.995, 10.63204],
			"rotation": {"angle": 22.5, "axis": "y", "origin": [8, 7.76483, 8]},
			"faces": {
				"north": {"uv": [7.25, 8.25, 7.375, 8.5], "texture": "#1"},
				"east": {"uv": [7.25, 8.25, 7.375, 8.5], "texture": "#1"},
				"south": {"uv": [7.25, 8.25, 7.375, 8.5], "texture": "#1"},
				"west": {"uv": [7.25, 8.5, 7.375, 8.25], "rotation": 180, "texture": "#1"},
				"up": {"uv": [7.375, 8.25, 7.25, 8.375], "rotation": 90, "texture": "#1"},
				"down": {"uv": [7.25, 8.375, 7.375, 8.5], "rotation": 90, "texture": "#1"}
			}
		},
		{
			"name": "chaosfistsdesign_33",
			"from": [11.10085, 6.995, 8.87734],
			"to": [12.08913, 7.5799, 10.04714],
			"rotation": {"angle": 22.5, "axis": "y", "origin": [8, 7.76483, 8]},
			"faces": {
				"north": {"uv": [7.5, 8.125, 7.625, 8.25], "texture": "#1"},
				"east": {"uv": [7.375, 8.125, 7.625, 8.25], "texture": "#1"},
				"south": {"uv": [7.375, 8.125, 7.5, 8.25], "texture": "#1"},
				"west": {"uv": [7.375, 8.25, 7.625, 8.125], "rotation": 180, "texture": "#1"},
				"up": {"uv": [7.625, 8.125, 7.375, 8.25], "rotation": 90, "texture": "#1"},
				"down": {"uv": [7.375, 8.125, 7.625, 8.25], "rotation": 90, "texture": "#1"}
			}
		},
		{
			"name": "chaosfistsdesign_32",
			"from": [11.10085, 7.5799, 7.12264],
			"to": [12.08913, 8.1648, 8.87734],
			"rotation": {"angle": 22.5, "axis": "y", "origin": [8, 7.76483, 8]},
			"faces": {
				"north": {"uv": [7.875, 8, 8, 8.125], "texture": "#1"},
				"east": {"uv": [7.625, 8, 8, 8.125], "texture": "#1"},
				"south": {"uv": [7.625, 8, 7.75, 8.125], "texture": "#1"},
				"west": {"uv": [7.625, 8.125, 8, 8], "rotation": 180, "texture": "#1"},
				"up": {"uv": [8, 8, 7.625, 8.125], "rotation": 90, "texture": "#1"},
				"down": {"uv": [7.625, 8, 8, 8.125], "rotation": 90, "texture": "#1"}
			}
		},
		{
			"name": "chaosfistsdesign_34",
			"from": [11.10085, 6.995, 5.95284],
			"to": [12.08913, 7.5799, 7.12264],
			"rotation": {"angle": 22.5, "axis": "y", "origin": [8, 7.76483, 8]},
			"faces": {
				"north": {"uv": [8.125, 8.125, 8.25, 8.25], "texture": "#1"},
				"east": {"uv": [8, 8.125, 8.25, 8.25], "texture": "#1"},
				"south": {"uv": [8, 8.125, 8.125, 8.25], "texture": "#1"},
				"west": {"uv": [8, 8.25, 8.25, 8.125], "rotation": 180, "texture": "#1"},
				"up": {"uv": [8.25, 8.125, 8, 8.25], "rotation": 90, "texture": "#1"},
				"down": {"uv": [8, 8.125, 8.25, 8.25], "rotation": 90, "texture": "#1"}
			}
		},
		{
			"name": "chaosfistsdesign_37",
			"from": [11.10085, 5.8252, 5.36794],
			"to": [12.08913, 6.995, 5.95284],
			"rotation": {"angle": 22.5, "axis": "y", "origin": [8, 7.76483, 8]},
			"faces": {
				"north": {"uv": [8.25, 8.25, 8.375, 8.5], "texture": "#1"},
				"east": {"uv": [8.25, 8.25, 8.375, 8.5], "texture": "#1"},
				"south": {"uv": [8.25, 8.25, 8.375, 8.5], "texture": "#1"},
				"west": {"uv": [8.25, 8.5, 8.375, 8.25], "rotation": 180, "texture": "#1"},
				"up": {"uv": [8.375, 8.25, 8.25, 8.375], "rotation": 90, "texture": "#1"},
				"down": {"uv": [8.25, 8.375, 8.375, 8.5], "rotation": 90, "texture": "#1"}
			}
		},
		{
			"name": "chaosfistsdesign_47",
			"from": [11.10085, 5.2403, 4.78303],
			"to": [12.08913, 5.8252, 5.36794],
			"rotation": {"angle": 22.5, "axis": "y", "origin": [8, 7.76483, 8]},
			"faces": {
				"north": {"uv": [8.375, 8.5, 8.5, 8.625], "texture": "#1"},
				"east": {"uv": [8.375, 8.5, 8.5, 8.625], "texture": "#1"},
				"south": {"uv": [8.375, 8.5, 8.5, 8.625], "texture": "#1"},
				"west": {"uv": [8.375, 8.625, 8.5, 8.5], "rotation": 180, "texture": "#1"},
				"up": {"uv": [8.5, 8.5, 8.375, 8.625], "rotation": 90, "texture": "#1"},
				"down": {"uv": [8.375, 8.5, 8.5, 8.625], "rotation": 90, "texture": "#1"}
			}
		},
		{
			"name": "chaosfistsdesign_55",
			"from": [11.10085, 4.07049, 5.36794],
			"to": [12.08913, 5.2403, 5.95284],
			"rotation": {"angle": 22.5, "axis": "y", "origin": [8, 7.76483, 8]},
			"faces": {
				"north": {"uv": [8.25, 8.625, 8.375, 8.875], "texture": "#1"},
				"east": {"uv": [8.25, 8.625, 8.375, 8.875], "texture": "#1"},
				"south": {"uv": [8.25, 8.625, 8.375, 8.875], "texture": "#1"},
				"west": {"uv": [8.25, 8.875, 8.375, 8.625], "rotation": 180, "texture": "#1"},
				"up": {"uv": [8.375, 8.625, 8.25, 8.75], "rotation": 90, "texture": "#1"},
				"down": {"uv": [8.25, 8.75, 8.375, 8.875], "rotation": 90, "texture": "#1"}
			}
		},
		{
			"name": "chaosfistsdesign_64",
			"from": [11.10085, 3.48559, 5.95284],
			"to": [12.08913, 4.07049, 7.12264],
			"rotation": {"angle": 22.5, "axis": "y", "origin": [8, 7.76483, 8]},
			"faces": {
				"north": {"uv": [8.125, 8.875, 8.25, 9], "texture": "#1"},
				"east": {"uv": [8, 8.875, 8.25, 9], "texture": "#1"},
				"south": {"uv": [8, 8.875, 8.125, 9], "texture": "#1"},
				"west": {"uv": [8, 9, 8.25, 8.875], "rotation": 180, "texture": "#1"},
				"up": {"uv": [8.25, 8.875, 8, 9], "rotation": 90, "texture": "#1"},
				"down": {"uv": [8, 8.875, 8.25, 9], "rotation": 90, "texture": "#1"}
			}
		}
	],
	"display": {
		"thirdperson_righthand": {
			"scale": [0, 0, 0]
		},
		"thirdperson_lefthand": {
			"scale": [0, 0, 0]
		},
		"firstperson_righthand": {
			"rotation": [-15, 0, 0],
			"translation": [-9, 3, -3.25]
		},
		"firstperson_lefthand": {
			"scale": [0, 0, 0]
		},
		"ground": {
			"scale": [0, 0, 0]
		},
		"gui": {
			"scale": [0, 0, 0]
		}
	},
	"groups": [
		{
			"name": "fist_2",
			"origin": [-7.00001, 0, -0.10248],
			"color": 0,
			"nbt": "{}",
			"children": [
				0,
				1,
				2,
				3,
				4,
				5,
				6,
				{
					"name": "chaosfistsdesign",
					"origin": [0.99999, 8, 7.89752],
					"color": 0,
					"nbt": "{}",
					"children": [7, 8, 9, 10, 11, 12, 13, 14, 15, 16, 17, 18, 19, 20, 21, 22, 23, 24, 25, 26, 27, 28, 29, 30, 31, 32, 33, 34, 35, 36, 37]
				},
				{
					"name": "group",
					"origin": [-11.47, 0, 8.07172],
					"color": 0,
					"nbt": "{}",
					"children": [38, 39, 40, 41, 42, 43, 44, 45, 46, 47, 48, 49, 50, 51, 52, 53, 54, 55, 56, 57, 58, 59, 60, 61, 62, 63, 64, 65, 66, 67, 68, 69, 70, 71, 72]
				}
			]
		}
	]
}