{
	"credit": "Made with Blockbench",
	"texture_size": [64, 64],
	"textures": {
		"0": "block/oak_planks",
		"2": "custom/other/canvas_map_1",
		"3": "custom/other/canvas",
		"particle": "block/oak_planks"
	},
	"elements": [
		{
			"from": [-8, 7, 7],
			"to": [24, 23, 9],
			"rotation": {"angle": 0, "axis": "x", "origin": [8, 16, 8]},
			"faces": {
				"north": {"uv": [0, 0, 8, 4], "texture": "#3"},
				"east": {"uv": [8, 0.5, 8.5, 4.5], "texture": "#3"},
				"south": {"uv": [0, 4, 8, 8], "texture": "#3"},
				"west": {"uv": [8, 4.5, 8.5, 8.5], "texture": "#3"},
				"up": {"uv": [8, 8.5, 0, 8], "texture": "#3"},
				"down": {"uv": [16, 0, 8, 0.5], "texture": "#3"}
			}
		},
		{
			"from": [-7, 8, 6],
			"to": [23, 22, 6],
			"rotation": {"angle": 0, "axis": "x", "origin": [8, 16, 8]},
			"faces": {
				"north": {"uv": [0, 0, 16, 8], "texture": "#2"},
				"east": {"uv": [8, 8.5, 0, 8], "texture": "#2"},
				"south": {"uv": [16, 0, 0, 8], "texture": "#2"},
				"west": {"uv": [8, 8.5, 0, 8], "texture": "#2"},
				"up": {"uv": [8, 8.5, 0, 8], "texture": "#2"},
				"down": {"uv": [8, 8.5, 0, 8], "texture": "#2"}
			}
		},
		{
			"from": [-2, 5, 5],
			"to": [18, 7, 12],
			"rotation": {"angle": 0, "axis": "y", "origin": [8, 0, 7]},
			"faces": {
				"north": {"uv": [0, 0, 16, 2], "texture": "#0"},
				"east": {"uv": [0, 0, 7, 2], "texture": "#0"},
				"south": {"uv": [0, 0, 16, 2], "texture": "#0"},
				"west": {"uv": [0, 0, 7, 2], "texture": "#0"},
				"up": {"uv": [0, 0, 16, 7], "texture": "#0"},
				"down": {"uv": [0, 0, 16, 7], "texture": "#0"}
			}
		},
		{
			"from": [-7, 2, 10],
			"to": [24, 4, 12],
			"rotation": {"angle": 0, "axis": "y", "origin": [8, -4, 7]},
			"faces": {
				"north": {"uv": [0, 0, 16, 2], "texture": "#0"},
				"east": {"uv": [0, 0, 2, 2], "texture": "#0"},
				"south": {"uv": [0, 0, 16, 2], "texture": "#0"},
				"west": {"uv": [0, 0, 2, 2], "texture": "#0"},
				"up": {"uv": [0, 0, 16, 2], "texture": "#0"},
				"down": {"uv": [0, 0, 16, 2], "texture": "#0"}
			}
		},
		{
			"from": [3, 24, 5],
			"to": [13, 26, 12],
			"rotation": {"angle": 0, "axis": "y", "origin": [3, 0, 7]},
			"faces": {
				"north": {"uv": [0, 0, 10, 2], "texture": "#0"},
				"east": {"uv": [0, 0, 7, 2], "texture": "#0"},
				"south": {"uv": [0, 0, 10, 2], "texture": "#0"},
				"west": {"uv": [0, 0, 7, 2], "texture": "#0"},
				"up": {"uv": [0, 0, 10, 7], "texture": "#0"},
				"down": {"uv": [0, 0, 10, 7], "texture": "#0"}
			}
		},
		{
			"from": [7, -7, 9],
			"to": [9, 32, 11],
			"rotation": {"angle": 0, "axis": "y", "origin": [7, 0, 7]},
			"faces": {
				"north": {"uv": [0, 0, 2, 16], "texture": "#0"},
				"east": {"uv": [0, 0, 2, 16], "texture": "#0"},
				"south": {"uv": [0, 0, 2, 16], "texture": "#0"},
				"west": {"uv": [0, 0, 2, 16], "texture": "#0"},
				"up": {"uv": [0, 0, 2, 2], "texture": "#0"},
				"down": {"uv": [0, 0, 2, 2], "texture": "#0"}
			}
		},
		{
			"from": [-1, -9, 9],
			"to": [1, 29, 11],
			"rotation": {"angle": -22.5, "axis": "z", "origin": [0, 15.5, 10]},
			"faces": {
				"north": {"uv": [0, 0, 2, 16], "texture": "#0"},
				"east": {"uv": [0, 0, 2, 16], "texture": "#0"},
				"south": {"uv": [0, 0, 2, 16], "texture": "#0"},
				"west": {"uv": [0, 0, 2, 16], "texture": "#0"},
				"up": {"uv": [0, 0, 2, 2], "texture": "#0"},
				"down": {"uv": [0, 0, 2, 2], "texture": "#0"}
			}
		},
		{
			"from": [15, -9, 9],
			"to": [17, 29, 11],
			"rotation": {"angle": 22.5, "axis": "z", "origin": [16, 15.5, 10]},
			"faces": {
				"north": {"uv": [2, 0, 4, 16], "texture": "#0"},
				"east": {"uv": [2, 0, 4, 16], "texture": "#0"},
				"south": {"uv": [2, 0, 4, 16], "texture": "#0"},
				"west": {"uv": [2, 0, 4, 16], "texture": "#0"},
				"up": {"uv": [2, 0, 4, 2], "texture": "#0"},
				"down": {"uv": [2, 0, 4, 2], "texture": "#0"}
			}
		},
		{
			"from": [5, 22, 5],
			"to": [11, 24, 7],
			"rotation": {"angle": 0, "axis": "y", "origin": [3, 0, 7]},
			"faces": {
				"north": {"uv": [0, 0, 6, 2], "texture": "#0"},
				"east": {"uv": [0, 0, 2, 2], "texture": "#0"},
				"south": {"uv": [0, 0, 6, 2], "texture": "#0"},
				"west": {"uv": [0, 0, 2, 2], "texture": "#0"},
				"up": {"uv": [0, 0, 6, 2], "texture": "#0"},
				"down": {"uv": [0, 0, 6, 2], "texture": "#0"}
			}
		}
	]
}