{
	"credit": "Made with Blockbench",
	"texture_size": [64, 64],
	"textures": {
		"0": "custom/entity/effect/shammasnade",
		"particle": "custom/entity/effect/shammasnade"
	},
	"elements": [
		{
			"from": [2, 2, 2],
			"to": [14, 14, 14],
			"rotation": {"angle": 0, "axis": "y", "origin": [2, 2, 2]},
			"faces": {
				"north": {"uv": [0, 0, 3, 3], "texture": "#0"},
				"east": {"uv": [0, 3, 3, 6], "texture": "#0"},
				"south": {"uv": [3, 0, 6, 3], "texture": "#0"},
				"west": {"uv": [3, 3, 6, 6], "texture": "#0"},
				"up": {"uv": [3, 9, 0, 6], "texture": "#0"},
				"down": {"uv": [9, 0, 6, 3], "texture": "#0"}
			}
		},
		{
			"from": [4, 4, 0],
			"to": [12, 12, 2],
			"rotation": {"angle": 0, "axis": "y", "origin": [8, 8, 8]},
			"faces": {
				"north": {"uv": [3, 6, 5, 8], "texture": "#0"},
				"east": {"uv": [5, 6, 5.5, 8], "texture": "#0"},
				"south": {"uv": [6, 3, 8, 5], "texture": "#0"},
				"west": {"uv": [6, 5, 6.5, 7], "texture": "#0"},
				"up": {"uv": [8.5, 5.5, 6.5, 5], "texture": "#0"},
				"down": {"uv": [8.5, 5.5, 6.5, 6], "texture": "#0"}
			}
		},
		{
			"from": [4, 4, 14],
			"to": [12, 12, 16],
			"rotation": {"angle": 0, "axis": "y", "origin": [8, 8, 8]},
			"faces": {
				"north": {"uv": [8, 3, 6, 5], "texture": "#0"},
				"east": {"uv": [5.5, 6, 5, 8], "texture": "#0"},
				"south": {"uv": [5, 6, 3, 8], "texture": "#0"},
				"west": {"uv": [6.5, 5, 6, 7], "texture": "#0"},
				"up": {"uv": [8.5, 5, 6.5, 5.5], "texture": "#0"},
				"down": {"uv": [8.5, 6, 6.5, 5.5], "texture": "#0"}
			}
		},
		{
			"from": [14, 4, 4],
			"to": [16, 12, 12],
			"rotation": {"angle": 0, "axis": "y", "origin": [8, 8, 8]},
			"faces": {
				"north": {"uv": [5.5, 6, 5, 8], "texture": "#0"},
				"east": {"uv": [5, 6, 3, 8], "texture": "#0"},
				"south": {"uv": [6.5, 5, 6, 7], "texture": "#0"},
				"west": {"uv": [8, 3, 6, 5], "texture": "#0"},
				"up": {"uv": [8.5, 5, 6.5, 5.5], "rotation": 270, "texture": "#0"},
				"down": {"uv": [8.5, 6, 6.5, 5.5], "rotation": 90, "texture": "#0"}
			}
		},
		{
			"from": [0, 4, 4],
			"to": [2, 12, 12],
			"rotation": {"angle": 0, "axis": "y", "origin": [8, 8, 8]},
			"faces": {
				"north": {"uv": [5, 6, 5.5, 8], "texture": "#0"},
				"east": {"uv": [6, 3, 8, 5], "texture": "#0"},
				"south": {"uv": [6, 5, 6.5, 7], "texture": "#0"},
				"west": {"uv": [3, 6, 5, 8], "texture": "#0"},
				"up": {"uv": [8.5, 5.5, 6.5, 5], "rotation": 270, "texture": "#0"},
				"down": {"uv": [8.5, 5.5, 6.5, 6], "rotation": 90, "texture": "#0"}
			}
		},
		{
			"from": [4, 0, 4],
			"to": [12, 2, 12],
			"rotation": {"angle": 0, "axis": "z", "origin": [8, 8, 8]},
			"faces": {
				"north": {"uv": [5.5, 6, 5, 8], "rotation": 270, "texture": "#0"},
				"east": {"uv": [8.5, 5, 6.5, 5.5], "texture": "#0"},
				"south": {"uv": [6.5, 5, 6, 7], "rotation": 90, "texture": "#0"},
				"west": {"uv": [8.5, 6, 6.5, 5.5], "rotation": 180, "texture": "#0"},
				"up": {"uv": [8, 3, 6, 5], "rotation": 90, "texture": "#0"},
				"down": {"uv": [5, 6, 3, 8], "rotation": 90, "texture": "#0"}
			}
		},
		{
			"from": [4, 14, 4],
			"to": [12, 16, 12],
			"rotation": {"angle": 0, "axis": "z", "origin": [8, 8, 8]},
			"faces": {
				"north": {"uv": [5, 6, 5.5, 8], "rotation": 270, "texture": "#0"},
				"east": {"uv": [8.5, 5.5, 6.5, 5], "texture": "#0"},
				"south": {"uv": [6, 5, 6.5, 7], "rotation": 90, "texture": "#0"},
				"west": {"uv": [8.5, 5.5, 6.5, 6], "rotation": 180, "texture": "#0"},
				"up": {"uv": [3, 6, 5, 8], "rotation": 90, "texture": "#0"},
				"down": {"uv": [6, 3, 8, 5], "rotation": 90, "texture": "#0"}
			}
		}
	],
	"display": {
		"thirdperson_righthand": {
			"scale": [0, 0, 0]
		},
		"thirdperson_lefthand": {
			"scale": [0, 0, 0]
		},
		"firstperson_lefthand": {
			"scale": [0, 0, 0]
		},
		"ground": {
			"scale": [0, 0, 0]
		},
		"gui": {
			"scale": [0, 0, 0]
		}
	}
}