{
	"credit": "Made with Blockbench",
	"textures": {
		"0": "custom/entity/effect/shammas_ray",
		"particle": "custom/entity/effect/shammas_ray"
	},
	"elements": [
		{
			"from": [8, 4.5, -8],
			"to": [8, 11.5, 8],
			"rotation": {"angle": 0, "axis": "y", "origin": [0, 4.5, 8]},
			"faces": {
				"north": {"uv": [6.4, 6.4, 9.6, 9.2], "texture": "#0"},
				"east": {"uv": [0, 0, 16, 16], "texture": "#0"},
				"south": {"uv": [6.4, 6.4, 9.6, 9.2], "texture": "#0"},
				"west": {"uv": [0, 0, 16, 16], "texture": "#0"},
				"up": {"uv": [0, 0, 16, 16], "rotation": 90, "texture": "#0"},
				"down": {"uv": [0, 0, 16, 16], "rotation": 90, "texture": "#0"}
			}
		}
	],
	"display": {
		"thirdperson_righthand": {
			"scale": [0, 0, 0]
		},
		"thirdperson_lefthand": {
			"scale": [0, 0, 0]
		},
		"firstperson_lefthand": {
			"scale": [0, 0, 0]
		},
		"ground": {
			"scale": [0, 0, 0]
		},
		"gui": {
			"scale": [0, 0, 0]
		}
	}
}