{
	"credit": "Made with Blockbench",
	"texture_size": [32, 32],
	"textures": {
		"1": "custom/ult/frostburn_ray",
		"particle": "custom/ult/frostburn_ray"
	},
	"elements": [
		{
			"from": [-15.52795, 7.44, 3.32],
			"to": [-15.52795, 32, 12.68],
			"rotation": {"angle": 0, "axis": "y", "origin": [8, 9, 8]},
			"faces": {
				"east": {"uv": [0, 0, 16, 16], "rotation": 90, "texture": "#1"},
				"west": {"uv": [0, 0, 16, 16], "rotation": 90, "texture": "#1"}
			}
		},
		{
			"from": [-15.52795, 7.44, 3.32],
			"to": [-15.52795, 32, 12.68],
			"rotation": {"angle": 22.5, "axis": "y", "origin": [8, 9, 8]},
			"faces": {
				"east": {"uv": [0, 0, 16, 16], "rotation": 90, "texture": "#1"},
				"west": {"uv": [0, 0, 16, 16], "rotation": 90, "texture": "#1"}
			}
		},
		{
			"from": [-15.52795, 7.44, 3.32],
			"to": [-15.52795, 32, 12.68],
			"rotation": {"angle": 45, "axis": "y", "origin": [8, 9, 8]},
			"faces": {
				"east": {"uv": [0, 0, 16, 16], "rotation": 90, "texture": "#1"},
				"west": {"uv": [0, 0, 16, 16], "rotation": 90, "texture": "#1"}
			}
		},
		{
			"from": [3.32, 7.44, 31.52639],
			"to": [12.68, 32, 31.52639],
			"rotation": {"angle": -22.5, "axis": "y", "origin": [8, 9, 8]},
			"faces": {
				"north": {"uv": [0, 0, 16, 16], "rotation": 90, "texture": "#1"},
				"south": {"uv": [0, 0, 16, 16], "rotation": 90, "texture": "#1"}
			}
		},
		{
			"from": [3.32, 7.44, 31.52639],
			"to": [12.68, 32, 31.52639],
			"rotation": {"angle": 0, "axis": "y", "origin": [8, 9, 8]},
			"faces": {
				"north": {"uv": [0, 0, 16, 16], "rotation": 90, "texture": "#1"},
				"south": {"uv": [0, 0, 16, 16], "rotation": 90, "texture": "#1"}
			}
		},
		{
			"from": [3.32, 7.44, 31.52639],
			"to": [12.68, 32, 31.52639],
			"rotation": {"angle": 22.5, "axis": "y", "origin": [8, 9, 8]},
			"faces": {
				"north": {"uv": [0, 16, 16, 0], "rotation": 90, "texture": "#1"},
				"south": {"uv": [0, 16, 16, 0], "rotation": 90, "texture": "#1"}
			}
		},
		{
			"from": [31.52795, 7.44, 3.32],
			"to": [31.52795, 32, 12.68],
			"rotation": {"angle": -45, "axis": "y", "origin": [8, 9, 8]},
			"faces": {
				"east": {"uv": [0, 16, 16, 0], "rotation": 90, "texture": "#1"},
				"west": {"uv": [0, 16, 16, 0], "rotation": 90, "texture": "#1"}
			}
		},
		{
			"from": [31.52795, 7.44, 3.32],
			"to": [31.52795, 32, 12.68],
			"rotation": {"angle": -22.5, "axis": "y", "origin": [8, 9, 8]},
			"faces": {
				"east": {"uv": [0, 16, 16, 0], "rotation": 90, "texture": "#1"},
				"west": {"uv": [0, 16, 16, 0], "rotation": 90, "texture": "#1"}
			}
		},
		{
			"from": [31.52795, 7.44, 3.32],
			"to": [31.52795, 32, 12.68],
			"rotation": {"angle": 0, "axis": "y", "origin": [8, 9, 8]},
			"faces": {
				"east": {"uv": [0, 16, 16, 0], "rotation": 90, "texture": "#1"},
				"west": {"uv": [0, 16, 16, 0], "rotation": 90, "texture": "#1"}
			}
		},
		{
			"from": [31.52795, 7.44, 3.32],
			"to": [31.52795, 32, 12.68],
			"rotation": {"angle": 22.5, "axis": "y", "origin": [8, 9, 8]},
			"faces": {
				"east": {"uv": [0, 0, 16, 16], "rotation": 90, "texture": "#1"},
				"west": {"uv": [0, 0, 16, 16], "rotation": 90, "texture": "#1"}
			}
		},
		{
			"from": [31.52795, 7.44, 3.32],
			"to": [31.52795, 32, 12.68],
			"rotation": {"angle": 45, "axis": "y", "origin": [8, 9, 8]},
			"faces": {
				"east": {"uv": [0, 0, 16, 16], "rotation": 90, "texture": "#1"},
				"west": {"uv": [0, 0, 16, 16], "rotation": 90, "texture": "#1"}
			}
		},
		{
			"from": [3.32, 7.44, -15.52639],
			"to": [12.68, 32, -15.52639],
			"rotation": {"angle": -22.5, "axis": "y", "origin": [8, 9, 8]},
			"faces": {
				"north": {"uv": [0, 0, 16, 16], "rotation": 90, "texture": "#1"},
				"south": {"uv": [0, 0, 16, 16], "rotation": 90, "texture": "#1"}
			}
		},
		{
			"from": [3.32, 7.44, -15.52639],
			"to": [12.68, 32, -15.52639],
			"rotation": {"angle": 0, "axis": "y", "origin": [8, 9, 8]},
			"faces": {
				"north": {"uv": [0, 16, 16, 0], "rotation": 90, "texture": "#1"},
				"south": {"uv": [0, 16, 16, 0], "rotation": 90, "texture": "#1"}
			}
		},
		{
			"from": [3.32, 7.44, -15.52639],
			"to": [12.68, 32, -15.52639],
			"rotation": {"angle": 22.5, "axis": "y", "origin": [8, 9, 8]},
			"faces": {
				"north": {"uv": [0, 16, 16, 0], "rotation": 90, "texture": "#1"},
				"south": {"uv": [0, 16, 16, 0], "rotation": 90, "texture": "#1"}
			}
		},
		{
			"from": [-15.52795, 7.44, 3.32],
			"to": [-15.52795, 32, 12.68],
			"rotation": {"angle": -45, "axis": "y", "origin": [8, 9, 8]},
			"faces": {
				"east": {"uv": [0, 16, 16, 0], "rotation": 90, "texture": "#1"},
				"west": {"uv": [0, 16, 16, 0], "rotation": 90, "texture": "#1"}
			}
		},
		{
			"from": [-15.52795, 7.44, 3.32],
			"to": [-15.52795, 32, 12.68],
			"rotation": {"angle": -22.5, "axis": "y", "origin": [8, 9, 8]},
			"faces": {
				"east": {"uv": [0, 16, 16, 0], "rotation": 90, "texture": "#1"},
				"west": {"uv": [0, 16, 16, 0], "rotation": 90, "texture": "#1"}
			}
		}
	],
	"groups": [
		{
			"name": "group",
			"origin": [-5.93397, 9, 2.22836],
			"color": 0,
			"nbt": "{}",
			"children": [0, 1, 2, 3, 4, 5, 6, 7, 8, 9, 10, 11, 12, 13, 14, 15]
		}
	]
}