{
	"credit": "Made with Blockbench",
	"textures": {
		"0": "custom/other/hollowphage_aoe",
		"particle": "custom/other/hollowphage_aoe"
	},
	"elements": [
		{
			"from": [2.71338, 8, 8.28473],
			"to": [2.71338, 24, 15.28473],
			"rotation": {"angle": 45, "axis": "y", "origin": [5.01392, 11.9995, 13.70906]},
			"faces": {
				"north": {"uv": [0, 0, 0, 2], "texture": "#0"},
				"east": {"uv": [8, 0, 0, 16], "texture": "#0"},
				"south": {"uv": [0, 0, 0, 2], "texture": "#0"},
				"west": {"uv": [0, 0, 8, 16], "texture": "#0"},
				"up": {"uv": [0, 0, 0.875, 0], "rotation": 270, "texture": "#0"},
				"down": {"uv": [0, 0, 0.875, 0], "rotation": 90, "texture": "#0"}
			}
		},
		{
			"from": [4.50135, 8, 16.44895],
			"to": [11.50135, 24, 16.44895],
			"rotation": {"angle": 0, "axis": "y", "origin": [5.01392, 11.9995, 13.70906]},
			"faces": {
				"north": {"uv": [16, 0, 8, 16], "texture": "#0"},
				"east": {"uv": [0, 0, 0, 2], "texture": "#0"},
				"south": {"uv": [8, 0, 16, 16], "texture": "#0"},
				"west": {"uv": [0, 0, 0, 2], "texture": "#0"},
				"up": {"uv": [0, 0, 0.875, 0], "rotation": 180, "texture": "#0"},
				"down": {"uv": [0, 0, 0.875, 0], "rotation": 180, "texture": "#0"}
			}
		},
		{
			"from": [4.50135, 8.149, 7.94895],
			"to": [11.50135, 8.149, 16.44895],
			"rotation": {"angle": 0, "axis": "y", "origin": [5.01392, 11.9995, 13.70906]},
			"faces": {
				"north": {"uv": [0.875, 0, 1.75, 0], "texture": "#missing"},
				"east": {"uv": [0, 0, 0.75, 0], "texture": "#missing"},
				"south": {"uv": [0.875, 0, 1.75, 0], "texture": "#missing"},
				"west": {"uv": [0, 0, 0.75, 0], "texture": "#missing"},
				"up": {"uv": [9, 7.5, 16, 16], "texture": "#0"},
				"down": {"uv": [9, 16, 16, 7.5], "texture": "#0"}
			}
		},
		{
			"from": [-0.41042, 8.074, 7.5086],
			"to": [6.58958, 8.074, 16.0086],
			"rotation": {"angle": -45, "axis": "y", "origin": [5.01392, 11.9995, 13.70906]},
			"faces": {
				"north": {"uv": [0.875, 0, 1.75, 0], "texture": "#missing"},
				"east": {"uv": [0, 0, 0.75, 0], "texture": "#missing"},
				"south": {"uv": [0.875, 0, 1.75, 0], "texture": "#missing"},
				"west": {"uv": [0, 0, 0.75, 0], "texture": "#missing"},
				"up": {"uv": [9, 7.5, 16, 16], "texture": "#0"},
				"down": {"uv": [9, 16, 16, 7.5], "texture": "#0"}
			}
		},
		{
			"from": [8.28517, 8, 13.28648],
			"to": [15.28517, 24, 13.28648],
			"rotation": {"angle": 45, "axis": "y", "origin": [13.7095, 11.9995, 10.98594]},
			"faces": {
				"north": {"uv": [8, 0, 0, 16], "texture": "#0"},
				"east": {"uv": [0, 0, 0, 2], "texture": "#0"},
				"south": {"uv": [0, 0, 8, 16], "texture": "#0"},
				"west": {"uv": [0, 0, 0, 2], "texture": "#0"},
				"up": {"uv": [0, 0, 0.875, 0], "rotation": 180, "texture": "#0"},
				"down": {"uv": [0, 0, 0.875, 0], "rotation": 180, "texture": "#0"}
			}
		},
		{
			"from": [16.44939, 8, 4.4985],
			"to": [16.44939, 24, 11.4985],
			"rotation": {"angle": 0, "axis": "y", "origin": [13.7095, 11.9995, 10.98594]},
			"faces": {
				"north": {"uv": [0, 0, 0, 2], "texture": "#0"},
				"east": {"uv": [8, 0, 16, 16], "texture": "#0"},
				"south": {"uv": [0, 0, 0, 2], "texture": "#0"},
				"west": {"uv": [16, 0, 8, 16], "texture": "#0"},
				"up": {"uv": [0, 0, 0.875, 0], "rotation": 90, "texture": "#0"},
				"down": {"uv": [0, 0, 0.875, 0], "rotation": 270, "texture": "#0"}
			}
		},
		{
			"from": [7.94939, 8.499, 4.4985],
			"to": [16.44939, 8.499, 11.4985],
			"rotation": {"angle": 0, "axis": "y", "origin": [13.7095, 11.9995, 10.98594]},
			"faces": {
				"north": {"uv": [0, 0, 0.75, 0], "texture": "#missing"},
				"east": {"uv": [0.875, 0, 1.75, 0], "texture": "#missing"},
				"south": {"uv": [0, 0, 0.75, 0], "texture": "#missing"},
				"west": {"uv": [0.875, 0, 1.75, 0], "texture": "#missing"},
				"up": {"uv": [9, 7.5, 16, 16], "rotation": 270, "texture": "#0"},
				"down": {"uv": [9, 16, 16, 7.5], "rotation": 90, "texture": "#0"}
			}
		},
		{
			"from": [8.28517, 7.999, 4.78548],
			"to": [15.28517, 7.999, 13.28548],
			"rotation": {"angle": 45, "axis": "y", "origin": [13.7095, 11.9995, 10.98594]},
			"faces": {
				"north": {"uv": [0.875, 0, 1.75, 0], "texture": "#missing"},
				"east": {"uv": [0, 0, 0.75, 0], "texture": "#missing"},
				"south": {"uv": [0.875, 0, 1.75, 0], "texture": "#missing"},
				"west": {"uv": [0, 0, 0.75, 0], "texture": "#missing"},
				"up": {"uv": [9, 7.5, 16, 16], "texture": "#0"},
				"down": {"uv": [9, 16, 16, 7.5], "texture": "#0"}
			}
		},
		{
			"from": [13.10002, 8, 4.13656],
			"to": [13.10002, 24, 11.13656],
			"rotation": {"angle": 45, "axis": "y", "origin": [6.76236, 11.9995, 3.77569]},
			"faces": {
				"north": {"uv": [0, 0, 0, 2], "texture": "#0"},
				"east": {"uv": [0, 0, 8, 16], "texture": "#0"},
				"south": {"uv": [0, 0, 0, 2], "texture": "#0"},
				"west": {"uv": [8, 0, 0, 16], "texture": "#0"},
				"up": {"uv": [0, 0, 0.875, 0], "rotation": 90, "texture": "#0"},
				"down": {"uv": [0, 0, 0.875, 0], "rotation": 270, "texture": "#0"}
			}
		},
		{
			"from": [4.49894, 8, -0.44954],
			"to": [11.49894, 24, -0.44954],
			"rotation": {"angle": 0, "axis": "y", "origin": [6.76236, 11.9995, 3.77569]},
			"faces": {
				"north": {"uv": [8, 0, 16, 16], "texture": "#0"},
				"east": {"uv": [0, 0, 0, 2], "texture": "#0"},
				"south": {"uv": [16, 0, 8, 16], "texture": "#0"},
				"west": {"uv": [0, 0, 0, 2], "texture": "#0"},
				"up": {"uv": [0, 0, 0.875, 0], "texture": "#0"},
				"down": {"uv": [0, 0, 0.875, 0], "texture": "#0"}
			}
		},
		{
			"from": [4.54894, 8.224, -0.44954],
			"to": [11.54894, 8.224, 8.05046],
			"rotation": {"angle": 0, "axis": "y", "origin": [6.76236, 11.9995, 3.77569]},
			"faces": {
				"north": {"uv": [0.875, 0, 1.75, 0], "texture": "#missing"},
				"east": {"uv": [0, 0, 0.75, 0], "texture": "#missing"},
				"south": {"uv": [0.875, 0, 1.75, 0], "texture": "#missing"},
				"west": {"uv": [0, 0, 0.75, 0], "texture": "#missing"},
				"up": {"uv": [9, 7.5, 16, 16], "rotation": 180, "texture": "#0"},
				"down": {"uv": [9, 16, 16, 7.5], "rotation": 180, "texture": "#0"}
			}
		},
		{
			"from": [4.59902, 8.049, 4.13656],
			"to": [13.09902, 8.049, 11.13656],
			"rotation": {"angle": 45, "axis": "y", "origin": [6.76236, 11.9995, 3.77569]},
			"faces": {
				"north": {"uv": [0, 0, 0.75, 0], "texture": "#missing"},
				"east": {"uv": [0.875, 0, 1.75, 0], "texture": "#missing"},
				"south": {"uv": [0, 0, 0.75, 0], "texture": "#missing"},
				"west": {"uv": [0.875, 0, 1.75, 0], "texture": "#missing"},
				"up": {"uv": [9, 7.5, 16, 16], "rotation": 270, "texture": "#0"},
				"down": {"uv": [9, 16, 16, 7.5], "rotation": 90, "texture": "#0"}
			}
		},
		{
			"from": [1.14957, 8.299, -0.81048],
			"to": [8.14957, 8.299, 7.68952],
			"rotation": {"angle": 45, "axis": "y", "origin": [6.76236, 11.9995, 3.77569]},
			"faces": {
				"north": {"uv": [0.875, 0, 1.75, 0], "texture": "#missing"},
				"east": {"uv": [0, 0, 0.75, 0], "texture": "#missing"},
				"south": {"uv": [0.875, 0, 1.75, 0], "texture": "#missing"},
				"west": {"uv": [0, 0, 0.75, 0], "texture": "#missing"},
				"up": {"uv": [9, 7.5, 16, 16], "rotation": 180, "texture": "#0"},
				"down": {"uv": [9, 16, 16, 7.5], "rotation": 180, "texture": "#0"}
			}
		},
		{
			"from": [-0.3991, 8.574, 4.50091],
			"to": [8.1009, 8.574, 11.50091],
			"rotation": {"angle": 0, "axis": "y", "origin": [6.76236, 11.9995, 3.77569]},
			"faces": {
				"north": {"uv": [0, 0, 0.75, 0], "texture": "#missing"},
				"east": {"uv": [0.875, 0, 1.75, 0], "texture": "#missing"},
				"south": {"uv": [0, 0, 0.75, 0], "texture": "#missing"},
				"west": {"uv": [0.875, 0, 1.75, 0], "texture": "#missing"},
				"up": {"uv": [9, 7.5, 16, 16], "rotation": 90, "texture": "#0"},
				"down": {"uv": [9, 16, 16, 7.5], "rotation": 270, "texture": "#0"}
			}
		},
		{
			"from": [-0.4491, 8, 4.50091],
			"to": [-0.4491, 24, 11.50091],
			"rotation": {"angle": 0, "axis": "y", "origin": [6.76236, 11.9995, 3.77569]},
			"faces": {
				"north": {"uv": [0, 0, 0, 2], "texture": "#0"},
				"east": {"uv": [16, 0, 8, 16], "texture": "#0"},
				"south": {"uv": [0, 0, 0, 2], "texture": "#0"},
				"west": {"uv": [8, 0, 16, 16], "texture": "#0"},
				"up": {"uv": [0, 0, 0.875, 0], "rotation": 270, "texture": "#0"},
				"down": {"uv": [0, 0, 0.875, 0], "rotation": 90, "texture": "#0"}
			}
		},
		{
			"from": [1.14957, 8, -0.81148],
			"to": [8.14957, 24, -0.81148],
			"rotation": {"angle": 45, "axis": "y", "origin": [6.76236, 11.9995, 3.77569]},
			"faces": {
				"north": {"uv": [0, 0, 8, 16], "texture": "#0"},
				"east": {"uv": [0, 0, 0, 2], "texture": "#0"},
				"south": {"uv": [8, 0, 0, 16], "texture": "#0"},
				"west": {"uv": [0, 0, 0, 2], "texture": "#0"},
				"up": {"uv": [0, 0, 0.875, 0], "texture": "#0"},
				"down": {"uv": [0, 0, 0.875, 0], "texture": "#0"}
			}
		}
	],
	"display": {
		"thirdperson_righthand": {
			"scale": [0, 0, 0]
		},
		"thirdperson_lefthand": {
			"scale": [0, 0, 0]
		},
		"firstperson_lefthand": {
			"scale": [0, 0, 0]
		},
		"ground": {
			"scale": [0, 0, 0]
		},
		"gui": {
			"scale": [0, 0, 0]
		}
	}
}