{
	"credit": "Made with Blockbench",
	"textures": {
		"0": "custom/entity/effect/votary_bolt",
		"1": "custom/melee/chaosfists_effect",
		"particle": "custom/entity/effect/votary_bolt"
	},
	"elements": [
		{
			"from": [6, 6, 6],
			"to": [10, 10, 10],
			"rotation": {"angle": 0, "axis": "y", "origin": [6, 6, 6]},
			"faces": {
				"north": {"uv": [0, 0, 4, 4], "texture": "#0"},
				"east": {"uv": [0, 4, 4, 8], "texture": "#0"},
				"south": {"uv": [4, 0, 8, 4], "texture": "#0"},
				"west": {"uv": [4, 4, 8, 8], "texture": "#0"},
				"up": {"uv": [4, 12, 0, 8], "texture": "#0"},
				"down": {"uv": [12, 0, 8, 4], "texture": "#0"}
			}
		},
		{
			"from": [6, 9.99908, 6.00038],
			"to": [10, 9.99908, 17.00038],
			"rotation": {"angle": -22.5, "axis": "x", "origin": [8, 9.99908, 6.00038]},
			"faces": {
				"north": {"uv": [0, 0, 4, 0], "texture": "#1"},
				"east": {"uv": [0, 0, 11, 0], "texture": "#1"},
				"south": {"uv": [0, 0, 4, 0], "texture": "#1"},
				"west": {"uv": [0, 0, 11, 0], "texture": "#1"},
				"up": {"uv": [0, 0, 11, 4], "rotation": 90, "texture": "#1"},
				"down": {"uv": [11, 0, 0, 4], "rotation": 90, "texture": "#1"}
			}
		},
		{
			"from": [6, 6.00092, 6.00038],
			"to": [10, 6.00092, 17.00038],
			"rotation": {"angle": 22.5, "axis": "x", "origin": [8, 6.00092, 6.00038]},
			"faces": {
				"north": {"uv": [0, 0, 4, 0], "texture": "#1"},
				"east": {"uv": [0, 0, 11, 0], "texture": "#1"},
				"south": {"uv": [0, 0, 4, 0], "texture": "#1"},
				"west": {"uv": [0, 0, 11, 0], "texture": "#1"},
				"up": {"uv": [0, 0, 11, 4], "rotation": 90, "texture": "#1"},
				"down": {"uv": [11, 0, 0, 4], "rotation": 90, "texture": "#1"}
			}
		},
		{
			"from": [11.79145, 6, 7.15219],
			"to": [11.79145, 10, 18.15219],
			"rotation": {"angle": 22.5, "axis": "y", "origin": [8, 8, 11.08172]},
			"faces": {
				"north": {"uv": [0, 0, 4, 0], "rotation": 90, "texture": "#1"},
				"east": {"uv": [11, 0, 0, 4], "texture": "#1"},
				"south": {"uv": [0, 0, 4, 0], "rotation": 270, "texture": "#1"},
				"west": {"uv": [0, 0, 11, 4], "texture": "#1"},
				"up": {"uv": [0, 0, 11, 0], "rotation": 270, "texture": "#1"},
				"down": {"uv": [0, 0, 11, 0], "rotation": 270, "texture": "#1"}
			}
		},
		{
			"from": [4.20855, 6, 7.15219],
			"to": [4.20855, 10, 18.15219],
			"rotation": {"angle": -22.5, "axis": "y", "origin": [8, 8, 11.08172]},
			"faces": {
				"north": {"uv": [0, 0, 4, 0], "rotation": 90, "texture": "#1"},
				"east": {"uv": [11, 0, 0, 4], "texture": "#1"},
				"south": {"uv": [0, 0, 4, 0], "rotation": 270, "texture": "#1"},
				"west": {"uv": [0, 0, 11, 4], "texture": "#1"},
				"up": {"uv": [0, 0, 11, 0], "rotation": 270, "texture": "#1"},
				"down": {"uv": [0, 0, 11, 0], "rotation": 270, "texture": "#1"}
			}
		}
	]
}