{
	"credit": "Made with Blockbench",
	"textures": {
		"4": "custom/ability/mage1ability",
		"5": "custom/ability/mage1_effect",
		"particle": "custom/ability/mage1ability"
	},
	"elements": [
		{
			"from": [4, 4, 4],
			"to": [12, 12, 12],
			"rotation": {"angle": 0, "axis": "y", "origin": [8, 10, 6]},
			"faces": {
				"north": {"uv": [9, 6, 6, 3], "rotation": 270, "texture": "#4"},
				"east": {"uv": [6, 6, 3, 3], "rotation": 90, "texture": "#4"},
				"south": {"uv": [3, 3, 0, 0], "rotation": 270, "texture": "#4"},
				"west": {"uv": [9, 3, 6, 0], "rotation": 270, "texture": "#4"},
				"up": {"uv": [6, 3, 3, 0], "texture": "#4"},
				"down": {"uv": [12, 3, 9, 0], "rotation": 180, "texture": "#4"}
			}
		},
		{
			"from": [12.025, -4, -4],
			"to": [12.025, 12, 12],
			"rotation": {"angle": 0, "axis": "y", "origin": [8, 6, 6]},
			"faces": {
				"north": {"uv": [0, 0, 16, 0], "rotation": 270, "texture": "#5"},
				"east": {"uv": [0, 0, 16, 16], "rotation": 270, "texture": "#5"},
				"south": {"uv": [0, 0, 16, 0], "rotation": 270, "texture": "#5"},
				"west": {"uv": [16, 0, 0, 16], "rotation": 90, "texture": "#5"},
				"up": {"uv": [0, 0, 0, 16], "rotation": 180, "texture": "#5"},
				"down": {"uv": [0, 0, 0, 16], "texture": "#5"}
			}
		},
		{
			"from": [3.975, -4, -4],
			"to": [3.975, 12, 12],
			"rotation": {"angle": 0, "axis": "y", "origin": [8, 6, 6]},
			"faces": {
				"north": {"uv": [0, 0, 16, 0], "rotation": 270, "texture": "#5"},
				"east": {"uv": [0, 0, 16, 16], "rotation": 270, "texture": "#5"},
				"south": {"uv": [0, 0, 16, 0], "rotation": 270, "texture": "#5"},
				"west": {"uv": [16, 0, 0, 16], "rotation": 90, "texture": "#5"},
				"up": {"uv": [0, 0, 0, 16], "rotation": 180, "texture": "#5"},
				"down": {"uv": [0, 0, 0, 16], "texture": "#5"}
			}
		}
	],
	"display": {
		"thirdperson_righthand": {
			"scale": [0, 0, 0]
		},
		"thirdperson_lefthand": {
			"rotation": [-65.75, 0, 0],
			"translation": [0, 3.75, 1.75],
			"scale": [0.56, 0.56, 0.56]
		},
		"firstperson_righthand": {
			"scale": [0, 0, 0]
		},
		"firstperson_lefthand": {
			"scale": [0, 0, 0]
		},
		"ground": {
			"scale": [0, 0, 0]
		},
		"gui": {
			"scale": [0, 0, 0]
		}
	},
	"groups": [
		{
			"name": "ball",
			"origin": [2, 11, 13],
			"color": 0,
			"children": [0, 1, 2]
		}
	]
}