{
	"credit": "Made with Blockbench",
	"textures": {
		"0": "custom/melee/slash/slash_wide_normal_5"
	},
	"elements": [
		{
			"from": [9.53077, 0, 0],
			"to": [9.53077, 16, 16],
			"rotation": {"angle": 0, "axis": "y", "origin": [8, 8, 8]},
			"faces": {
				"north": {"uv": [0, 0, 0, 16], "texture": "#0"},
				"east": {"uv": [5.25, 5.375, 10.58, 10.625], "texture": "#0"},
				"south": {"uv": [0, 0, 0, 16], "texture": "#0"},
				"west": {"uv": [10.58, 5.375, 5.25, 10.625], "texture": "#0"},
				"up": {"uv": [16, 0, 0, 0], "rotation": 90, "texture": "#0"},
				"down": {"uv": [16, 0, 0, 0], "rotation": 270, "texture": "#0"}
			}
		},
		{
			"from": [12.47579, 0, -14.80562],
			"to": [12.47579, 16, 1.19438],
			"rotation": {"angle": 22.5, "axis": "y", "origin": [8, 8, 8]},
			"faces": {
				"north": {"uv": [0, 0, 0, 16], "texture": "#0"},
				"east": {"uv": [10.75, 5.375, 16, 10.625], "texture": "#0"},
				"south": {"uv": [0, 0, 0, 16], "texture": "#0"},
				"west": {"uv": [16, 5.375, 10.75, 10.625], "texture": "#0"},
				"up": {"uv": [16, 0, 0, 0], "rotation": 90, "texture": "#0"},
				"down": {"uv": [16, 0, 0, 0], "rotation": 270, "texture": "#0"}
			}
		},
		{
			"from": [12.47579, 0, 14.80562],
			"to": [12.47579, 16, 30.80562],
			"rotation": {"angle": -22.5, "axis": "y", "origin": [8, 8, 8]},
			"faces": {
				"north": {"uv": [0, 0, 0, 16], "texture": "#0"},
				"east": {"uv": [0, 5.375, 5.25, 10.625], "texture": "#0"},
				"south": {"uv": [0, 0, 0, 16], "texture": "#0"},
				"west": {"uv": [5.25, 5.375, 0, 10.625], "texture": "#0"},
				"up": {"uv": [0, 0, 16, 0], "rotation": 90, "texture": "#0"},
				"down": {"uv": [0, 0, 16, 0], "rotation": 270, "texture": "#0"}
			}
		}
	],
	"display": {
		"head": {
			"rotation": [0, 90, 0],
			"translation": [0, 0, 8.25],
			"scale": [3.67, 3.67, 3.67]
		}
	}
}