{
	"credit": "Made with Blockbench",
	"textures": {
		"2": "ajplayerarmor/mage",
		"3": "ajplayerarmor/steve",
		"4": "custom/ability/mage1ability",
		"5": "custom/ability/mage1_effect",
		"particle": "custom/ability/mage1ability"
	},
	"elements": [
		{
			"from": [4, -1, -7],
			"to": [12, 7, 1],
			"rotation": {"angle": 45, "axis": "z", "origin": [8, 3, -3]},
			"faces": {
				"north": {"uv": [3, 3, 6, 6], "texture": "#4"},
				"east": {"uv": [9, 0, 12, 3], "texture": "#4"},
				"south": {"uv": [6, 0, 9, 3], "texture": "#4"},
				"west": {"uv": [3, 0, 6, 3], "texture": "#4"},
				"up": {"uv": [0, 0, 3, 3], "texture": "#4"},
				"down": {"uv": [6, 3, 9, 6], "texture": "#4"}
			}
		},
		{
			"from": [-4, -9, 1.05],
			"to": [12, 7, 1.05],
			"rotation": {"angle": 45, "axis": "z", "origin": [8, 3, -2.95]},
			"faces": {
				"north": {"uv": [16, 0, 0, 16], "texture": "#5"},
				"east": {"uv": [0, 0, 0, 16], "texture": "#5"},
				"south": {"uv": [0, 0, 16, 16], "texture": "#5"},
				"west": {"uv": [0, 0, 0, 16], "texture": "#5"},
				"up": {"uv": [0, 0, 16, 0], "texture": "#5"},
				"down": {"uv": [0, 0, 16, 0], "texture": "#5"}
			}
		},
		{
			"from": [15.6625, -0.1, 2.9],
			"to": [20.3375, 4.1, 15.1],
			"rotation": {"angle": 22.5, "axis": "y", "origin": [18, 2, 13]},
			"faces": {
				"north": {"uv": [12, 0, 12.975, 1], "texture": "#2"},
				"east": {"uv": [12, 1, 13, 4], "rotation": 270, "texture": "#2"},
				"south": {"uv": [11, 0, 11.975, 1], "texture": "#2"},
				"west": {"uv": [10, 1, 11, 4], "rotation": 90, "texture": "#2"},
				"up": {"uv": [11, 1, 12, 4], "rotation": 180, "texture": "#2"},
				"down": {"uv": [13, 1, 14, 4], "texture": "#2"}
			}
		},
		{
			"from": [15.7625, 0, 3],
			"to": [20.2375, 4, 15],
			"rotation": {"angle": 22.5, "axis": "y", "origin": [18, 2, 13]},
			"faces": {
				"north": {"uv": [10, 12, 11, 13], "texture": "#3"},
				"east": {"uv": [10, 13, 11, 16], "rotation": 270, "texture": "#3"},
				"south": {"uv": [9, 12, 10, 13], "texture": "#3"},
				"west": {"uv": [8, 13, 9, 16], "rotation": 90, "texture": "#3"},
				"up": {"uv": [9, 13, 10, 16], "rotation": 180, "texture": "#3"},
				"down": {"uv": [11, 13, 12, 16], "texture": "#3"}
			}
		},
		{
			"from": [5.6625, -10.1, 2.9],
			"to": [10.3375, -5.9, 15.1],
			"rotation": {"angle": 22.5, "axis": "x", "origin": [8, -8, 13]},
			"faces": {
				"north": {"uv": [12, 0, 12.975, 1], "texture": "#2"},
				"east": {"uv": [12, 1, 13, 4], "rotation": 270, "texture": "#2"},
				"south": {"uv": [11, 0, 11.975, 1], "texture": "#2"},
				"west": {"uv": [10, 1, 11, 4], "rotation": 90, "texture": "#2"},
				"up": {"uv": [11, 1, 12, 4], "rotation": 180, "texture": "#2"},
				"down": {"uv": [13, 1, 14, 4], "texture": "#2"}
			}
		},
		{
			"from": [5.7625, -10, 3],
			"to": [10.2375, -6, 15],
			"rotation": {"angle": 22.5, "axis": "x", "origin": [8, -8, 13]},
			"faces": {
				"north": {"uv": [10, 12, 11, 13], "texture": "#3"},
				"east": {"uv": [10, 13, 11, 16], "rotation": 270, "texture": "#3"},
				"south": {"uv": [9, 12, 10, 13], "texture": "#3"},
				"west": {"uv": [8, 13, 9, 16], "rotation": 90, "texture": "#3"},
				"up": {"uv": [9, 13, 10, 16], "rotation": 180, "texture": "#3"},
				"down": {"uv": [11, 13, 12, 16], "texture": "#3"}
			}
		}
	],
	"display": {
		"thirdperson_righthand": {
			"scale": [0, 0, 0]
		},
		"thirdperson_lefthand": {
			"scale": [0, 0, 0]
		},
		"firstperson_righthand": {
			"rotation": [52.38, 6.66, -6.46],
			"translation": [4.5, 11.0, -1.75]
		},
		"firstperson_lefthand": {
			"scale": [0, 0, 0]
		},
		"ground": {
			"scale": [0, 0, 0]
		},
		"gui": {
			"scale": [0, 0, 0]
		}
	},
	"groups": [
		{
			"name": "ball",
			"origin": [4, 4, 4],
			"color": 0,
			"children": [0, 1]
		},
		{
			"name": "group",
			"origin": [0.2375, 0, 0],
			"color": 0,
			"children": [2, 3]
		},
		{
			"name": "group",
			"origin": [0.2375, 0, 0],
			"color": 0,
			"children": [4, 5]
		}
	]
}