{
	"credit": "Made with Blockbench",
	"texture_size": [64, 64],
	"textures": {
		"0": "ajplayerarmor/mage_head"
	},
	"elements": [
		{
			"name": "bb_main",
			"from": [3.99286, 0.18902, 4.16406],
			"to": [11.99286, 8.18902, 12.16406],
			"rotation": {"angle": 0, "axis": "y", "origin": [7.99286, -8.81098, 7.16406]},
			"faces": {
				"north": {"uv": [2, 5.25, 4, 7.25], "texture": "#0"},
				"east": {"uv": [0, 5.25, 2, 7.25], "texture": "#0"},
				"south": {"uv": [6, 5.25, 8, 7.25], "texture": "#0"},
				"west": {"uv": [4, 5.25, 6, 7.25], "texture": "#0"},
				"up": {"uv": [4, 5.25, 2, 3.25], "texture": "#0"},
				"down": {"uv": [6, 3.25, 4, 5.25], "texture": "#0"}
			}
		},
		{
			"name": "bb_main",
			"from": [9.49286, 5.93902, 3.66406],
			"to": [10.49286, 6.93902, 4.66406],
			"rotation": {"angle": 0, "axis": "y", "origin": [7.99286, -8.81098, 7.16406]},
			"faces": {
				"north": {"uv": [0.25, 0.75, 0.5, 1], "texture": "#0"},
				"east": {"uv": [0, 0.75, 0.25, 1], "texture": "#0"},
				"south": {"uv": [0.75, 0.75, 1, 1], "texture": "#0"},
				"west": {"uv": [0.5, 0.75, 0.75, 1], "texture": "#0"},
				"up": {"uv": [0.5, 0.75, 0.25, 0.5], "texture": "#0"},
				"down": {"uv": [0.75, 0.5, 0.5, 0.75], "texture": "#0"}
			}
		},
		{
			"name": "bb_main",
			"from": [5.49286, 5.93902, 3.66406],
			"to": [6.49286, 6.93902, 4.66406],
			"rotation": {"angle": 0, "axis": "y", "origin": [7.99286, -8.81098, 7.16406]},
			"faces": {
				"north": {"uv": [0.25, 0.25, 0.5, 0.5], "texture": "#0"},
				"east": {"uv": [0, 0.25, 0.25, 0.5], "texture": "#0"},
				"south": {"uv": [0.75, 0.25, 1, 0.5], "texture": "#0"},
				"west": {"uv": [0.5, 0.25, 0.75, 0.5], "texture": "#0"},
				"up": {"uv": [0.5, 0.25, 0.25, 0], "texture": "#0"},
				"down": {"uv": [0.75, 0, 0.5, 0.25], "texture": "#0"}
			}
		},
		{
			"name": "bb_main",
			"from": [3.99286, 9.18902, 4.16406],
			"to": [11.99286, 11.18902, 12.16406],
			"rotation": {"angle": 0, "axis": "y", "origin": [7.99286, -8.81098, 7.16406]},
			"faces": {
				"north": {"uv": [8, 7.25, 10, 7.75], "texture": "#0"},
				"east": {"uv": [6, 7.25, 8, 7.75], "texture": "#0"},
				"south": {"uv": [12, 7.25, 14, 7.75], "texture": "#0"},
				"west": {"uv": [10, 7.25, 12, 7.75], "texture": "#0"},
				"up": {"uv": [10, 7.25, 8, 5.25], "texture": "#0"},
				"down": {"uv": [12, 5.25, 10, 7.25], "texture": "#0"}
			}
		},
		{
			"name": "bb_main",
			"from": [1.99286, 8.18902, 2.16406],
			"to": [13.99286, 9.18902, 14.16406],
			"rotation": {"angle": 0, "axis": "y", "origin": [7.99286, -8.81098, 7.16406]},
			"faces": {
				"north": {"uv": [3, 3, 6, 3.25], "texture": "#0"},
				"east": {"uv": [0, 3, 3, 3.25], "texture": "#0"},
				"south": {"uv": [9, 3, 12, 3.25], "texture": "#0"},
				"west": {"uv": [6, 3, 9, 3.25], "texture": "#0"},
				"up": {"uv": [6, 3, 3, 0], "texture": "#0"},
				"down": {"uv": [9, 0, 6, 3], "texture": "#0"}
			}
		},
		{
			"name": "bb_main",
			"from": [5.99286, 1.18902, 0.16406],
			"to": [9.99286, 4.18902, 7.16406],
			"rotation": {"angle": 0, "axis": "y", "origin": [7.99286, -8.81098, 7.16406]},
			"faces": {
				"north": {"uv": [1.75, 9, 2.75, 9.75], "texture": "#0"},
				"east": {"uv": [0, 9, 1.75, 9.75], "texture": "#0"},
				"south": {"uv": [4.5, 9, 5.5, 9.75], "texture": "#0"},
				"west": {"uv": [2.75, 9, 4.5, 9.75], "texture": "#0"},
				"up": {"uv": [2.75, 9, 1.75, 7.25], "texture": "#0"},
				"down": {"uv": [3.75, 7.25, 2.75, 9], "texture": "#0"}
			}
		},
		{
			"name": "bb_main",
			"from": [6.39286, -0.01098, -4.53594],
			"to": [9.69286, 1.98902, 0.46406],
			"rotation": {"angle": -22.5, "axis": "x", "origin": [7.99286, 2.68902, -3.33594]},
			"faces": {
				"north": {"uv": [7.25, 4.5, 8, 5], "texture": "#0"},
				"east": {"uv": [6, 4.5, 7.25, 5], "texture": "#0"},
				"south": {"uv": [9.25, 4.5, 10, 5], "texture": "#0"},
				"west": {"uv": [8, 4.5, 9.25, 5], "texture": "#0"},
				"up": {"uv": [8, 4.5, 7.25, 3.25], "texture": "#0"},
				"down": {"uv": [8.75, 3.25, 8, 4.5], "texture": "#0"}
			}
		}
	],
	"display": {
		"thirdperson_righthand": {
			"scale": [0, 0, 0]
		},
		"thirdperson_lefthand": {
			"scale": [0, 0, 0]
		},
		"firstperson_righthand": {
			"scale": [0, 0, 0]
		},
		"firstperson_lefthand": {
			"scale": [0, 0, 0]
		},
		"ground": {
			"scale": [0, 0, 0]
		},
		"gui": {
			"scale": [0, 0, 0]
		},
		"head": {
			"translation": [0, 7.25, 0],
			"scale": [2, 2, 2]
		}
	},
	"groups": [
		{
			"name": "bb_main",
			"origin": [0, 0, 0],
			"color": 0,
			"nbt": "{}",
			"armAnimationEnabled": false,
			"children": [0, 1, 2, 3, 4, 5, 6]
		}
	]
}