{
	"credit": "Made with Blockbench",
	"texture_size": [32, 32],
	"textures": {
		"0": "ajplayerarmor/defender_head",
		"particle": "ajplayerarmor/defender_head"
	},
	"elements": [
		{
			"name": "bb_main",
			"from": [4, 0.125, 4],
			"to": [12, 8.125, 12],
			"rotation": {"angle": 0, "axis": "y", "origin": [8, 2.125, 9]},
			"faces": {
				"north": {"uv": [2, 2, 4, 4], "texture": "#0"},
				"east": {"uv": [0, 2, 2, 4], "texture": "#0"},
				"south": {"uv": [6, 2, 8, 4], "texture": "#0"},
				"west": {"uv": [4, 2, 6, 4], "texture": "#0"},
				"up": {"uv": [2, 0, 4, 2], "texture": "#0"},
				"down": {"uv": [4, 0, 6, 2], "texture": "#0"}
			}
		},
		{
			"name": "bb_main",
			"from": [7.5, 6.375, 3.5],
			"to": [8.5, 9.375, 4.5],
			"rotation": {"angle": 0, "axis": "y", "origin": [8, 2.125, 9]},
			"faces": {
				"north": {"uv": [1.25, 0.75, 1.5, 1.5], "texture": "#0"},
				"east": {"uv": [1.25, 0.75, 1.5, 1.5], "texture": "#0"},
				"south": {"uv": [1.25, 0.75, 1.5, 1.5], "texture": "#0"},
				"west": {"uv": [1.25, 0.75, 1.5, 1.5], "texture": "#0"},
				"up": {"uv": [1.25, 0.75, 1.5, 1], "texture": "#0"},
				"down": {"uv": [1.25, 1.25, 1.5, 1.5], "texture": "#0"}
			}
		},
		{
			"name": "bb_main",
			"from": [10.5, 6.375, 3.5],
			"to": [11.5, 9.375, 4.5],
			"rotation": {"angle": 0, "axis": "y", "origin": [8, 2.125, 9]},
			"faces": {
				"north": {"uv": [1.25, 0.75, 1.5, 1.5], "texture": "#0"},
				"east": {"uv": [1.25, 0.75, 1.5, 1.5], "texture": "#0"},
				"south": {"uv": [1.25, 0.75, 1.5, 1.5], "texture": "#0"},
				"west": {"uv": [1.25, 0.75, 1.5, 1.5], "texture": "#0"},
				"up": {"uv": [1.25, 0.75, 1.5, 1], "texture": "#0"},
				"down": {"uv": [1.25, 1.25, 1.5, 1.5], "texture": "#0"}
			}
		},
		{
			"name": "bb_main",
			"from": [4.5, 6.375, 3.5],
			"to": [5.5, 9.375, 4.5],
			"rotation": {"angle": 0, "axis": "y", "origin": [8, 2.125, 9]},
			"faces": {
				"north": {"uv": [1.25, 0.75, 1.5, 1.5], "texture": "#0"},
				"east": {"uv": [1.25, 0.75, 1.5, 1.5], "texture": "#0"},
				"south": {"uv": [1.25, 0.75, 1.5, 1.5], "texture": "#0"},
				"west": {"uv": [1.25, 0.75, 1.5, 1.5], "texture": "#0"},
				"up": {"uv": [1.25, 0.75, 1.5, 1], "texture": "#0"},
				"down": {"uv": [1.25, 1.25, 1.5, 1.5], "texture": "#0"}
			}
		}
	],
	"display": {
		"thirdperson_righthand": {
			"scale": [0, 0, 0]
		},
		"thirdperson_lefthand": {
			"scale": [0, 0, 0]
		},
		"firstperson_righthand": {
			"scale": [0, 0, 0]
		},
		"firstperson_lefthand": {
			"scale": [0, 0, 0]
		},
		"ground": {
			"scale": [0, 0, 0]
		},
		"gui": {
			"scale": [0, 0, 0]
		},
		"head": {
			"translation": [0, 7.25, 0],
			"scale": [2, 2, 2]
		}
	},
	"groups": [
		{
			"name": "bb_main",
			"origin": [8, 2.125, 9],
			"color": 0,
			"nbt": "{}",
			"armAnimationEnabled": false,
			"children": [0, 1, 2, 3]
		}
	]
}