{
	"credit": "Made with Blockbench",
	"texture_size": [64, 64],
	"textures": {
		"0": "ajplayerarmor/defender_verge_head",
		"particle": "ajplayerarmor/defender_verge_head"
	},
	"elements": [
		{
			"from": [4, 0, 4],
			"to": [12, 9, 12],
			"rotation": {"angle": 0, "axis": "y", "origin": [-3, 3, -3]},
			"faces": {
				"north": {"uv": [3.25, 0, 5.25, 2.25], "texture": "#0"},
				"east": {"uv": [3.25, 2.25, 5.25, 4.5], "texture": "#0"},
				"south": {"uv": [0, 3.5, 2, 5.75], "texture": "#0"},
				"west": {"uv": [2, 4.5, 4, 6.75], "texture": "#0"},
				"up": {"uv": [6, 6.5, 4, 4.5], "texture": "#0"},
				"down": {"uv": [7.25, 0, 5.25, 2], "texture": "#0"}
			}
		},
		{
			"from": [1.4, 9, 4.6],
			"to": [14.4, 10, 11.3],
			"rotation": {"angle": 0, "axis": "y", "origin": [-3, 3, -3]},
			"faces": {
				"north": {"uv": [7.25, 0, 10.5, 0.25], "texture": "#0"},
				"east": {"uv": [7.25, 1.5, 9, 1.75], "texture": "#0"},
				"south": {"uv": [7.25, 0.25, 10.5, 0.5], "texture": "#0"},
				"west": {"uv": [7.25, 1.75, 9, 2], "texture": "#0"},
				"up": {"uv": [3.25, 1.75, 0, 0], "texture": "#0"},
				"down": {"uv": [3.25, 1.75, 0, 3.5], "texture": "#0"}
			}
		},
		{
			"from": [4, 0, 3.25],
			"to": [12, 8, 3.25],
			"rotation": {"angle": 0, "axis": "y", "origin": [0, -1, 0]},
			"faces": {
				"north": {"uv": [5.25, 2, 7.25, 4], "texture": "#0"},
				"east": {"uv": [0, 0, 0, 2], "texture": "#0"},
				"south": {"uv": [0, 5.75, 2, 7.75], "texture": "#0"},
				"west": {"uv": [0, 0, 0, 2], "texture": "#0"},
				"up": {"uv": [2, 0, 0, 0], "texture": "#0"},
				"down": {"uv": [2, 0, 0, 0], "texture": "#0"}
			}
		},
		{
			"from": [-1, 8, 4.5],
			"to": [4, 9, 11.5],
			"rotation": {"angle": -45, "axis": "z", "origin": [1.5, 6.5, 7]},
			"faces": {
				"north": {"uv": [2, 3.5, 3.25, 3.75], "texture": "#0"},
				"east": {"uv": [7.25, 0.5, 9, 0.75], "texture": "#0"},
				"south": {"uv": [2, 3.75, 3.25, 4], "texture": "#0"},
				"west": {"uv": [7.25, 0.75, 9, 1], "texture": "#0"},
				"up": {"uv": [7.25, 5.75, 6, 4], "texture": "#0"},
				"down": {"uv": [7.25, 5.75, 6, 7.5], "texture": "#0"}
			}
		},
		{
			"from": [0.77868, 9.44975, 4.4],
			"to": [1.77868, 10.44975, 5.2],
			"rotation": {"angle": -45, "axis": "z", "origin": [1.27868, 9.94975, 7.9]},
			"faces": {
				"north": {"uv": [5.25, 4, 5.5, 4.25], "texture": "#0"},
				"east": {"uv": [5.25, 4.25, 5.5, 4.5], "texture": "#0"},
				"south": {"uv": [5.5, 4, 5.75, 4.25], "texture": "#0"},
				"west": {"uv": [5.5, 4.25, 5.75, 4.5], "texture": "#0"},
				"up": {"uv": [6, 4.25, 5.75, 4], "texture": "#0"},
				"down": {"uv": [6, 4.25, 5.75, 4.5], "texture": "#0"}
			}
		},
		{
			"from": [0.77868, 9.44975, 10.6],
			"to": [1.77868, 10.44975, 11.4],
			"rotation": {"angle": -45, "axis": "z", "origin": [1.27868, 9.94975, 7.9]},
			"faces": {
				"north": {"uv": [5.25, 6.5, 5.5, 6.75], "texture": "#0"},
				"east": {"uv": [5.5, 6.5, 5.75, 6.75], "texture": "#0"},
				"south": {"uv": [5.75, 6.5, 6, 6.75], "texture": "#0"},
				"west": {"uv": [3.25, 6.75, 3.5, 7], "texture": "#0"},
				"up": {"uv": [3.75, 7, 3.5, 6.75], "texture": "#0"},
				"down": {"uv": [4, 6.75, 3.75, 7], "texture": "#0"}
			}
		},
		{
			"from": [14.22132, 9.44975, 10.6],
			"to": [15.22132, 10.44975, 11.4],
			"rotation": {"angle": 45, "axis": "z", "origin": [14.72132, 9.94975, 7.9]},
			"faces": {
				"north": {"uv": [5.25, 7, 5.5, 7.25], "texture": "#0"},
				"east": {"uv": [5.5, 7, 5.75, 7.25], "texture": "#0"},
				"south": {"uv": [5.75, 7, 6, 7.25], "texture": "#0"},
				"west": {"uv": [7.25, 2, 7.5, 2.25], "texture": "#0"},
				"up": {"uv": [7.5, 2.5, 7.25, 2.25], "texture": "#0"},
				"down": {"uv": [7.5, 2.5, 7.25, 2.75], "texture": "#0"}
			}
		},
		{
			"from": [14.22132, 9.44975, 4.4],
			"to": [15.22132, 10.44975, 5.2],
			"rotation": {"angle": 45, "axis": "z", "origin": [14.72132, 9.94975, 7.9]},
			"faces": {
				"north": {"uv": [5.25, 6.75, 5.5, 7], "texture": "#0"},
				"east": {"uv": [5.5, 6.75, 5.75, 7], "texture": "#0"},
				"south": {"uv": [5.75, 6.75, 6, 7], "texture": "#0"},
				"west": {"uv": [3.25, 7, 3.5, 7.25], "texture": "#0"},
				"up": {"uv": [3.75, 7.25, 3.5, 7], "texture": "#0"},
				"down": {"uv": [4, 7, 3.75, 7.25], "texture": "#0"}
			}
		},
		{
			"from": [12, 8, 4.5],
			"to": [17, 9, 11.5],
			"rotation": {"angle": 45, "axis": "z", "origin": [14.5, 6.5, 7]},
			"faces": {
				"north": {"uv": [2, 4, 3.25, 4.25], "texture": "#0"},
				"east": {"uv": [7.25, 1, 9, 1.25], "texture": "#0"},
				"south": {"uv": [2, 4.25, 3.25, 4.5], "texture": "#0"},
				"west": {"uv": [7.25, 1.25, 9, 1.5], "texture": "#0"},
				"up": {"uv": [5.25, 8.25, 4, 6.5], "texture": "#0"},
				"down": {"uv": [3.25, 6.75, 2, 8.5], "texture": "#0"}
			}
		}
	],
	"display": {
		"thirdperson_righthand": {
			"scale": [0, 0, 0]
		},
		"thirdperson_lefthand": {
			"scale": [0, 0, 0]
		},
		"firstperson_righthand": {
			"scale": [0, 0, 0]
		},
		"firstperson_lefthand": {
			"scale": [0, 0, 0]
		},
		"ground": {
			"scale": [0, 0, 0]
		},
		"gui": {
			"scale": [0, 0, 0]
		},
		"head": {
			"translation": [0, 7.25, 0],
			"scale": [2, 2, 2]
		}
	}
}