{
	"credit": "Made with Blockbench",
	"texture_size": [64, 64],
	"textures": {
		"0": "ajplayerarmor/ranger_head",
		"particle": "ajplayerarmor/ranger_head"
	},
	"elements": [
		{
			"from": [3.75, 0.15, 11.75],
			"to": [12.25, 2.65, 12.25],
			"faces": {
				"north": {"uv": [2.25, 0, 4.5, 0.75], "texture": "#0"},
				"east": {"uv": [1.5, 6.5, 1.75, 7.25], "texture": "#0"},
				"south": {"uv": [2.25, 0.75, 4.5, 1.5], "texture": "#0"},
				"west": {"uv": [6.25, 6.75, 6.5, 7.5], "texture": "#0"},
				"up": {"uv": [5.25, 4.75, 3, 4.5], "texture": "#0"},
				"down": {"uv": [5.25, 4.75, 3, 5], "texture": "#0"}
			}
		},
		{
			"from": [11.75, 0.15, 4.25],
			"to": [12.25, 2.65, 11.75],
			"faces": {
				"north": {"uv": [1.5, 7.25, 1.75, 8], "texture": "#0"},
				"east": {"uv": [2.25, 3, 4.25, 3.75], "texture": "#0"},
				"south": {"uv": [3.5, 7.25, 3.75, 8], "texture": "#0"},
				"west": {"uv": [2.25, 3.75, 4.25, 4.5], "texture": "#0"},
				"up": {"uv": [5, 7.5, 4.75, 5.5], "texture": "#0"},
				"down": {"uv": [5.25, 5.5, 5, 7.5], "texture": "#0"}
			}
		},
		{
			"from": [3.75, 0.15, 4.25],
			"to": [4.25, 2.65, 11.75],
			"rotation": {"angle": 0, "axis": "y", "origin": [16, 0, 16]},
			"faces": {
				"north": {"uv": [4.25, 7.25, 4.5, 8], "texture": "#0"},
				"east": {"uv": [4.25, 3, 6.25, 3.75], "texture": "#0"},
				"south": {"uv": [4.5, 7.25, 4.75, 8], "texture": "#0"},
				"west": {"uv": [4.25, 3.75, 6.25, 4.5], "texture": "#0"},
				"up": {"uv": [5.5, 7.5, 5.25, 5.5], "texture": "#0"},
				"down": {"uv": [5.75, 5.5, 5.5, 7.5], "texture": "#0"}
			}
		},
		{
			"from": [3.75, 0.15, 3.75],
			"to": [12.25, 2.65, 4.25],
			"rotation": {"angle": 0, "axis": "y", "origin": [16, 0, 16]},
			"faces": {
				"north": {"uv": [2.25, 1.5, 4.5, 2.25], "texture": "#0"},
				"east": {"uv": [3.75, 7.25, 4, 8], "texture": "#0"},
				"south": {"uv": [2.25, 2.25, 4.5, 3], "texture": "#0"},
				"west": {"uv": [4, 7.25, 4.25, 8], "texture": "#0"},
				"up": {"uv": [6, 5.25, 3.75, 5], "texture": "#0"},
				"down": {"uv": [7.5, 0, 5.25, 0.25], "texture": "#0"}
			}
		},
		{
			"from": [3.75, 6.15, 3.75],
			"to": [12.25, 8.15, 12.25],
			"faces": {
				"north": {"uv": [0.75, 4.5, 3, 5], "texture": "#0"},
				"east": {"uv": [4.5, 1.5, 6.75, 2], "texture": "#0"},
				"south": {"uv": [4.5, 2, 6.75, 2.5], "texture": "#0"},
				"west": {"uv": [4.5, 2.5, 6.75, 3], "texture": "#0"},
				"up": {"uv": [2.25, 2.25, 0, 0], "texture": "#0"},
				"down": {"uv": [2.25, 2.25, 0, 4.5], "texture": "#0"}
			}
		},
		{
			"from": [3.75, 5.15, 3.9],
			"to": [4.25, 6.15, 11.75],
			"faces": {
				"north": {"uv": [0, 7.5, 0.25, 7.75], "texture": "#0"},
				"east": {"uv": [5.25, 0.25, 7.25, 0.5], "texture": "#0"},
				"south": {"uv": [7.5, 0, 7.75, 0.25], "texture": "#0"},
				"west": {"uv": [5.25, 0.5, 7.25, 0.75], "texture": "#0"},
				"up": {"uv": [4, 7.25, 3.75, 5.25], "texture": "#0"},
				"down": {"uv": [4.25, 5.25, 4, 7.25], "texture": "#0"}
			}
		},
		{
			"from": [3.75, 4.15, 4.5],
			"to": [4.25, 5.15, 11.25],
			"faces": {
				"north": {"uv": [0.25, 7.5, 0.5, 7.75], "texture": "#0"},
				"east": {"uv": [0.75, 5.75, 2.5, 6], "texture": "#0"},
				"south": {"uv": [0.5, 7.5, 0.75, 7.75], "texture": "#0"},
				"west": {"uv": [5.75, 5.5, 7.5, 5.75], "texture": "#0"},
				"up": {"uv": [2.75, 7.5, 2.5, 5.75], "texture": "#0"},
				"down": {"uv": [3, 5.75, 2.75, 7.5], "texture": "#0"}
			}
		},
		{
			"from": [3.75, 3.15, 5],
			"to": [4.25, 4.15, 10.75],
			"faces": {
				"north": {"uv": [0.75, 7.5, 1, 7.75], "texture": "#0"},
				"east": {"uv": [6.25, 3.25, 7.75, 3.5], "texture": "#0"},
				"south": {"uv": [1, 7.5, 1.25, 7.75], "texture": "#0"},
				"west": {"uv": [6.25, 3.5, 7.75, 3.75], "texture": "#0"},
				"up": {"uv": [2.25, 7.5, 2, 6], "texture": "#0"},
				"down": {"uv": [2.5, 6, 2.25, 7.5], "texture": "#0"}
			}
		},
		{
			"from": [11.75, 3.15, 5],
			"to": [12.25, 4.15, 10.75],
			"rotation": {"angle": 0, "axis": "y", "origin": [16, 0, 0]},
			"faces": {
				"north": {"uv": [2, 7.5, 2.25, 7.75], "texture": "#0"},
				"east": {"uv": [6.25, 3.75, 7.75, 4], "texture": "#0"},
				"south": {"uv": [2.25, 7.5, 2.5, 7.75], "texture": "#0"},
				"west": {"uv": [6.25, 4, 7.75, 4.25], "texture": "#0"},
				"up": {"uv": [6, 7.75, 5.75, 6.25], "texture": "#0"},
				"down": {"uv": [6.25, 6.25, 6, 7.75], "texture": "#0"}
			}
		},
		{
			"from": [11.75, 4.15, 4.5],
			"to": [12.25, 5.15, 11.25],
			"rotation": {"angle": 0, "axis": "y", "origin": [16, 0, 0]},
			"faces": {
				"north": {"uv": [1.75, 7.5, 2, 7.75], "texture": "#0"},
				"east": {"uv": [5.75, 5.75, 7.5, 6], "texture": "#0"},
				"south": {"uv": [7.5, 1.75, 7.75, 2], "texture": "#0"},
				"west": {"uv": [0, 6, 1.75, 6.25], "texture": "#0"},
				"up": {"uv": [3.25, 7.5, 3, 5.75], "texture": "#0"},
				"down": {"uv": [3.5, 5.75, 3.25, 7.5], "texture": "#0"}
			}
		},
		{
			"from": [11.75, 5.15, 3.9],
			"to": [12.25, 6.15, 11.75],
			"rotation": {"angle": 0, "axis": "y", "origin": [16, 0, 0]},
			"faces": {
				"north": {"uv": [1.25, 7.5, 1.5, 7.75], "texture": "#0"},
				"east": {"uv": [5.25, 0.75, 7.25, 1], "texture": "#0"},
				"south": {"uv": [7.5, 1.5, 7.75, 1.75], "texture": "#0"},
				"west": {"uv": [5.25, 1, 7.25, 1.25], "texture": "#0"},
				"up": {"uv": [4.5, 7.25, 4.25, 5.25], "texture": "#0"},
				"down": {"uv": [4.75, 5.25, 4.5, 7.25], "texture": "#0"}
			}
		},
		{
			"from": [4.1, 5.15, 11.75],
			"to": [11.95, 6.15, 12.25],
			"rotation": {"angle": 0, "axis": "y", "origin": [12, 14.65, 7.85]},
			"faces": {
				"north": {"uv": [5.25, 1.25, 7.25, 1.5], "texture": "#0"},
				"east": {"uv": [5, 7.5, 5.25, 7.75], "texture": "#0"},
				"south": {"uv": [5.25, 4.5, 7.25, 4.75], "texture": "#0"},
				"west": {"uv": [5.25, 7.5, 5.5, 7.75], "texture": "#0"},
				"up": {"uv": [6.75, 5.5, 4.75, 5.25], "texture": "#0"},
				"down": {"uv": [7.25, 4.75, 5.25, 5], "texture": "#0"}
			}
		},
		{
			"from": [4.6, 4.15, 11.75],
			"to": [11.35, 5.15, 12.25],
			"rotation": {"angle": 0, "axis": "y", "origin": [12, 14.65, 7.85]},
			"faces": {
				"north": {"uv": [6, 5, 7.75, 5.25], "texture": "#0"},
				"east": {"uv": [3.25, 7.5, 3.5, 7.75], "texture": "#0"},
				"south": {"uv": [5.75, 6, 7.5, 6.25], "texture": "#0"},
				"west": {"uv": [4.75, 7.5, 5, 7.75], "texture": "#0"},
				"up": {"uv": [1.75, 6.5, 0, 6.25], "texture": "#0"},
				"down": {"uv": [8, 3, 6.25, 3.25], "texture": "#0"}
			}
		},
		{
			"from": [5.1, 3.15, 11.75],
			"to": [10.85, 4.15, 12.25],
			"rotation": {"angle": 0, "axis": "y", "origin": [12, 14.65, 7.85]},
			"faces": {
				"north": {"uv": [6.25, 4.25, 7.75, 4.5], "texture": "#0"},
				"east": {"uv": [7.5, 2.75, 7.75, 3], "texture": "#0"},
				"south": {"uv": [6.75, 2, 8.25, 2.25], "texture": "#0"},
				"west": {"uv": [3, 7.5, 3.25, 7.75], "texture": "#0"},
				"up": {"uv": [8.25, 2.5, 6.75, 2.25], "texture": "#0"},
				"down": {"uv": [8.25, 2.5, 6.75, 2.75], "texture": "#0"}
			}
		},
		{
			"from": [9.75, -5.85, 11.75],
			"to": [12.25, 0.15, 12.25],
			"faces": {
				"north": {"uv": [0, 4.5, 0.75, 6], "texture": "#0"},
				"east": {"uv": [3.5, 5.75, 3.75, 7.25], "texture": "#0"},
				"south": {"uv": [4.5, 0, 5.25, 1.5], "texture": "#0"},
				"west": {"uv": [1.75, 6, 2, 7.5], "texture": "#0"},
				"up": {"uv": [7.5, 3, 6.75, 2.75], "texture": "#0"},
				"down": {"uv": [7.5, 5.25, 6.75, 5.5], "texture": "#0"}
			}
		},
		{
			"from": [9, 6.5, 3],
			"to": [11.5, 9, 3.75],
			"faces": {
				"north": {"uv": [0.75, 5, 1.5, 5.75], "texture": "#0"},
				"east": {"uv": [6.5, 6.75, 6.75, 7.5], "texture": "#0"},
				"south": {"uv": [1.5, 5, 2.25, 5.75], "texture": "#0"},
				"west": {"uv": [6.75, 6.75, 7, 7.5], "texture": "#0"},
				"up": {"uv": [0.75, 7.25, 0, 7], "texture": "#0"},
				"down": {"uv": [1.5, 7, 0.75, 7.25], "texture": "#0"}
			}
		},
		{
			"from": [4.5, 6.5, 3],
			"to": [7, 9, 3.75],
			"faces": {
				"north": {"uv": [2.25, 5, 3, 5.75], "texture": "#0"},
				"east": {"uv": [7, 6.25, 7.25, 7], "texture": "#0"},
				"south": {"uv": [3, 5, 3.75, 5.75], "texture": "#0"},
				"west": {"uv": [7, 7, 7.25, 7.75], "texture": "#0"},
				"up": {"uv": [0.75, 7.5, 0, 7.25], "texture": "#0"},
				"down": {"uv": [8, 0.25, 7.25, 0.5], "texture": "#0"}
			}
		},
		{
			"from": [7, 7.5, 3.5],
			"to": [9, 8.25, 4.25],
			"faces": {
				"north": {"uv": [7.25, 6.5, 7.75, 6.75], "texture": "#0"},
				"east": {"uv": [2.5, 7.5, 2.75, 7.75], "texture": "#0"},
				"south": {"uv": [7.25, 6.75, 7.75, 7], "texture": "#0"},
				"west": {"uv": [2.75, 7.5, 3, 7.75], "texture": "#0"},
				"up": {"uv": [7.75, 7.25, 7.25, 7], "texture": "#0"},
				"down": {"uv": [7.75, 7.25, 7.25, 7.5], "texture": "#0"}
			}
		},
		{
			"from": [9, 8.15, 3.75],
			"to": [11.5, 9, 5.75],
			"faces": {
				"north": {"uv": [7.25, 0.75, 8, 1], "texture": "#0"},
				"east": {"uv": [7.25, 4.75, 7.75, 5], "texture": "#0"},
				"south": {"uv": [7.25, 1, 8, 1.25], "texture": "#0"},
				"west": {"uv": [7.25, 6.25, 7.75, 6.5], "texture": "#0"},
				"up": {"uv": [1.5, 7, 0.75, 6.5], "texture": "#0"},
				"down": {"uv": [7.5, 1.5, 6.75, 2], "texture": "#0"}
			}
		},
		{
			"from": [4.5, 8.15, 3.75],
			"to": [7, 9, 5.75],
			"faces": {
				"north": {"uv": [7.25, 0.5, 8, 0.75], "texture": "#0"},
				"east": {"uv": [7.25, 1.25, 7.75, 1.5], "texture": "#0"},
				"south": {"uv": [0.75, 7.25, 1.5, 7.5], "texture": "#0"},
				"west": {"uv": [7.25, 4.5, 7.75, 4.75], "texture": "#0"},
				"up": {"uv": [7, 6.75, 6.25, 6.25], "texture": "#0"},
				"down": {"uv": [0.75, 6.5, 0, 7], "texture": "#0"}
			}
		}
	],
	"display": {
		"thirdperson_righthand": {
			"scale": [0, 0, 0]
		},
		"thirdperson_lefthand": {
			"scale": [0, 0, 0]
		},
		"firstperson_righthand": {
			"scale": [0, 0, 0]
		},
		"firstperson_lefthand": {
			"scale": [0, 0, 0]
		},
		"ground": {
			"scale": [0, 0, 0]
		},
		"gui": {
			"scale": [0, 0, 0]
		},
		"head": {
			"translation": [0, 7.25, 0],
			"scale": [2, 2, 2]
		}
	}
}