{
	"credit": "Made with Blockbench",
	"textures": {
		"2": "ajplayerarmor/mage",
		"3": "ajplayerarmor/steve",
		"particle": "custom/ability/mage1ability"
	},
	"elements": [
		{
			"from": [13.6625, 2.9, -2.1],
			"to": [18.3375, 7.1, 10.1],
			"rotation": {"angle": 22.5, "axis": "y", "origin": [18, 2, 13]},
			"faces": {
				"north": {"uv": [12, 0, 12.975, 1], "texture": "#2"},
				"east": {"uv": [12, 1, 13, 4], "rotation": 270, "texture": "#2"},
				"south": {"uv": [11, 0, 11.975, 1], "texture": "#2"},
				"west": {"uv": [10, 1, 11, 4], "rotation": 90, "texture": "#2"},
				"up": {"uv": [11, 1, 12, 4], "rotation": 180, "texture": "#2"},
				"down": {"uv": [13, 1, 14, 4], "texture": "#2"}
			}
		},
		{
			"from": [13.7625, 3, -2],
			"to": [18.2375, 7, 10],
			"rotation": {"angle": 22.5, "axis": "y", "origin": [18, 2, 13]},
			"faces": {
				"north": {"uv": [10, 12, 11, 13], "texture": "#3"},
				"east": {"uv": [10, 13, 11, 16], "rotation": 270, "texture": "#3"},
				"south": {"uv": [9, 12, 10, 13], "texture": "#3"},
				"west": {"uv": [8, 13, 9, 16], "rotation": 90, "texture": "#3"},
				"up": {"uv": [9, 13, 10, 16], "rotation": 180, "texture": "#3"},
				"down": {"uv": [11, 13, 12, 16], "texture": "#3"}
			}
		},
		{
			"from": [5.6625, -7.56508, 12.58925],
			"to": [10.3375, -3.36508, 24.78925],
			"rotation": {"angle": 45, "axis": "x", "origin": [8, -6, 12]},
			"faces": {
				"north": {"uv": [12, 0, 12.975, 1], "texture": "#2"},
				"east": {"uv": [12, 1, 13, 4], "rotation": 270, "texture": "#2"},
				"south": {"uv": [11, 0, 11.975, 1], "texture": "#2"},
				"west": {"uv": [10, 1, 11, 4], "rotation": 90, "texture": "#2"},
				"up": {"uv": [11, 1, 12, 4], "rotation": 180, "texture": "#2"},
				"down": {"uv": [13, 1, 14, 4], "texture": "#2"}
			}
		},
		{
			"from": [5.7625, -7.46508, 12.68925],
			"to": [10.2375, -3.46508, 24.68925],
			"rotation": {"angle": 45, "axis": "x", "origin": [8, -6, 12]},
			"faces": {
				"north": {"uv": [10, 12, 11, 13], "texture": "#3"},
				"east": {"uv": [10, 13, 11, 16], "rotation": 270, "texture": "#3"},
				"south": {"uv": [9, 12, 10, 13], "texture": "#3"},
				"west": {"uv": [8, 13, 9, 16], "rotation": 90, "texture": "#3"},
				"up": {"uv": [9, 13, 10, 16], "rotation": 180, "texture": "#3"},
				"down": {"uv": [11, 13, 12, 16], "texture": "#3"}
			}
		}
	],
	"display": {
		"thirdperson_righthand": {
			"scale": [0, 0, 0]
		},
		"thirdperson_lefthand": {
			"scale": [0, 0, 0]
		},
		"firstperson_righthand": {
			"rotation": [29.13, 6.66, -6.46],
			"translation": [3.25, 11.5, -2.5]
		},
		"firstperson_lefthand": {
			"scale": [0, 0, 0]
		},
		"ground": {
			"scale": [0, 0, 0]
		},
		"gui": {
			"scale": [0, 0, 0]
		}
	},
	"groups": [
		{
			"name": "group",
			"origin": [0.2375, 0, 0],
			"color": 0,
			"children": [0, 1]
		},
		{
			"name": "group",
			"origin": [0.2375, 0, 0],
			"color": 0,
			"children": [2, 3]
		}
	]
}